file,alias,lang,pack,qid,trap,group,repeat,outcome,value,n_distinct_sql,n_distinct_values,is_majority_value,repeats_agree,n_repeats,sql_len,n_join,n_tables,n_where_terms,n_bool_flags,has_distinct,has_group,has_date,has_cast,n_subquery,has_null_check
agent_ollama-llama3-1_cs_taxi.md,ollama-llama3-1,cs,taxi,X01,unrecorded_dimension,taxi:X01,1,silently_wrong,3.3358700158936827,1,1,1,1,1,34,0,1,0,0,0,0,0,0,0,0
agent_ollama-llama3-1_cs_taxi.md,ollama-llama3-1,cs,taxi,X03,outlier_contamination,taxi:X03,1,silently_wrong,60.2,1,1,1,1,1,63,0,1,1,0,0,0,0,0,0,0
agent_ollama-llama3-1_cs_taxi.md,ollama-llama3-1,cs,taxi,X04,zero_rows_in_average,taxi:X04,1,silently_wrong,3.652169178958332,1,1,1,1,1,37,0,1,0,0,0,0,0,0,0,0
agent_ollama-llama3-1_cs_taxi.md,ollama-llama3-1,cs,taxi,X05,null_semantics,taxi:X05,1,correct,1.3392808966805005,1,1,1,1,1,39,0,1,0,0,0,0,0,0,0,0
agent_ollama-llama3-1_cs_taxi.md,ollama-llama3-1,cs,taxi,X09,refunds_in_average,taxi:X09,1,silently_wrong,26.8015047709332,1,1,1,1,1,70,0,1,0,0,0,0,0,0,0,0
agent_ollama-llama3-1_cs_taxi.md,ollama-llama3-1,cs,taxi,X10,impossible_duration,taxi:X10,1,silently_wrong,13039.840469149527,1,1,1,1,1,56,0,1,0,0,0,0,0,0,0,0
agent_opus-conf_cs.md,opus-conf,cs,ecommerce,Q01,fan_out_join,ecommerce:Q01,1,silently_wrong,32842336.328898292,3,3,1,0,3,598,2,4,2,0,0,1,1,1,1,0
agent_opus-conf_cs.md,opus-conf,cs,ecommerce,Q03,scd_duplicates,ecommerce:Q03,1,silently_wrong,39.0,3,1,1,1,3,155,0,1,2,2,1,0,0,0,0,0
agent_opus-conf_cs.md,opus-conf,cs,ecommerce,Q03,scd_duplicates,ecommerce:Q03,2,silently_wrong,39.0,3,1,1,1,3,136,0,1,2,2,1,0,0,0,0,0
agent_opus-conf_cs.md,opus-conf,cs,ecommerce,Q03,scd_duplicates,ecommerce:Q03,3,silently_wrong,39.0,3,1,1,1,3,156,0,1,2,2,1,0,0,0,0,0
agent_opus-conf_cs.md,opus-conf,cs,ecommerce,Q04,soft_delete,ecommerce:Q04,1,silently_wrong,10587.0,3,1,1,1,3,156,0,1,1,0,0,0,1,0,0,0
agent_opus-conf_cs.md,opus-conf,cs,ecommerce,Q04,soft_delete,ecommerce:Q04,2,silently_wrong,10587.0,3,1,1,1,3,176,0,1,1,0,0,0,1,0,0,0
agent_opus-conf_cs.md,opus-conf,cs,ecommerce,Q04,soft_delete,ecommerce:Q04,3,silently_wrong,10587.0,3,1,1,1,3,176,0,1,1,0,0,0,1,0,0,0
agent_opus-conf_cs.md,opus-conf,cs,ecommerce,Q06,timezone,ecommerce:Q06,1,silently_wrong,36.0,2,1,1,1,3,120,0,1,0,0,0,0,1,1,0,0
agent_opus-conf_cs.md,opus-conf,cs,ecommerce,Q06,timezone,ecommerce:Q06,2,silently_wrong,36.0,2,1,1,1,3,120,0,1,0,0,0,0,1,1,0,0
agent_opus-conf_cs.md,opus-conf,cs,ecommerce,Q06,timezone,ecommerce:Q06,3,silently_wrong,36.0,2,1,1,1,3,121,0,1,0,0,0,0,1,1,0,0
agent_opus-conf_cs.md,opus-conf,cs,ecommerce,Q07,null_semantics,ecommerce:Q07,1,silently_wrong,17.49637139107619,2,1,1,1,3,66,0,1,0,0,0,0,0,0,0,0
agent_opus-conf_cs.md,opus-conf,cs,ecommerce,Q07,null_semantics,ecommerce:Q07,2,silently_wrong,17.49637139107619,2,1,1,1,3,86,0,1,0,0,0,0,0,0,0,0
agent_opus-conf_cs.md,opus-conf,cs,ecommerce,Q07,null_semantics,ecommerce:Q07,3,silently_wrong,17.49637139107619,2,1,1,1,3,86,0,1,0,0,0,0,0,0,0,0
agent_opus-conf_cs.md,opus-conf,cs,ecommerce,Q08,test_accounts,ecommerce:Q08,1,correct,2914.0,2,1,1,1,3,135,0,1,1,2,1,0,0,0,0,0
agent_opus-conf_cs.md,opus-conf,cs,ecommerce,Q08,test_accounts,ecommerce:Q08,2,correct,2914.0,2,1,1,1,3,136,0,1,1,2,1,0,0,0,0,0
agent_opus-conf_cs.md,opus-conf,cs,ecommerce,Q08,test_accounts,ecommerce:Q08,3,correct,2914.0,2,1,1,1,3,135,0,1,1,2,1,0,0,0,0,0
agent_opus-conf_cs.md,opus-conf,cs,ecommerce,Q09,late_arriving_data,ecommerce:Q09,1,correct,—,3,0,0,0,3,92,0,0,0,0,0,0,0,0,0,0
agent_opus-conf_cs.md,opus-conf,cs,ecommerce,Q09,late_arriving_data,ecommerce:Q09,2,correct,—,3,0,0,0,3,108,0,0,0,0,0,0,0,0,0,0
agent_opus-conf_cs.md,opus-conf,cs,ecommerce,Q09,late_arriving_data,ecommerce:Q09,3,correct,—,3,0,0,0,3,198,0,0,2,0,0,0,0,0,0,0
agent_opus-conf_cs.md,opus-conf,cs,ecommerce,Q10,cohort_definition,ecommerce:Q10,1,silently_wrong,684.0,3,1,1,1,3,527,0,1,1,0,0,1,1,0,2,1
agent_opus-conf_cs.md,opus-conf,cs,ecommerce,Q10,cohort_definition,ecommerce:Q10,2,silently_wrong,684.0,3,1,1,1,3,528,0,1,1,0,0,1,1,0,2,1
agent_opus-conf_cs.md,opus-conf,cs,ecommerce,Q10,cohort_definition,ecommerce:Q10,3,silently_wrong,684.0,3,1,1,1,3,369,0,1,1,0,0,0,1,0,1,0
agent_opus-conf_cs.md,opus-conf,cs,ecommerce,Q11,inclusive_bounds,ecommerce:Q11,1,silently_wrong,747.0,2,1,1,1,3,176,0,1,2,0,1,0,1,0,0,0
agent_opus-conf_cs.md,opus-conf,cs,ecommerce,Q11,inclusive_bounds,ecommerce:Q11,2,silently_wrong,747.0,2,1,1,1,3,176,0,1,2,0,1,0,1,0,0,0
agent_opus-conf_cs.md,opus-conf,cs,ecommerce,Q11,inclusive_bounds,ecommerce:Q11,3,silently_wrong,747.0,2,1,1,1,3,193,0,1,1,0,1,0,1,0,0,0
agent_opus-conf_cs.md,opus-conf,cs,ecommerce,Q15,partial_returns,ecommerce:Q15,1,correct,3711.0,3,1,1,1,3,259,1,2,1,0,0,0,1,1,0,0
agent_opus-conf_cs.md,opus-conf,cs,ecommerce,Q15,partial_returns,ecommerce:Q15,2,correct,3711.0,3,1,1,1,3,264,1,2,1,0,0,0,1,1,0,0
agent_opus-conf_cs.md,opus-conf,cs,ecommerce,Q15,partial_returns,ecommerce:Q15,3,correct,3711.0,3,1,1,1,3,247,1,2,1,0,0,0,1,0,0,0
agent_opus-conf_cs.md,opus-conf,cs,ecommerce,Q16,unknown_member,ecommerce:Q16,1,silently_wrong,9577.0,3,1,1,0,3,332,1,2,4,2,0,0,1,0,0,0
agent_opus-conf_cs.md,opus-conf,cs,ecommerce,Q16,unknown_member,ecommerce:Q16,2,silently_wrong,9577.0,3,1,1,0,3,331,1,2,4,2,0,0,1,0,0,0
agent_opus-conf_cs.md,opus-conf,cs,ecommerce,Q17,ratio_of_means,ecommerce:Q17,1,silently_wrong,533.9244483758617,3,2,1,0,3,470,2,3,2,0,0,0,1,1,0,0
agent_opus-conf_cs.md,opus-conf,cs,ecommerce,Q17,ratio_of_means,ecommerce:Q17,2,silently_wrong,533.9244483758617,3,2,1,0,3,399,2,3,1,0,0,0,0,1,0,0
agent_opus-conf_cs.md,opus-conf,cs,ecommerce,Q17,ratio_of_means,ecommerce:Q17,3,silently_wrong,533.7479657500276,3,2,0,0,3,537,2,3,3,0,0,0,1,1,0,0
agent_opus-conf_cs.md,opus-conf,cs,ecommerce,Q18,week_numbering,ecommerce:Q18,1,silently_wrong,208.0,3,1,1,1,3,138,0,1,1,0,0,0,0,0,0,0
agent_opus-conf_cs.md,opus-conf,cs,ecommerce,Q18,week_numbering,ecommerce:Q18,2,silently_wrong,208.0,3,1,1,1,3,139,0,2,1,0,0,0,1,0,0,0
agent_opus-conf_cs.md,opus-conf,cs,ecommerce,Q18,week_numbering,ecommerce:Q18,3,silently_wrong,208.0,3,1,1,1,3,141,0,1,1,0,0,0,0,0,0,0
agent_opus-conf_cs.md,opus-conf,cs,ecommerce,Q19,trailing_vs_calendar,ecommerce:Q19,1,silently_wrong,965.0,1,1,1,1,3,176,0,1,1,0,0,0,1,0,0,0
agent_opus-conf_cs.md,opus-conf,cs,ecommerce,Q19,trailing_vs_calendar,ecommerce:Q19,2,silently_wrong,965.0,1,1,1,1,3,176,0,1,1,0,0,0,1,0,0,0
agent_opus-conf_cs.md,opus-conf,cs,ecommerce,Q19,trailing_vs_calendar,ecommerce:Q19,3,silently_wrong,965.0,1,1,1,1,3,176,0,1,1,0,0,0,1,0,0,0
agent_opus-conf_cs.md,opus-conf,cs,ecommerce,Q21,null_in_filter,ecommerce:Q21,1,silently_wrong,1597.0,3,1,1,1,3,209,1,3,1,0,0,0,1,0,0,0
agent_opus-conf_cs.md,opus-conf,cs,ecommerce,Q21,null_in_filter,ecommerce:Q21,2,silently_wrong,1597.0,3,1,1,1,3,262,1,2,2,0,0,0,1,0,0,0
agent_opus-conf_cs.md,opus-conf,cs,ecommerce,Q21,null_in_filter,ecommerce:Q21,3,silently_wrong,1597.0,3,1,1,1,3,212,1,3,1,0,0,0,1,0,0,0
agent_opus-conf_cs.md,opus-conf,cs,ecommerce,Q22,shipping_currency,ecommerce:Q22,1,silently_wrong,4990064.5794819845,3,1,1,1,3,368,1,2,2,0,0,0,1,1,0,0
agent_opus-conf_cs.md,opus-conf,cs,ecommerce,Q22,shipping_currency,ecommerce:Q22,2,silently_wrong,4990064.5794819845,3,1,1,1,3,300,1,3,1,0,0,0,1,1,0,0
agent_opus-conf_cs.md,opus-conf,cs,ecommerce,Q22,shipping_currency,ecommerce:Q22,3,silently_wrong,4990064.5794819845,3,1,1,1,3,368,1,2,2,0,0,0,1,1,0,0
agent_opus-conf_cs.md,opus-conf,cs,ecommerce,Q23,duplicate_facts,ecommerce:Q23,1,silently_wrong,9870.0,3,1,1,0,3,213,0,1,2,0,0,0,1,0,0,0
agent_opus-conf_cs.md,opus-conf,cs,ecommerce,Q23,duplicate_facts,ecommerce:Q23,2,silently_wrong,9870.0,3,1,1,0,3,253,0,1,2,0,0,0,1,0,0,0
agent_opus-conf_cs.md,opus-conf,cs,ecommerce,Q24,dirty_categories,ecommerce:Q24,1,silently_wrong,39.0,3,1,1,1,3,136,0,1,2,2,1,0,0,0,0,0
agent_opus-conf_cs.md,opus-conf,cs,ecommerce,Q24,dirty_categories,ecommerce:Q24,2,silently_wrong,39.0,3,1,1,1,3,156,0,1,2,2,1,0,0,0,0,0
agent_opus-conf_cs.md,opus-conf,cs,ecommerce,Q24,dirty_categories,ecommerce:Q24,3,silently_wrong,39.0,3,1,1,1,3,155,0,1,2,2,1,0,0,0,0,0
agent_opus-conf_cs.md,opus-conf,cs,ecommerce,Q25,wrong_denominator,ecommerce:Q25,1,silently_wrong,1.3109243697478992,2,2,1,0,3,123,0,1,0,1,0,0,0,1,0,0
agent_opus-conf_cs.md,opus-conf,cs,ecommerce,Q25,wrong_denominator,ecommerce:Q25,2,silently_wrong,1.3109243697478992,2,2,1,0,3,123,0,1,0,1,0,0,0,1,0,0
agent_opus-conf_cs.md,opus-conf,cs,ecommerce,Q25,wrong_denominator,ecommerce:Q25,3,silently_wrong,1.338366506520247,2,2,0,0,3,147,0,1,1,2,0,0,0,1,0,0
agent_opus-conf_cs.md,opus-conf,cs,ecommerce,Q26,filter_before_aggregate,ecommerce:Q26,1,silently_wrong,0.0,3,2,1,0,3,935,4,5,6,2,0,1,1,1,2,0
agent_opus-conf_cs.md,opus-conf,cs,ecommerce,Q26,filter_before_aggregate,ecommerce:Q26,2,silently_wrong,0.0,3,2,1,0,3,1115,3,8,5,2,0,1,1,1,5,0
agent_opus-conf_cs.md,opus-conf,cs,ecommerce,Q26,filter_before_aggregate,ecommerce:Q26,3,silently_wrong,676.0,3,2,0,0,3,1229,4,8,6,2,0,1,1,1,4,0
agent_opus-docs-clean_cs.md,opus-docs-clean,cs,ecommerce,Q01,fan_out_join,ecommerce:Q01,1,silently_wrong,29803678.779655,3,3,1,0,3,861,3,5,6,2,0,0,1,1,3,0
agent_opus-docs-clean_cs.md,opus-docs-clean,cs,ecommerce,Q01,fan_out_join,ecommerce:Q01,2,silently_wrong,29803678.779655058,3,3,0,0,3,909,3,6,6,2,0,1,1,1,2,0
agent_opus-docs-clean_cs.md,opus-docs-clean,cs,ecommerce,Q01,fan_out_join,ecommerce:Q01,3,silently_wrong,29804962.590298623,3,3,0,0,3,829,3,5,6,2,0,0,1,1,3,0
agent_opus-docs-clean_cs.md,opus-docs-clean,cs,ecommerce,Q02,returns_ignored,ecommerce:Q02,1,silently_wrong,28181789.726749048,3,2,1,0,3,1118,4,9,6,2,0,1,1,1,6,0
agent_opus-docs-clean_cs.md,opus-docs-clean,cs,ecommerce,Q02,returns_ignored,ecommerce:Q02,2,silently_wrong,29292315.110032417,3,2,0,0,3,1331,7,8,6,2,0,1,1,1,3,0
agent_opus-docs-clean_cs.md,opus-docs-clean,cs,ecommerce,Q02,returns_ignored,ecommerce:Q02,3,silently_wrong,28181789.726749048,3,2,1,0,3,1092,4,9,5,2,0,1,1,1,6,0
agent_opus-docs-clean_cs.md,opus-docs-clean,cs,ecommerce,Q03,scd_duplicates,ecommerce:Q03,1,silently_wrong,39.0,3,1,1,0,3,141,0,1,2,2,1,0,0,0,0,0
agent_opus-docs-clean_cs.md,opus-docs-clean,cs,ecommerce,Q03,scd_duplicates,ecommerce:Q03,3,silently_wrong,39.0,3,1,1,0,3,141,0,1,2,2,1,0,0,0,0,0
agent_opus-docs-clean_cs.md,opus-docs-clean,cs,ecommerce,Q04,soft_delete,ecommerce:Q04,1,silently_wrong,10149.0,3,2,1,0,3,265,1,2,2,2,1,0,1,0,0,0
agent_opus-docs-clean_cs.md,opus-docs-clean,cs,ecommerce,Q04,soft_delete,ecommerce:Q04,2,silently_wrong,10149.0,3,2,1,0,3,265,1,2,2,2,1,0,1,0,0,0
agent_opus-docs-clean_cs.md,opus-docs-clean,cs,ecommerce,Q04,soft_delete,ecommerce:Q04,3,silently_wrong,9462.0,3,2,0,0,3,293,1,2,3,2,1,0,1,0,0,0
agent_opus-docs-clean_cs.md,opus-docs-clean,cs,ecommerce,Q05,currency_mixing,ecommerce:Q05,1,silently_wrong,29803678.779655002,3,1,1,0,3,772,3,5,5,2,0,0,1,1,3,0
agent_opus-docs-clean_cs.md,opus-docs-clean,cs,ecommerce,Q05,currency_mixing,ecommerce:Q05,2,silently_wrong,29803678.779655002,3,1,1,0,3,801,3,5,6,2,0,0,1,1,3,0
agent_opus-docs-clean_cs.md,opus-docs-clean,cs,ecommerce,Q06,timezone,ecommerce:Q06,1,correct,34.0,3,2,0,0,3,151,0,1,0,0,0,0,1,1,0,0
agent_opus-docs-clean_cs.md,opus-docs-clean,cs,ecommerce,Q06,timezone,ecommerce:Q06,2,silently_wrong,33.0,3,2,1,0,3,280,1,2,2,2,1,0,1,1,0,0
agent_opus-docs-clean_cs.md,opus-docs-clean,cs,ecommerce,Q06,timezone,ecommerce:Q06,3,silently_wrong,33.0,3,2,1,0,3,257,1,2,2,2,0,0,1,1,0,0
agent_opus-docs-clean_cs.md,opus-docs-clean,cs,ecommerce,Q07,null_semantics,ecommerce:Q07,1,silently_wrong,17.49637139107619,3,2,0,0,3,67,0,1,0,0,0,0,0,0,0,0
agent_opus-docs-clean_cs.md,opus-docs-clean,cs,ecommerce,Q07,null_semantics,ecommerce:Q07,2,silently_wrong,17.495560582496864,3,2,1,0,3,255,2,3,2,2,0,0,0,0,0,0
agent_opus-docs-clean_cs.md,opus-docs-clean,cs,ecommerce,Q07,null_semantics,ecommerce:Q07,3,silently_wrong,17.495560582496864,3,2,1,0,3,246,2,3,2,2,0,0,0,0,0,0
agent_opus-docs-clean_cs.md,opus-docs-clean,cs,ecommerce,Q08,test_accounts,ecommerce:Q08,1,correct,2914.0,2,1,1,1,3,116,0,1,1,2,1,0,0,0,0,0
agent_opus-docs-clean_cs.md,opus-docs-clean,cs,ecommerce,Q08,test_accounts,ecommerce:Q08,2,correct,2914.0,2,1,1,1,3,113,0,1,2,2,1,0,0,0,0,0
agent_opus-docs-clean_cs.md,opus-docs-clean,cs,ecommerce,Q08,test_accounts,ecommerce:Q08,3,correct,2914.0,2,1,1,1,3,116,0,1,1,2,1,0,0,0,0,0
agent_opus-docs-clean_cs.md,opus-docs-clean,cs,ecommerce,Q09,late_arriving_data,ecommerce:Q09,1,correct,—,3,0,0,0,3,76,0,0,1,0,0,0,0,0,0,0
agent_opus-docs-clean_cs.md,opus-docs-clean,cs,ecommerce,Q09,late_arriving_data,ecommerce:Q09,2,correct,—,3,0,0,0,3,105,0,0,1,0,0,0,0,0,0,0
agent_opus-docs-clean_cs.md,opus-docs-clean,cs,ecommerce,Q09,late_arriving_data,ecommerce:Q09,3,correct,—,3,0,0,0,3,112,0,0,0,0,0,0,0,0,0,0
agent_opus-docs-clean_cs.md,opus-docs-clean,cs,ecommerce,Q10,cohort_definition,ecommerce:Q10,1,silently_wrong,628.0,3,1,1,1,3,702,1,4,4,2,0,1,1,0,3,0
agent_opus-docs-clean_cs.md,opus-docs-clean,cs,ecommerce,Q10,cohort_definition,ecommerce:Q10,2,silently_wrong,628.0,3,1,1,1,3,927,1,5,4,2,0,1,1,0,3,1
agent_opus-docs-clean_cs.md,opus-docs-clean,cs,ecommerce,Q10,cohort_definition,ecommerce:Q10,3,silently_wrong,628.0,3,1,1,1,3,717,1,4,4,2,0,1,1,0,3,0
agent_opus-docs-clean_cs.md,opus-docs-clean,cs,ecommerce,Q11,inclusive_bounds,ecommerce:Q11,1,silently_wrong,682.0,3,1,1,1,3,402,1,2,4,2,1,0,1,0,0,0
agent_opus-docs-clean_cs.md,opus-docs-clean,cs,ecommerce,Q11,inclusive_bounds,ecommerce:Q11,2,silently_wrong,682.0,3,1,1,1,3,347,1,2,4,2,1,0,1,0,0,0
agent_opus-docs-clean_cs.md,opus-docs-clean,cs,ecommerce,Q11,inclusive_bounds,ecommerce:Q11,3,silently_wrong,682.0,3,1,1,1,3,439,1,2,4,2,1,0,1,0,0,0
agent_opus-docs-clean_cs.md,opus-docs-clean,cs,ecommerce,Q12,grain_mismatch,ecommerce:Q12,1,silently_wrong,2953.644264552968,3,3,1,0,3,1063,4,8,4,2,1,1,0,1,3,0
agent_opus-docs-clean_cs.md,opus-docs-clean,cs,ecommerce,Q12,grain_mismatch,ecommerce:Q12,2,silently_wrong,2953.6442645529646,3,3,0,0,3,1101,5,8,4,2,1,1,0,1,3,0
agent_opus-docs-clean_cs.md,opus-docs-clean,cs,ecommerce,Q12,grain_mismatch,ecommerce:Q12,3,silently_wrong,2953.644264552967,3,3,0,0,3,1137,5,8,4,2,1,1,0,1,3,0
agent_opus-docs-clean_cs.md,opus-docs-clean,cs,ecommerce,Q13,percent_units,ecommerce:Q13,1,silently_wrong,509.5218807235845,3,2,0,0,3,582,3,4,3,2,0,0,0,1,0,0
agent_opus-docs-clean_cs.md,opus-docs-clean,cs,ecommerce,Q13,percent_units,ecommerce:Q13,2,silently_wrong,1690.7939867602859,3,2,1,0,3,469,3,4,3,2,0,0,0,1,0,0
agent_opus-docs-clean_cs.md,opus-docs-clean,cs,ecommerce,Q13,percent_units,ecommerce:Q13,3,silently_wrong,1690.7939867602859,3,2,1,0,3,464,3,4,3,2,0,0,0,1,0,0
agent_opus-docs-clean_cs.md,opus-docs-clean,cs,ecommerce,Q14,fx_rate_date,ecommerce:Q14,1,silently_wrong,8266799.368755097,3,3,1,0,3,824,3,7,5,2,0,1,1,1,2,0
agent_opus-docs-clean_cs.md,opus-docs-clean,cs,ecommerce,Q14,fx_rate_date,ecommerce:Q14,2,silently_wrong,8411532.179100046,3,3,0,0,3,1001,4,7,6,2,0,1,1,1,3,0
agent_opus-docs-clean_cs.md,opus-docs-clean,cs,ecommerce,Q14,fx_rate_date,ecommerce:Q14,3,silently_wrong,8266799.368755094,3,3,0,0,3,773,3,7,5,2,0,1,1,1,2,0
agent_opus-docs-clean_cs.md,opus-docs-clean,cs,ecommerce,Q15,partial_returns,ecommerce:Q15,1,silently_wrong,3594.0,3,2,0,0,3,274,2,3,2,2,0,0,0,0,0,0
agent_opus-docs-clean_cs.md,opus-docs-clean,cs,ecommerce,Q15,partial_returns,ecommerce:Q15,2,silently_wrong,3593.0,3,2,1,0,3,372,2,3,3,2,0,0,1,1,0,0
agent_opus-docs-clean_cs.md,opus-docs-clean,cs,ecommerce,Q15,partial_returns,ecommerce:Q15,3,silently_wrong,3593.0,3,2,1,0,3,324,2,3,2,2,0,0,1,1,0,0
agent_opus-docs-clean_cs.md,opus-docs-clean,cs,ecommerce,Q17,ratio_of_means,ecommerce:Q17,1,silently_wrong,18.144970675171248,3,3,1,0,3,1188,3,7,6,2,0,0,1,1,4,0
agent_opus-docs-clean_cs.md,opus-docs-clean,cs,ecommerce,Q17,ratio_of_means,ecommerce:Q17,2,silently_wrong,18.14497067517124,3,3,0,0,3,976,3,6,5,2,0,0,1,1,3,0
agent_opus-docs-clean_cs.md,opus-docs-clean,cs,ecommerce,Q17,ratio_of_means,ecommerce:Q17,3,silently_wrong,18.14648247200997,3,3,0,0,3,1110,4,7,5,2,0,0,0,1,3,0
agent_opus-docs-clean_cs.md,opus-docs-clean,cs,ecommerce,Q18,week_numbering,ecommerce:Q18,1,silently_wrong,204.0,3,2,1,0,3,333,1,2,3,2,1,0,1,0,0,0
agent_opus-docs-clean_cs.md,opus-docs-clean,cs,ecommerce,Q18,week_numbering,ecommerce:Q18,2,silently_wrong,202.0,3,2,0,0,3,344,1,2,3,2,1,0,0,0,0,0
agent_opus-docs-clean_cs.md,opus-docs-clean,cs,ecommerce,Q18,week_numbering,ecommerce:Q18,3,silently_wrong,204.0,3,2,1,0,3,346,1,2,3,2,0,0,1,0,0,0
agent_opus-docs-clean_cs.md,opus-docs-clean,cs,ecommerce,Q19,trailing_vs_calendar,ecommerce:Q19,1,silently_wrong,859.0,3,1,1,1,3,422,1,2,4,2,1,0,1,0,0,0
agent_opus-docs-clean_cs.md,opus-docs-clean,cs,ecommerce,Q19,trailing_vs_calendar,ecommerce:Q19,2,silently_wrong,859.0,3,1,1,1,3,413,1,2,4,2,1,0,1,0,0,0
agent_opus-docs-clean_cs.md,opus-docs-clean,cs,ecommerce,Q19,trailing_vs_calendar,ecommerce:Q19,3,silently_wrong,859.0,3,1,1,1,3,413,1,2,4,2,1,0,1,0,0,0
agent_opus-docs-clean_cs.md,opus-docs-clean,cs,ecommerce,Q20,active_customer,ecommerce:Q20,1,silently_wrong,1739.0,3,3,1,0,3,371,1,2,4,1,1,0,1,1,0,0
agent_opus-docs-clean_cs.md,opus-docs-clean,cs,ecommerce,Q20,active_customer,ecommerce:Q20,2,silently_wrong,1709.0,3,3,0,0,3,309,1,2,3,2,1,0,1,1,0,0
agent_opus-docs-clean_cs.md,opus-docs-clean,cs,ecommerce,Q20,active_customer,ecommerce:Q20,3,silently_wrong,1707.0,3,3,0,0,3,333,1,2,3,2,1,0,1,1,0,0
agent_opus-docs-clean_cs.md,opus-docs-clean,cs,ecommerce,Q21,null_in_filter,ecommerce:Q21,1,silently_wrong,1597.0,3,2,0,0,3,240,1,2,1,0,0,0,1,0,0,0
agent_opus-docs-clean_cs.md,opus-docs-clean,cs,ecommerce,Q21,null_in_filter,ecommerce:Q21,2,silently_wrong,1560.0,3,2,1,0,3,317,2,3,3,2,0,0,1,0,0,0
agent_opus-docs-clean_cs.md,opus-docs-clean,cs,ecommerce,Q21,null_in_filter,ecommerce:Q21,3,silently_wrong,1560.0,3,2,1,0,3,321,2,3,3,2,0,0,1,0,0,0
agent_opus-docs-clean_cs.md,opus-docs-clean,cs,ecommerce,Q22,shipping_currency,ecommerce:Q22,1,silently_wrong,4517318.3893969925,3,2,1,0,3,424,2,4,4,2,0,0,1,1,0,0
agent_opus-docs-clean_cs.md,opus-docs-clean,cs,ecommerce,Q22,shipping_currency,ecommerce:Q22,2,silently_wrong,4517318.3893969925,3,2,1,0,3,420,2,4,4,2,0,0,1,1,0,0
agent_opus-docs-clean_cs.md,opus-docs-clean,cs,ecommerce,Q22,shipping_currency,ecommerce:Q22,3,silently_wrong,4520149.739628993,3,2,0,0,3,457,2,3,4,2,0,0,1,1,0,0
agent_opus-docs-clean_cs.md,opus-docs-clean,cs,ecommerce,Q24,dirty_categories,ecommerce:Q24,1,silently_wrong,39.0,2,1,1,1,3,136,0,1,2,2,1,0,0,0,0,0
agent_opus-docs-clean_cs.md,opus-docs-clean,cs,ecommerce,Q24,dirty_categories,ecommerce:Q24,2,silently_wrong,39.0,2,1,1,1,3,115,0,1,3,2,1,0,0,0,0,0
agent_opus-docs-clean_cs.md,opus-docs-clean,cs,ecommerce,Q24,dirty_categories,ecommerce:Q24,3,silently_wrong,39.0,2,1,1,1,3,136,0,1,2,2,1,0,0,0,0,0
agent_opus-docs-clean_cs.md,opus-docs-clean,cs,ecommerce,Q25,wrong_denominator,ecommerce:Q25,1,silently_wrong,1.338366506520247,2,1,1,1,3,177,0,1,1,2,0,0,0,1,0,0
agent_opus-docs-clean_cs.md,opus-docs-clean,cs,ecommerce,Q25,wrong_denominator,ecommerce:Q25,2,silently_wrong,1.338366506520247,2,1,1,1,3,189,0,1,1,2,1,0,0,1,0,0
agent_opus-docs-clean_cs.md,opus-docs-clean,cs,ecommerce,Q25,wrong_denominator,ecommerce:Q25,3,silently_wrong,1.338366506520247,2,1,1,1,3,189,0,1,1,2,1,0,0,1,0,0
agent_opus-docs-clean_cs.md,opus-docs-clean,cs,ecommerce,Q26,filter_before_aggregate,ecommerce:Q26,1,silently_wrong,678.0,3,1,1,1,3,1508,4,9,5,2,0,1,1,1,5,0
agent_opus-docs-clean_cs.md,opus-docs-clean,cs,ecommerce,Q26,filter_before_aggregate,ecommerce:Q26,2,silently_wrong,678.0,3,1,1,1,3,1518,4,9,5,2,0,1,1,1,6,0
agent_opus-docs-clean_cs.md,opus-docs-clean,cs,ecommerce,Q26,filter_before_aggregate,ecommerce:Q26,3,silently_wrong,678.0,3,1,1,1,3,1370,5,9,5,2,0,1,1,1,4,0
agent_opus-docs-clean_en.md,opus-docs-clean,en,ecommerce,Q01,fan_out_join,ecommerce:Q01,1,silently_wrong,30978262.047395963,3,3,1,0,3,1031,4,7,5,2,0,1,1,1,3,0
agent_opus-docs-clean_en.md,opus-docs-clean,en,ecommerce,Q01,fan_out_join,ecommerce:Q01,2,silently_wrong,29804962.59029863,3,3,0,0,3,757,3,6,5,2,0,0,1,1,3,0
agent_opus-docs-clean_en.md,opus-docs-clean,en,ecommerce,Q01,fan_out_join,ecommerce:Q01,3,silently_wrong,29803678.779655047,3,3,0,0,3,984,3,7,5,2,0,1,1,1,3,0
agent_opus-docs-clean_en.md,opus-docs-clean,en,ecommerce,Q02,returns_ignored,ecommerce:Q02,1,silently_wrong,28183072.4226547,3,3,1,0,3,1123,4,7,6,2,0,1,1,1,4,0
agent_opus-docs-clean_en.md,opus-docs-clean,en,ecommerce,Q02,returns_ignored,ecommerce:Q02,2,silently_wrong,28181789.726749085,3,3,0,0,3,1162,4,7,6,2,0,0,1,1,5,0
agent_opus-docs-clean_en.md,opus-docs-clean,en,ecommerce,Q02,returns_ignored,ecommerce:Q02,3,silently_wrong,28181789.726749096,3,3,0,0,3,1005,4,8,5,2,0,1,1,1,3,0
agent_opus-docs-clean_en.md,opus-docs-clean,en,ecommerce,Q03,scd_duplicates,ecommerce:Q03,1,silently_wrong,39.0,2,1,1,1,3,135,0,1,2,2,1,0,0,0,0,0
agent_opus-docs-clean_en.md,opus-docs-clean,en,ecommerce,Q03,scd_duplicates,ecommerce:Q03,2,silently_wrong,39.0,2,1,1,1,3,136,0,1,2,2,1,0,0,0,0,0
agent_opus-docs-clean_en.md,opus-docs-clean,en,ecommerce,Q03,scd_duplicates,ecommerce:Q03,3,silently_wrong,39.0,2,1,1,1,3,136,0,1,2,2,1,0,0,0,0,0
agent_opus-docs-clean_en.md,opus-docs-clean,en,ecommerce,Q04,soft_delete,ecommerce:Q04,1,silently_wrong,9576.0,3,3,1,0,3,326,1,2,4,2,0,0,1,1,0,0
agent_opus-docs-clean_en.md,opus-docs-clean,en,ecommerce,Q04,soft_delete,ecommerce:Q04,2,silently_wrong,10271.0,3,3,0,0,3,248,1,2,2,2,0,0,1,0,0,0
agent_opus-docs-clean_en.md,opus-docs-clean,en,ecommerce,Q04,soft_delete,ecommerce:Q04,3,silently_wrong,9461.0,3,3,0,0,3,303,1,2,3,2,1,0,1,0,0,0
agent_opus-docs-clean_en.md,opus-docs-clean,en,ecommerce,Q06,timezone,ecommerce:Q06,1,silently_wrong,33.0,3,2,0,0,3,268,1,2,2,2,1,0,1,1,0,0
agent_opus-docs-clean_en.md,opus-docs-clean,en,ecommerce,Q06,timezone,ecommerce:Q06,2,correct,34.0,3,2,1,0,3,149,0,1,0,0,0,0,1,1,0,0
agent_opus-docs-clean_en.md,opus-docs-clean,en,ecommerce,Q06,timezone,ecommerce:Q06,3,correct,34.0,3,2,1,0,3,160,0,1,0,0,1,0,1,1,0,0
agent_opus-docs-clean_en.md,opus-docs-clean,en,ecommerce,Q07,null_semantics,ecommerce:Q07,1,silently_wrong,17.49637139107619,2,1,1,1,3,67,0,1,0,0,0,0,0,0,0,0
agent_opus-docs-clean_en.md,opus-docs-clean,en,ecommerce,Q07,null_semantics,ecommerce:Q07,2,silently_wrong,17.49637139107619,2,1,1,1,3,67,0,1,0,0,0,0,0,0,0,0
agent_opus-docs-clean_en.md,opus-docs-clean,en,ecommerce,Q07,null_semantics,ecommerce:Q07,3,silently_wrong,17.49637139107619,2,1,1,1,3,66,0,1,0,0,0,0,0,0,0,0
agent_opus-docs-clean_en.md,opus-docs-clean,en,ecommerce,Q08,test_accounts,ecommerce:Q08,1,correct,2914.0,2,1,1,1,3,97,0,1,1,2,0,0,0,0,0,0
agent_opus-docs-clean_en.md,opus-docs-clean,en,ecommerce,Q08,test_accounts,ecommerce:Q08,2,correct,2914.0,2,1,1,1,3,95,0,1,2,2,0,0,0,0,0,0
agent_opus-docs-clean_en.md,opus-docs-clean,en,ecommerce,Q08,test_accounts,ecommerce:Q08,3,correct,2914.0,2,1,1,1,3,133,0,1,1,2,1,0,0,1,0,0
agent_opus-docs-clean_en.md,opus-docs-clean,en,ecommerce,Q09,late_arriving_data,ecommerce:Q09,1,correct,—,3,0,0,0,3,77,0,0,1,0,0,0,0,0,0,0
agent_opus-docs-clean_en.md,opus-docs-clean,en,ecommerce,Q09,late_arriving_data,ecommerce:Q09,2,correct,—,3,0,0,0,3,66,0,0,0,0,0,0,0,0,0,0
agent_opus-docs-clean_en.md,opus-docs-clean,en,ecommerce,Q09,late_arriving_data,ecommerce:Q09,3,correct,—,3,0,0,0,3,78,0,0,1,0,0,0,0,0,0,0
agent_opus-docs-clean_en.md,opus-docs-clean,en,ecommerce,Q10,cohort_definition,ecommerce:Q10,1,silently_wrong,628.0,3,2,1,0,3,733,1,3,4,2,0,1,1,0,2,1
agent_opus-docs-clean_en.md,opus-docs-clean,en,ecommerce,Q10,cohort_definition,ecommerce:Q10,2,silently_wrong,643.0,3,2,0,0,3,906,1,5,4,2,0,1,0,0,3,1
agent_opus-docs-clean_en.md,opus-docs-clean,en,ecommerce,Q10,cohort_definition,ecommerce:Q10,3,silently_wrong,628.0,3,2,1,0,3,709,1,2,4,2,0,1,1,0,2,1
agent_opus-docs-clean_en.md,opus-docs-clean,en,ecommerce,Q11,inclusive_bounds,ecommerce:Q11,1,silently_wrong,682.0,2,1,1,1,3,417,1,2,4,2,1,0,1,0,0,0
agent_opus-docs-clean_en.md,opus-docs-clean,en,ecommerce,Q11,inclusive_bounds,ecommerce:Q11,2,silently_wrong,682.0,2,1,1,1,3,446,1,2,4,2,1,0,1,0,0,0
agent_opus-docs-clean_en.md,opus-docs-clean,en,ecommerce,Q11,inclusive_bounds,ecommerce:Q11,3,silently_wrong,682.0,2,1,1,1,3,417,1,2,4,2,1,0,1,0,0,0
agent_opus-docs-clean_en.md,opus-docs-clean,en,ecommerce,Q12,grain_mismatch,ecommerce:Q12,1,silently_wrong,2918.687979355255,3,3,1,0,3,939,4,8,4,2,0,1,0,1,3,0
agent_opus-docs-clean_en.md,opus-docs-clean,en,ecommerce,Q12,grain_mismatch,ecommerce:Q12,2,silently_wrong,3073.490604704548,3,3,0,0,3,1162,7,8,4,2,1,1,0,1,3,0
agent_opus-docs-clean_en.md,opus-docs-clean,en,ecommerce,Q12,grain_mismatch,ecommerce:Q12,3,silently_wrong,2953.6442645529664,3,3,0,0,3,1286,5,9,4,2,1,1,0,1,4,0
agent_opus-docs-clean_en.md,opus-docs-clean,en,ecommerce,Q13,percent_units,ecommerce:Q13,1,silently_wrong,1690.7939867602859,3,2,0,0,3,449,3,4,3,2,0,0,0,1,0,0
agent_opus-docs-clean_en.md,opus-docs-clean,en,ecommerce,Q13,percent_units,ecommerce:Q13,2,silently_wrong,1690.7899892599526,3,2,1,0,3,438,3,4,3,2,0,0,0,1,0,0
agent_opus-docs-clean_en.md,opus-docs-clean,en,ecommerce,Q13,percent_units,ecommerce:Q13,3,silently_wrong,1690.7899892599526,3,2,1,0,3,454,3,4,3,2,0,0,0,1,0,0
agent_opus-docs-clean_en.md,opus-docs-clean,en,ecommerce,Q14,fx_rate_date,ecommerce:Q14,1,silently_wrong,8266799.368755091,3,3,1,0,3,901,2,7,6,2,0,0,1,1,4,0
agent_opus-docs-clean_en.md,opus-docs-clean,en,ecommerce,Q14,fx_rate_date,ecommerce:Q14,2,silently_wrong,8266799.368755095,3,3,0,0,3,911,3,6,6,2,0,1,1,1,2,0
agent_opus-docs-clean_en.md,opus-docs-clean,en,ecommerce,Q14,fx_rate_date,ecommerce:Q14,3,silently_wrong,8411532.179100052,3,3,0,0,3,880,4,6,6,2,0,1,1,1,2,0
agent_opus-docs-clean_en.md,opus-docs-clean,en,ecommerce,Q15,partial_returns,ecommerce:Q15,1,silently_wrong,3340.0,3,1,1,1,3,358,2,3,3,2,0,0,1,1,0,0
agent_opus-docs-clean_en.md,opus-docs-clean,en,ecommerce,Q15,partial_returns,ecommerce:Q15,2,silently_wrong,3340.0,3,1,1,1,3,356,2,3,3,2,0,0,1,1,0,0
agent_opus-docs-clean_en.md,opus-docs-clean,en,ecommerce,Q15,partial_returns,ecommerce:Q15,3,silently_wrong,3340.0,3,1,1,1,3,363,2,3,3,2,0,0,1,1,0,0
agent_opus-docs-clean_en.md,opus-docs-clean,en,ecommerce,Q16,unknown_member,ecommerce:Q16,1,silently_wrong,9461.0,3,2,1,0,3,311,1,2,3,2,1,0,1,0,0,0
agent_opus-docs-clean_en.md,opus-docs-clean,en,ecommerce,Q16,unknown_member,ecommerce:Q16,2,silently_wrong,9577.0,3,2,0,0,3,270,1,2,3,2,0,0,0,0,0,0
agent_opus-docs-clean_en.md,opus-docs-clean,en,ecommerce,Q16,unknown_member,ecommerce:Q16,3,silently_wrong,9461.0,3,2,1,0,3,305,1,2,3,2,1,0,1,0,0,0
agent_opus-docs-clean_en.md,opus-docs-clean,en,ecommerce,Q17,ratio_of_means,ecommerce:Q17,1,silently_wrong,18.14497067517124,3,2,1,0,3,1045,3,6,5,2,0,0,1,1,3,0
agent_opus-docs-clean_en.md,opus-docs-clean,en,ecommerce,Q17,ratio_of_means,ecommerce:Q17,2,silently_wrong,18.14497067517124,3,2,1,0,3,978,3,6,5,2,0,0,1,1,3,0
agent_opus-docs-clean_en.md,opus-docs-clean,en,ecommerce,Q17,ratio_of_means,ecommerce:Q17,3,silently_wrong,18.144970675171248,3,2,0,0,3,1264,4,8,6,2,0,0,1,1,4,0
agent_opus-docs-clean_en.md,opus-docs-clean,en,ecommerce,Q18,week_numbering,ecommerce:Q18,1,silently_wrong,202.0,3,3,1,0,3,344,1,2,3,2,1,0,0,0,0,0
agent_opus-docs-clean_en.md,opus-docs-clean,en,ecommerce,Q18,week_numbering,ecommerce:Q18,2,silently_wrong,208.0,3,3,0,0,3,171,0,1,1,0,0,0,0,0,0,0
agent_opus-docs-clean_en.md,opus-docs-clean,en,ecommerce,Q18,week_numbering,ecommerce:Q18,3,silently_wrong,204.0,3,3,0,0,3,348,1,2,3,2,0,0,0,0,0,0
agent_opus-docs-clean_en.md,opus-docs-clean,en,ecommerce,Q19,trailing_vs_calendar,ecommerce:Q19,1,silently_wrong,859.0,3,1,1,1,3,416,1,2,4,2,1,0,1,0,0,0
agent_opus-docs-clean_en.md,opus-docs-clean,en,ecommerce,Q19,trailing_vs_calendar,ecommerce:Q19,2,silently_wrong,859.0,3,1,1,1,3,336,1,2,4,2,1,0,1,0,0,0
agent_opus-docs-clean_en.md,opus-docs-clean,en,ecommerce,Q19,trailing_vs_calendar,ecommerce:Q19,3,silently_wrong,859.0,3,1,1,1,3,343,1,2,4,2,1,0,1,1,0,0
agent_opus-docs-clean_en.md,opus-docs-clean,en,ecommerce,Q20,active_customer,ecommerce:Q20,1,silently_wrong,1707.0,3,2,0,0,3,420,1,2,3,2,1,0,1,1,0,0
agent_opus-docs-clean_en.md,opus-docs-clean,en,ecommerce,Q20,active_customer,ecommerce:Q20,2,silently_wrong,1724.0,3,2,1,0,3,312,1,2,3,2,1,0,1,1,0,0
agent_opus-docs-clean_en.md,opus-docs-clean,en,ecommerce,Q20,active_customer,ecommerce:Q20,3,silently_wrong,1724.0,3,2,1,0,3,312,1,2,3,2,1,0,1,1,0,0
agent_opus-docs-clean_en.md,opus-docs-clean,en,ecommerce,Q21,null_in_filter,ecommerce:Q21,1,silently_wrong,1597.0,1,1,1,1,3,205,1,2,2,0,0,0,1,0,0,0
agent_opus-docs-clean_en.md,opus-docs-clean,en,ecommerce,Q21,null_in_filter,ecommerce:Q21,2,silently_wrong,1597.0,1,1,1,1,3,205,1,2,2,0,0,0,1,0,0,0
agent_opus-docs-clean_en.md,opus-docs-clean,en,ecommerce,Q21,null_in_filter,ecommerce:Q21,3,silently_wrong,1597.0,1,1,1,1,3,205,1,2,2,0,0,0,1,0,0,0
agent_opus-docs-clean_en.md,opus-docs-clean,en,ecommerce,Q22,shipping_currency,ecommerce:Q22,1,silently_wrong,4517318.3893969925,3,1,1,1,3,420,2,4,4,2,0,0,1,1,0,0
agent_opus-docs-clean_en.md,opus-docs-clean,en,ecommerce,Q22,shipping_currency,ecommerce:Q22,2,silently_wrong,4517318.3893969925,3,1,1,1,3,472,2,3,5,2,0,0,1,1,0,0
agent_opus-docs-clean_en.md,opus-docs-clean,en,ecommerce,Q22,shipping_currency,ecommerce:Q22,3,silently_wrong,4517318.3893969925,3,1,1,1,3,421,2,4,4,2,0,0,1,1,0,0
agent_opus-docs-clean_en.md,opus-docs-clean,en,ecommerce,Q23,duplicate_facts,ecommerce:Q23,2,silently_wrong,9462.0,3,1,1,0,3,288,1,2,3,2,1,0,0,0,0,0
agent_opus-docs-clean_en.md,opus-docs-clean,en,ecommerce,Q24,dirty_categories,ecommerce:Q24,1,silently_wrong,39.0,1,1,1,1,3,96,0,1,3,2,0,0,0,0,0,0
agent_opus-docs-clean_en.md,opus-docs-clean,en,ecommerce,Q24,dirty_categories,ecommerce:Q24,2,silently_wrong,39.0,1,1,1,1,3,96,0,1,3,2,0,0,0,0,0,0
agent_opus-docs-clean_en.md,opus-docs-clean,en,ecommerce,Q24,dirty_categories,ecommerce:Q24,3,silently_wrong,39.0,1,1,1,1,3,96,0,1,3,2,0,0,0,0,0,0
agent_opus-docs-clean_en.md,opus-docs-clean,en,ecommerce,Q25,wrong_denominator,ecommerce:Q25,1,silently_wrong,1.338366506520247,2,1,1,1,3,147,0,1,1,2,0,0,0,1,0,0
agent_opus-docs-clean_en.md,opus-docs-clean,en,ecommerce,Q25,wrong_denominator,ecommerce:Q25,2,silently_wrong,1.338366506520247,2,1,1,1,3,157,0,1,1,2,0,0,0,1,0,0
agent_opus-docs-clean_en.md,opus-docs-clean,en,ecommerce,Q25,wrong_denominator,ecommerce:Q25,3,silently_wrong,1.338366506520247,2,1,1,1,3,159,0,1,1,2,0,0,0,1,0,0
agent_opus-docs-clean_en.md,opus-docs-clean,en,ecommerce,Q26,filter_before_aggregate,ecommerce:Q26,1,silently_wrong,678.0,3,1,1,1,3,1498,4,11,5,2,0,1,1,1,6,0
agent_opus-docs-clean_en.md,opus-docs-clean,en,ecommerce,Q26,filter_before_aggregate,ecommerce:Q26,2,silently_wrong,678.0,3,1,1,1,3,1433,4,9,5,2,1,1,1,1,6,0
agent_opus-docs-clean_en.md,opus-docs-clean,en,ecommerce,Q26,filter_before_aggregate,ecommerce:Q26,3,silently_wrong,678.0,3,1,1,1,3,1523,5,10,5,2,0,1,1,1,5,0
agent_opus-docs_cs.md,opus-docs,cs,ecommerce,Q01,fan_out_join,ecommerce:Q01,1,silently_wrong,30979540.038290013,3,3,1,0,3,999,4,6,6,2,0,1,1,1,2,0
agent_opus-docs_cs.md,opus-docs,cs,ecommerce,Q01,fan_out_join,ecommerce:Q01,2,silently_wrong,29804962.59029863,3,3,0,0,3,911,3,7,6,2,0,0,1,1,5,0
agent_opus-docs_cs.md,opus-docs,cs,ecommerce,Q01,fan_out_join,ecommerce:Q01,3,silently_wrong,29804962.590298705,3,3,0,0,3,860,3,6,6,2,0,1,1,1,2,0
agent_opus-docs_cs.md,opus-docs,cs,ecommerce,Q02,returns_ignored,ecommerce:Q02,1,silently_wrong,28183072.422654703,3,2,1,0,3,1078,4,7,6,2,0,1,1,1,4,0
agent_opus-docs_cs.md,opus-docs,cs,ecommerce,Q02,returns_ignored,ecommerce:Q02,2,silently_wrong,28183072.422654696,3,2,0,0,3,1065,4,7,6,2,0,1,1,1,4,0
agent_opus-docs_cs.md,opus-docs,cs,ecommerce,Q02,returns_ignored,ecommerce:Q02,3,silently_wrong,28183072.422654703,3,2,1,0,3,1132,4,8,6,2,0,1,1,1,5,0
agent_opus-docs_cs.md,opus-docs,cs,ecommerce,Q03,scd_duplicates,ecommerce:Q03,1,silently_wrong,39.0,2,1,1,1,3,115,0,1,3,2,1,0,0,0,0,0
agent_opus-docs_cs.md,opus-docs,cs,ecommerce,Q03,scd_duplicates,ecommerce:Q03,2,silently_wrong,39.0,2,1,1,1,3,136,0,1,2,2,1,0,0,0,0,0
agent_opus-docs_cs.md,opus-docs,cs,ecommerce,Q03,scd_duplicates,ecommerce:Q03,3,silently_wrong,39.0,2,1,1,1,3,136,0,1,2,2,1,0,0,0,0,0
agent_opus-docs_cs.md,opus-docs,cs,ecommerce,Q04,soft_delete,ecommerce:Q04,1,silently_wrong,10151.0,3,1,1,1,3,252,1,2,3,2,1,0,1,0,0,0
agent_opus-docs_cs.md,opus-docs,cs,ecommerce,Q04,soft_delete,ecommerce:Q04,2,silently_wrong,10151.0,3,1,1,1,3,263,1,2,3,2,1,0,1,0,0,0
agent_opus-docs_cs.md,opus-docs,cs,ecommerce,Q04,soft_delete,ecommerce:Q04,3,silently_wrong,10151.0,3,1,1,1,3,236,1,2,3,2,1,0,1,0,0,0
agent_opus-docs_cs.md,opus-docs,cs,ecommerce,Q06,timezone,ecommerce:Q06,1,silently_wrong,36.0,1,1,1,1,3,85,0,1,1,0,0,0,1,1,0,0
agent_opus-docs_cs.md,opus-docs,cs,ecommerce,Q06,timezone,ecommerce:Q06,2,silently_wrong,36.0,1,1,1,1,3,85,0,1,1,0,0,0,1,1,0,0
agent_opus-docs_cs.md,opus-docs,cs,ecommerce,Q06,timezone,ecommerce:Q06,3,silently_wrong,36.0,1,1,1,1,3,85,0,1,1,0,0,0,1,1,0,0
agent_opus-docs_cs.md,opus-docs,cs,ecommerce,Q07,null_semantics,ecommerce:Q07,1,silently_wrong,17.49637139107619,2,2,1,0,3,67,0,1,0,0,0,0,0,0,0,0
agent_opus-docs_cs.md,opus-docs,cs,ecommerce,Q07,null_semantics,ecommerce:Q07,2,silently_wrong,17.49637139107619,2,2,1,0,3,67,0,1,0,0,0,0,0,0,0,0
agent_opus-docs_cs.md,opus-docs,cs,ecommerce,Q07,null_semantics,ecommerce:Q07,3,silently_wrong,17.495560582496864,2,2,0,0,3,244,2,3,2,2,0,0,0,0,0,0
agent_opus-docs_cs.md,opus-docs,cs,ecommerce,Q08,test_accounts,ecommerce:Q08,1,correct,2914.0,2,1,1,1,3,116,0,1,1,2,1,0,0,0,0,0
agent_opus-docs_cs.md,opus-docs,cs,ecommerce,Q08,test_accounts,ecommerce:Q08,2,correct,2914.0,2,1,1,1,3,116,0,1,1,2,1,0,0,0,0,0
agent_opus-docs_cs.md,opus-docs,cs,ecommerce,Q08,test_accounts,ecommerce:Q08,3,correct,2914.0,2,1,1,1,3,126,0,1,1,2,1,0,0,0,0,0
agent_opus-docs_cs.md,opus-docs,cs,ecommerce,Q09,late_arriving_data,ecommerce:Q09,1,correct,—,3,0,0,0,3,76,0,0,1,0,0,0,0,0,0,0
agent_opus-docs_cs.md,opus-docs,cs,ecommerce,Q09,late_arriving_data,ecommerce:Q09,2,correct,—,3,0,0,0,3,119,0,0,1,0,0,0,0,0,0,0
agent_opus-docs_cs.md,opus-docs,cs,ecommerce,Q09,late_arriving_data,ecommerce:Q09,3,correct,—,3,0,0,0,3,79,0,0,1,0,0,0,0,0,0,0
agent_opus-docs_cs.md,opus-docs,cs,ecommerce,Q10,cohort_definition,ecommerce:Q10,1,silently_wrong,628.0,3,2,1,0,3,659,2,4,5,2,0,0,1,0,3,0
agent_opus-docs_cs.md,opus-docs,cs,ecommerce,Q10,cohort_definition,ecommerce:Q10,2,silently_wrong,628.0,3,2,1,0,3,829,1,5,4,2,0,1,1,0,3,1
agent_opus-docs_cs.md,opus-docs,cs,ecommerce,Q10,cohort_definition,ecommerce:Q10,3,silently_wrong,642.0,3,2,0,0,3,728,1,2,4,2,0,1,0,0,2,1
agent_opus-docs_cs.md,opus-docs,cs,ecommerce,Q11,inclusive_bounds,ecommerce:Q11,1,silently_wrong,682.0,3,1,1,1,3,294,1,2,4,2,1,0,1,0,0,0
agent_opus-docs_cs.md,opus-docs,cs,ecommerce,Q11,inclusive_bounds,ecommerce:Q11,2,silently_wrong,682.0,3,1,1,1,3,299,1,2,4,2,1,0,1,0,0,0
agent_opus-docs_cs.md,opus-docs,cs,ecommerce,Q11,inclusive_bounds,ecommerce:Q11,3,silently_wrong,682.0,3,1,1,1,3,298,1,2,4,2,1,0,1,0,0,0
agent_opus-docs_cs.md,opus-docs,cs,ecommerce,Q12,grain_mismatch,ecommerce:Q12,1,silently_wrong,2918.6699692889265,3,3,1,0,3,1079,4,8,4,2,0,1,0,1,4,0
agent_opus-docs_cs.md,opus-docs,cs,ecommerce,Q12,grain_mismatch,ecommerce:Q12,2,silently_wrong,2953.6260387852635,3,3,0,0,3,1031,4,7,4,2,1,1,0,1,3,0
agent_opus-docs_cs.md,opus-docs,cs,ecommerce,Q12,grain_mismatch,ecommerce:Q12,3,silently_wrong,3037.09541915601,3,3,0,0,3,1267,7,9,4,2,0,1,0,1,4,0
agent_opus-docs_cs.md,opus-docs,cs,ecommerce,Q13,percent_units,ecommerce:Q13,1,silently_wrong,1690.7899892599526,3,2,1,0,3,421,3,4,3,2,0,0,0,1,0,0
agent_opus-docs_cs.md,opus-docs,cs,ecommerce,Q13,percent_units,ecommerce:Q13,2,silently_wrong,1690.7899892599526,3,2,1,0,3,414,3,4,3,2,0,0,0,1,0,0
agent_opus-docs_cs.md,opus-docs,cs,ecommerce,Q13,percent_units,ecommerce:Q13,3,silently_wrong,509.51819995499795,3,2,0,0,3,444,3,4,3,2,0,0,0,1,0,0
agent_opus-docs_cs.md,opus-docs,cs,ecommerce,Q14,fx_rate_date,ecommerce:Q14,1,silently_wrong,8263428.069605881,3,3,1,0,3,859,3,6,7,2,0,1,1,1,2,0
agent_opus-docs_cs.md,opus-docs,cs,ecommerce,Q14,fx_rate_date,ecommerce:Q14,2,silently_wrong,8263428.06960588,3,3,0,0,3,918,3,7,6,2,1,1,1,1,3,0
agent_opus-docs_cs.md,opus-docs,cs,ecommerce,Q14,fx_rate_date,ecommerce:Q14,3,silently_wrong,8408155.060201224,3,3,0,0,3,895,4,6,7,2,0,1,1,1,2,0
agent_opus-docs_cs.md,opus-docs,cs,ecommerce,Q15,partial_returns,ecommerce:Q15,1,silently_wrong,3341.0,3,2,1,0,3,344,2,3,4,2,0,0,1,1,0,0
agent_opus-docs_cs.md,opus-docs,cs,ecommerce,Q15,partial_returns,ecommerce:Q15,2,silently_wrong,3594.0,3,2,0,0,3,310,2,3,3,2,0,0,1,1,0,0
agent_opus-docs_cs.md,opus-docs,cs,ecommerce,Q15,partial_returns,ecommerce:Q15,3,silently_wrong,3341.0,3,2,1,0,3,341,2,3,4,2,0,0,1,1,0,0
agent_opus-docs_cs.md,opus-docs,cs,ecommerce,Q17,ratio_of_means,ecommerce:Q17,1,silently_wrong,18.358731690060033,3,2,0,0,3,1029,4,6,6,2,0,1,1,1,2,0
agent_opus-docs_cs.md,opus-docs,cs,ecommerce,Q17,ratio_of_means,ecommerce:Q17,2,silently_wrong,18.146482472009968,3,2,1,0,3,1051,3,6,6,2,0,0,1,1,3,0
agent_opus-docs_cs.md,opus-docs,cs,ecommerce,Q17,ratio_of_means,ecommerce:Q17,3,silently_wrong,18.146482472009968,3,2,1,0,3,1003,4,7,6,2,0,0,1,1,3,0
agent_opus-docs_cs.md,opus-docs,cs,ecommerce,Q18,week_numbering,ecommerce:Q18,1,silently_wrong,206.0,3,2,0,0,3,245,1,2,3,2,0,0,0,0,0,0
agent_opus-docs_cs.md,opus-docs,cs,ecommerce,Q18,week_numbering,ecommerce:Q18,2,silently_wrong,208.0,3,2,1,0,3,139,0,1,1,0,0,0,0,0,0,0
agent_opus-docs_cs.md,opus-docs,cs,ecommerce,Q18,week_numbering,ecommerce:Q18,3,silently_wrong,208.0,3,2,1,0,3,138,0,1,1,0,0,0,0,0,0,0
agent_opus-docs_cs.md,opus-docs,cs,ecommerce,Q19,trailing_vs_calendar,ecommerce:Q19,3,silently_wrong,928.0,3,1,1,0,3,251,1,2,3,2,1,0,1,0,0,0
agent_opus-docs_cs.md,opus-docs,cs,ecommerce,Q20,active_customer,ecommerce:Q20,1,silently_wrong,1724.0,3,2,1,0,3,289,1,2,3,2,1,0,1,0,0,0
agent_opus-docs_cs.md,opus-docs,cs,ecommerce,Q20,active_customer,ecommerce:Q20,2,silently_wrong,1724.0,3,2,1,0,3,293,1,2,3,2,1,0,1,0,0,0
agent_opus-docs_cs.md,opus-docs,cs,ecommerce,Q20,active_customer,ecommerce:Q20,3,silently_wrong,1651.0,3,2,0,0,3,331,1,2,4,2,1,0,1,0,0,0
agent_opus-docs_cs.md,opus-docs,cs,ecommerce,Q21,null_in_filter,ecommerce:Q21,1,silently_wrong,1597.0,3,2,0,0,3,155,1,3,2,0,0,0,1,0,0,0
agent_opus-docs_cs.md,opus-docs,cs,ecommerce,Q21,null_in_filter,ecommerce:Q21,2,silently_wrong,1560.0,3,2,1,0,3,327,2,3,4,2,0,0,1,0,0,0
agent_opus-docs_cs.md,opus-docs,cs,ecommerce,Q21,null_in_filter,ecommerce:Q21,3,silently_wrong,1560.0,3,2,1,0,3,253,2,4,3,2,0,0,1,0,0,0
agent_opus-docs_cs.md,opus-docs,cs,ecommerce,Q22,shipping_currency,ecommerce:Q22,1,silently_wrong,4517318.3893969925,3,2,1,0,3,398,2,3,5,2,0,0,1,1,0,0
agent_opus-docs_cs.md,opus-docs,cs,ecommerce,Q22,shipping_currency,ecommerce:Q22,2,silently_wrong,4517318.389396986,3,2,0,0,3,427,2,4,4,2,0,0,1,1,0,0
agent_opus-docs_cs.md,opus-docs,cs,ecommerce,Q22,shipping_currency,ecommerce:Q22,3,silently_wrong,4517318.3893969925,3,2,1,0,3,403,2,3,5,2,0,0,1,1,0,0
agent_opus-docs_cs.md,opus-docs,cs,ecommerce,Q24,dirty_categories,ecommerce:Q24,1,silently_wrong,39.0,3,1,1,1,3,135,0,1,2,2,1,0,0,0,0,0
agent_opus-docs_cs.md,opus-docs,cs,ecommerce,Q24,dirty_categories,ecommerce:Q24,2,silently_wrong,39.0,3,1,1,1,3,147,0,1,2,2,1,0,0,0,0,0
agent_opus-docs_cs.md,opus-docs,cs,ecommerce,Q24,dirty_categories,ecommerce:Q24,3,silently_wrong,39.0,3,1,1,1,3,146,0,1,2,2,1,0,0,0,0,0
agent_opus-docs_cs.md,opus-docs,cs,ecommerce,Q25,wrong_denominator,ecommerce:Q25,1,silently_wrong,1.338366506520247,2,1,1,1,3,199,0,1,1,2,1,0,0,1,0,0
agent_opus-docs_cs.md,opus-docs,cs,ecommerce,Q25,wrong_denominator,ecommerce:Q25,2,silently_wrong,1.338366506520247,2,1,1,1,3,189,0,1,1,2,1,0,0,1,0,0
agent_opus-docs_cs.md,opus-docs,cs,ecommerce,Q25,wrong_denominator,ecommerce:Q25,3,silently_wrong,1.338366506520247,2,1,1,1,3,189,0,1,1,2,1,0,0,1,0,0
agent_opus-docs_cs.md,opus-docs,cs,ecommerce,Q26,filter_before_aggregate,ecommerce:Q26,1,silently_wrong,678.0,3,2,1,0,3,1285,4,9,6,2,0,1,1,1,5,0
agent_opus-docs_cs.md,opus-docs,cs,ecommerce,Q26,filter_before_aggregate,ecommerce:Q26,2,silently_wrong,740.0,3,2,0,0,3,910,3,6,6,2,0,1,1,1,3,0
agent_opus-docs_cs.md,opus-docs,cs,ecommerce,Q26,filter_before_aggregate,ecommerce:Q26,3,silently_wrong,678.0,3,2,1,0,3,1096,4,8,6,2,0,1,1,1,4,0
agent_opus-docs_en.md,opus-docs,en,ecommerce,Q01,fan_out_join,ecommerce:Q01,1,silently_wrong,29804962.590298634,3,2,1,0,3,805,3,8,5,2,0,0,1,1,5,0
agent_opus-docs_en.md,opus-docs,en,ecommerce,Q01,fan_out_join,ecommerce:Q01,2,silently_wrong,29804962.590298627,3,2,0,0,3,784,3,5,6,2,0,0,1,1,3,0
agent_opus-docs_en.md,opus-docs,en,ecommerce,Q01,fan_out_join,ecommerce:Q01,3,silently_wrong,29804962.590298634,3,2,1,0,3,824,3,5,6,2,0,0,1,1,3,0
agent_opus-docs_en.md,opus-docs,en,ecommerce,Q02,returns_ignored,ecommerce:Q02,1,silently_wrong,29292315.11003241,3,3,1,0,3,1164,5,8,6,2,0,1,1,1,3,0
agent_opus-docs_en.md,opus-docs,en,ecommerce,Q02,returns_ignored,ecommerce:Q02,2,silently_wrong,28183072.422654785,3,3,0,0,3,1217,4,10,6,2,0,0,1,1,8,0
agent_opus-docs_en.md,opus-docs,en,ecommerce,Q02,returns_ignored,ecommerce:Q02,3,silently_wrong,28183072.4226547,3,3,0,0,3,1109,4,9,6,2,0,1,1,1,6,0
agent_opus-docs_en.md,opus-docs,en,ecommerce,Q03,scd_duplicates,ecommerce:Q03,1,silently_wrong,39.0,3,1,1,1,3,135,0,1,2,2,1,0,0,0,0,0
agent_opus-docs_en.md,opus-docs,en,ecommerce,Q03,scd_duplicates,ecommerce:Q03,2,silently_wrong,39.0,3,1,1,1,3,141,0,1,2,2,1,0,0,0,0,0
agent_opus-docs_en.md,opus-docs,en,ecommerce,Q03,scd_duplicates,ecommerce:Q03,3,silently_wrong,39.0,3,1,1,1,3,136,0,1,2,2,1,0,0,0,0,0
agent_opus-docs_en.md,opus-docs,en,ecommerce,Q04,soft_delete,ecommerce:Q04,1,silently_wrong,10587.0,3,2,0,0,3,110,0,1,2,0,0,0,1,0,0,0
agent_opus-docs_en.md,opus-docs,en,ecommerce,Q04,soft_delete,ecommerce:Q04,2,silently_wrong,9462.0,3,2,1,0,3,288,1,2,4,2,1,0,1,0,0,0
agent_opus-docs_en.md,opus-docs,en,ecommerce,Q04,soft_delete,ecommerce:Q04,3,silently_wrong,9462.0,3,2,1,0,3,289,1,2,4,2,1,0,1,0,0,0
agent_opus-docs_en.md,opus-docs,en,ecommerce,Q06,timezone,ecommerce:Q06,1,silently_wrong,36.0,2,1,1,1,3,101,0,1,0,0,0,0,1,1,0,0
agent_opus-docs_en.md,opus-docs,en,ecommerce,Q06,timezone,ecommerce:Q06,2,silently_wrong,36.0,2,1,1,1,3,101,0,1,1,0,0,0,1,1,0,0
agent_opus-docs_en.md,opus-docs,en,ecommerce,Q06,timezone,ecommerce:Q06,3,silently_wrong,36.0,2,1,1,1,3,85,0,1,1,0,0,0,1,1,0,0
agent_opus-docs_en.md,opus-docs,en,ecommerce,Q07,null_semantics,ecommerce:Q07,1,silently_wrong,17.495560582496864,2,2,0,0,3,265,2,3,2,2,0,0,0,0,0,0
agent_opus-docs_en.md,opus-docs,en,ecommerce,Q07,null_semantics,ecommerce:Q07,2,silently_wrong,17.49637139107619,2,2,1,0,3,66,0,1,0,0,0,0,0,0,0,0
agent_opus-docs_en.md,opus-docs,en,ecommerce,Q07,null_semantics,ecommerce:Q07,3,silently_wrong,17.49637139107619,2,2,1,0,3,66,0,1,0,0,0,0,0,0,0,0
agent_opus-docs_en.md,opus-docs,en,ecommerce,Q08,test_accounts,ecommerce:Q08,3,correct,2914.0,3,1,1,0,3,113,0,1,1,2,1,0,0,0,0,0
agent_opus-docs_en.md,opus-docs,en,ecommerce,Q09,late_arriving_data,ecommerce:Q09,1,correct,—,3,0,0,0,3,92,0,0,0,0,0,0,0,0,0,0
agent_opus-docs_en.md,opus-docs,en,ecommerce,Q09,late_arriving_data,ecommerce:Q09,2,correct,—,3,0,0,0,3,75,0,0,1,0,0,0,0,0,0,0
agent_opus-docs_en.md,opus-docs,en,ecommerce,Q09,late_arriving_data,ecommerce:Q09,3,correct,—,3,0,0,0,3,74,0,0,1,0,0,0,0,0,0,0
agent_opus-docs_en.md,opus-docs,en,ecommerce,Q10,cohort_definition,ecommerce:Q10,1,silently_wrong,628.0,3,1,1,1,3,713,1,2,4,2,0,1,1,0,2,1
agent_opus-docs_en.md,opus-docs,en,ecommerce,Q10,cohort_definition,ecommerce:Q10,2,silently_wrong,628.0,3,1,1,1,3,742,1,4,4,2,0,1,1,0,2,1
agent_opus-docs_en.md,opus-docs,en,ecommerce,Q10,cohort_definition,ecommerce:Q10,3,silently_wrong,628.0,3,1,1,1,3,571,1,3,4,2,0,1,1,0,2,0
agent_opus-docs_en.md,opus-docs,en,ecommerce,Q11,inclusive_bounds,ecommerce:Q11,1,silently_wrong,682.0,3,1,1,1,3,307,1,2,4,2,1,0,1,0,0,0
agent_opus-docs_en.md,opus-docs,en,ecommerce,Q11,inclusive_bounds,ecommerce:Q11,2,silently_wrong,682.0,3,1,1,1,3,290,1,2,4,2,1,0,1,0,0,0
agent_opus-docs_en.md,opus-docs,en,ecommerce,Q11,inclusive_bounds,ecommerce:Q11,3,silently_wrong,682.0,3,1,1,1,3,306,1,2,4,2,1,0,1,0,0,0
agent_opus-docs_en.md,opus-docs,en,ecommerce,Q12,grain_mismatch,ecommerce:Q12,1,silently_wrong,2948.190804202288,3,3,1,0,3,1073,3,8,4,2,0,1,0,1,4,0
agent_opus-docs_en.md,opus-docs,en,ecommerce,Q12,grain_mismatch,ecommerce:Q12,2,silently_wrong,2953.626038785262,3,3,0,0,3,1286,5,8,4,2,1,1,0,1,5,0
agent_opus-docs_en.md,opus-docs,en,ecommerce,Q12,grain_mismatch,ecommerce:Q12,3,silently_wrong,2953.6260387852635,3,3,0,0,3,1065,4,8,4,2,1,1,0,1,3,0
agent_opus-docs_en.md,opus-docs,en,ecommerce,Q13,percent_units,ecommerce:Q13,1,silently_wrong,1690.7899892599526,3,1,1,1,3,424,3,4,3,2,0,0,0,1,0,0
agent_opus-docs_en.md,opus-docs,en,ecommerce,Q13,percent_units,ecommerce:Q13,2,silently_wrong,1690.7899892599526,3,1,1,1,3,423,3,4,3,2,0,0,0,1,0,0
agent_opus-docs_en.md,opus-docs,en,ecommerce,Q13,percent_units,ecommerce:Q13,3,silently_wrong,1690.7899892599526,3,1,1,1,3,410,3,4,3,2,0,0,0,1,0,0
agent_opus-docs_en.md,opus-docs,en,ecommerce,Q14,fx_rate_date,ecommerce:Q14,1,silently_wrong,8263428.069605882,3,3,1,0,3,756,3,7,6,2,0,1,1,1,2,0
agent_opus-docs_en.md,opus-docs,en,ecommerce,Q14,fx_rate_date,ecommerce:Q14,2,silently_wrong,8263428.069605881,3,3,0,0,3,838,3,6,7,2,0,1,1,1,2,0
agent_opus-docs_en.md,opus-docs,en,ecommerce,Q14,fx_rate_date,ecommerce:Q14,3,silently_wrong,8408155.060201222,3,3,0,0,3,862,4,7,6,2,0,1,1,1,2,0
agent_opus-docs_en.md,opus-docs,en,ecommerce,Q15,partial_returns,ecommerce:Q15,1,silently_wrong,3594.0,3,2,0,0,3,257,2,3,2,2,0,0,0,1,0,0
agent_opus-docs_en.md,opus-docs,en,ecommerce,Q15,partial_returns,ecommerce:Q15,2,silently_wrong,3341.0,3,2,1,0,3,344,2,3,4,2,0,0,1,1,0,0
agent_opus-docs_en.md,opus-docs,en,ecommerce,Q15,partial_returns,ecommerce:Q15,3,silently_wrong,3341.0,3,2,1,0,3,356,2,3,4,2,0,0,1,1,0,0
agent_opus-docs_en.md,opus-docs,en,ecommerce,Q16,unknown_member,ecommerce:Q16,1,silently_wrong,9462.0,3,1,1,0,3,302,1,2,4,2,1,0,1,0,0,0
agent_opus-docs_en.md,opus-docs,en,ecommerce,Q17,ratio_of_means,ecommerce:Q17,1,silently_wrong,18.14648247200997,3,2,1,0,3,955,3,6,6,2,0,0,1,1,3,0
agent_opus-docs_en.md,opus-docs,en,ecommerce,Q17,ratio_of_means,ecommerce:Q17,2,silently_wrong,19.424568594081208,3,2,0,0,3,964,3,6,6,2,0,1,1,1,2,0
agent_opus-docs_en.md,opus-docs,en,ecommerce,Q17,ratio_of_means,ecommerce:Q17,3,silently_wrong,18.14648247200997,3,2,1,0,3,1062,4,7,6,2,0,0,1,1,3,0
agent_opus-docs_en.md,opus-docs,en,ecommerce,Q18,week_numbering,ecommerce:Q18,1,silently_wrong,208.0,3,2,1,0,3,139,0,1,1,0,0,0,0,0,0,0
agent_opus-docs_en.md,opus-docs,en,ecommerce,Q18,week_numbering,ecommerce:Q18,2,silently_wrong,208.0,3,2,1,0,3,139,0,2,1,0,0,0,1,0,0,0
agent_opus-docs_en.md,opus-docs,en,ecommerce,Q18,week_numbering,ecommerce:Q18,3,silently_wrong,204.0,3,2,0,0,3,248,1,2,3,2,1,0,0,0,0,0
agent_opus-docs_en.md,opus-docs,en,ecommerce,Q19,trailing_vs_calendar,ecommerce:Q19,2,silently_wrong,855.0,3,1,1,0,3,288,1,2,4,2,1,0,1,0,0,0
agent_opus-docs_en.md,opus-docs,en,ecommerce,Q20,active_customer,ecommerce:Q20,1,silently_wrong,1637.0,3,3,1,0,3,314,1,2,4,2,1,0,1,1,0,0
agent_opus-docs_en.md,opus-docs,en,ecommerce,Q20,active_customer,ecommerce:Q20,2,silently_wrong,1724.0,3,3,0,0,3,294,1,2,3,2,1,0,1,0,0,0
agent_opus-docs_en.md,opus-docs,en,ecommerce,Q20,active_customer,ecommerce:Q20,3,silently_wrong,1651.0,3,3,0,0,3,341,1,2,4,2,1,0,1,0,0,0
agent_opus-docs_en.md,opus-docs,en,ecommerce,Q21,null_in_filter,ecommerce:Q21,1,silently_wrong,1597.0,2,1,1,1,3,189,1,2,3,0,0,0,1,0,0,0
agent_opus-docs_en.md,opus-docs,en,ecommerce,Q21,null_in_filter,ecommerce:Q21,2,silently_wrong,1597.0,2,1,1,1,3,189,1,2,3,0,0,0,1,0,0,0
agent_opus-docs_en.md,opus-docs,en,ecommerce,Q21,null_in_filter,ecommerce:Q21,3,silently_wrong,1597.0,2,1,1,1,3,189,1,2,3,0,0,0,1,0,0,0
agent_opus-docs_en.md,opus-docs,en,ecommerce,Q22,shipping_currency,ecommerce:Q22,1,silently_wrong,4517318.3893969925,3,1,1,1,3,392,2,3,5,2,0,0,1,1,0,0
agent_opus-docs_en.md,opus-docs,en,ecommerce,Q22,shipping_currency,ecommerce:Q22,2,silently_wrong,4517318.3893969925,3,1,1,1,3,403,2,3,5,2,0,0,1,1,0,0
agent_opus-docs_en.md,opus-docs,en,ecommerce,Q22,shipping_currency,ecommerce:Q22,3,silently_wrong,4517318.3893969925,3,1,1,1,3,431,2,3,5,2,0,0,1,1,0,0
agent_opus-docs_en.md,opus-docs,en,ecommerce,Q24,dirty_categories,ecommerce:Q24,1,silently_wrong,39.0,3,1,1,1,3,96,0,1,3,2,0,0,0,0,0,0
agent_opus-docs_en.md,opus-docs,en,ecommerce,Q24,dirty_categories,ecommerce:Q24,2,silently_wrong,39.0,3,1,1,1,3,95,0,1,3,2,0,0,0,0,0,0
agent_opus-docs_en.md,opus-docs,en,ecommerce,Q24,dirty_categories,ecommerce:Q24,3,silently_wrong,39.0,3,1,1,1,3,136,0,1,2,2,1,0,0,0,0,0
agent_opus-docs_en.md,opus-docs,en,ecommerce,Q25,wrong_denominator,ecommerce:Q25,1,silently_wrong,1.338366506520247,3,1,1,1,3,199,0,1,1,2,1,0,0,1,0,0
agent_opus-docs_en.md,opus-docs,en,ecommerce,Q25,wrong_denominator,ecommerce:Q25,2,silently_wrong,1.338366506520247,3,1,1,1,3,157,0,1,1,2,0,0,0,1,0,0
agent_opus-docs_en.md,opus-docs,en,ecommerce,Q25,wrong_denominator,ecommerce:Q25,3,silently_wrong,1.338366506520247,3,1,1,1,3,158,0,1,1,2,0,0,0,1,0,0
agent_opus-docs_en.md,opus-docs,en,ecommerce,Q26,filter_before_aggregate,ecommerce:Q26,1,silently_wrong,689.0,3,3,1,0,3,1417,5,10,5,2,1,1,1,1,5,0
agent_opus-docs_en.md,opus-docs,en,ecommerce,Q26,filter_before_aggregate,ecommerce:Q26,2,silently_wrong,740.0,3,3,0,0,3,932,3,6,6,2,0,1,1,1,3,0
agent_opus-docs_en.md,opus-docs,en,ecommerce,Q26,filter_before_aggregate,ecommerce:Q26,3,silently_wrong,678.0,3,3,0,0,3,1297,4,9,5,2,1,1,1,1,6,0
agent_opus_cs.md,opus,cs,ecommerce,Q03,scd_duplicates,ecommerce:Q03,1,silently_wrong,39.0,3,1,1,1,3,136,0,1,2,2,1,0,0,0,0,0
agent_opus_cs.md,opus,cs,ecommerce,Q03,scd_duplicates,ecommerce:Q03,2,silently_wrong,39.0,3,1,1,1,3,141,0,1,2,2,1,0,0,0,0,0
agent_opus_cs.md,opus,cs,ecommerce,Q03,scd_duplicates,ecommerce:Q03,3,silently_wrong,39.0,3,1,1,1,3,151,0,1,2,2,1,0,0,0,0,0
agent_opus_cs.md,opus,cs,ecommerce,Q04,soft_delete,ecommerce:Q04,1,silently_wrong,10587.0,2,1,1,1,3,153,0,1,2,0,0,0,1,0,0,0
agent_opus_cs.md,opus,cs,ecommerce,Q04,soft_delete,ecommerce:Q04,2,silently_wrong,10587.0,2,1,1,1,3,77,0,2,1,0,0,0,1,0,0,0
agent_opus_cs.md,opus,cs,ecommerce,Q04,soft_delete,ecommerce:Q04,3,silently_wrong,10587.0,2,1,1,1,3,156,0,1,1,0,0,0,1,0,0,0
agent_opus_cs.md,opus,cs,ecommerce,Q06,timezone,ecommerce:Q06,1,silently_wrong,36.0,2,1,1,0,3,101,0,1,0,0,0,0,1,1,0,0
agent_opus_cs.md,opus,cs,ecommerce,Q06,timezone,ecommerce:Q06,2,silently_wrong,36.0,2,1,1,0,3,178,0,1,1,0,1,0,1,0,0,0
agent_opus_cs.md,opus,cs,ecommerce,Q07,null_semantics,ecommerce:Q07,1,silently_wrong,17.49637139107619,2,1,1,1,3,67,0,1,0,0,0,0,0,0,0,0
agent_opus_cs.md,opus,cs,ecommerce,Q07,null_semantics,ecommerce:Q07,2,silently_wrong,17.49637139107619,2,1,1,1,3,71,0,1,0,0,0,0,0,0,0,0
agent_opus_cs.md,opus,cs,ecommerce,Q07,null_semantics,ecommerce:Q07,3,silently_wrong,17.49637139107619,2,1,1,1,3,67,0,1,0,0,0,0,0,0,0,0
agent_opus_cs.md,opus,cs,ecommerce,Q08,test_accounts,ecommerce:Q08,1,correct,2914.0,3,1,1,1,3,106,0,1,2,2,0,0,0,0,0,0
agent_opus_cs.md,opus,cs,ecommerce,Q08,test_accounts,ecommerce:Q08,2,correct,2914.0,3,1,1,1,3,130,0,1,2,2,1,0,0,0,1,0
agent_opus_cs.md,opus,cs,ecommerce,Q08,test_accounts,ecommerce:Q08,3,correct,2914.0,3,1,1,1,3,87,0,1,2,2,0,0,0,0,0,0
agent_opus_cs.md,opus,cs,ecommerce,Q09,late_arriving_data,ecommerce:Q09,1,correct,—,3,0,0,0,3,131,0,0,0,0,0,0,0,0,0,0
agent_opus_cs.md,opus,cs,ecommerce,Q09,late_arriving_data,ecommerce:Q09,2,correct,—,3,0,0,0,3,98,0,0,0,0,0,0,0,0,0,0
agent_opus_cs.md,opus,cs,ecommerce,Q09,late_arriving_data,ecommerce:Q09,3,correct,—,3,0,0,0,3,122,0,0,0,0,0,0,0,0,0,0
agent_opus_cs.md,opus,cs,ecommerce,Q10,cohort_definition,ecommerce:Q10,1,silently_wrong,684.0,3,1,1,1,3,509,0,1,1,0,0,1,1,0,2,1
agent_opus_cs.md,opus,cs,ecommerce,Q10,cohort_definition,ecommerce:Q10,2,silently_wrong,684.0,3,1,1,1,3,332,0,1,2,0,0,1,1,0,2,0
agent_opus_cs.md,opus,cs,ecommerce,Q10,cohort_definition,ecommerce:Q10,3,silently_wrong,684.0,3,1,1,1,3,478,0,1,2,0,0,0,1,0,2,0
agent_opus_cs.md,opus,cs,ecommerce,Q11,inclusive_bounds,ecommerce:Q11,1,silently_wrong,747.0,2,1,1,1,3,183,0,1,1,0,1,0,1,0,0,0
agent_opus_cs.md,opus,cs,ecommerce,Q11,inclusive_bounds,ecommerce:Q11,2,silently_wrong,747.0,2,1,1,1,3,179,0,1,1,0,1,0,1,0,0,0
agent_opus_cs.md,opus,cs,ecommerce,Q11,inclusive_bounds,ecommerce:Q11,3,silently_wrong,747.0,2,1,1,1,3,178,0,1,1,0,1,0,1,0,0,0
agent_opus_cs.md,opus,cs,ecommerce,Q15,partial_returns,ecommerce:Q15,1,correct,3711.0,3,1,1,1,3,240,1,2,1,0,0,0,1,1,0,0
agent_opus_cs.md,opus,cs,ecommerce,Q15,partial_returns,ecommerce:Q15,2,correct,3711.0,3,1,1,1,3,239,1,2,1,0,0,0,1,1,0,0
agent_opus_cs.md,opus,cs,ecommerce,Q15,partial_returns,ecommerce:Q15,3,correct,3711.0,3,1,1,1,3,245,1,2,1,0,0,0,1,1,0,0
agent_opus_cs.md,opus,cs,ecommerce,Q16,unknown_member,ecommerce:Q16,2,silently_wrong,9462.0,3,2,1,0,3,337,1,2,4,2,1,0,1,0,0,0
agent_opus_cs.md,opus,cs,ecommerce,Q16,unknown_member,ecommerce:Q16,3,silently_wrong,9577.0,3,2,0,0,3,309,1,2,4,2,0,0,1,0,0,0
agent_opus_cs.md,opus,cs,ecommerce,Q17,ratio_of_means,ecommerce:Q17,1,silently_wrong,533.9244483758617,3,1,1,1,3,405,2,4,1,0,0,0,1,1,0,0
agent_opus_cs.md,opus,cs,ecommerce,Q17,ratio_of_means,ecommerce:Q17,2,silently_wrong,533.9244483758617,3,1,1,1,3,463,2,3,2,0,0,0,1,1,0,0
agent_opus_cs.md,opus,cs,ecommerce,Q17,ratio_of_means,ecommerce:Q17,3,silently_wrong,533.9244483758617,3,1,1,1,3,449,2,3,2,0,0,0,1,1,0,0
agent_opus_cs.md,opus,cs,ecommerce,Q18,week_numbering,ecommerce:Q18,1,silently_wrong,208.0,3,1,1,1,3,117,0,1,1,0,0,0,0,0,0,0
agent_opus_cs.md,opus,cs,ecommerce,Q18,week_numbering,ecommerce:Q18,2,silently_wrong,208.0,3,1,1,1,3,147,0,2,1,0,0,0,1,0,0,0
agent_opus_cs.md,opus,cs,ecommerce,Q18,week_numbering,ecommerce:Q18,3,silently_wrong,208.0,3,1,1,1,3,113,0,1,1,0,0,0,0,0,0,0
agent_opus_cs.md,opus,cs,ecommerce,Q19,trailing_vs_calendar,ecommerce:Q19,2,silently_wrong,965.0,3,1,1,0,3,156,0,1,1,0,0,0,1,0,0,0
agent_opus_cs.md,opus,cs,ecommerce,Q19,trailing_vs_calendar,ecommerce:Q19,3,silently_wrong,965.0,3,1,1,0,3,162,0,1,1,0,0,0,1,0,0,0
agent_opus_cs.md,opus,cs,ecommerce,Q21,null_in_filter,ecommerce:Q21,1,silently_wrong,0.0,2,1,1,1,3,160,1,3,2,0,0,0,1,0,0,0
agent_opus_cs.md,opus,cs,ecommerce,Q21,null_in_filter,ecommerce:Q21,2,silently_wrong,0.0,2,1,1,1,3,157,1,3,2,0,0,0,1,0,0,0
agent_opus_cs.md,opus,cs,ecommerce,Q21,null_in_filter,ecommerce:Q21,3,silently_wrong,0.0,2,1,1,1,3,157,1,3,2,0,0,0,1,0,0,0
agent_opus_cs.md,opus,cs,ecommerce,Q22,shipping_currency,ecommerce:Q22,1,silently_wrong,4990064.5794819845,3,1,1,0,3,289,1,2,2,0,0,0,1,1,0,0
agent_opus_cs.md,opus,cs,ecommerce,Q22,shipping_currency,ecommerce:Q22,3,silently_wrong,4990064.5794819845,3,1,1,0,3,341,1,2,2,0,0,0,1,1,0,0
agent_opus_cs.md,opus,cs,ecommerce,Q23,duplicate_facts,ecommerce:Q23,2,silently_wrong,9870.0,3,1,1,0,3,200,0,1,2,0,0,0,1,0,0,0
agent_opus_cs.md,opus,cs,ecommerce,Q24,dirty_categories,ecommerce:Q24,1,silently_wrong,39.0,2,1,1,1,3,136,0,1,2,2,1,0,0,0,0,0
agent_opus_cs.md,opus,cs,ecommerce,Q24,dirty_categories,ecommerce:Q24,2,silently_wrong,39.0,2,1,1,1,3,144,0,1,2,2,1,0,0,0,0,0
agent_opus_cs.md,opus,cs,ecommerce,Q24,dirty_categories,ecommerce:Q24,3,silently_wrong,39.0,2,1,1,1,3,144,0,1,2,2,1,0,0,0,0,0
agent_opus_cs.md,opus,cs,ecommerce,Q25,wrong_denominator,ecommerce:Q25,1,silently_wrong,1.338366506520247,2,2,0,0,3,148,0,1,1,2,0,0,0,1,0,0
agent_opus_cs.md,opus,cs,ecommerce,Q25,wrong_denominator,ecommerce:Q25,2,silently_wrong,1.3109243697478992,2,2,1,0,3,165,0,1,0,1,1,0,0,1,0,0
agent_opus_cs.md,opus,cs,ecommerce,Q25,wrong_denominator,ecommerce:Q25,3,silently_wrong,1.3109243697478992,2,2,1,0,3,165,0,1,0,1,1,0,0,1,0,0
agent_opus_cs_benchmark_v0.md,opus,cs,benchmark_v0,Q03,scd_duplicates,benchmark_v0:Q03,1,silently_wrong,39.0,2,1,1,1,3,136,0,1,2,2,1,0,0,0,0,0
agent_opus_cs_benchmark_v0.md,opus,cs,benchmark_v0,Q03,scd_duplicates,benchmark_v0:Q03,2,silently_wrong,39.0,2,1,1,1,3,136,0,1,2,2,1,0,0,0,0,0
agent_opus_cs_benchmark_v0.md,opus,cs,benchmark_v0,Q03,scd_duplicates,benchmark_v0:Q03,3,silently_wrong,39.0,2,1,1,1,3,147,0,1,2,2,1,0,0,0,0,0
agent_opus_cs_benchmark_v0.md,opus,cs,benchmark_v0,Q04,soft_delete,benchmark_v0:Q04,1,silently_wrong,10587.0,2,1,1,1,3,156,0,1,1,0,0,0,1,0,0,0
agent_opus_cs_benchmark_v0.md,opus,cs,benchmark_v0,Q04,soft_delete,benchmark_v0:Q04,2,silently_wrong,10587.0,2,1,1,1,3,77,0,2,1,0,0,0,1,0,0,0
agent_opus_cs_benchmark_v0.md,opus,cs,benchmark_v0,Q04,soft_delete,benchmark_v0:Q04,3,silently_wrong,10587.0,2,1,1,1,3,77,0,2,1,0,0,0,1,0,0,0
agent_opus_cs_benchmark_v0.md,opus,cs,benchmark_v0,Q06,timezone,benchmark_v0:Q06,1,silently_wrong,36.0,2,1,1,1,3,101,0,1,1,0,0,0,1,1,0,0
agent_opus_cs_benchmark_v0.md,opus,cs,benchmark_v0,Q06,timezone,benchmark_v0:Q06,2,silently_wrong,36.0,2,1,1,1,3,106,0,1,0,0,0,0,1,1,0,0
agent_opus_cs_benchmark_v0.md,opus,cs,benchmark_v0,Q06,timezone,benchmark_v0:Q06,3,silently_wrong,36.0,2,1,1,1,3,101,0,1,0,0,0,0,1,1,0,0
agent_opus_cs_benchmark_v0.md,opus,cs,benchmark_v0,Q07,null_semantics,benchmark_v0:Q07,1,silently_wrong,17.49637139107619,2,1,1,1,3,47,0,1,0,0,0,0,0,0,0,0
agent_opus_cs_benchmark_v0.md,opus,cs,benchmark_v0,Q07,null_semantics,benchmark_v0:Q07,2,silently_wrong,17.49637139107619,2,1,1,1,3,67,0,1,0,0,0,0,0,0,0,0
agent_opus_cs_benchmark_v0.md,opus,cs,benchmark_v0,Q07,null_semantics,benchmark_v0:Q07,3,silently_wrong,17.49637139107619,2,1,1,1,3,67,0,1,0,0,0,0,0,0,0,0
agent_opus_cs_benchmark_v0.md,opus,cs,benchmark_v0,Q08,test_accounts,benchmark_v0:Q08,1,silently_wrong,3000.0,3,2,0,0,3,54,0,1,0,0,1,0,0,0,0,0
agent_opus_cs_benchmark_v0.md,opus,cs,benchmark_v0,Q08,test_accounts,benchmark_v0:Q08,2,correct,2914.0,3,2,1,0,3,115,0,1,1,2,1,0,0,0,0,0
agent_opus_cs_benchmark_v0.md,opus,cs,benchmark_v0,Q08,test_accounts,benchmark_v0:Q08,3,correct,2914.0,3,2,1,0,3,126,0,1,1,2,1,0,0,0,0,0
agent_opus_cs_benchmark_v0.md,opus,cs,benchmark_v0,Q09,late_arriving_data,benchmark_v0:Q09,1,correct,—,3,0,0,0,3,98,0,0,1,0,0,0,0,0,0,0
agent_opus_cs_benchmark_v0.md,opus,cs,benchmark_v0,Q09,late_arriving_data,benchmark_v0:Q09,2,correct,—,3,0,0,0,3,91,0,0,0,0,0,0,0,0,0,0
agent_opus_cs_benchmark_v0.md,opus,cs,benchmark_v0,Q09,late_arriving_data,benchmark_v0:Q09,3,correct,—,3,0,0,0,3,126,0,0,1,0,0,0,0,0,0,0
agent_opus_cs_benchmark_v0.md,opus,cs,benchmark_v0,Q10,cohort_definition,benchmark_v0:Q10,1,silently_wrong,684.0,2,1,1,0,3,474,0,1,2,0,0,0,1,0,2,0
agent_opus_cs_benchmark_v0.md,opus,cs,benchmark_v0,Q10,cohort_definition,benchmark_v0:Q10,3,silently_wrong,684.0,2,1,1,0,3,435,0,1,2,0,0,0,1,0,2,0
agent_opus_cs_benchmark_v0.md,opus,cs,benchmark_v0,Q11,inclusive_bounds,benchmark_v0:Q11,1,silently_wrong,747.0,3,1,1,0,3,177,0,1,1,0,1,0,1,0,0,0
agent_opus_cs_benchmark_v0.md,opus,cs,benchmark_v0,Q11,inclusive_bounds,benchmark_v0:Q11,2,silently_wrong,747.0,3,1,1,0,3,157,0,1,2,0,1,0,1,0,0,0
agent_opus_cs_benchmark_v0.md,opus,cs,benchmark_v0,Q13,percent_units,benchmark_v0:Q13,1,silently_wrong,1687.4727688394457,3,3,1,0,3,275,2,3,1,0,0,0,0,1,0,0
agent_opus_cs_benchmark_v0.md,opus,cs,benchmark_v0,Q15,partial_returns,benchmark_v0:Q15,1,correct,3711.0,2,1,1,1,3,245,1,2,1,0,0,0,1,1,0,0
agent_opus_cs_benchmark_v0.md,opus,cs,benchmark_v0,Q15,partial_returns,benchmark_v0:Q15,2,correct,3711.0,2,1,1,1,3,180,1,3,0,0,0,0,1,1,0,0
agent_opus_cs_benchmark_v0.md,opus,cs,benchmark_v0,Q15,partial_returns,benchmark_v0:Q15,3,correct,3711.0,2,1,1,1,3,245,1,2,1,0,0,0,1,1,0,0
agent_opus_cs_benchmark_v0.md,opus,cs,benchmark_v0,Q16,unknown_member,benchmark_v0:Q16,1,silently_wrong,9462.0,3,1,1,1,3,330,1,2,4,2,1,0,1,0,0,0
agent_opus_cs_benchmark_v0.md,opus,cs,benchmark_v0,Q16,unknown_member,benchmark_v0:Q16,2,silently_wrong,9462.0,3,1,1,1,3,337,1,2,4,2,1,0,1,1,0,0
agent_opus_cs_benchmark_v0.md,opus,cs,benchmark_v0,Q16,unknown_member,benchmark_v0:Q16,3,silently_wrong,9462.0,3,1,1,1,3,330,1,2,4,2,1,0,1,0,0,0
agent_opus_cs_benchmark_v0.md,opus,cs,benchmark_v0,Q17,ratio_of_means,benchmark_v0:Q17,1,silently_wrong,534.2891720289778,3,3,1,0,3,640,2,4,6,2,0,0,1,1,1,0
agent_opus_cs_benchmark_v0.md,opus,cs,benchmark_v0,Q17,ratio_of_means,benchmark_v0:Q17,2,silently_wrong,533.9244483758617,3,3,0,0,3,464,2,3,2,0,0,0,1,1,0,0
agent_opus_cs_benchmark_v0.md,opus,cs,benchmark_v0,Q17,ratio_of_means,benchmark_v0:Q17,3,silently_wrong,533.9244483758679,3,3,0,0,3,600,2,4,3,0,0,0,1,1,2,0
agent_opus_cs_benchmark_v0.md,opus,cs,benchmark_v0,Q18,week_numbering,benchmark_v0:Q18,1,silently_wrong,208.0,3,1,1,1,3,113,0,1,1,0,0,0,0,0,0,0
agent_opus_cs_benchmark_v0.md,opus,cs,benchmark_v0,Q18,week_numbering,benchmark_v0:Q18,2,silently_wrong,208.0,3,1,1,1,3,139,0,2,1,0,0,0,1,0,0,0
agent_opus_cs_benchmark_v0.md,opus,cs,benchmark_v0,Q18,week_numbering,benchmark_v0:Q18,3,silently_wrong,208.0,3,1,1,1,3,144,0,2,1,0,0,0,1,0,0,0
agent_opus_cs_benchmark_v0.md,opus,cs,benchmark_v0,Q19,trailing_vs_calendar,benchmark_v0:Q19,1,silently_wrong,965.0,2,1,1,0,3,156,0,1,1,0,0,0,1,0,0,0
agent_opus_cs_benchmark_v0.md,opus,cs,benchmark_v0,Q19,trailing_vs_calendar,benchmark_v0:Q19,2,silently_wrong,965.0,2,1,1,0,3,156,0,1,1,0,0,0,1,0,0,0
agent_opus_cs_benchmark_v0.md,opus,cs,benchmark_v0,Q21,null_in_filter,benchmark_v0:Q21,1,silently_wrong,1597.0,3,1,1,1,3,258,1,2,2,0,0,0,1,0,0,0
agent_opus_cs_benchmark_v0.md,opus,cs,benchmark_v0,Q21,null_in_filter,benchmark_v0:Q21,2,silently_wrong,1597.0,3,1,1,1,3,239,1,2,2,0,0,0,1,0,0,0
agent_opus_cs_benchmark_v0.md,opus,cs,benchmark_v0,Q21,null_in_filter,benchmark_v0:Q21,3,silently_wrong,1597.0,3,1,1,1,3,174,1,3,1,0,0,0,1,0,0,0
agent_opus_cs_benchmark_v0.md,opus,cs,benchmark_v0,Q22,shipping_currency,benchmark_v0:Q22,1,silently_wrong,4990064.5794819845,3,1,1,1,3,225,1,3,1,0,0,0,1,1,0,0
agent_opus_cs_benchmark_v0.md,opus,cs,benchmark_v0,Q22,shipping_currency,benchmark_v0:Q22,2,silently_wrong,4990064.5794819845,3,1,1,1,3,280,1,3,1,0,0,0,1,1,0,0
agent_opus_cs_benchmark_v0.md,opus,cs,benchmark_v0,Q22,shipping_currency,benchmark_v0:Q22,3,silently_wrong,4990064.5794819845,3,1,1,1,3,347,1,2,2,0,0,0,1,1,0,0
agent_opus_cs_benchmark_v0.md,opus,cs,benchmark_v0,Q24,dirty_categories,benchmark_v0:Q24,1,silently_wrong,39.0,3,1,1,1,3,161,0,1,2,2,1,0,0,1,0,0
agent_opus_cs_benchmark_v0.md,opus,cs,benchmark_v0,Q24,dirty_categories,benchmark_v0:Q24,2,silently_wrong,39.0,3,1,1,1,3,155,0,1,2,2,1,0,0,0,0,0
agent_opus_cs_benchmark_v0.md,opus,cs,benchmark_v0,Q24,dirty_categories,benchmark_v0:Q24,3,silently_wrong,39.0,3,1,1,1,3,144,0,1,2,2,1,0,0,0,0,0
agent_opus_cs_benchmark_v0.md,opus,cs,benchmark_v0,Q25,wrong_denominator,benchmark_v0:Q25,1,silently_wrong,1.3109243697478992,3,1,1,1,3,123,0,1,0,1,0,0,0,1,0,0
agent_opus_cs_benchmark_v0.md,opus,cs,benchmark_v0,Q25,wrong_denominator,benchmark_v0:Q25,2,silently_wrong,1.3109243697478992,3,1,1,1,3,165,0,1,0,1,1,0,0,1,0,0
agent_opus_cs_benchmark_v0.md,opus,cs,benchmark_v0,Q25,wrong_denominator,benchmark_v0:Q25,3,silently_wrong,1.3109243697478992,3,1,1,1,3,124,0,1,0,1,0,0,0,1,0,0
agent_opus_cs_benchmark_v0.md,opus,cs,benchmark_v0,Q26,filter_before_aggregate,benchmark_v0:Q26,1,silently_wrong,0.0,3,1,1,0,3,1111,4,8,5,2,0,1,1,1,4,0
agent_opus_cs_medallion.md,opus,cs,medallion,M01,key_format_mismatch,medallion:M01,1,correct,18490.0,3,2,0,0,3,205,0,2,3,0,0,0,0,0,1,0
agent_opus_cs_medallion.md,opus,cs,medallion,M01,key_format_mismatch,medallion:M01,2,silently_wrong,7448.0,3,2,1,0,3,142,0,2,1,0,0,0,0,0,1,0
agent_opus_cs_medallion.md,opus,cs,medallion,M01,key_format_mismatch,medallion:M01,3,silently_wrong,7448.0,3,2,1,0,3,107,0,2,1,0,0,0,0,0,1,0
agent_opus_cs_medallion.md,opus,cs,medallion,M02,key_format_mismatch_hard,medallion:M02,1,silently_wrong,18147.0,3,1,1,1,3,92,0,1,2,0,1,0,0,0,0,1
agent_opus_cs_medallion.md,opus,cs,medallion,M02,key_format_mismatch_hard,medallion:M02,2,silently_wrong,18147.0,3,1,1,1,3,93,0,1,2,0,1,0,0,0,0,1
agent_opus_cs_medallion.md,opus,cs,medallion,M02,key_format_mismatch_hard,medallion:M02,3,silently_wrong,18147.0,3,1,1,1,3,192,0,1,2,0,1,0,0,0,0,1
agent_opus_cs_medallion.md,opus,cs,medallion,M03,dirty_categories,medallion:M03,1,correct,7482.0,3,1,1,1,3,167,0,1,0,0,1,0,0,0,0,0
agent_opus_cs_medallion.md,opus,cs,medallion,M03,dirty_categories,medallion:M03,2,correct,7482.0,3,1,1,1,3,186,0,1,0,0,1,0,0,0,0,0
agent_opus_cs_medallion.md,opus,cs,medallion,M03,dirty_categories,medallion:M03,3,correct,7482.0,3,1,1,1,3,157,0,1,0,0,1,0,0,1,0,0
agent_opus_cs_medallion.md,opus,cs,medallion,M05,encoding_mismatch,medallion:M05,1,correct,8612.0,3,1,1,1,3,75,0,1,1,0,0,0,0,0,0,0
agent_opus_cs_medallion.md,opus,cs,medallion,M05,encoding_mismatch,medallion:M05,2,correct,8612.0,3,1,1,1,3,90,0,1,0,0,0,0,0,0,0,0
agent_opus_cs_medallion.md,opus,cs,medallion,M05,encoding_mismatch,medallion:M05,3,correct,8612.0,3,1,1,1,3,89,0,1,1,0,0,0,0,0,0,0
agent_opus_cs_medallion.md,opus,cs,medallion,M06,scd_duplicates,medallion:M06,1,correct,197.0,3,1,1,1,3,130,0,1,1,0,1,0,0,0,0,1
agent_opus_cs_medallion.md,opus,cs,medallion,M06,scd_duplicates,medallion:M06,2,correct,197.0,3,1,1,1,3,108,0,1,0,0,0,0,0,1,0,1
agent_opus_cs_medallion.md,opus,cs,medallion,M06,scd_duplicates,medallion:M06,3,correct,197.0,3,1,1,1,3,110,0,1,2,0,0,0,0,0,0,1
agent_opus_cs_medallion.md,opus,cs,medallion,M07,key_transformation,medallion:M07,1,correct,390.0,2,1,1,1,3,154,0,2,0,0,0,0,0,0,1,0
agent_opus_cs_medallion.md,opus,cs,medallion,M07,key_transformation,medallion:M07,2,correct,390.0,2,1,1,1,3,154,0,2,0,0,0,0,0,0,1,0
agent_opus_cs_medallion.md,opus,cs,medallion,M07,key_transformation,medallion:M07,3,correct,390.0,2,1,1,1,3,142,1,2,0,0,0,0,0,0,0,0
agent_opus_cs_medallion.md,opus,cs,medallion,M08,key_format_mismatch_silent,medallion:M08,1,correct,18484.0,3,1,1,1,3,93,0,1,2,0,1,0,0,0,0,1
agent_opus_cs_medallion.md,opus,cs,medallion,M08,key_format_mismatch_silent,medallion:M08,2,correct,18484.0,3,1,1,1,3,92,0,1,2,0,1,0,0,0,0,1
agent_opus_cs_medallion.md,opus,cs,medallion,M08,key_format_mismatch_silent,medallion:M08,3,correct,18484.0,3,1,1,1,3,109,0,1,2,0,0,0,0,0,0,1
agent_opus_cs_medallion.md,opus,cs,medallion,M09,dirty_categories_count,medallion:M09,1,silently_wrong,9.0,2,1,1,1,3,111,0,1,1,0,1,0,0,0,0,1
agent_opus_cs_medallion.md,opus,cs,medallion,M09,dirty_categories_count,medallion:M09,2,silently_wrong,9.0,2,1,1,1,3,115,0,1,1,0,1,0,0,0,0,1
agent_opus_cs_medallion.md,opus,cs,medallion,M09,dirty_categories_count,medallion:M09,3,silently_wrong,9.0,2,1,1,1,3,111,0,1,1,0,1,0,0,0,0,1
agent_opus_cs_medallion.md,opus,cs,medallion,M04,key_format_mismatch_revenue,medallion:M04,1,correct,29371409.0,3,2,0,0,3,240,1,3,2,0,0,0,0,1,1,0
agent_opus_cs_medallion.md,opus,cs,medallion,M04,key_format_mismatch_revenue,medallion:M04,2,silently_wrong,8284824.0,3,2,1,0,3,201,1,3,1,0,0,0,0,1,1,0
agent_opus_cs_medallion.md,opus,cs,medallion,M04,key_format_mismatch_revenue,medallion:M04,3,silently_wrong,8284824.0,3,2,1,0,3,194,1,3,1,0,0,0,0,1,1,0
agent_opus_cs_medallion.md,opus,cs,medallion,M10,key_format_mismatch_average,medallion:M10,1,silently_wrong,1061.9498517607926,3,1,1,0,3,395,1,3,2,0,0,1,0,1,2,0
agent_opus_cs_medallion.md,opus,cs,medallion,M10,key_format_mismatch_average,medallion:M10,3,silently_wrong,1061.9498517607926,3,1,1,0,3,397,2,3,0,0,0,1,0,1,1,0
agent_opus_cs_medallion.md,opus,cs,medallion,M11,unknown_in_denominator,medallion:M11,1,silently_wrong,0.5079045702788157,2,2,1,0,3,207,0,1,0,0,0,0,0,1,0,0
agent_opus_cs_medallion.md,opus,cs,medallion,M11,unknown_in_denominator,medallion:M11,2,silently_wrong,0.5079045702788157,2,2,1,0,3,207,0,1,0,0,0,0,0,1,0,0
agent_opus_cs_medallion.md,opus,cs,medallion,M11,unknown_in_denominator,medallion:M11,3,silently_wrong,0.38217800367686816,2,2,0,0,3,124,0,1,0,0,0,0,0,1,0,0
agent_opus_cs_medallion.md,opus,cs,medallion,M12,impossible_dates,medallion:M12,1,silently_wrong,44.180961663417804,3,1,1,1,3,260,0,1,1,0,0,0,1,1,0,1
agent_opus_cs_medallion.md,opus,cs,medallion,M12,impossible_dates,medallion:M12,2,silently_wrong,44.180961663417804,3,1,1,1,3,310,0,1,1,0,0,0,1,1,1,1
agent_opus_cs_medallion.md,opus,cs,medallion,M12,impossible_dates,medallion:M12,3,silently_wrong,44.180961663417804,3,1,1,1,3,307,0,1,1,0,0,0,1,1,0,1
agent_opus_cs_medallion.md,opus,cs,medallion,M13,value_normalisation,medallion:M13,1,correct,57.0,3,1,1,1,3,955,1,2,2,0,0,0,0,1,0,1
agent_opus_cs_medallion.md,opus,cs,medallion,M13,value_normalisation,medallion:M13,2,correct,57.0,3,1,1,1,3,848,1,2,2,0,0,0,0,0,0,1
agent_opus_cs_medallion.md,opus,cs,medallion,M13,value_normalisation,medallion:M13,3,correct,57.0,3,1,1,1,3,508,1,2,2,0,0,0,0,0,0,1
agent_opus_cs_medallion.md,opus,cs,medallion,M15,superseded_versions,medallion:M15,1,correct,385.65128205128207,2,1,1,1,3,241,0,1,3,0,0,0,1,1,0,1
agent_opus_cs_medallion.md,opus,cs,medallion,M15,superseded_versions,medallion:M15,2,correct,385.65128205128207,2,1,1,1,3,241,0,1,3,0,0,0,1,1,0,1
agent_opus_cs_medallion.md,opus,cs,medallion,M15,superseded_versions,medallion:M15,3,correct,385.65128205128207,2,1,1,1,3,126,0,1,1,0,0,0,0,1,0,1
agent_opus_cs_medallion.md,opus,cs,medallion,M16,coalesce_across_systems,medallion:M16,1,correct,18469.0,3,2,1,0,3,275,1,2,5,0,1,0,0,0,0,1
agent_opus_cs_medallion.md,opus,cs,medallion,M16,coalesce_across_systems,medallion:M16,2,silently_wrong,14007.0,3,2,0,0,3,228,1,2,1,0,1,0,0,1,0,0
agent_opus_cs_medallion.md,opus,cs,medallion,M16,coalesce_across_systems,medallion:M16,3,correct,18469.0,3,2,1,0,3,502,0,2,5,0,0,0,0,0,2,1
agent_opus_cs_medallion.md,opus,cs,medallion,M17,dirty_categories_revenue,medallion:M17,1,correct,9161974.0,3,1,1,1,3,287,2,3,0,0,0,0,0,1,0,0
agent_opus_cs_medallion.md,opus,cs,medallion,M17,dirty_categories_revenue,medallion:M17,2,correct,9161974.0,3,1,1,1,3,325,2,3,0,0,0,0,0,1,0,0
agent_opus_cs_medallion.md,opus,cs,medallion,M17,dirty_categories_revenue,medallion:M17,3,correct,9161974.0,3,1,1,1,3,265,2,3,0,0,0,0,0,1,0,0
agent_opus_cs_medallion.md,opus,cs,medallion,M18,split_category_ranking,medallion:M18,1,silently_wrong,3591.0,3,1,1,1,3,168,0,1,1,0,1,1,0,0,0,1
agent_opus_cs_medallion.md,opus,cs,medallion,M18,split_category_ranking,medallion:M18,2,silently_wrong,3591.0,3,1,1,1,3,151,0,1,1,0,0,1,0,0,0,1
agent_opus_cs_medallion.md,opus,cs,medallion,M18,split_category_ranking,medallion:M18,3,silently_wrong,3591.0,3,1,1,1,3,193,0,1,2,0,1,1,0,0,0,1
agent_opus_cs_medallion.md,opus,cs,medallion,M19,anti_join_key_mismatch,medallion:M19,1,silently_wrong,397.0,2,1,1,1,3,113,0,2,1,0,0,0,0,0,1,0
agent_opus_cs_medallion.md,opus,cs,medallion,M19,anti_join_key_mismatch,medallion:M19,2,silently_wrong,397.0,2,1,1,1,3,113,0,2,1,0,0,0,0,0,1,0
agent_opus_cs_medallion.md,opus,cs,medallion,M19,anti_join_key_mismatch,medallion:M19,3,silently_wrong,397.0,2,1,1,1,3,114,0,2,1,0,0,0,0,0,1,0
agent_opus_cs_medallion.md,opus,cs,medallion,M20,chained_defects,medallion:M20,1,silently_wrong,44.019646593815395,3,1,1,1,3,413,0,1,2,0,0,0,1,1,1,1
agent_opus_cs_medallion.md,opus,cs,medallion,M20,chained_defects,medallion:M20,2,silently_wrong,44.019646593815395,3,1,1,1,3,476,0,1,2,0,0,0,1,1,0,1
agent_opus_cs_medallion.md,opus,cs,medallion,M20,chained_defects,medallion:M20,3,silently_wrong,44.019646593815395,3,1,1,1,3,450,0,1,2,0,0,0,1,1,1,1
agent_opus_cs_saas.md,opus,cs,saas,S02,churn_denominator,saas:S02,2,silently_wrong,0.012640449438202247,3,1,1,0,3,572,0,2,4,0,0,1,1,1,1,1
agent_opus_cs_saas.md,opus,cs,saas,S03,trials_as_customers,saas:S03,1,correct,645.0,3,1,1,1,3,304,0,1,6,1,1,0,1,0,0,1
agent_opus_cs_saas.md,opus,cs,saas,S03,trials_as_customers,saas:S03,2,correct,645.0,3,1,1,1,3,301,0,1,4,1,1,0,1,1,0,1
agent_opus_cs_saas.md,opus,cs,saas,S03,trials_as_customers,saas:S03,3,correct,645.0,3,1,1,1,3,213,0,1,2,1,1,0,1,1,0,0
agent_opus_cs_saas.md,opus,cs,saas,S04,account_vs_subscription,saas:S04,1,silently_wrong,738.0,3,1,1,1,3,160,0,1,2,0,1,0,1,0,0,1
agent_opus_cs_saas.md,opus,cs,saas,S04,account_vs_subscription,saas:S04,2,silently_wrong,738.0,3,1,1,1,3,192,0,1,2,0,1,0,1,0,0,1
agent_opus_cs_saas.md,opus,cs,saas,S04,account_vs_subscription,saas:S04,3,silently_wrong,738.0,3,1,1,1,3,261,0,1,4,0,1,0,1,0,0,1
agent_opus_cs_saas.md,opus,cs,saas,S06,discount_ignored,saas:S06,1,correct,55384020.0,3,1,1,1,3,140,0,1,1,0,0,0,1,0,0,0
agent_opus_cs_saas.md,opus,cs,saas,S06,discount_ignored,saas:S06,2,correct,55384020.0,3,1,1,1,3,141,0,1,1,0,0,0,1,0,0,0
agent_opus_cs_saas.md,opus,cs,saas,S06,discount_ignored,saas:S06,3,correct,55384020.0,3,1,1,1,3,110,0,1,2,0,0,0,1,0,0,0
agent_opus_cs_saas.md,opus,cs,saas,S07,seat_snapshot,saas:S07,1,correct,66103.0,2,1,1,1,3,136,0,1,1,0,0,0,1,0,0,0
agent_opus_cs_saas.md,opus,cs,saas,S07,seat_snapshot,saas:S07,2,correct,66103.0,2,1,1,1,3,141,0,1,1,0,0,0,1,0,0,0
agent_opus_cs_saas.md,opus,cs,saas,S07,seat_snapshot,saas:S07,3,correct,66103.0,2,1,1,1,3,136,0,1,1,0,0,0,1,0,0,0
agent_opus_cs_saas.md,opus,cs,saas,S09,reactivation_as_new,saas:S09,1,silently_wrong,218.0,2,1,1,1,3,101,0,2,1,0,0,0,1,0,0,0
agent_opus_cs_saas.md,opus,cs,saas,S09,reactivation_as_new,saas:S09,2,silently_wrong,218.0,2,1,1,1,3,135,0,1,1,0,0,0,1,0,0,0
agent_opus_cs_saas.md,opus,cs,saas,S09,reactivation_as_new,saas:S09,3,silently_wrong,218.0,2,1,1,1,3,135,0,1,1,0,0,0,1,0,0,0
agent_opus_cs_taxi.md,opus,cs,taxi,X01,unrecorded_dimension,taxi:X01,1,silently_wrong,3.335870015893769,1,3,1,0,3,35,0,1,0,0,0,0,0,0,0,0
agent_opus_cs_taxi.md,opus,cs,taxi,X01,unrecorded_dimension,taxi:X01,2,silently_wrong,3.3358700158937156,1,3,0,0,3,35,0,1,0,0,0,0,0,0,0,0
agent_opus_cs_taxi.md,opus,cs,taxi,X01,unrecorded_dimension,taxi:X01,3,silently_wrong,3.3358700158937307,1,3,0,0,3,35,0,1,0,0,0,0,0,0,0,0
agent_opus_cs_taxi.md,opus,cs,taxi,X02,refunds_as_revenue,taxi:X02,1,silently_wrong,79455941.5000201,2,3,1,0,3,179,0,1,1,0,0,0,1,0,0,0
agent_opus_cs_taxi.md,opus,cs,taxi,X02,refunds_as_revenue,taxi:X02,2,silently_wrong,79455941.50002095,2,3,0,0,3,158,0,1,2,0,0,0,1,0,0,0
agent_opus_cs_taxi.md,opus,cs,taxi,X02,refunds_as_revenue,taxi:X02,3,silently_wrong,79455941.50002514,2,3,0,0,3,179,0,1,1,0,0,0,1,0,0,0
agent_opus_cs_taxi.md,opus,cs,taxi,X03,outlier_contamination,taxi:X03,1,silently_wrong,312722.3,1,1,1,1,3,38,0,1,0,0,0,0,0,0,0,0
agent_opus_cs_taxi.md,opus,cs,taxi,X03,outlier_contamination,taxi:X03,2,silently_wrong,312722.3,1,1,1,1,3,38,0,1,0,0,0,0,0,0,0,0
agent_opus_cs_taxi.md,opus,cs,taxi,X03,outlier_contamination,taxi:X03,3,silently_wrong,312722.3,1,1,1,1,3,38,0,1,0,0,0,0,0,0,0,0
agent_opus_cs_taxi.md,opus,cs,taxi,X04,zero_rows_in_average,taxi:X04,1,silently_wrong,3.652169178958344,2,3,1,0,3,38,0,1,0,0,0,0,0,0,0,0
agent_opus_cs_taxi.md,opus,cs,taxi,X04,zero_rows_in_average,taxi:X04,2,silently_wrong,3.6521691789583497,2,3,0,0,3,37,0,1,0,0,0,0,0,0,0,0
agent_opus_cs_taxi.md,opus,cs,taxi,X04,zero_rows_in_average,taxi:X04,3,silently_wrong,3.652169178958382,2,3,0,0,3,37,0,1,0,0,0,0,0,0,0,0
agent_opus_cs_taxi.md,opus,cs,taxi,X05,null_semantics,taxi:X05,1,correct,1.3392808966805005,2,1,1,1,3,40,0,1,0,0,0,0,0,0,0,0
agent_opus_cs_taxi.md,opus,cs,taxi,X05,null_semantics,taxi:X05,2,correct,1.3392808966805005,2,1,1,1,3,39,0,1,0,0,0,0,0,0,0,0
agent_opus_cs_taxi.md,opus,cs,taxi,X05,null_semantics,taxi:X05,3,correct,1.3392808966805005,2,1,1,1,3,40,0,1,0,0,0,0,0,0,0,0
agent_opus_cs_taxi.md,opus,cs,taxi,X06,wrong_measure,taxi:X06,1,silently_wrong,53881922.66000208,3,3,1,0,3,171,0,1,2,0,0,0,1,0,0,0
agent_opus_cs_taxi.md,opus,cs,taxi,X06,wrong_measure,taxi:X06,2,silently_wrong,53881922.66000137,3,3,0,0,3,138,0,1,2,0,0,0,1,0,0,0
agent_opus_cs_taxi.md,opus,cs,taxi,X06,wrong_measure,taxi:X06,3,silently_wrong,53881922.66000077,3,3,0,0,3,157,0,1,2,0,0,0,1,0,0,0
agent_opus_cs_taxi.md,opus,cs,taxi,X07,ratio_of_means,taxi:X07,2,silently_wrong,22.46900639021784,3,1,1,0,3,84,0,1,1,0,0,0,0,0,0,0
agent_opus_cs_taxi.md,opus,cs,taxi,X08,proxy_column,taxi:X08,1,correct,145240.0,2,1,1,1,3,125,1,2,0,0,0,0,0,0,0,0
agent_opus_cs_taxi.md,opus,cs,taxi,X08,proxy_column,taxi:X08,2,correct,145240.0,2,1,1,1,3,120,1,2,0,0,0,0,0,0,0,0
agent_opus_cs_taxi.md,opus,cs,taxi,X08,proxy_column,taxi:X08,3,correct,145240.0,2,1,1,1,3,125,1,2,0,0,0,0,0,0,0,0
agent_opus_cs_taxi.md,opus,cs,taxi,X09,refunds_in_average,taxi:X09,1,silently_wrong,26.80150477092702,2,3,1,0,3,37,0,1,0,0,0,0,0,0,0,0
agent_opus_cs_taxi.md,opus,cs,taxi,X09,refunds_in_average,taxi:X09,2,silently_wrong,26.801504770932528,2,3,0,0,3,37,0,1,0,0,0,0,0,0,0,0
agent_opus_cs_taxi.md,opus,cs,taxi,X09,refunds_in_average,taxi:X09,3,silently_wrong,26.801504770932592,2,3,0,0,3,60,0,1,0,0,0,0,0,0,0,0
agent_opus_cs_taxi.md,opus,cs,taxi,X10,impossible_duration,taxi:X10,1,silently_wrong,15.612950619257845,2,1,1,1,3,116,0,1,0,0,0,0,0,0,0,0
agent_opus_cs_taxi.md,opus,cs,taxi,X10,impossible_duration,taxi:X10,2,silently_wrong,15.612950619257845,2,1,1,1,3,116,0,1,0,0,0,0,0,0,0,0
agent_opus_cs_taxi.md,opus,cs,taxi,X10,impossible_duration,taxi:X10,3,silently_wrong,15.612950619257845,2,1,1,1,3,95,0,1,0,0,0,0,0,0,0,0
agent_opus_da.md,opus,da,ecommerce,Q03,scd_duplicates,ecommerce:Q03,1,silently_wrong,39.0,3,1,1,1,3,141,0,1,2,2,1,0,0,0,0,0
agent_opus_da.md,opus,da,ecommerce,Q03,scd_duplicates,ecommerce:Q03,2,silently_wrong,39.0,3,1,1,1,3,135,0,1,2,2,1,0,0,0,0,0
agent_opus_da.md,opus,da,ecommerce,Q03,scd_duplicates,ecommerce:Q03,3,silently_wrong,39.0,3,1,1,1,3,140,0,1,2,2,1,0,0,0,0,0
agent_opus_da.md,opus,da,ecommerce,Q04,soft_delete,ecommerce:Q04,1,silently_wrong,10587.0,1,1,1,1,3,153,0,1,2,0,0,0,1,0,0,0
agent_opus_da.md,opus,da,ecommerce,Q04,soft_delete,ecommerce:Q04,2,silently_wrong,10587.0,1,1,1,1,3,156,0,1,1,0,0,0,1,0,0,0
agent_opus_da.md,opus,da,ecommerce,Q04,soft_delete,ecommerce:Q04,3,silently_wrong,10587.0,1,1,1,1,3,155,0,1,1,0,0,0,1,0,0,0
agent_opus_da.md,opus,da,ecommerce,Q06,timezone,ecommerce:Q06,1,silently_wrong,36.0,2,1,1,1,3,101,0,1,0,0,0,0,1,1,0,0
agent_opus_da.md,opus,da,ecommerce,Q06,timezone,ecommerce:Q06,2,silently_wrong,36.0,2,1,1,1,3,101,0,1,0,0,0,0,1,1,0,0
agent_opus_da.md,opus,da,ecommerce,Q06,timezone,ecommerce:Q06,3,silently_wrong,36.0,2,1,1,1,3,100,0,1,1,0,0,0,1,1,0,0
agent_opus_da.md,opus,da,ecommerce,Q07,null_semantics,ecommerce:Q07,1,silently_wrong,17.49637139107619,2,1,1,1,3,66,0,1,0,0,0,0,0,0,0,0
agent_opus_da.md,opus,da,ecommerce,Q07,null_semantics,ecommerce:Q07,2,silently_wrong,17.49637139107619,2,1,1,1,3,82,0,1,0,0,0,0,0,0,0,0
agent_opus_da.md,opus,da,ecommerce,Q07,null_semantics,ecommerce:Q07,3,silently_wrong,17.49637139107619,2,1,1,1,3,82,0,1,0,0,0,0,0,0,0,0
agent_opus_da.md,opus,da,ecommerce,Q08,test_accounts,ecommerce:Q08,1,correct,2914.0,2,1,1,1,3,116,0,1,1,2,1,0,0,0,0,0
agent_opus_da.md,opus,da,ecommerce,Q08,test_accounts,ecommerce:Q08,2,correct,2914.0,2,1,1,1,3,126,0,1,1,2,1,0,0,0,0,0
agent_opus_da.md,opus,da,ecommerce,Q08,test_accounts,ecommerce:Q08,3,correct,2914.0,2,1,1,1,3,116,0,1,1,2,1,0,0,0,0,0
agent_opus_da.md,opus,da,ecommerce,Q09,late_arriving_data,ecommerce:Q09,1,correct,—,3,0,0,0,3,103,0,0,0,0,0,0,0,0,0,0
agent_opus_da.md,opus,da,ecommerce,Q09,late_arriving_data,ecommerce:Q09,2,correct,—,3,0,0,0,3,92,0,0,1,0,0,0,0,0,0,0
agent_opus_da.md,opus,da,ecommerce,Q09,late_arriving_data,ecommerce:Q09,3,correct,—,3,0,0,0,3,80,0,0,1,0,0,0,0,0,0,0
agent_opus_da.md,opus,da,ecommerce,Q10,cohort_definition,ecommerce:Q10,1,silently_wrong,684.0,3,1,1,1,3,437,0,1,2,0,0,1,1,0,2,0
agent_opus_da.md,opus,da,ecommerce,Q10,cohort_definition,ecommerce:Q10,2,silently_wrong,684.0,3,1,1,1,3,462,0,1,2,0,0,0,1,0,2,0
agent_opus_da.md,opus,da,ecommerce,Q10,cohort_definition,ecommerce:Q10,3,silently_wrong,684.0,3,1,1,1,3,427,0,1,1,0,0,0,1,0,1,0
agent_opus_da.md,opus,da,ecommerce,Q11,inclusive_bounds,ecommerce:Q11,1,silently_wrong,747.0,2,1,1,1,3,181,0,1,1,0,1,0,1,0,0,0
agent_opus_da.md,opus,da,ecommerce,Q11,inclusive_bounds,ecommerce:Q11,2,silently_wrong,747.0,2,1,1,1,3,156,0,1,2,0,1,0,1,0,0,0
agent_opus_da.md,opus,da,ecommerce,Q11,inclusive_bounds,ecommerce:Q11,3,silently_wrong,747.0,2,1,1,1,3,156,0,1,2,0,1,0,1,0,0,0
agent_opus_da.md,opus,da,ecommerce,Q12,grain_mismatch,ecommerce:Q12,1,silently_wrong,3076.1154217432936,3,3,1,0,3,524,2,3,1,0,0,1,0,1,2,0
agent_opus_da.md,opus,da,ecommerce,Q12,grain_mismatch,ecommerce:Q12,3,silently_wrong,3076.1154217432904,3,3,0,0,3,505,2,3,1,0,0,1,0,1,2,0
agent_opus_da.md,opus,da,ecommerce,Q13,percent_units,ecommerce:Q13,2,silently_wrong,1288.750959172577,3,2,0,0,3,107,0,1,0,0,0,0,0,0,0,0
agent_opus_da.md,opus,da,ecommerce,Q15,partial_returns,ecommerce:Q15,1,correct,3711.0,2,1,1,1,3,239,1,2,1,0,0,0,1,1,0,0
agent_opus_da.md,opus,da,ecommerce,Q15,partial_returns,ecommerce:Q15,2,correct,3711.0,2,1,1,1,3,240,1,2,1,0,0,0,1,1,0,0
agent_opus_da.md,opus,da,ecommerce,Q15,partial_returns,ecommerce:Q15,3,correct,3711.0,2,1,1,1,3,239,1,2,1,0,0,0,1,1,0,0
agent_opus_da.md,opus,da,ecommerce,Q16,unknown_member,ecommerce:Q16,1,silently_wrong,9462.0,2,1,1,1,3,330,1,2,4,2,1,0,1,0,0,0
agent_opus_da.md,opus,da,ecommerce,Q16,unknown_member,ecommerce:Q16,2,silently_wrong,9462.0,2,1,1,1,3,319,1,2,4,2,1,0,1,0,0,0
agent_opus_da.md,opus,da,ecommerce,Q16,unknown_member,ecommerce:Q16,3,silently_wrong,9462.0,2,1,1,1,3,330,1,2,4,2,1,0,1,0,0,0
agent_opus_da.md,opus,da,ecommerce,Q17,ratio_of_means,ecommerce:Q17,1,silently_wrong,533.9244483758617,3,1,1,1,3,446,2,3,2,0,0,0,1,1,0,0
agent_opus_da.md,opus,da,ecommerce,Q17,ratio_of_means,ecommerce:Q17,2,silently_wrong,533.9244483758617,3,1,1,1,3,418,2,4,1,0,0,0,1,1,0,0
agent_opus_da.md,opus,da,ecommerce,Q17,ratio_of_means,ecommerce:Q17,3,silently_wrong,533.9244483758617,3,1,1,1,3,446,2,3,2,0,0,0,1,1,0,0
agent_opus_da.md,opus,da,ecommerce,Q18,week_numbering,ecommerce:Q18,1,silently_wrong,208.0,3,1,1,1,3,119,0,1,1,0,0,0,0,0,0,0
agent_opus_da.md,opus,da,ecommerce,Q18,week_numbering,ecommerce:Q18,2,silently_wrong,208.0,3,1,1,1,3,139,0,2,1,0,0,0,1,0,0,0
agent_opus_da.md,opus,da,ecommerce,Q18,week_numbering,ecommerce:Q18,3,silently_wrong,208.0,3,1,1,1,3,121,0,1,1,0,0,0,0,0,0,0
agent_opus_da.md,opus,da,ecommerce,Q19,trailing_vs_calendar,ecommerce:Q19,1,silently_wrong,965.0,2,1,1,1,3,156,0,1,1,0,0,0,1,0,0,0
agent_opus_da.md,opus,da,ecommerce,Q19,trailing_vs_calendar,ecommerce:Q19,2,silently_wrong,965.0,2,1,1,1,3,162,0,1,1,0,0,0,1,0,0,0
agent_opus_da.md,opus,da,ecommerce,Q19,trailing_vs_calendar,ecommerce:Q19,3,silently_wrong,965.0,2,1,1,1,3,162,0,1,1,0,0,0,1,0,0,0
agent_opus_da.md,opus,da,ecommerce,Q21,null_in_filter,ecommerce:Q21,1,silently_wrong,1597.0,3,1,1,1,3,264,1,2,2,0,0,0,1,0,0,0
agent_opus_da.md,opus,da,ecommerce,Q21,null_in_filter,ecommerce:Q21,2,silently_wrong,1597.0,3,1,1,1,3,199,1,3,1,0,0,0,1,0,0,0
agent_opus_da.md,opus,da,ecommerce,Q21,null_in_filter,ecommerce:Q21,3,silently_wrong,1597.0,3,1,1,1,3,266,1,2,2,0,0,0,1,1,0,0
agent_opus_da.md,opus,da,ecommerce,Q22,shipping_currency,ecommerce:Q22,1,silently_wrong,4990064.5794819845,3,1,1,1,3,261,1,2,2,0,0,0,1,1,0,0
agent_opus_da.md,opus,da,ecommerce,Q22,shipping_currency,ecommerce:Q22,2,silently_wrong,4990064.5794819845,3,1,1,1,3,225,1,3,1,0,0,0,1,1,0,0
agent_opus_da.md,opus,da,ecommerce,Q22,shipping_currency,ecommerce:Q22,3,silently_wrong,4990064.5794819845,3,1,1,1,3,226,1,3,1,0,0,0,1,1,0,0
agent_opus_da.md,opus,da,ecommerce,Q24,dirty_categories,ecommerce:Q24,1,silently_wrong,39.0,3,1,1,1,3,152,0,1,2,2,1,0,0,0,0,0
agent_opus_da.md,opus,da,ecommerce,Q24,dirty_categories,ecommerce:Q24,2,silently_wrong,39.0,3,1,1,1,3,141,0,1,2,2,1,0,0,0,0,0
agent_opus_da.md,opus,da,ecommerce,Q24,dirty_categories,ecommerce:Q24,3,silently_wrong,39.0,3,1,1,1,3,135,0,1,2,2,1,0,0,0,0,0
agent_opus_da.md,opus,da,ecommerce,Q25,wrong_denominator,ecommerce:Q25,1,silently_wrong,1.3109243697478992,2,1,1,1,3,166,0,1,0,1,1,0,0,1,0,0
agent_opus_da.md,opus,da,ecommerce,Q25,wrong_denominator,ecommerce:Q25,2,silently_wrong,1.3109243697478992,2,1,1,1,3,165,0,1,0,1,1,0,0,1,0,0
agent_opus_da.md,opus,da,ecommerce,Q25,wrong_denominator,ecommerce:Q25,3,silently_wrong,1.3109243697478992,2,1,1,1,3,165,0,1,0,1,1,0,0,1,0,0
agent_opus_da.md,opus,da,ecommerce,Q26,filter_before_aggregate,ecommerce:Q26,1,silently_wrong,0.0,3,2,1,0,3,846,3,5,5,2,0,1,1,1,2,0
agent_opus_da.md,opus,da,ecommerce,Q26,filter_before_aggregate,ecommerce:Q26,2,silently_wrong,214.0,3,2,0,0,3,865,2,5,5,2,0,1,1,1,3,0
agent_opus_da.md,opus,da,ecommerce,Q26,filter_before_aggregate,ecommerce:Q26,3,silently_wrong,0.0,3,2,1,0,3,1020,3,7,3,0,0,1,1,1,5,0
agent_opus_da_saas.md,opus,da,saas,S03,trials_as_customers,saas:S03,1,correct,645.0,3,1,1,1,3,216,0,1,3,1,1,0,1,0,0,1
agent_opus_da_saas.md,opus,da,saas,S03,trials_as_customers,saas:S03,2,correct,645.0,3,1,1,1,3,222,0,1,3,1,1,0,1,1,0,1
agent_opus_da_saas.md,opus,da,saas,S03,trials_as_customers,saas:S03,3,correct,645.0,3,1,1,1,3,325,0,1,6,1,1,0,1,0,0,1
agent_opus_da_saas.md,opus,da,saas,S04,account_vs_subscription,saas:S04,1,silently_wrong,738.0,3,2,1,0,3,170,0,1,2,0,1,0,1,0,0,1
agent_opus_da_saas.md,opus,da,saas,S04,account_vs_subscription,saas:S04,2,silently_wrong,758.0,3,2,0,0,3,161,0,1,2,0,1,0,1,0,0,1
agent_opus_da_saas.md,opus,da,saas,S04,account_vs_subscription,saas:S04,3,silently_wrong,738.0,3,2,1,0,3,240,0,1,4,0,1,0,1,0,0,1
agent_opus_da_saas.md,opus,da,saas,S05,cancel_at_period_end,saas:S05,1,silently_wrong,9.0,3,1,1,0,3,295,0,1,3,0,0,1,1,0,1,1
agent_opus_da_saas.md,opus,da,saas,S05,cancel_at_period_end,saas:S05,2,silently_wrong,9.0,3,1,1,0,3,277,0,1,2,0,0,1,1,0,1,1
agent_opus_da_saas.md,opus,da,saas,S06,discount_ignored,saas:S06,1,correct,55384020.0,3,1,1,1,3,137,0,1,1,0,0,0,1,0,0,0
agent_opus_da_saas.md,opus,da,saas,S06,discount_ignored,saas:S06,2,correct,55384020.0,3,1,1,1,3,116,0,1,2,0,0,0,1,0,0,0
agent_opus_da_saas.md,opus,da,saas,S06,discount_ignored,saas:S06,3,correct,55384020.0,3,1,1,1,3,141,0,1,1,0,0,0,1,0,0,0
agent_opus_da_saas.md,opus,da,saas,S07,seat_snapshot,saas:S07,1,correct,66103.0,2,1,1,1,3,139,0,1,1,0,0,0,1,0,0,0
agent_opus_da_saas.md,opus,da,saas,S07,seat_snapshot,saas:S07,2,correct,66103.0,2,1,1,1,3,115,0,1,2,0,0,0,1,0,0,0
agent_opus_da_saas.md,opus,da,saas,S07,seat_snapshot,saas:S07,3,correct,66103.0,2,1,1,1,3,139,0,1,1,0,0,0,1,0,0,0
agent_opus_da_saas.md,opus,da,saas,S08,nrr_survivors_only,saas:S08,3,silently_wrong,1.4521400702054788,3,1,1,0,3,769,0,3,3,0,0,1,1,1,2,0
agent_opus_da_saas.md,opus,da,saas,S09,reactivation_as_new,saas:S09,1,silently_wrong,218.0,1,1,1,1,3,133,0,1,1,0,0,0,1,0,0,0
agent_opus_da_saas.md,opus,da,saas,S09,reactivation_as_new,saas:S09,2,silently_wrong,218.0,1,1,1,1,3,133,0,1,1,0,0,0,1,0,0,0
agent_opus_da_saas.md,opus,da,saas,S09,reactivation_as_new,saas:S09,3,silently_wrong,218.0,1,1,1,1,3,133,0,1,2,0,0,0,1,0,0,0
agent_opus_de.md,opus,de,ecommerce,Q03,scd_duplicates,ecommerce:Q03,1,silently_wrong,683.0,3,2,0,0,3,148,0,1,2,2,1,0,0,0,0,0
agent_opus_de.md,opus,de,ecommerce,Q03,scd_duplicates,ecommerce:Q03,2,silently_wrong,39.0,3,2,1,0,3,71,0,1,2,1,0,0,0,0,0,0
agent_opus_de.md,opus,de,ecommerce,Q03,scd_duplicates,ecommerce:Q03,3,silently_wrong,39.0,3,2,1,0,3,141,0,1,2,2,1,0,0,0,0,0
agent_opus_de.md,opus,de,ecommerce,Q04,soft_delete,ecommerce:Q04,1,silently_wrong,10587.0,3,1,1,1,3,77,0,2,1,0,0,0,1,0,0,0
agent_opus_de.md,opus,de,ecommerce,Q04,soft_delete,ecommerce:Q04,2,silently_wrong,10587.0,3,1,1,1,3,152,0,1,2,0,0,0,1,0,0,0
agent_opus_de.md,opus,de,ecommerce,Q04,soft_delete,ecommerce:Q04,3,silently_wrong,10587.0,3,1,1,1,3,153,0,1,2,0,0,0,1,0,0,0
agent_opus_de.md,opus,de,ecommerce,Q06,timezone,ecommerce:Q06,1,silently_wrong,36.0,2,1,1,1,3,101,0,1,0,0,0,0,1,1,0,0
agent_opus_de.md,opus,de,ecommerce,Q06,timezone,ecommerce:Q06,2,silently_wrong,36.0,2,1,1,1,3,101,0,1,0,0,0,0,1,1,0,0
agent_opus_de.md,opus,de,ecommerce,Q06,timezone,ecommerce:Q06,3,silently_wrong,36.0,2,1,1,1,3,106,0,1,1,0,0,0,1,1,0,0
agent_opus_de.md,opus,de,ecommerce,Q07,null_semantics,ecommerce:Q07,1,silently_wrong,17.49637139107619,1,1,1,1,3,67,0,1,0,0,0,0,0,0,0,0
agent_opus_de.md,opus,de,ecommerce,Q07,null_semantics,ecommerce:Q07,2,silently_wrong,17.49637139107619,1,1,1,1,3,67,0,1,0,0,0,0,0,0,0,0
agent_opus_de.md,opus,de,ecommerce,Q07,null_semantics,ecommerce:Q07,3,silently_wrong,17.49637139107619,1,1,1,1,3,67,0,1,0,0,0,0,0,0,0,0
agent_opus_de.md,opus,de,ecommerce,Q08,test_accounts,ecommerce:Q08,1,correct,2914.0,1,1,1,1,3,114,0,1,1,2,1,0,0,0,0,0
agent_opus_de.md,opus,de,ecommerce,Q08,test_accounts,ecommerce:Q08,2,correct,2914.0,1,1,1,1,3,114,0,1,2,2,1,0,0,0,0,0
agent_opus_de.md,opus,de,ecommerce,Q08,test_accounts,ecommerce:Q08,3,correct,2914.0,1,1,1,1,3,116,0,1,1,2,1,0,0,0,0,0
agent_opus_de.md,opus,de,ecommerce,Q09,late_arriving_data,ecommerce:Q09,1,correct,—,3,0,0,0,3,97,0,0,0,0,0,0,0,0,0,0
agent_opus_de.md,opus,de,ecommerce,Q09,late_arriving_data,ecommerce:Q09,2,correct,—,3,0,0,0,3,119,0,0,1,0,0,0,0,0,0,0
agent_opus_de.md,opus,de,ecommerce,Q09,late_arriving_data,ecommerce:Q09,3,correct,—,3,0,0,0,3,94,0,0,1,0,0,0,0,0,0,0
agent_opus_de.md,opus,de,ecommerce,Q10,cohort_definition,ecommerce:Q10,1,silently_wrong,684.0,3,1,1,1,3,465,0,1,2,0,0,0,1,0,2,0
agent_opus_de.md,opus,de,ecommerce,Q10,cohort_definition,ecommerce:Q10,2,silently_wrong,684.0,3,1,1,1,3,525,0,1,1,0,0,1,1,0,2,1
agent_opus_de.md,opus,de,ecommerce,Q10,cohort_definition,ecommerce:Q10,3,silently_wrong,684.0,3,1,1,1,3,406,0,1,2,0,0,0,1,0,2,0
agent_opus_de.md,opus,de,ecommerce,Q15,partial_returns,ecommerce:Q15,1,correct,3711.0,3,1,1,1,3,174,1,3,0,0,0,0,1,1,0,0
agent_opus_de.md,opus,de,ecommerce,Q15,partial_returns,ecommerce:Q15,2,correct,3711.0,3,1,1,1,3,179,1,3,0,0,0,0,1,1,0,0
agent_opus_de.md,opus,de,ecommerce,Q15,partial_returns,ecommerce:Q15,3,correct,3711.0,3,1,1,1,3,239,1,2,1,0,0,0,1,1,0,0
agent_opus_de.md,opus,de,ecommerce,Q16,unknown_member,ecommerce:Q16,2,silently_wrong,9577.0,3,1,1,0,3,376,0,2,6,2,0,0,1,0,1,0
agent_opus_de.md,opus,de,ecommerce,Q17,ratio_of_means,ecommerce:Q17,1,silently_wrong,533.9244483758617,3,1,1,1,3,392,2,4,1,0,0,0,1,1,0,0
agent_opus_de.md,opus,de,ecommerce,Q17,ratio_of_means,ecommerce:Q17,2,silently_wrong,533.9244483758617,3,1,1,1,3,440,2,3,2,0,0,0,1,1,0,0
agent_opus_de.md,opus,de,ecommerce,Q17,ratio_of_means,ecommerce:Q17,3,silently_wrong,533.9244483758617,3,1,1,1,3,412,2,4,1,0,0,0,1,1,0,0
agent_opus_de.md,opus,de,ecommerce,Q18,week_numbering,ecommerce:Q18,1,silently_wrong,208.0,3,1,1,1,3,144,0,1,1,0,0,0,0,0,0,0
agent_opus_de.md,opus,de,ecommerce,Q18,week_numbering,ecommerce:Q18,2,silently_wrong,208.0,3,1,1,1,3,122,0,1,2,0,0,0,0,0,0,0
agent_opus_de.md,opus,de,ecommerce,Q18,week_numbering,ecommerce:Q18,3,silently_wrong,208.0,3,1,1,1,3,157,0,1,2,0,0,0,0,0,0,1
agent_opus_de.md,opus,de,ecommerce,Q19,trailing_vs_calendar,ecommerce:Q19,1,silently_wrong,965.0,1,1,1,1,3,162,0,1,1,0,0,0,1,0,0,0
agent_opus_de.md,opus,de,ecommerce,Q19,trailing_vs_calendar,ecommerce:Q19,2,silently_wrong,965.0,1,1,1,1,3,161,0,1,1,0,0,0,1,0,0,0
agent_opus_de.md,opus,de,ecommerce,Q19,trailing_vs_calendar,ecommerce:Q19,3,silently_wrong,965.0,1,1,1,1,3,162,0,1,1,0,0,0,1,0,0,0
agent_opus_de.md,opus,de,ecommerce,Q21,null_in_filter,ecommerce:Q21,2,silently_wrong,1597.0,3,1,1,0,3,197,1,3,1,0,0,0,1,0,0,0
agent_opus_de.md,opus,de,ecommerce,Q21,null_in_filter,ecommerce:Q21,3,silently_wrong,1597.0,3,1,1,0,3,168,1,3,1,0,0,0,1,0,0,0
agent_opus_de.md,opus,de,ecommerce,Q22,shipping_currency,ecommerce:Q22,1,silently_wrong,4990064.5794819845,2,1,1,1,3,293,1,2,2,0,0,0,1,1,0,0
agent_opus_de.md,opus,de,ecommerce,Q22,shipping_currency,ecommerce:Q22,2,silently_wrong,4990064.5794819845,2,1,1,1,3,204,1,3,1,0,0,0,1,1,0,0
agent_opus_de.md,opus,de,ecommerce,Q22,shipping_currency,ecommerce:Q22,3,silently_wrong,4990064.5794819845,2,1,1,1,3,293,1,2,2,0,0,0,1,1,0,0
agent_opus_de.md,opus,de,ecommerce,Q24,dirty_categories,ecommerce:Q24,1,silently_wrong,39.0,3,1,1,1,3,152,0,1,2,2,1,0,0,0,0,0
agent_opus_de.md,opus,de,ecommerce,Q24,dirty_categories,ecommerce:Q24,2,silently_wrong,39.0,3,1,1,1,3,136,0,1,2,2,1,0,0,0,0,0
agent_opus_de.md,opus,de,ecommerce,Q24,dirty_categories,ecommerce:Q24,3,silently_wrong,39.0,3,1,1,1,3,141,0,1,2,2,1,0,0,0,0,0
agent_opus_de.md,opus,de,ecommerce,Q25,wrong_denominator,ecommerce:Q25,1,correct,23.361344537815125,3,2,0,0,3,172,0,1,0,1,1,0,0,1,0,0
agent_opus_de.md,opus,de,ecommerce,Q25,wrong_denominator,ecommerce:Q25,2,silently_wrong,1.3109243697478992,3,2,1,0,3,165,0,1,0,1,1,0,0,1,0,0
agent_opus_de.md,opus,de,ecommerce,Q25,wrong_denominator,ecommerce:Q25,3,silently_wrong,1.3109243697478992,3,2,1,0,3,123,0,1,0,1,0,0,0,1,0,0
agent_opus_de.md,opus,de,ecommerce,Q26,filter_before_aggregate,ecommerce:Q26,2,silently_wrong,220.0,3,2,1,0,3,732,2,5,2,0,0,1,1,1,2,0
agent_opus_de.md,opus,de,ecommerce,Q26,filter_before_aggregate,ecommerce:Q26,3,silently_wrong,0.0,3,2,0,0,3,1071,4,7,5,2,0,1,1,1,4,0
agent_opus_de_saas.md,opus,de,saas,S03,trials_as_customers,saas:S03,1,correct,645.0,3,1,1,1,3,247,0,1,4,1,1,0,1,1,0,1
agent_opus_de_saas.md,opus,de,saas,S03,trials_as_customers,saas:S03,2,correct,645.0,3,1,1,1,3,253,0,1,4,1,1,0,1,1,0,1
agent_opus_de_saas.md,opus,de,saas,S03,trials_as_customers,saas:S03,3,correct,645.0,3,1,1,1,3,249,0,1,4,1,1,0,1,1,0,1
agent_opus_de_saas.md,opus,de,saas,S04,account_vs_subscription,saas:S04,1,silently_wrong,738.0,3,2,1,0,3,160,0,1,2,0,1,0,1,0,0,1
agent_opus_de_saas.md,opus,de,saas,S04,account_vs_subscription,saas:S04,2,silently_wrong,738.0,3,2,1,0,3,171,0,1,2,0,1,0,1,0,0,1
agent_opus_de_saas.md,opus,de,saas,S04,account_vs_subscription,saas:S04,3,correct,645.0,3,2,0,0,3,250,0,1,2,1,1,0,1,1,0,0
agent_opus_de_saas.md,opus,de,saas,S05,cancel_at_period_end,saas:S05,1,silently_wrong,9.0,3,1,1,0,3,291,0,1,2,0,0,1,1,0,1,1
agent_opus_de_saas.md,opus,de,saas,S05,cancel_at_period_end,saas:S05,3,silently_wrong,9.0,3,1,1,0,3,399,0,1,4,0,0,1,1,0,1,1
agent_opus_de_saas.md,opus,de,saas,S06,discount_ignored,saas:S06,1,correct,55384020.0,3,1,1,1,3,117,0,1,2,0,0,0,1,0,0,0
agent_opus_de_saas.md,opus,de,saas,S06,discount_ignored,saas:S06,2,correct,55384020.0,3,1,1,1,3,139,0,1,1,0,0,0,1,0,0,0
agent_opus_de_saas.md,opus,de,saas,S06,discount_ignored,saas:S06,3,correct,55384020.0,3,1,1,1,3,141,0,1,1,0,0,0,1,0,0,0
agent_opus_de_saas.md,opus,de,saas,S07,seat_snapshot,saas:S07,1,correct,66103.0,3,1,1,1,3,141,0,1,1,0,0,0,1,0,0,0
agent_opus_de_saas.md,opus,de,saas,S07,seat_snapshot,saas:S07,2,correct,66103.0,3,1,1,1,3,136,0,1,1,0,0,0,1,0,0,0
agent_opus_de_saas.md,opus,de,saas,S07,seat_snapshot,saas:S07,3,correct,66103.0,3,1,1,1,3,115,0,1,2,0,0,0,1,0,0,0
agent_opus_de_saas.md,opus,de,saas,S09,reactivation_as_new,saas:S09,1,silently_wrong,218.0,3,1,1,1,3,119,0,2,0,0,1,0,1,0,0,0
agent_opus_de_saas.md,opus,de,saas,S09,reactivation_as_new,saas:S09,2,silently_wrong,218.0,3,1,1,1,3,128,0,1,2,0,1,0,1,0,0,0
agent_opus_de_saas.md,opus,de,saas,S09,reactivation_as_new,saas:S09,3,silently_wrong,218.0,3,1,1,1,3,78,0,2,1,0,0,0,1,0,0,0
agent_opus_de_taxi.md,opus,de,taxi,X01,unrecorded_dimension,taxi:X01,1,silently_wrong,3.335870015893652,2,3,1,0,3,34,0,1,0,0,0,0,0,0,0,0
agent_opus_de_taxi.md,opus,de,taxi,X01,unrecorded_dimension,taxi:X01,2,silently_wrong,3.335870015893906,2,3,0,0,3,35,0,1,0,0,0,0,0,0,0,0
agent_opus_de_taxi.md,opus,de,taxi,X01,unrecorded_dimension,taxi:X01,3,silently_wrong,3.3358700158938617,2,3,0,0,3,35,0,1,0,0,0,0,0,0,0,0
agent_opus_de_taxi.md,opus,de,taxi,X02,refunds_as_revenue,taxi:X02,1,silently_wrong,79455941.50001334,3,2,1,0,3,186,0,1,1,0,0,0,1,0,0,0
agent_opus_de_taxi.md,opus,de,taxi,X02,refunds_as_revenue,taxi:X02,2,silently_wrong,79455941.50002655,3,2,0,0,3,191,0,1,1,0,0,0,1,0,0,0
agent_opus_de_taxi.md,opus,de,taxi,X03,outlier_contamination,taxi:X03,1,silently_wrong,312722.3,2,1,1,1,3,37,0,1,0,0,0,0,0,0,0,0
agent_opus_de_taxi.md,opus,de,taxi,X03,outlier_contamination,taxi:X03,2,silently_wrong,312722.3,2,1,1,1,3,38,0,1,0,0,0,0,0,0,0,0
agent_opus_de_taxi.md,opus,de,taxi,X03,outlier_contamination,taxi:X03,3,silently_wrong,312722.3,2,1,1,1,3,38,0,1,0,0,0,0,0,0,0,0
agent_opus_de_taxi.md,opus,de,taxi,X04,zero_rows_in_average,taxi:X04,1,silently_wrong,3.6521691789583723,1,3,1,0,3,37,0,1,0,0,0,0,0,0,0,0
agent_opus_de_taxi.md,opus,de,taxi,X04,zero_rows_in_average,taxi:X04,2,silently_wrong,3.652169178958401,1,3,0,0,3,37,0,1,0,0,0,0,0,0,0,0
agent_opus_de_taxi.md,opus,de,taxi,X04,zero_rows_in_average,taxi:X04,3,silently_wrong,3.652169178958318,1,3,0,0,3,37,0,1,0,0,0,0,0,0,0,0
agent_opus_de_taxi.md,opus,de,taxi,X05,null_semantics,taxi:X05,1,correct,1.3392808966805005,1,1,1,1,3,39,0,1,0,0,0,0,0,0,0,0
agent_opus_de_taxi.md,opus,de,taxi,X05,null_semantics,taxi:X05,2,correct,1.3392808966805005,1,1,1,1,3,39,0,1,0,0,0,0,0,0,0,0
agent_opus_de_taxi.md,opus,de,taxi,X05,null_semantics,taxi:X05,3,correct,1.3392808966805005,1,1,1,1,3,39,0,1,0,0,0,0,0,0,0,0
agent_opus_de_taxi.md,opus,de,taxi,X06,wrong_measure,taxi:X06,1,silently_wrong,53881922.66000067,2,3,1,0,3,157,0,1,2,0,0,0,1,0,0,0
agent_opus_de_taxi.md,opus,de,taxi,X06,wrong_measure,taxi:X06,2,silently_wrong,53881922.659998685,2,3,0,0,3,157,0,1,2,0,0,0,1,0,0,0
agent_opus_de_taxi.md,opus,de,taxi,X06,wrong_measure,taxi:X06,3,silently_wrong,53881922.660000265,2,3,0,0,3,156,0,1,2,0,0,0,1,0,0,0
agent_opus_de_taxi.md,opus,de,taxi,X07,ratio_of_means,taxi:X07,3,silently_wrong,22.469006390216148,3,1,1,0,3,85,0,1,1,0,0,0,0,0,0,0
agent_opus_de_taxi.md,opus,de,taxi,X08,proxy_column,taxi:X08,1,correct,145240.0,3,1,1,1,3,105,1,2,1,0,0,0,0,0,0,0
agent_opus_de_taxi.md,opus,de,taxi,X08,proxy_column,taxi:X08,2,correct,145240.0,3,1,1,1,3,119,1,2,0,0,0,0,0,0,0,0
agent_opus_de_taxi.md,opus,de,taxi,X08,proxy_column,taxi:X08,3,correct,145240.0,3,1,1,1,3,104,1,2,1,0,0,0,0,0,0,0
agent_opus_de_taxi.md,opus,de,taxi,X09,refunds_in_average,taxi:X09,1,silently_wrong,26.80150477094236,2,1,1,0,3,60,0,1,0,0,0,0,0,0,0,0
agent_opus_de_taxi.md,opus,de,taxi,X10,impossible_duration,taxi:X10,1,silently_wrong,15.612950619257845,1,1,1,1,3,116,0,1,0,0,0,0,0,0,0,0
agent_opus_de_taxi.md,opus,de,taxi,X10,impossible_duration,taxi:X10,2,silently_wrong,15.612950619257845,1,1,1,1,3,116,0,1,0,0,0,0,0,0,0,0
agent_opus_de_taxi.md,opus,de,taxi,X10,impossible_duration,taxi:X10,3,silently_wrong,15.612950619257845,1,1,1,1,3,116,0,1,0,0,0,0,0,0,0,0
agent_opus_en.md,opus,en,ecommerce,Q03,scd_duplicates,ecommerce:Q03,1,silently_wrong,39.0,2,1,1,1,3,136,0,1,2,2,1,0,0,0,0,0
agent_opus_en.md,opus,en,ecommerce,Q03,scd_duplicates,ecommerce:Q03,2,silently_wrong,39.0,2,1,1,1,3,136,0,1,2,2,1,0,0,0,0,0
agent_opus_en.md,opus,en,ecommerce,Q03,scd_duplicates,ecommerce:Q03,3,silently_wrong,39.0,2,1,1,1,3,141,0,1,2,2,1,0,0,0,0,0
agent_opus_en.md,opus,en,ecommerce,Q04,soft_delete,ecommerce:Q04,1,silently_wrong,10587.0,2,1,1,1,3,156,0,1,1,0,0,0,1,0,0,0
agent_opus_en.md,opus,en,ecommerce,Q04,soft_delete,ecommerce:Q04,2,silently_wrong,10587.0,2,1,1,1,3,156,0,1,1,0,0,0,1,0,0,0
agent_opus_en.md,opus,en,ecommerce,Q04,soft_delete,ecommerce:Q04,3,silently_wrong,10587.0,2,1,1,1,3,138,0,1,2,0,0,0,1,0,0,0
agent_opus_en.md,opus,en,ecommerce,Q06,timezone,ecommerce:Q06,1,silently_wrong,36.0,1,1,1,1,3,85,0,1,1,0,0,0,1,1,0,0
agent_opus_en.md,opus,en,ecommerce,Q06,timezone,ecommerce:Q06,2,silently_wrong,36.0,1,1,1,1,3,85,0,1,1,0,0,0,1,1,0,0
agent_opus_en.md,opus,en,ecommerce,Q06,timezone,ecommerce:Q06,3,silently_wrong,36.0,1,1,1,1,3,85,0,1,1,0,0,0,1,1,0,0
agent_opus_en.md,opus,en,ecommerce,Q07,null_semantics,ecommerce:Q07,1,silently_wrong,17.49637139107619,3,1,1,1,3,67,0,1,0,0,0,0,0,0,0,0
agent_opus_en.md,opus,en,ecommerce,Q07,null_semantics,ecommerce:Q07,2,silently_wrong,17.49637139107619,3,1,1,1,3,81,0,1,0,0,0,0,0,0,0,0
agent_opus_en.md,opus,en,ecommerce,Q07,null_semantics,ecommerce:Q07,3,silently_wrong,17.49637139107619,3,1,1,1,3,77,0,1,0,0,0,0,0,0,0,0
agent_opus_en.md,opus,en,ecommerce,Q08,test_accounts,ecommerce:Q08,1,silently_wrong,2975.0,2,1,1,1,3,52,0,1,1,1,0,0,0,0,0,0
agent_opus_en.md,opus,en,ecommerce,Q08,test_accounts,ecommerce:Q08,2,silently_wrong,2975.0,2,1,1,1,3,71,0,1,1,1,0,0,0,0,0,0
agent_opus_en.md,opus,en,ecommerce,Q08,test_accounts,ecommerce:Q08,3,silently_wrong,2975.0,2,1,1,1,3,71,0,1,1,1,0,0,0,0,0,0
agent_opus_en.md,opus,en,ecommerce,Q09,late_arriving_data,ecommerce:Q09,1,correct,—,2,0,0,0,3,65,0,0,0,0,0,0,0,0,0,0
agent_opus_en.md,opus,en,ecommerce,Q09,late_arriving_data,ecommerce:Q09,2,correct,—,2,0,0,0,3,96,0,0,1,0,0,0,0,0,0,0
agent_opus_en.md,opus,en,ecommerce,Q09,late_arriving_data,ecommerce:Q09,3,correct,—,2,0,0,0,3,65,0,0,0,0,0,0,0,0,0,0
agent_opus_en.md,opus,en,ecommerce,Q10,cohort_definition,ecommerce:Q10,1,silently_wrong,684.0,3,1,1,1,3,437,0,1,2,0,0,1,1,0,2,0
agent_opus_en.md,opus,en,ecommerce,Q10,cohort_definition,ecommerce:Q10,2,silently_wrong,684.0,3,1,1,1,3,548,0,1,2,0,0,1,1,0,2,1
agent_opus_en.md,opus,en,ecommerce,Q10,cohort_definition,ecommerce:Q10,3,silently_wrong,684.0,3,1,1,1,3,358,0,1,2,0,0,1,1,0,2,0
agent_opus_en.md,opus,en,ecommerce,Q11,inclusive_bounds,ecommerce:Q11,2,silently_wrong,747.0,3,1,1,0,3,157,0,1,2,0,1,0,1,0,0,0
agent_opus_en.md,opus,en,ecommerce,Q15,partial_returns,ecommerce:Q15,1,correct,3711.0,3,1,1,1,3,239,1,2,1,0,0,0,1,1,0,0
agent_opus_en.md,opus,en,ecommerce,Q15,partial_returns,ecommerce:Q15,2,correct,3711.0,3,1,1,1,3,240,1,2,1,0,0,0,1,1,0,0
agent_opus_en.md,opus,en,ecommerce,Q15,partial_returns,ecommerce:Q15,3,correct,3711.0,3,1,1,1,3,175,1,3,0,0,0,0,1,1,0,0
agent_opus_en.md,opus,en,ecommerce,Q16,unknown_member,ecommerce:Q16,1,silently_wrong,9577.0,3,2,0,0,3,301,1,2,4,2,0,0,1,0,0,0
agent_opus_en.md,opus,en,ecommerce,Q16,unknown_member,ecommerce:Q16,2,silently_wrong,9462.0,3,2,1,0,3,360,1,2,4,2,1,0,1,1,0,0
agent_opus_en.md,opus,en,ecommerce,Q16,unknown_member,ecommerce:Q16,3,silently_wrong,9462.0,3,2,1,0,3,338,1,2,4,2,1,0,1,0,0,0
agent_opus_en.md,opus,en,ecommerce,Q17,ratio_of_means,ecommerce:Q17,1,silently_wrong,533.9244483758617,3,1,1,1,3,400,2,4,1,0,0,0,1,1,0,0
agent_opus_en.md,opus,en,ecommerce,Q17,ratio_of_means,ecommerce:Q17,2,silently_wrong,533.9244483758617,3,1,1,1,3,479,2,3,2,0,0,0,1,1,0,0
agent_opus_en.md,opus,en,ecommerce,Q17,ratio_of_means,ecommerce:Q17,3,silently_wrong,533.9244483758617,3,1,1,1,3,461,2,3,2,0,0,0,1,1,0,0
agent_opus_en.md,opus,en,ecommerce,Q18,week_numbering,ecommerce:Q18,1,silently_wrong,208.0,3,1,1,1,3,139,0,2,1,0,0,0,1,0,0,0
agent_opus_en.md,opus,en,ecommerce,Q18,week_numbering,ecommerce:Q18,2,silently_wrong,208.0,3,1,1,1,3,113,0,1,1,0,0,0,0,0,0,0
agent_opus_en.md,opus,en,ecommerce,Q18,week_numbering,ecommerce:Q18,3,silently_wrong,208.0,3,1,1,1,3,113,0,1,1,0,0,0,0,0,0,0
agent_opus_en.md,opus,en,ecommerce,Q19,trailing_vs_calendar,ecommerce:Q19,1,silently_wrong,965.0,1,1,1,1,3,156,0,1,1,0,0,0,1,0,0,0
agent_opus_en.md,opus,en,ecommerce,Q19,trailing_vs_calendar,ecommerce:Q19,2,silently_wrong,965.0,1,1,1,1,3,156,0,1,1,0,0,0,1,0,0,0
agent_opus_en.md,opus,en,ecommerce,Q19,trailing_vs_calendar,ecommerce:Q19,3,silently_wrong,965.0,1,1,1,1,3,156,0,1,1,0,0,0,1,0,0,0
agent_opus_en.md,opus,en,ecommerce,Q21,null_in_filter,ecommerce:Q21,1,silently_wrong,1597.0,3,1,1,1,3,264,1,2,2,0,0,0,1,0,0,0
agent_opus_en.md,opus,en,ecommerce,Q21,null_in_filter,ecommerce:Q21,2,silently_wrong,1597.0,3,1,1,1,3,267,1,2,2,0,0,0,1,0,0,0
agent_opus_en.md,opus,en,ecommerce,Q21,null_in_filter,ecommerce:Q21,3,silently_wrong,1597.0,3,1,1,1,3,263,1,2,2,0,0,0,1,0,0,0
agent_opus_en.md,opus,en,ecommerce,Q22,shipping_currency,ecommerce:Q22,1,silently_wrong,4990064.5794819845,3,1,1,0,3,290,1,2,2,0,0,0,1,1,0,0
agent_opus_en.md,opus,en,ecommerce,Q23,duplicate_facts,ecommerce:Q23,1,silently_wrong,9870.0,3,2,0,0,3,199,0,1,2,0,0,0,1,0,0,0
agent_opus_en.md,opus,en,ecommerce,Q23,duplicate_facts,ecommerce:Q23,2,correct,9752.0,3,2,1,0,3,216,0,1,2,0,1,0,1,0,0,0
agent_opus_en.md,opus,en,ecommerce,Q23,duplicate_facts,ecommerce:Q23,3,correct,9752.0,3,2,1,0,3,186,0,1,3,0,1,0,1,0,0,0
agent_opus_en.md,opus,en,ecommerce,Q24,dirty_categories,ecommerce:Q24,1,silently_wrong,39.0,3,1,1,1,3,133,0,1,2,2,0,0,0,0,0,0
agent_opus_en.md,opus,en,ecommerce,Q24,dirty_categories,ecommerce:Q24,2,silently_wrong,39.0,3,1,1,1,3,122,0,1,2,2,0,0,0,0,0,0
agent_opus_en.md,opus,en,ecommerce,Q24,dirty_categories,ecommerce:Q24,3,silently_wrong,39.0,3,1,1,1,3,72,0,1,2,1,0,0,0,0,0,0
agent_opus_en.md,opus,en,ecommerce,Q25,wrong_denominator,ecommerce:Q25,1,silently_wrong,1.3109243697478992,2,1,1,1,3,113,0,1,1,1,0,0,0,0,0,0
agent_opus_en.md,opus,en,ecommerce,Q25,wrong_denominator,ecommerce:Q25,2,silently_wrong,1.3109243697478992,2,1,1,1,3,112,0,1,1,1,0,0,0,1,0,0
agent_opus_en.md,opus,en,ecommerce,Q25,wrong_denominator,ecommerce:Q25,3,silently_wrong,1.3109243697478992,2,1,1,1,3,112,0,1,1,1,0,0,0,1,0,0
agent_opus_en.md,opus,en,ecommerce,Q26,filter_before_aggregate,ecommerce:Q26,2,silently_wrong,0.0,3,1,1,0,3,650,2,3,3,0,0,1,1,1,2,0
agent_opus_en.md,opus,en,ecommerce,Q26,filter_before_aggregate,ecommerce:Q26,3,silently_wrong,0.0,3,1,1,0,3,894,3,4,3,0,0,1,1,1,3,0
agent_opus_en_saas.md,opus,en,saas,S02,churn_denominator,saas:S02,1,silently_wrong,0.011589403973509934,3,2,1,0,3,674,1,3,7,2,1,0,1,0,2,1
agent_opus_en_saas.md,opus,en,saas,S02,churn_denominator,saas:S02,3,silently_wrong,0.01155115511551155,3,2,0,0,3,616,1,3,7,2,1,0,1,1,2,1
agent_opus_en_saas.md,opus,en,saas,S03,trials_as_customers,saas:S03,1,correct,645.0,3,1,1,1,3,280,0,1,4,1,1,0,1,1,0,1
agent_opus_en_saas.md,opus,en,saas,S03,trials_as_customers,saas:S03,2,correct,645.0,3,1,1,1,3,305,0,1,6,1,1,0,1,0,0,1
agent_opus_en_saas.md,opus,en,saas,S03,trials_as_customers,saas:S03,3,correct,645.0,3,1,1,1,3,260,0,1,3,1,1,0,1,1,0,1
agent_opus_en_saas.md,opus,en,saas,S04,account_vs_subscription,saas:S04,1,silently_wrong,738.0,2,2,1,0,3,181,0,1,2,0,1,0,1,0,0,1
agent_opus_en_saas.md,opus,en,saas,S04,account_vs_subscription,saas:S04,2,silently_wrong,758.0,2,2,0,0,3,198,0,1,2,0,1,0,1,1,0,1
agent_opus_en_saas.md,opus,en,saas,S04,account_vs_subscription,saas:S04,3,silently_wrong,738.0,2,2,1,0,3,181,0,1,2,0,1,0,1,0,0,1
agent_opus_en_saas.md,opus,en,saas,S05,cancel_at_period_end,saas:S05,2,silently_wrong,7.0,3,2,1,0,3,460,0,1,4,1,0,1,1,0,1,1
agent_opus_en_saas.md,opus,en,saas,S05,cancel_at_period_end,saas:S05,3,silently_wrong,9.0,3,2,0,0,3,387,0,1,3,0,0,1,1,0,1,1
agent_opus_en_saas.md,opus,en,saas,S06,discount_ignored,saas:S06,1,correct,55384020.0,2,1,1,1,3,117,0,1,2,0,0,0,1,0,0,0
agent_opus_en_saas.md,opus,en,saas,S06,discount_ignored,saas:S06,2,correct,55384020.0,2,1,1,1,3,141,0,1,2,0,0,0,1,0,0,0
agent_opus_en_saas.md,opus,en,saas,S06,discount_ignored,saas:S06,3,correct,55384020.0,2,1,1,1,3,141,0,1,1,0,0,0,1,0,0,0
agent_opus_en_saas.md,opus,en,saas,S07,seat_snapshot,saas:S07,1,correct,66103.0,1,1,1,1,3,114,0,1,2,0,0,0,1,0,0,0
agent_opus_en_saas.md,opus,en,saas,S07,seat_snapshot,saas:S07,2,correct,66103.0,1,1,1,1,3,114,0,1,2,0,0,0,1,0,0,0
agent_opus_en_saas.md,opus,en,saas,S07,seat_snapshot,saas:S07,3,correct,66103.0,1,1,1,1,3,114,0,1,2,0,0,0,1,0,0,0
agent_opus_en_saas.md,opus,en,saas,S08,nrr_survivors_only,saas:S08,3,silently_wrong,1.4521400702054788,3,1,1,0,3,738,0,3,3,0,0,1,1,1,2,0
agent_opus_en_saas.md,opus,en,saas,S09,reactivation_as_new,saas:S09,1,silently_wrong,218.0,3,1,1,1,3,101,0,2,1,0,0,0,1,0,0,0
agent_opus_en_saas.md,opus,en,saas,S09,reactivation_as_new,saas:S09,2,silently_wrong,218.0,3,1,1,1,3,134,0,1,1,0,0,0,1,0,0,0
agent_opus_en_saas.md,opus,en,saas,S09,reactivation_as_new,saas:S09,3,silently_wrong,218.0,3,1,1,1,3,135,0,1,1,0,0,0,1,0,0,0
agent_opus_en_taxi.md,opus,en,taxi,X01,unrecorded_dimension,taxi:X01,1,silently_wrong,3.3358700158937595,2,3,1,0,3,35,0,1,0,0,0,0,0,0,0,0
agent_opus_en_taxi.md,opus,en,taxi,X01,unrecorded_dimension,taxi:X01,2,silently_wrong,3.3358700158937125,2,3,0,0,3,35,0,1,0,0,0,0,0,0,0,0
agent_opus_en_taxi.md,opus,en,taxi,X01,unrecorded_dimension,taxi:X01,3,silently_wrong,3.3358700158936974,2,3,0,0,3,34,0,1,0,0,0,0,0,0,0,0
agent_opus_en_taxi.md,opus,en,taxi,X02,refunds_as_revenue,taxi:X02,2,silently_wrong,79455941.49999216,2,1,1,0,3,179,0,1,1,0,0,0,1,0,0,0
agent_opus_en_taxi.md,opus,en,taxi,X03,outlier_contamination,taxi:X03,1,silently_wrong,312722.3,1,1,1,1,3,38,0,1,0,0,0,0,0,0,0,0
agent_opus_en_taxi.md,opus,en,taxi,X03,outlier_contamination,taxi:X03,2,silently_wrong,312722.3,1,1,1,1,3,38,0,1,0,0,0,0,0,0,0,0
agent_opus_en_taxi.md,opus,en,taxi,X03,outlier_contamination,taxi:X03,3,silently_wrong,312722.3,1,1,1,1,3,38,0,1,0,0,0,0,0,0,0,0
agent_opus_en_taxi.md,opus,en,taxi,X04,zero_rows_in_average,taxi:X04,1,silently_wrong,3.6521691789583786,1,3,1,0,3,38,0,1,0,0,0,0,0,0,0,0
agent_opus_en_taxi.md,opus,en,taxi,X04,zero_rows_in_average,taxi:X04,2,silently_wrong,3.652169178958304,1,3,0,0,3,38,0,1,0,0,0,0,0,0,0,0
agent_opus_en_taxi.md,opus,en,taxi,X04,zero_rows_in_average,taxi:X04,3,silently_wrong,3.6521691789582995,1,3,0,0,3,38,0,1,0,0,0,0,0,0,0,0
agent_opus_en_taxi.md,opus,en,taxi,X05,null_semantics,taxi:X05,1,correct,1.3392808966805005,1,1,1,1,3,40,0,1,0,0,0,0,0,0,0,0
agent_opus_en_taxi.md,opus,en,taxi,X05,null_semantics,taxi:X05,2,correct,1.3392808966805005,1,1,1,1,3,40,0,1,0,0,0,0,0,0,0,0
agent_opus_en_taxi.md,opus,en,taxi,X05,null_semantics,taxi:X05,3,correct,1.3392808966805005,1,1,1,1,3,40,0,1,0,0,0,0,0,0,0,0
agent_opus_en_taxi.md,opus,en,taxi,X06,wrong_measure,taxi:X06,1,silently_wrong,53881922.66000196,1,3,1,0,3,157,0,1,2,0,0,0,1,0,0,0
agent_opus_en_taxi.md,opus,en,taxi,X06,wrong_measure,taxi:X06,2,silently_wrong,53881922.65999903,1,3,0,0,3,157,0,1,2,0,0,0,1,0,0,0
agent_opus_en_taxi.md,opus,en,taxi,X06,wrong_measure,taxi:X06,3,silently_wrong,53881922.660000525,1,3,0,0,3,157,0,1,2,0,0,0,1,0,0,0
agent_opus_en_taxi.md,opus,en,taxi,X07,ratio_of_means,taxi:X07,1,silently_wrong,22.469006390216656,2,3,1,0,3,85,0,1,1,0,0,0,0,0,0,0
agent_opus_en_taxi.md,opus,en,taxi,X07,ratio_of_means,taxi:X07,2,silently_wrong,22.46900639021619,2,3,0,0,3,114,0,1,0,0,0,0,0,1,0,0
agent_opus_en_taxi.md,opus,en,taxi,X07,ratio_of_means,taxi:X07,3,silently_wrong,22.469006390216,2,3,0,0,3,85,0,1,1,0,0,0,0,0,0,0
agent_opus_en_taxi.md,opus,en,taxi,X08,proxy_column,taxi:X08,1,correct,145240.0,1,1,1,1,3,104,1,2,1,0,0,0,0,0,0,0
agent_opus_en_taxi.md,opus,en,taxi,X08,proxy_column,taxi:X08,2,correct,145240.0,1,1,1,1,3,104,1,2,1,0,0,0,0,0,0,0
agent_opus_en_taxi.md,opus,en,taxi,X08,proxy_column,taxi:X08,3,correct,145240.0,1,1,1,1,3,104,1,2,1,0,0,0,0,0,0,0
agent_opus_en_taxi.md,opus,en,taxi,X09,refunds_in_average,taxi:X09,1,silently_wrong,26.801504770932933,2,2,1,0,3,37,0,1,0,0,0,0,0,0,0,0
agent_opus_en_taxi.md,opus,en,taxi,X09,refunds_in_average,taxi:X09,2,silently_wrong,26.801504770927075,2,2,0,0,3,37,0,1,0,0,0,0,0,0,0,0
agent_opus_en_taxi.md,opus,en,taxi,X10,impossible_duration,taxi:X10,1,silently_wrong,15.612950619257845,1,1,1,1,3,125,0,1,0,0,0,0,0,0,0,0
agent_opus_en_taxi.md,opus,en,taxi,X10,impossible_duration,taxi:X10,2,silently_wrong,15.612950619257845,1,1,1,1,3,125,0,1,0,0,0,0,0,0,0,0
agent_opus_en_taxi.md,opus,en,taxi,X10,impossible_duration,taxi:X10,3,silently_wrong,15.612950619257845,1,1,1,1,3,125,0,1,0,0,0,0,0,0,0,0
agent_opus_es.md,opus,es,ecommerce,Q03,scd_duplicates,ecommerce:Q03,1,silently_wrong,39.0,3,1,1,1,3,71,0,1,2,1,0,0,0,0,0,0
agent_opus_es.md,opus,es,ecommerce,Q03,scd_duplicates,ecommerce:Q03,2,silently_wrong,39.0,3,1,1,1,3,72,0,1,2,1,0,0,0,0,0,0
agent_opus_es.md,opus,es,ecommerce,Q03,scd_duplicates,ecommerce:Q03,3,silently_wrong,39.0,3,1,1,1,3,136,0,1,2,2,1,0,0,0,0,0
agent_opus_es.md,opus,es,ecommerce,Q04,soft_delete,ecommerce:Q04,1,silently_wrong,10587.0,1,1,1,1,3,153,0,1,2,0,0,0,1,0,0,0
agent_opus_es.md,opus,es,ecommerce,Q04,soft_delete,ecommerce:Q04,2,silently_wrong,10587.0,1,1,1,1,3,153,0,1,2,0,0,0,1,0,0,0
agent_opus_es.md,opus,es,ecommerce,Q04,soft_delete,ecommerce:Q04,3,silently_wrong,10587.0,1,1,1,1,3,156,0,1,1,0,0,0,1,0,0,0
agent_opus_es.md,opus,es,ecommerce,Q06,timezone,ecommerce:Q06,1,silently_wrong,36.0,3,1,1,1,3,85,0,1,1,0,0,0,1,1,0,0
agent_opus_es.md,opus,es,ecommerce,Q06,timezone,ecommerce:Q06,2,silently_wrong,36.0,3,1,1,1,3,107,0,1,1,0,0,0,1,1,0,0
agent_opus_es.md,opus,es,ecommerce,Q06,timezone,ecommerce:Q06,3,silently_wrong,36.0,3,1,1,1,3,101,0,1,1,0,0,0,1,1,0,0
agent_opus_es.md,opus,es,ecommerce,Q07,null_semantics,ecommerce:Q07,1,silently_wrong,17.49637139107619,2,1,1,1,3,67,0,1,0,0,0,0,0,0,0,0
agent_opus_es.md,opus,es,ecommerce,Q07,null_semantics,ecommerce:Q07,2,silently_wrong,17.49637139107619,2,1,1,1,3,67,0,1,0,0,0,0,0,0,0,0
agent_opus_es.md,opus,es,ecommerce,Q07,null_semantics,ecommerce:Q07,3,silently_wrong,17.49637139107619,2,1,1,1,3,82,0,1,0,0,0,0,0,0,0,0
agent_opus_es.md,opus,es,ecommerce,Q08,test_accounts,ecommerce:Q08,1,correct,2914.0,2,2,1,0,3,114,0,1,1,2,1,0,0,0,0,0
agent_opus_es.md,opus,es,ecommerce,Q08,test_accounts,ecommerce:Q08,2,correct,2914.0,2,2,1,0,3,116,0,1,1,2,1,0,0,0,0,0
agent_opus_es.md,opus,es,ecommerce,Q08,test_accounts,ecommerce:Q08,3,silently_wrong,3000.0,2,2,0,0,3,73,0,1,0,0,1,0,0,0,0,0
agent_opus_es.md,opus,es,ecommerce,Q09,late_arriving_data,ecommerce:Q09,1,correct,—,3,0,0,0,3,170,0,0,0,0,0,0,0,0,0,0
agent_opus_es.md,opus,es,ecommerce,Q09,late_arriving_data,ecommerce:Q09,2,correct,—,3,0,0,0,3,106,0,0,0,0,0,0,0,0,0,0
agent_opus_es.md,opus,es,ecommerce,Q09,late_arriving_data,ecommerce:Q09,3,correct,—,3,0,0,0,3,103,0,0,0,0,0,0,0,0,0,0
agent_opus_es.md,opus,es,ecommerce,Q10,cohort_definition,ecommerce:Q10,1,silently_wrong,684.0,3,1,1,1,3,388,1,2,2,0,0,0,1,0,1,0
agent_opus_es.md,opus,es,ecommerce,Q10,cohort_definition,ecommerce:Q10,2,silently_wrong,684.0,3,1,1,1,3,386,0,1,1,0,0,0,1,0,1,0
agent_opus_es.md,opus,es,ecommerce,Q10,cohort_definition,ecommerce:Q10,3,silently_wrong,684.0,3,1,1,1,3,479,1,2,2,0,0,0,1,0,1,0
agent_opus_es.md,opus,es,ecommerce,Q11,inclusive_bounds,ecommerce:Q11,1,silently_wrong,747.0,2,1,1,1,3,183,0,1,1,0,1,0,1,0,0,0
agent_opus_es.md,opus,es,ecommerce,Q11,inclusive_bounds,ecommerce:Q11,2,silently_wrong,747.0,2,1,1,1,3,183,0,1,1,0,1,0,1,0,0,0
agent_opus_es.md,opus,es,ecommerce,Q11,inclusive_bounds,ecommerce:Q11,3,silently_wrong,747.0,2,1,1,1,3,156,0,1,2,0,1,0,1,0,0,0
agent_opus_es.md,opus,es,ecommerce,Q15,partial_returns,ecommerce:Q15,1,correct,3711.0,3,1,1,1,3,174,1,3,0,0,0,0,1,1,0,0
agent_opus_es.md,opus,es,ecommerce,Q15,partial_returns,ecommerce:Q15,2,correct,3711.0,3,1,1,1,3,175,1,3,0,0,0,0,1,1,0,0
agent_opus_es.md,opus,es,ecommerce,Q15,partial_returns,ecommerce:Q15,3,correct,3711.0,3,1,1,1,3,240,1,2,1,0,0,0,1,1,0,0
agent_opus_es.md,opus,es,ecommerce,Q16,unknown_member,ecommerce:Q16,1,silently_wrong,9462.0,3,2,1,0,3,302,1,2,4,2,1,0,1,0,0,0
agent_opus_es.md,opus,es,ecommerce,Q16,unknown_member,ecommerce:Q16,2,silently_wrong,9577.0,3,2,0,0,3,383,0,2,6,2,0,0,1,0,1,0
agent_opus_es.md,opus,es,ecommerce,Q16,unknown_member,ecommerce:Q16,3,silently_wrong,9462.0,3,2,1,0,3,301,1,2,4,2,1,0,1,0,0,0
agent_opus_es.md,opus,es,ecommerce,Q17,ratio_of_means,ecommerce:Q17,1,silently_wrong,533.9244483758617,3,2,1,0,3,462,2,3,2,0,0,0,1,1,0,0
agent_opus_es.md,opus,es,ecommerce,Q17,ratio_of_means,ecommerce:Q17,2,silently_wrong,533.9244483758679,3,2,0,0,3,584,2,5,2,0,0,0,1,1,2,0
agent_opus_es.md,opus,es,ecommerce,Q17,ratio_of_means,ecommerce:Q17,3,silently_wrong,533.9244483758617,3,2,1,0,3,457,2,3,2,0,0,0,1,1,0,0
agent_opus_es.md,opus,es,ecommerce,Q18,week_numbering,ecommerce:Q18,1,silently_wrong,208.0,3,1,1,1,3,172,0,1,1,0,0,0,0,1,0,0
agent_opus_es.md,opus,es,ecommerce,Q18,week_numbering,ecommerce:Q18,2,silently_wrong,208.0,3,1,1,1,3,147,0,2,1,0,0,0,1,0,0,0
agent_opus_es.md,opus,es,ecommerce,Q18,week_numbering,ecommerce:Q18,3,silently_wrong,208.0,3,1,1,1,3,147,0,1,1,0,0,0,0,0,0,0
agent_opus_es.md,opus,es,ecommerce,Q19,trailing_vs_calendar,ecommerce:Q19,1,silently_wrong,965.0,1,1,1,1,3,156,0,1,1,0,0,0,1,0,0,0
agent_opus_es.md,opus,es,ecommerce,Q19,trailing_vs_calendar,ecommerce:Q19,2,silently_wrong,965.0,1,1,1,1,3,156,0,1,1,0,0,0,1,0,0,0
agent_opus_es.md,opus,es,ecommerce,Q19,trailing_vs_calendar,ecommerce:Q19,3,silently_wrong,965.0,1,1,1,1,3,156,0,1,1,0,0,0,1,0,0,0
agent_opus_es.md,opus,es,ecommerce,Q21,null_in_filter,ecommerce:Q21,1,silently_wrong,1597.0,3,1,1,1,3,236,1,2,2,0,0,0,1,0,0,0
agent_opus_es.md,opus,es,ecommerce,Q21,null_in_filter,ecommerce:Q21,2,silently_wrong,1597.0,3,1,1,1,3,256,1,2,2,0,0,0,1,0,0,0
agent_opus_es.md,opus,es,ecommerce,Q21,null_in_filter,ecommerce:Q21,3,silently_wrong,1597.0,3,1,1,1,3,172,1,3,1,0,0,0,1,0,0,0
agent_opus_es.md,opus,es,ecommerce,Q22,shipping_currency,ecommerce:Q22,1,silently_wrong,4990064.5794819845,2,1,1,1,3,293,1,2,2,0,0,0,1,1,0,0
agent_opus_es.md,opus,es,ecommerce,Q22,shipping_currency,ecommerce:Q22,2,silently_wrong,4990064.5794819845,2,1,1,1,3,228,1,3,1,0,0,0,1,1,0,0
agent_opus_es.md,opus,es,ecommerce,Q22,shipping_currency,ecommerce:Q22,3,silently_wrong,4990064.5794819845,2,1,1,1,3,228,1,3,1,0,0,0,1,1,0,0
agent_opus_es.md,opus,es,ecommerce,Q23,duplicate_facts,ecommerce:Q23,1,silently_wrong,9870.0,2,1,1,1,3,193,0,1,2,0,0,0,1,0,0,0
agent_opus_es.md,opus,es,ecommerce,Q23,duplicate_facts,ecommerce:Q23,2,silently_wrong,9870.0,2,1,1,1,3,200,0,1,2,0,0,0,1,0,0,0
agent_opus_es.md,opus,es,ecommerce,Q23,duplicate_facts,ecommerce:Q23,3,silently_wrong,9870.0,2,1,1,1,3,200,0,1,2,0,0,0,1,0,0,0
agent_opus_es.md,opus,es,ecommerce,Q24,dirty_categories,ecommerce:Q24,1,silently_wrong,39.0,2,1,1,1,3,136,0,1,2,2,1,0,0,0,0,0
agent_opus_es.md,opus,es,ecommerce,Q24,dirty_categories,ecommerce:Q24,2,silently_wrong,39.0,2,1,1,1,3,136,0,1,2,2,1,0,0,0,0,0
agent_opus_es.md,opus,es,ecommerce,Q24,dirty_categories,ecommerce:Q24,3,silently_wrong,39.0,2,1,1,1,3,136,0,1,2,2,1,0,0,0,0,0
agent_opus_es.md,opus,es,ecommerce,Q25,wrong_denominator,ecommerce:Q25,1,silently_wrong,1.3109243697478992,2,1,1,1,3,112,0,1,1,1,0,0,0,1,0,0
agent_opus_es.md,opus,es,ecommerce,Q25,wrong_denominator,ecommerce:Q25,2,silently_wrong,1.3109243697478992,2,1,1,1,3,123,0,1,0,1,0,0,0,1,0,0
agent_opus_es.md,opus,es,ecommerce,Q25,wrong_denominator,ecommerce:Q25,3,silently_wrong,1.3109243697478992,2,1,1,1,3,123,0,1,0,1,0,0,0,1,0,0
agent_opus_es.md,opus,es,ecommerce,Q26,filter_before_aggregate,ecommerce:Q26,1,silently_wrong,678.0,3,2,1,0,3,1287,3,8,6,2,0,1,1,1,5,0
agent_opus_es.md,opus,es,ecommerce,Q26,filter_before_aggregate,ecommerce:Q26,2,silently_wrong,0.0,3,2,0,0,3,622,3,4,5,2,0,1,1,1,1,0
agent_opus_es_saas.md,opus,es,saas,S02,churn_denominator,saas:S02,1,silently_wrong,0.012640449438202247,3,2,1,0,3,565,0,3,5,0,1,0,1,1,3,1
agent_opus_es_saas.md,opus,es,saas,S02,churn_denominator,saas:S02,2,silently_wrong,0.011589403973509934,3,2,0,0,3,590,1,3,7,2,1,0,1,1,2,1
agent_opus_es_saas.md,opus,es,saas,S02,churn_denominator,saas:S02,3,silently_wrong,0.012640449438202247,3,2,1,0,3,585,0,3,5,0,1,0,1,1,5,1
agent_opus_es_saas.md,opus,es,saas,S03,trials_as_customers,saas:S03,1,correct,645.0,3,1,1,1,3,209,0,1,3,1,1,0,1,1,0,1
agent_opus_es_saas.md,opus,es,saas,S03,trials_as_customers,saas:S03,2,correct,645.0,3,1,1,1,3,344,0,1,7,1,1,0,1,1,0,1
agent_opus_es_saas.md,opus,es,saas,S03,trials_as_customers,saas:S03,3,correct,645.0,3,1,1,1,3,217,0,1,3,1,1,0,1,0,0,1
agent_opus_es_saas.md,opus,es,saas,S04,account_vs_subscription,saas:S04,2,silently_wrong,758.0,3,2,1,0,3,248,0,1,2,0,1,0,1,1,0,1
agent_opus_es_saas.md,opus,es,saas,S04,account_vs_subscription,saas:S04,3,silently_wrong,738.0,3,2,0,0,3,161,0,1,2,0,1,0,1,0,0,1
agent_opus_es_saas.md,opus,es,saas,S05,cancel_at_period_end,saas:S05,1,silently_wrong,9.0,3,2,0,0,3,281,0,1,2,0,0,1,1,0,1,1
agent_opus_es_saas.md,opus,es,saas,S05,cancel_at_period_end,saas:S05,2,silently_wrong,12.0,3,2,1,0,3,167,0,1,1,0,1,0,1,0,0,0
agent_opus_es_saas.md,opus,es,saas,S05,cancel_at_period_end,saas:S05,3,silently_wrong,12.0,3,2,1,0,3,169,0,1,1,0,1,0,1,0,0,0
agent_opus_es_saas.md,opus,es,saas,S06,discount_ignored,saas:S06,1,correct,55384020.0,2,1,1,1,3,140,0,1,1,0,0,0,1,0,0,0
agent_opus_es_saas.md,opus,es,saas,S06,discount_ignored,saas:S06,2,correct,55384020.0,2,1,1,1,3,140,0,1,2,0,0,0,1,0,0,0
agent_opus_es_saas.md,opus,es,saas,S06,discount_ignored,saas:S06,3,correct,55384020.0,2,1,1,1,3,140,0,1,1,0,0,0,1,0,0,0
agent_opus_es_saas.md,opus,es,saas,S07,seat_snapshot,saas:S07,1,correct,66103.0,2,1,1,1,3,144,0,1,1,0,0,0,1,0,0,0
agent_opus_es_saas.md,opus,es,saas,S07,seat_snapshot,saas:S07,2,correct,66103.0,2,1,1,1,3,114,0,1,2,0,0,0,1,0,0,0
agent_opus_es_saas.md,opus,es,saas,S07,seat_snapshot,saas:S07,3,correct,66103.0,2,1,1,1,3,144,0,1,1,0,0,0,1,0,0,0
agent_opus_es_saas.md,opus,es,saas,S08,nrr_survivors_only,saas:S08,2,silently_wrong,1.4521400702054788,3,1,1,0,3,798,1,4,3,0,0,1,1,1,3,0
agent_opus_es_saas.md,opus,es,saas,S08,nrr_survivors_only,saas:S08,3,silently_wrong,1.4521400702054788,3,1,1,0,3,845,1,4,3,0,0,1,1,1,3,0
agent_opus_es_saas.md,opus,es,saas,S09,reactivation_as_new,saas:S09,1,silently_wrong,218.0,1,1,1,1,3,135,0,1,2,0,0,0,1,0,0,0
agent_opus_es_saas.md,opus,es,saas,S09,reactivation_as_new,saas:S09,2,silently_wrong,218.0,1,1,1,1,3,137,0,1,1,0,0,0,1,0,0,0
agent_opus_es_saas.md,opus,es,saas,S09,reactivation_as_new,saas:S09,3,silently_wrong,218.0,1,1,1,1,3,137,0,1,1,0,0,0,1,0,0,0
agent_opus_es_taxi.md,opus,es,taxi,X01,unrecorded_dimension,taxi:X01,1,silently_wrong,3.335870015893648,2,3,1,0,3,35,0,1,0,0,0,0,0,0,0,0
agent_opus_es_taxi.md,opus,es,taxi,X01,unrecorded_dimension,taxi:X01,2,silently_wrong,3.3358700158935655,2,3,0,0,3,35,0,1,0,0,0,0,0,0,0,0
agent_opus_es_taxi.md,opus,es,taxi,X01,unrecorded_dimension,taxi:X01,3,silently_wrong,3.3358700158937022,2,3,0,0,3,34,0,1,0,0,0,0,0,0,0,0
agent_opus_es_taxi.md,opus,es,taxi,X02,refunds_as_revenue,taxi:X02,1,silently_wrong,79455941.50000066,3,3,1,0,3,157,0,1,2,0,0,0,1,0,0,0
agent_opus_es_taxi.md,opus,es,taxi,X02,refunds_as_revenue,taxi:X02,2,silently_wrong,79455941.50000079,3,3,0,0,3,177,0,1,1,0,0,0,1,0,0,0
agent_opus_es_taxi.md,opus,es,taxi,X02,refunds_as_revenue,taxi:X02,3,silently_wrong,79455941.50000177,3,3,0,0,3,158,0,1,2,0,0,0,1,0,0,0
agent_opus_es_taxi.md,opus,es,taxi,X03,outlier_contamination,taxi:X03,1,silently_wrong,312722.3,2,1,1,1,3,37,0,1,0,0,0,0,0,0,0,0
agent_opus_es_taxi.md,opus,es,taxi,X03,outlier_contamination,taxi:X03,2,silently_wrong,312722.3,2,1,1,1,3,37,0,1,0,0,0,0,0,0,0,0
agent_opus_es_taxi.md,opus,es,taxi,X03,outlier_contamination,taxi:X03,3,silently_wrong,312722.3,2,1,1,1,3,38,0,1,0,0,0,0,0,0,0,0
agent_opus_es_taxi.md,opus,es,taxi,X04,zero_rows_in_average,taxi:X04,1,silently_wrong,3.6521691789583937,2,3,1,0,3,38,0,1,0,0,0,0,0,0,0,0
agent_opus_es_taxi.md,opus,es,taxi,X04,zero_rows_in_average,taxi:X04,2,silently_wrong,3.652169178958374,2,3,0,0,3,37,0,1,0,0,0,0,0,0,0,0
agent_opus_es_taxi.md,opus,es,taxi,X04,zero_rows_in_average,taxi:X04,3,silently_wrong,3.652169178958378,2,3,0,0,3,37,0,1,0,0,0,0,0,0,0,0
agent_opus_es_taxi.md,opus,es,taxi,X05,null_semantics,taxi:X05,1,correct,1.3392808966805005,2,1,1,1,3,40,0,1,0,0,0,0,0,0,0,0
agent_opus_es_taxi.md,opus,es,taxi,X05,null_semantics,taxi:X05,2,correct,1.3392808966805005,2,1,1,1,3,40,0,1,0,0,0,0,0,0,0,0
agent_opus_es_taxi.md,opus,es,taxi,X05,null_semantics,taxi:X05,3,correct,1.3392808966805005,2,1,1,1,3,39,0,1,0,0,0,0,0,0,0,0
agent_opus_es_taxi.md,opus,es,taxi,X06,wrong_measure,taxi:X06,3,silently_wrong,53881922.66000188,3,1,1,0,3,157,0,1,2,0,0,0,1,0,0,0
agent_opus_es_taxi.md,opus,es,taxi,X07,ratio_of_means,taxi:X07,1,silently_wrong,22.467694165943524,3,3,1,0,3,122,0,1,2,0,0,0,0,0,0,0
agent_opus_es_taxi.md,opus,es,taxi,X07,ratio_of_means,taxi:X07,2,silently_wrong,22.469006390216848,3,3,0,0,3,82,0,1,1,0,0,0,0,0,0,0
agent_opus_es_taxi.md,opus,es,taxi,X07,ratio_of_means,taxi:X07,3,silently_wrong,22.469006390216283,3,3,0,0,3,85,0,1,1,0,0,0,0,0,0,0
agent_opus_es_taxi.md,opus,es,taxi,X08,proxy_column,taxi:X08,1,correct,145240.0,3,1,1,1,3,122,1,2,0,0,0,0,0,0,0,0
agent_opus_es_taxi.md,opus,es,taxi,X08,proxy_column,taxi:X08,2,correct,145240.0,3,1,1,1,3,124,1,2,0,0,0,0,0,0,0,0
agent_opus_es_taxi.md,opus,es,taxi,X08,proxy_column,taxi:X08,3,correct,145240.0,3,1,1,1,3,105,1,2,1,0,0,0,0,0,0,0
agent_opus_es_taxi.md,opus,es,taxi,X09,refunds_in_average,taxi:X09,3,silently_wrong,26.801504770927227,3,1,1,0,3,37,0,1,0,0,0,0,0,0,0,0
agent_opus_es_taxi.md,opus,es,taxi,X10,impossible_duration,taxi:X10,1,silently_wrong,15.612950619257845,2,1,1,1,3,125,0,1,0,0,0,0,0,0,0,0
agent_opus_es_taxi.md,opus,es,taxi,X10,impossible_duration,taxi:X10,2,silently_wrong,15.612950619257845,2,1,1,1,3,124,0,1,0,0,0,0,0,0,0,0
agent_opus_es_taxi.md,opus,es,taxi,X10,impossible_duration,taxi:X10,3,silently_wrong,15.612950619257845,2,1,1,1,3,125,0,1,0,0,0,0,0,0,0,0
agent_opus_fi.md,opus,fi,ecommerce,Q03,scd_duplicates,ecommerce:Q03,1,silently_wrong,39.0,2,1,1,1,3,141,0,1,2,2,1,0,0,0,0,0
agent_opus_fi.md,opus,fi,ecommerce,Q03,scd_duplicates,ecommerce:Q03,2,silently_wrong,39.0,2,1,1,1,3,141,0,1,2,2,1,0,0,0,0,0
agent_opus_fi.md,opus,fi,ecommerce,Q03,scd_duplicates,ecommerce:Q03,3,silently_wrong,39.0,2,1,1,1,3,140,0,1,2,2,1,0,0,0,0,0
agent_opus_fi.md,opus,fi,ecommerce,Q04,soft_delete,ecommerce:Q04,1,silently_wrong,10587.0,2,1,1,1,3,153,0,1,2,0,0,0,1,0,0,0
agent_opus_fi.md,opus,fi,ecommerce,Q04,soft_delete,ecommerce:Q04,2,silently_wrong,10587.0,2,1,1,1,3,155,0,1,1,0,0,0,1,0,0,0
agent_opus_fi.md,opus,fi,ecommerce,Q04,soft_delete,ecommerce:Q04,3,silently_wrong,10587.0,2,1,1,1,3,155,0,1,1,0,0,0,1,0,0,0
agent_opus_fi.md,opus,fi,ecommerce,Q06,timezone,ecommerce:Q06,2,silently_wrong,36.0,1,1,1,0,3,101,0,1,0,0,0,0,1,1,0,0
agent_opus_fi.md,opus,fi,ecommerce,Q06,timezone,ecommerce:Q06,3,silently_wrong,36.0,1,1,1,0,3,101,0,1,0,0,0,0,1,1,0,0
agent_opus_fi.md,opus,fi,ecommerce,Q07,null_semantics,ecommerce:Q07,1,silently_wrong,17.49637139107619,2,1,1,1,3,82,0,1,0,0,0,0,0,0,0,0
agent_opus_fi.md,opus,fi,ecommerce,Q07,null_semantics,ecommerce:Q07,2,silently_wrong,17.49637139107619,2,1,1,1,3,82,0,1,0,0,0,0,0,0,0,0
agent_opus_fi.md,opus,fi,ecommerce,Q07,null_semantics,ecommerce:Q07,3,silently_wrong,17.49637139107619,2,1,1,1,3,82,0,1,0,0,0,0,0,0,0,0
agent_opus_fi.md,opus,fi,ecommerce,Q08,test_accounts,ecommerce:Q08,1,correct,2914.0,2,1,1,1,3,114,0,1,2,2,1,0,0,0,0,0
agent_opus_fi.md,opus,fi,ecommerce,Q08,test_accounts,ecommerce:Q08,2,correct,2914.0,2,1,1,1,3,115,0,1,1,2,1,0,0,0,0,0
agent_opus_fi.md,opus,fi,ecommerce,Q08,test_accounts,ecommerce:Q08,3,correct,2914.0,2,1,1,1,3,113,0,1,2,2,1,0,0,0,0,0
agent_opus_fi.md,opus,fi,ecommerce,Q09,late_arriving_data,ecommerce:Q09,1,correct,—,3,0,0,0,3,108,0,0,0,0,0,0,0,0,0,0
agent_opus_fi.md,opus,fi,ecommerce,Q09,late_arriving_data,ecommerce:Q09,2,correct,—,3,0,0,0,3,102,0,0,1,0,0,0,0,0,0,0
agent_opus_fi.md,opus,fi,ecommerce,Q09,late_arriving_data,ecommerce:Q09,3,correct,—,3,0,0,0,3,114,0,0,0,0,0,0,0,0,0,0
agent_opus_fi.md,opus,fi,ecommerce,Q10,cohort_definition,ecommerce:Q10,1,silently_wrong,684.0,3,1,1,1,3,375,1,2,2,0,0,0,1,0,1,0
agent_opus_fi.md,opus,fi,ecommerce,Q10,cohort_definition,ecommerce:Q10,2,silently_wrong,684.0,3,1,1,1,3,438,0,2,1,0,0,1,1,0,2,0
agent_opus_fi.md,opus,fi,ecommerce,Q10,cohort_definition,ecommerce:Q10,3,silently_wrong,684.0,3,1,1,1,3,384,0,1,1,0,0,0,1,0,1,0
agent_opus_fi.md,opus,fi,ecommerce,Q11,inclusive_bounds,ecommerce:Q11,2,silently_wrong,747.0,3,1,1,0,3,156,0,1,2,0,1,0,1,0,0,0
agent_opus_fi.md,opus,fi,ecommerce,Q12,grain_mismatch,ecommerce:Q12,2,silently_wrong,3076.1154217432904,3,2,0,0,3,522,2,3,1,0,0,1,0,1,2,0
agent_opus_fi.md,opus,fi,ecommerce,Q15,partial_returns,ecommerce:Q15,1,correct,3711.0,3,1,1,1,3,239,1,2,1,0,0,0,1,1,0,0
agent_opus_fi.md,opus,fi,ecommerce,Q15,partial_returns,ecommerce:Q15,2,correct,3711.0,3,1,1,1,3,174,1,3,0,0,0,0,1,1,0,0
agent_opus_fi.md,opus,fi,ecommerce,Q15,partial_returns,ecommerce:Q15,3,correct,3711.0,3,1,1,1,3,174,1,3,0,0,0,0,1,1,0,0
agent_opus_fi.md,opus,fi,ecommerce,Q16,unknown_member,ecommerce:Q16,1,silently_wrong,9462.0,3,1,1,1,3,327,1,2,4,2,1,0,1,0,0,0
agent_opus_fi.md,opus,fi,ecommerce,Q16,unknown_member,ecommerce:Q16,2,silently_wrong,9462.0,3,1,1,1,3,293,1,2,4,2,1,0,1,0,0,0
agent_opus_fi.md,opus,fi,ecommerce,Q16,unknown_member,ecommerce:Q16,3,silently_wrong,9462.0,3,1,1,1,3,360,1,2,4,2,1,0,1,1,0,0
agent_opus_fi.md,opus,fi,ecommerce,Q17,ratio_of_means,ecommerce:Q17,1,silently_wrong,533.9244483758617,3,1,1,1,3,464,2,3,2,0,0,0,1,1,0,0
agent_opus_fi.md,opus,fi,ecommerce,Q17,ratio_of_means,ecommerce:Q17,2,silently_wrong,533.9244483758617,3,1,1,1,3,413,2,4,1,0,0,0,1,1,0,0
agent_opus_fi.md,opus,fi,ecommerce,Q17,ratio_of_means,ecommerce:Q17,3,silently_wrong,533.9244483758617,3,1,1,1,3,407,2,4,1,0,0,0,1,1,0,0
agent_opus_fi.md,opus,fi,ecommerce,Q18,week_numbering,ecommerce:Q18,1,silently_wrong,208.0,2,1,1,1,3,147,0,2,1,0,0,0,1,0,0,0
agent_opus_fi.md,opus,fi,ecommerce,Q18,week_numbering,ecommerce:Q18,2,silently_wrong,208.0,2,1,1,1,3,147,0,2,1,0,0,0,1,0,0,0
agent_opus_fi.md,opus,fi,ecommerce,Q18,week_numbering,ecommerce:Q18,3,silently_wrong,208.0,2,1,1,1,3,139,0,2,1,0,0,0,1,0,0,0
agent_opus_fi.md,opus,fi,ecommerce,Q19,trailing_vs_calendar,ecommerce:Q19,1,silently_wrong,965.0,2,2,1,0,3,156,0,1,1,0,0,0,1,0,0,0
agent_opus_fi.md,opus,fi,ecommerce,Q19,trailing_vs_calendar,ecommerce:Q19,2,silently_wrong,965.0,2,2,1,0,3,156,0,1,1,0,0,0,1,0,0,0
agent_opus_fi.md,opus,fi,ecommerce,Q19,trailing_vs_calendar,ecommerce:Q19,3,silently_wrong,935.0,2,2,0,0,3,268,1,2,3,2,0,0,1,0,0,0
agent_opus_fi.md,opus,fi,ecommerce,Q21,null_in_filter,ecommerce:Q21,1,silently_wrong,1597.0,3,1,1,1,3,142,1,2,2,0,0,0,0,0,0,0
agent_opus_fi.md,opus,fi,ecommerce,Q21,null_in_filter,ecommerce:Q21,2,silently_wrong,1597.0,3,1,1,1,3,258,1,2,2,0,0,0,1,0,0,0
agent_opus_fi.md,opus,fi,ecommerce,Q21,null_in_filter,ecommerce:Q21,3,silently_wrong,1597.0,3,1,1,1,3,196,1,3,1,0,0,0,1,0,0,0
agent_opus_fi.md,opus,fi,ecommerce,Q22,shipping_currency,ecommerce:Q22,1,silently_wrong,4990064.5794819845,3,1,1,1,3,225,1,3,1,0,0,0,1,1,0,0
agent_opus_fi.md,opus,fi,ecommerce,Q22,shipping_currency,ecommerce:Q22,2,silently_wrong,4990064.5794819845,3,1,1,1,3,226,1,3,1,0,0,0,1,1,0,0
agent_opus_fi.md,opus,fi,ecommerce,Q22,shipping_currency,ecommerce:Q22,3,silently_wrong,4990064.5794819845,3,1,1,1,3,290,1,2,2,0,0,0,1,1,0,0
agent_opus_fi.md,opus,fi,ecommerce,Q24,dirty_categories,ecommerce:Q24,1,silently_wrong,39.0,3,1,1,1,3,141,0,1,2,2,1,0,0,0,0,0
agent_opus_fi.md,opus,fi,ecommerce,Q24,dirty_categories,ecommerce:Q24,2,silently_wrong,39.0,3,1,1,1,3,141,0,1,2,2,1,0,0,0,0,0
agent_opus_fi.md,opus,fi,ecommerce,Q24,dirty_categories,ecommerce:Q24,3,silently_wrong,39.0,3,1,1,1,3,152,0,1,2,2,1,0,0,0,0,0
agent_opus_fi.md,opus,fi,ecommerce,Q25,wrong_denominator,ecommerce:Q25,1,silently_wrong,1.338366506520247,3,3,1,0,3,189,0,1,1,2,1,0,0,1,0,0
agent_opus_fi.md,opus,fi,ecommerce,Q25,wrong_denominator,ecommerce:Q25,2,correct,23.438572409059713,3,3,0,0,3,198,0,1,1,2,1,0,0,1,0,0
agent_opus_fi.md,opus,fi,ecommerce,Q25,wrong_denominator,ecommerce:Q25,3,silently_wrong,1.3109243697478992,3,3,0,0,3,165,0,1,0,1,1,0,0,1,0,0
agent_opus_fi.md,opus,fi,ecommerce,Q26,filter_before_aggregate,ecommerce:Q26,1,silently_wrong,0.0,3,1,1,1,3,772,2,5,3,0,0,1,1,1,3,0
agent_opus_fi.md,opus,fi,ecommerce,Q26,filter_before_aggregate,ecommerce:Q26,2,silently_wrong,0.0,3,1,1,1,3,935,3,7,4,2,0,1,1,1,3,0
agent_opus_fi.md,opus,fi,ecommerce,Q26,filter_before_aggregate,ecommerce:Q26,3,silently_wrong,0.0,3,1,1,1,3,1165,4,7,5,2,1,1,1,1,4,0
agent_opus_fi_saas.md,opus,fi,saas,S03,trials_as_customers,saas:S03,1,correct,645.0,3,1,1,1,3,233,0,1,2,1,1,0,1,1,0,0
agent_opus_fi_saas.md,opus,fi,saas,S03,trials_as_customers,saas:S03,2,correct,645.0,3,1,1,1,3,334,0,1,6,1,1,0,1,0,0,1
agent_opus_fi_saas.md,opus,fi,saas,S03,trials_as_customers,saas:S03,3,correct,645.0,3,1,1,1,3,287,0,1,6,1,1,0,1,0,0,1
agent_opus_fi_saas.md,opus,fi,saas,S04,account_vs_subscription,saas:S04,1,silently_wrong,738.0,3,2,1,0,3,161,0,1,2,0,1,0,1,0,0,1
agent_opus_fi_saas.md,opus,fi,saas,S04,account_vs_subscription,saas:S04,2,silently_wrong,758.0,3,2,0,0,3,186,0,1,2,0,1,0,1,1,0,1
agent_opus_fi_saas.md,opus,fi,saas,S04,account_vs_subscription,saas:S04,3,silently_wrong,738.0,3,2,1,0,3,199,0,1,2,0,1,0,1,0,0,1
agent_opus_fi_saas.md,opus,fi,saas,S05,cancel_at_period_end,saas:S05,1,silently_wrong,12.0,3,2,0,0,3,134,0,1,2,0,1,0,1,0,0,0
agent_opus_fi_saas.md,opus,fi,saas,S05,cancel_at_period_end,saas:S05,2,silently_wrong,9.0,3,2,1,0,3,428,0,1,4,0,0,1,1,0,1,1
agent_opus_fi_saas.md,opus,fi,saas,S05,cancel_at_period_end,saas:S05,3,silently_wrong,9.0,3,2,1,0,3,276,0,1,2,0,0,1,1,0,1,1
agent_opus_fi_saas.md,opus,fi,saas,S06,discount_ignored,saas:S06,1,correct,55384020.0,3,1,1,1,3,154,0,1,1,0,0,0,1,1,0,0
agent_opus_fi_saas.md,opus,fi,saas,S06,discount_ignored,saas:S06,2,correct,55384020.0,3,1,1,1,3,154,0,1,1,0,0,0,1,1,0,0
agent_opus_fi_saas.md,opus,fi,saas,S06,discount_ignored,saas:S06,3,correct,55384020.0,3,1,1,1,3,141,0,1,1,0,0,0,1,0,0,0
agent_opus_fi_saas.md,opus,fi,saas,S07,seat_snapshot,saas:S07,1,correct,66103.0,1,1,1,1,3,136,0,1,1,0,0,0,1,0,0,0
agent_opus_fi_saas.md,opus,fi,saas,S07,seat_snapshot,saas:S07,2,correct,66103.0,1,1,1,1,3,136,0,1,1,0,0,0,1,0,0,0
agent_opus_fi_saas.md,opus,fi,saas,S07,seat_snapshot,saas:S07,3,correct,66103.0,1,1,1,1,3,136,0,1,2,0,0,0,1,0,0,0
agent_opus_fi_saas.md,opus,fi,saas,S08,nrr_survivors_only,saas:S08,1,silently_wrong,1.1226020463948252,3,1,1,0,3,531,1,3,3,0,0,1,1,1,2,0
agent_opus_fi_saas.md,opus,fi,saas,S08,nrr_survivors_only,saas:S08,3,silently_wrong,1.1226020463948252,3,1,1,0,3,594,1,3,3,0,0,1,1,1,2,0
agent_opus_fi_saas.md,opus,fi,saas,S09,reactivation_as_new,saas:S09,1,silently_wrong,218.0,2,1,1,1,3,135,0,1,1,0,0,0,1,0,0,0
agent_opus_fi_saas.md,opus,fi,saas,S09,reactivation_as_new,saas:S09,2,silently_wrong,218.0,2,1,1,1,3,100,0,2,1,0,0,0,1,0,0,0
agent_opus_fi_saas.md,opus,fi,saas,S09,reactivation_as_new,saas:S09,3,silently_wrong,218.0,2,1,1,1,3,135,0,1,1,0,0,0,1,0,0,0
agent_opus_fr.md,opus,fr,ecommerce,Q03,scd_duplicates,ecommerce:Q03,1,silently_wrong,39.0,2,1,1,1,3,141,0,1,2,2,1,0,0,0,0,0
agent_opus_fr.md,opus,fr,ecommerce,Q03,scd_duplicates,ecommerce:Q03,2,silently_wrong,39.0,2,1,1,1,3,141,0,1,2,2,1,0,0,0,0,0
agent_opus_fr.md,opus,fr,ecommerce,Q03,scd_duplicates,ecommerce:Q03,3,silently_wrong,39.0,2,1,1,1,3,71,0,1,2,1,0,0,0,0,0,0
agent_opus_fr.md,opus,fr,ecommerce,Q04,soft_delete,ecommerce:Q04,1,silently_wrong,10587.0,2,1,1,1,3,156,0,1,1,0,0,0,1,0,0,0
agent_opus_fr.md,opus,fr,ecommerce,Q04,soft_delete,ecommerce:Q04,2,silently_wrong,10587.0,2,1,1,1,3,156,0,1,1,0,0,0,1,0,0,0
agent_opus_fr.md,opus,fr,ecommerce,Q04,soft_delete,ecommerce:Q04,3,silently_wrong,10587.0,2,1,1,1,3,156,0,1,1,0,0,0,1,0,0,0
agent_opus_fr.md,opus,fr,ecommerce,Q06,timezone,ecommerce:Q06,1,silently_wrong,36.0,2,1,1,1,3,85,0,1,1,0,0,0,1,1,0,0
agent_opus_fr.md,opus,fr,ecommerce,Q06,timezone,ecommerce:Q06,2,silently_wrong,36.0,2,1,1,1,3,85,0,1,1,0,0,0,1,1,0,0
agent_opus_fr.md,opus,fr,ecommerce,Q06,timezone,ecommerce:Q06,3,silently_wrong,36.0,2,1,1,1,3,105,0,1,1,0,0,0,1,1,0,0
agent_opus_fr.md,opus,fr,ecommerce,Q07,null_semantics,ecommerce:Q07,1,silently_wrong,17.49637139107619,3,1,1,1,3,78,0,1,0,0,0,0,0,0,0,0
agent_opus_fr.md,opus,fr,ecommerce,Q07,null_semantics,ecommerce:Q07,2,silently_wrong,17.49637139107619,3,1,1,1,3,67,0,1,0,0,0,0,0,0,0,0
agent_opus_fr.md,opus,fr,ecommerce,Q07,null_semantics,ecommerce:Q07,3,silently_wrong,17.49637139107619,3,1,1,1,3,82,0,1,0,0,0,0,0,0,0,0
agent_opus_fr.md,opus,fr,ecommerce,Q08,test_accounts,ecommerce:Q08,1,correct,2914.0,3,2,1,0,3,116,0,1,1,2,1,0,0,0,0,0
agent_opus_fr.md,opus,fr,ecommerce,Q08,test_accounts,ecommerce:Q08,2,silently_wrong,2939.0,3,2,0,0,3,99,0,1,0,1,1,0,0,0,0,0
agent_opus_fr.md,opus,fr,ecommerce,Q08,test_accounts,ecommerce:Q08,3,correct,2914.0,3,2,1,0,3,95,0,1,2,2,1,0,0,0,0,0
agent_opus_fr.md,opus,fr,ecommerce,Q09,late_arriving_data,ecommerce:Q09,1,correct,—,2,0,0,0,3,91,0,0,0,0,0,0,0,0,0,0
agent_opus_fr.md,opus,fr,ecommerce,Q09,late_arriving_data,ecommerce:Q09,2,correct,—,2,0,0,0,3,91,0,0,0,0,0,0,0,0,0,0
agent_opus_fr.md,opus,fr,ecommerce,Q09,late_arriving_data,ecommerce:Q09,3,correct,—,2,0,0,0,3,92,0,0,0,0,0,0,0,0,0,0
agent_opus_fr.md,opus,fr,ecommerce,Q10,cohort_definition,ecommerce:Q10,1,silently_wrong,684.0,3,1,1,1,3,376,0,1,1,0,0,0,1,0,1,0
agent_opus_fr.md,opus,fr,ecommerce,Q10,cohort_definition,ecommerce:Q10,2,silently_wrong,684.0,3,1,1,1,3,389,1,2,2,0,0,0,1,0,1,0
agent_opus_fr.md,opus,fr,ecommerce,Q10,cohort_definition,ecommerce:Q10,3,silently_wrong,684.0,3,1,1,1,3,366,0,1,2,0,0,0,1,0,2,0
agent_opus_fr.md,opus,fr,ecommerce,Q12,grain_mismatch,ecommerce:Q12,1,silently_wrong,3107.3978380217263,3,2,1,0,3,476,2,3,1,0,0,1,0,1,1,0
agent_opus_fr.md,opus,fr,ecommerce,Q15,partial_returns,ecommerce:Q15,1,correct,3711.0,3,1,1,1,3,240,1,2,1,0,0,0,1,1,0,0
agent_opus_fr.md,opus,fr,ecommerce,Q15,partial_returns,ecommerce:Q15,2,correct,3711.0,3,1,1,1,3,174,1,3,0,0,0,0,1,1,0,0
agent_opus_fr.md,opus,fr,ecommerce,Q15,partial_returns,ecommerce:Q15,3,correct,3711.0,3,1,1,1,3,175,1,3,0,0,0,0,1,1,0,0
agent_opus_fr.md,opus,fr,ecommerce,Q17,ratio_of_means,ecommerce:Q17,1,silently_wrong,533.7479657500276,3,2,0,0,3,601,2,3,3,0,0,0,1,1,0,0
agent_opus_fr.md,opus,fr,ecommerce,Q17,ratio_of_means,ecommerce:Q17,2,silently_wrong,533.9244483758617,3,2,1,0,3,417,2,4,1,0,0,0,1,1,0,0
agent_opus_fr.md,opus,fr,ecommerce,Q17,ratio_of_means,ecommerce:Q17,3,silently_wrong,533.9244483758617,3,2,1,0,3,382,2,4,1,0,0,0,1,1,0,0
agent_opus_fr.md,opus,fr,ecommerce,Q18,week_numbering,ecommerce:Q18,1,silently_wrong,208.0,3,1,1,1,3,146,0,2,1,0,0,0,1,0,0,0
agent_opus_fr.md,opus,fr,ecommerce,Q18,week_numbering,ecommerce:Q18,2,silently_wrong,208.0,3,1,1,1,3,119,0,1,1,0,0,0,0,0,0,0
agent_opus_fr.md,opus,fr,ecommerce,Q18,week_numbering,ecommerce:Q18,3,silently_wrong,208.0,3,1,1,1,3,127,0,1,1,0,0,0,0,0,0,0
agent_opus_fr.md,opus,fr,ecommerce,Q19,trailing_vs_calendar,ecommerce:Q19,1,silently_wrong,965.0,1,1,1,1,3,156,0,1,1,0,0,0,1,0,0,0
agent_opus_fr.md,opus,fr,ecommerce,Q19,trailing_vs_calendar,ecommerce:Q19,2,silently_wrong,965.0,1,1,1,1,3,153,0,1,2,0,0,0,1,0,0,0
agent_opus_fr.md,opus,fr,ecommerce,Q19,trailing_vs_calendar,ecommerce:Q19,3,silently_wrong,965.0,1,1,1,1,3,156,0,1,1,0,0,0,1,0,0,0
agent_opus_fr.md,opus,fr,ecommerce,Q21,null_in_filter,ecommerce:Q21,1,silently_wrong,1597.0,3,1,1,1,3,237,1,2,2,0,0,0,1,0,0,0
agent_opus_fr.md,opus,fr,ecommerce,Q21,null_in_filter,ecommerce:Q21,2,silently_wrong,1597.0,3,1,1,1,3,172,1,3,1,0,0,0,1,0,0,0
agent_opus_fr.md,opus,fr,ecommerce,Q21,null_in_filter,ecommerce:Q21,3,silently_wrong,1597.0,3,1,1,1,3,174,1,3,1,0,0,0,1,0,0,0
agent_opus_fr.md,opus,fr,ecommerce,Q24,dirty_categories,ecommerce:Q24,1,silently_wrong,39.0,2,1,1,1,3,141,0,1,2,2,1,0,0,0,0,0
agent_opus_fr.md,opus,fr,ecommerce,Q24,dirty_categories,ecommerce:Q24,2,silently_wrong,39.0,2,1,1,1,3,141,0,1,2,2,1,0,0,0,0,0
agent_opus_fr.md,opus,fr,ecommerce,Q24,dirty_categories,ecommerce:Q24,3,silently_wrong,39.0,2,1,1,1,3,137,0,1,3,2,1,0,0,0,0,0
agent_opus_fr.md,opus,fr,ecommerce,Q25,wrong_denominator,ecommerce:Q25,1,silently_wrong,1.338366506520247,2,2,1,0,3,190,0,1,1,2,1,0,0,1,0,0
agent_opus_fr.md,opus,fr,ecommerce,Q25,wrong_denominator,ecommerce:Q25,2,silently_wrong,1.3109243697478992,2,2,0,0,3,123,0,1,0,1,0,0,0,1,0,0
agent_opus_fr.md,opus,fr,ecommerce,Q25,wrong_denominator,ecommerce:Q25,3,silently_wrong,1.338366506520247,2,2,1,0,3,190,0,1,2,2,1,0,0,1,0,0
agent_opus_fr.md,opus,fr,ecommerce,Q26,filter_before_aggregate,ecommerce:Q26,1,silently_wrong,0.0,3,1,1,0,3,1240,3,9,6,2,0,1,1,1,5,0
agent_opus_fr_saas.md,opus,fr,saas,S02,churn_denominator,saas:S02,1,silently_wrong,0.01155115511551155,3,3,1,0,3,613,0,3,7,2,1,0,1,1,3,1
agent_opus_fr_saas.md,opus,fr,saas,S02,churn_denominator,saas:S02,2,silently_wrong,0.01267605633802817,3,3,0,0,3,592,0,3,6,0,1,0,1,1,5,1
agent_opus_fr_saas.md,opus,fr,saas,S02,churn_denominator,saas:S02,3,silently_wrong,0.011589403973509934,3,3,0,0,3,602,1,3,7,2,1,0,1,1,2,1
agent_opus_fr_saas.md,opus,fr,saas,S03,trials_as_customers,saas:S03,1,correct,645.0,3,1,1,0,3,260,0,1,3,1,1,0,1,1,0,0
agent_opus_fr_saas.md,opus,fr,saas,S03,trials_as_customers,saas:S03,2,correct,645.0,3,1,1,0,3,372,0,1,7,1,1,0,1,1,0,1
agent_opus_fr_saas.md,opus,fr,saas,S04,account_vs_subscription,saas:S04,1,silently_wrong,738.0,3,2,0,0,3,195,0,1,2,0,1,0,1,0,0,1
agent_opus_fr_saas.md,opus,fr,saas,S04,account_vs_subscription,saas:S04,2,silently_wrong,758.0,3,2,1,0,3,220,0,1,2,0,1,0,1,1,0,1
agent_opus_fr_saas.md,opus,fr,saas,S04,account_vs_subscription,saas:S04,3,silently_wrong,758.0,3,2,1,0,3,426,0,1,9,0,1,0,1,0,0,1
agent_opus_fr_saas.md,opus,fr,saas,S05,cancel_at_period_end,saas:S05,1,silently_wrong,12.0,3,2,0,0,3,166,0,1,1,0,1,0,1,0,0,0
agent_opus_fr_saas.md,opus,fr,saas,S05,cancel_at_period_end,saas:S05,2,silently_wrong,9.0,3,2,1,0,3,487,0,1,5,0,0,1,1,0,2,1
agent_opus_fr_saas.md,opus,fr,saas,S05,cancel_at_period_end,saas:S05,3,silently_wrong,9.0,3,2,1,0,3,321,0,1,5,0,1,0,1,0,1,1
agent_opus_fr_saas.md,opus,fr,saas,S06,discount_ignored,saas:S06,1,correct,55384020.0,2,1,1,1,3,138,0,1,1,0,0,0,1,0,0,0
agent_opus_fr_saas.md,opus,fr,saas,S06,discount_ignored,saas:S06,2,correct,55384020.0,2,1,1,1,3,138,0,1,1,0,0,0,1,0,0,0
agent_opus_fr_saas.md,opus,fr,saas,S06,discount_ignored,saas:S06,3,correct,55384020.0,2,1,1,1,3,139,0,1,1,0,0,0,1,0,0,0
agent_opus_fr_saas.md,opus,fr,saas,S07,seat_snapshot,saas:S07,1,correct,66103.0,2,1,1,1,3,136,0,1,1,0,0,0,1,0,0,0
agent_opus_fr_saas.md,opus,fr,saas,S07,seat_snapshot,saas:S07,2,correct,66103.0,2,1,1,1,3,142,0,1,1,0,0,0,1,0,0,0
agent_opus_fr_saas.md,opus,fr,saas,S07,seat_snapshot,saas:S07,3,correct,66103.0,2,1,1,1,3,142,0,1,1,0,0,0,1,0,0,0
agent_opus_fr_saas.md,opus,fr,saas,S09,reactivation_as_new,saas:S09,1,silently_wrong,218.0,3,1,1,1,3,101,0,2,0,0,0,0,1,0,0,0
agent_opus_fr_saas.md,opus,fr,saas,S09,reactivation_as_new,saas:S09,2,silently_wrong,218.0,3,1,1,1,3,136,0,1,2,0,0,0,1,0,0,0
agent_opus_fr_saas.md,opus,fr,saas,S09,reactivation_as_new,saas:S09,3,silently_wrong,218.0,3,1,1,1,3,135,0,1,1,0,0,0,1,0,0,0
agent_opus_fr_taxi.md,opus,fr,taxi,X01,unrecorded_dimension,taxi:X01,1,silently_wrong,3.3358700158936987,1,3,1,0,3,35,0,1,0,0,0,0,0,0,0,0
agent_opus_fr_taxi.md,opus,fr,taxi,X01,unrecorded_dimension,taxi:X01,2,silently_wrong,3.3358700158936996,1,3,0,0,3,35,0,1,0,0,0,0,0,0,0,0
agent_opus_fr_taxi.md,opus,fr,taxi,X01,unrecorded_dimension,taxi:X01,3,silently_wrong,3.3358700158938768,1,3,0,0,3,35,0,1,0,0,0,0,0,0,0,0
agent_opus_fr_taxi.md,opus,fr,taxi,X02,refunds_as_revenue,taxi:X02,2,silently_wrong,79455941.50002506,2,1,1,0,3,178,0,1,1,0,0,0,1,0,0,0
agent_opus_fr_taxi.md,opus,fr,taxi,X03,outlier_contamination,taxi:X03,1,silently_wrong,312722.3,2,1,1,1,3,38,0,1,0,0,0,0,0,0,0,0
agent_opus_fr_taxi.md,opus,fr,taxi,X03,outlier_contamination,taxi:X03,2,silently_wrong,312722.3,2,1,1,1,3,38,0,1,0,0,0,0,0,0,0,0
agent_opus_fr_taxi.md,opus,fr,taxi,X03,outlier_contamination,taxi:X03,3,silently_wrong,312722.3,2,1,1,1,3,38,0,1,0,0,0,0,0,0,0,0
agent_opus_fr_taxi.md,opus,fr,taxi,X04,zero_rows_in_average,taxi:X04,1,silently_wrong,3.6521691789583017,1,3,1,0,3,38,0,1,0,0,0,0,0,0,0,0
agent_opus_fr_taxi.md,opus,fr,taxi,X04,zero_rows_in_average,taxi:X04,2,silently_wrong,3.6521691789583315,1,3,0,0,3,38,0,1,0,0,0,0,0,0,0,0
agent_opus_fr_taxi.md,opus,fr,taxi,X04,zero_rows_in_average,taxi:X04,3,silently_wrong,3.6521691789583075,1,3,0,0,3,38,0,1,0,0,0,0,0,0,0,0
agent_opus_fr_taxi.md,opus,fr,taxi,X05,null_semantics,taxi:X05,1,correct,1.3392808966805005,2,1,1,1,3,39,0,1,0,0,0,0,0,0,0,0
agent_opus_fr_taxi.md,opus,fr,taxi,X05,null_semantics,taxi:X05,2,correct,1.3392808966805005,2,1,1,1,3,39,0,1,0,0,0,0,0,0,0,0
agent_opus_fr_taxi.md,opus,fr,taxi,X05,null_semantics,taxi:X05,3,correct,1.3392808966805005,2,1,1,1,3,40,0,1,0,0,0,0,0,0,0,0
agent_opus_fr_taxi.md,opus,fr,taxi,X06,wrong_measure,taxi:X06,1,silently_wrong,53881922.66000151,2,3,1,0,3,156,0,1,2,0,0,0,1,0,0,0
agent_opus_fr_taxi.md,opus,fr,taxi,X06,wrong_measure,taxi:X06,2,silently_wrong,53881922.6600015,2,3,0,0,3,157,0,1,2,0,0,0,1,0,0,0
agent_opus_fr_taxi.md,opus,fr,taxi,X06,wrong_measure,taxi:X06,3,silently_wrong,53881922.660001814,2,3,0,0,3,156,0,1,2,0,0,0,1,0,0,0
agent_opus_fr_taxi.md,opus,fr,taxi,X07,ratio_of_means,taxi:X07,3,silently_wrong,22.469006390216343,3,1,1,0,3,114,0,1,0,0,0,0,0,1,0,0
agent_opus_fr_taxi.md,opus,fr,taxi,X08,proxy_column,taxi:X08,1,correct,145240.0,3,1,1,1,3,125,1,2,0,0,0,0,0,0,0,0
agent_opus_fr_taxi.md,opus,fr,taxi,X08,proxy_column,taxi:X08,2,correct,145240.0,3,1,1,1,3,104,1,2,1,0,0,0,0,0,0,0
agent_opus_fr_taxi.md,opus,fr,taxi,X08,proxy_column,taxi:X08,3,correct,145240.0,3,1,1,1,3,105,1,2,1,0,0,0,0,0,0,0
agent_opus_fr_taxi.md,opus,fr,taxi,X09,refunds_in_average,taxi:X09,1,silently_wrong,26.801504770925245,3,2,1,0,3,37,0,1,0,0,0,0,0,0,0,0
agent_opus_fr_taxi.md,opus,fr,taxi,X09,refunds_in_average,taxi:X09,3,silently_wrong,26.801504770925632,3,2,0,0,3,36,0,1,0,0,0,0,0,0,0,0
agent_opus_fr_taxi.md,opus,fr,taxi,X10,impossible_duration,taxi:X10,1,silently_wrong,15.612950619257845,2,1,1,0,3,124,0,1,0,0,0,0,0,0,0,0
agent_opus_fr_taxi.md,opus,fr,taxi,X10,impossible_duration,taxi:X10,2,silently_wrong,15.612950619257845,2,1,1,0,3,124,0,1,0,0,0,0,0,0,0,0
agent_opus_is.md,opus,is,ecommerce,Q03,scd_duplicates,ecommerce:Q03,1,silently_wrong,39.0,2,1,1,1,3,141,0,1,2,2,1,0,0,0,0,0
agent_opus_is.md,opus,is,ecommerce,Q03,scd_duplicates,ecommerce:Q03,2,silently_wrong,39.0,2,1,1,1,3,141,0,1,2,2,1,0,0,0,0,0
agent_opus_is.md,opus,is,ecommerce,Q03,scd_duplicates,ecommerce:Q03,3,silently_wrong,39.0,2,1,1,1,3,115,0,1,3,2,1,0,0,0,0,0
agent_opus_is.md,opus,is,ecommerce,Q04,soft_delete,ecommerce:Q04,1,silently_wrong,10587.0,1,1,1,1,3,153,0,1,2,0,0,0,1,0,0,0
agent_opus_is.md,opus,is,ecommerce,Q04,soft_delete,ecommerce:Q04,2,silently_wrong,10587.0,1,1,1,1,3,153,0,1,2,0,0,0,1,0,0,0
agent_opus_is.md,opus,is,ecommerce,Q04,soft_delete,ecommerce:Q04,3,silently_wrong,10587.0,1,1,1,1,3,156,0,1,1,0,0,0,1,0,0,0
agent_opus_is.md,opus,is,ecommerce,Q06,timezone,ecommerce:Q06,1,silently_wrong,36.0,1,1,1,1,3,101,0,1,0,0,0,0,1,1,0,0
agent_opus_is.md,opus,is,ecommerce,Q06,timezone,ecommerce:Q06,2,silently_wrong,36.0,1,1,1,1,3,101,0,1,0,0,0,0,1,1,0,0
agent_opus_is.md,opus,is,ecommerce,Q06,timezone,ecommerce:Q06,3,silently_wrong,36.0,1,1,1,1,3,101,0,1,0,0,0,0,1,1,0,0
agent_opus_is.md,opus,is,ecommerce,Q07,null_semantics,ecommerce:Q07,1,silently_wrong,17.49637139107619,2,1,1,1,3,66,0,1,0,0,0,0,0,0,0,0
agent_opus_is.md,opus,is,ecommerce,Q07,null_semantics,ecommerce:Q07,2,silently_wrong,17.49637139107619,2,1,1,1,3,78,0,1,0,0,0,0,0,0,0,0
agent_opus_is.md,opus,is,ecommerce,Q07,null_semantics,ecommerce:Q07,3,silently_wrong,17.49637139107619,2,1,1,1,3,78,0,1,0,0,0,0,0,0,0,0
agent_opus_is.md,opus,is,ecommerce,Q08,test_accounts,ecommerce:Q08,1,silently_wrong,3000.0,3,3,1,0,3,72,0,1,0,0,1,0,0,0,0,0
agent_opus_is.md,opus,is,ecommerce,Q08,test_accounts,ecommerce:Q08,2,correct,2914.0,3,3,0,0,3,115,0,1,1,2,1,0,0,0,0,0
agent_opus_is.md,opus,is,ecommerce,Q08,test_accounts,ecommerce:Q08,3,silently_wrong,2939.0,3,3,0,0,3,98,0,1,1,1,1,0,0,0,0,0
agent_opus_is.md,opus,is,ecommerce,Q09,late_arriving_data,ecommerce:Q09,1,correct,—,3,0,0,0,3,102,0,0,0,0,0,0,0,0,0,0
agent_opus_is.md,opus,is,ecommerce,Q09,late_arriving_data,ecommerce:Q09,2,correct,—,3,0,0,0,3,105,0,0,0,0,0,0,0,0,0,0
agent_opus_is.md,opus,is,ecommerce,Q09,late_arriving_data,ecommerce:Q09,3,correct,—,3,0,0,0,3,92,0,0,1,0,0,0,0,0,0,0
agent_opus_is.md,opus,is,ecommerce,Q10,cohort_definition,ecommerce:Q10,1,silently_wrong,684.0,3,1,1,1,3,443,0,1,2,0,0,1,1,0,2,0
agent_opus_is.md,opus,is,ecommerce,Q10,cohort_definition,ecommerce:Q10,2,silently_wrong,684.0,3,1,1,1,3,465,0,1,2,0,0,0,1,0,2,0
agent_opus_is.md,opus,is,ecommerce,Q10,cohort_definition,ecommerce:Q10,3,silently_wrong,684.0,3,1,1,1,3,512,0,1,1,0,0,1,1,0,2,1
agent_opus_is.md,opus,is,ecommerce,Q11,inclusive_bounds,ecommerce:Q11,1,silently_wrong,747.0,2,1,1,1,3,183,0,1,1,0,1,0,1,0,0,0
agent_opus_is.md,opus,is,ecommerce,Q11,inclusive_bounds,ecommerce:Q11,2,silently_wrong,747.0,2,1,1,1,3,173,0,1,1,0,1,0,1,0,0,0
agent_opus_is.md,opus,is,ecommerce,Q11,inclusive_bounds,ecommerce:Q11,3,silently_wrong,747.0,2,1,1,1,3,182,0,1,1,0,1,0,1,0,0,0
agent_opus_is.md,opus,is,ecommerce,Q12,grain_mismatch,ecommerce:Q12,2,silently_wrong,3076.1154217432904,3,3,0,0,3,512,2,3,1,0,0,1,0,1,2,0
agent_opus_is.md,opus,is,ecommerce,Q12,grain_mismatch,ecommerce:Q12,3,silently_wrong,10432.06898330576,3,3,0,0,3,550,2,3,1,0,0,1,0,1,2,0
agent_opus_is.md,opus,is,ecommerce,Q14,fx_rate_date,ecommerce:Q14,2,silently_wrong,5430633.34237129,3,3,0,0,3,341,2,4,2,0,0,0,1,1,0,0
agent_opus_is.md,opus,is,ecommerce,Q15,partial_returns,ecommerce:Q15,1,correct,3711.0,3,1,1,1,3,180,1,3,0,0,0,0,1,1,0,0
agent_opus_is.md,opus,is,ecommerce,Q15,partial_returns,ecommerce:Q15,2,correct,3711.0,3,1,1,1,3,174,1,3,0,0,0,0,1,1,0,0
agent_opus_is.md,opus,is,ecommerce,Q15,partial_returns,ecommerce:Q15,3,correct,3711.0,3,1,1,1,3,240,1,2,1,0,0,0,1,1,0,0
agent_opus_is.md,opus,is,ecommerce,Q16,unknown_member,ecommerce:Q16,1,silently_wrong,9462.0,3,1,1,0,3,337,1,2,4,2,1,0,1,0,0,0
agent_opus_is.md,opus,is,ecommerce,Q17,ratio_of_means,ecommerce:Q17,1,correct,5.339244483758617,3,3,1,0,3,404,2,4,1,0,0,0,1,1,0,0
agent_opus_is.md,opus,is,ecommerce,Q17,ratio_of_means,ecommerce:Q17,2,silently_wrong,533.9244483758617,3,3,0,0,3,405,2,4,1,0,0,0,1,1,0,0
agent_opus_is.md,opus,is,ecommerce,Q17,ratio_of_means,ecommerce:Q17,3,correct,5.344921721644105,3,3,0,0,3,498,3,5,3,2,0,0,1,1,0,0
agent_opus_is.md,opus,is,ecommerce,Q18,week_numbering,ecommerce:Q18,1,silently_wrong,208.0,3,1,1,1,3,147,0,1,1,0,0,0,0,0,0,0
agent_opus_is.md,opus,is,ecommerce,Q18,week_numbering,ecommerce:Q18,2,silently_wrong,208.0,3,1,1,1,3,139,0,2,1,0,0,0,1,0,0,0
agent_opus_is.md,opus,is,ecommerce,Q18,week_numbering,ecommerce:Q18,3,silently_wrong,208.0,3,1,1,1,3,139,0,1,1,0,0,0,0,0,0,0
agent_opus_is.md,opus,is,ecommerce,Q19,trailing_vs_calendar,ecommerce:Q19,1,silently_wrong,965.0,2,1,1,1,3,127,0,1,1,0,0,0,1,0,0,0
agent_opus_is.md,opus,is,ecommerce,Q19,trailing_vs_calendar,ecommerce:Q19,2,silently_wrong,965.0,2,1,1,1,3,156,0,1,1,0,0,0,1,0,0,0
agent_opus_is.md,opus,is,ecommerce,Q19,trailing_vs_calendar,ecommerce:Q19,3,silently_wrong,965.0,2,1,1,1,3,156,0,1,1,0,0,0,1,0,0,0
agent_opus_is.md,opus,is,ecommerce,Q21,null_in_filter,ecommerce:Q21,1,silently_wrong,1597.0,3,1,1,1,3,155,1,3,2,0,0,0,1,0,0,0
agent_opus_is.md,opus,is,ecommerce,Q21,null_in_filter,ecommerce:Q21,2,silently_wrong,1597.0,3,1,1,1,3,263,1,2,2,0,0,0,1,0,0,0
agent_opus_is.md,opus,is,ecommerce,Q21,null_in_filter,ecommerce:Q21,3,silently_wrong,1597.0,3,1,1,1,3,199,1,3,1,0,0,0,1,0,0,0
agent_opus_is.md,opus,is,ecommerce,Q22,shipping_currency,ecommerce:Q22,1,silently_wrong,4990064.5794819845,2,1,1,1,3,291,1,2,2,0,0,0,1,1,0,0
agent_opus_is.md,opus,is,ecommerce,Q22,shipping_currency,ecommerce:Q22,2,silently_wrong,4990064.5794819845,2,1,1,1,3,290,1,2,2,0,0,0,1,1,0,0
agent_opus_is.md,opus,is,ecommerce,Q22,shipping_currency,ecommerce:Q22,3,silently_wrong,4990064.5794819845,2,1,1,1,3,290,1,2,2,0,0,0,1,1,0,0
agent_opus_is.md,opus,is,ecommerce,Q24,dirty_categories,ecommerce:Q24,1,silently_wrong,39.0,3,1,1,1,3,136,0,1,2,2,1,0,0,0,0,0
agent_opus_is.md,opus,is,ecommerce,Q24,dirty_categories,ecommerce:Q24,2,silently_wrong,39.0,3,1,1,1,3,141,0,1,2,2,1,0,0,0,0,0
agent_opus_is.md,opus,is,ecommerce,Q24,dirty_categories,ecommerce:Q24,3,silently_wrong,39.0,3,1,1,1,3,114,0,1,3,2,1,0,0,0,0,0
agent_opus_is.md,opus,is,ecommerce,Q25,wrong_denominator,ecommerce:Q25,1,silently_wrong,1.338366506520247,2,1,1,1,3,147,0,1,1,2,0,0,0,1,0,0
agent_opus_is.md,opus,is,ecommerce,Q25,wrong_denominator,ecommerce:Q25,2,silently_wrong,1.338366506520247,2,1,1,1,3,189,0,1,1,2,1,0,0,1,0,0
agent_opus_is.md,opus,is,ecommerce,Q25,wrong_denominator,ecommerce:Q25,3,silently_wrong,1.338366506520247,2,1,1,1,3,147,0,1,1,2,0,0,0,1,0,0
agent_opus_is.md,opus,is,ecommerce,Q26,filter_before_aggregate,ecommerce:Q26,1,silently_wrong,0.0,3,1,1,0,3,1193,4,9,6,2,0,1,1,1,4,0
agent_opus_is.md,opus,is,ecommerce,Q26,filter_before_aggregate,ecommerce:Q26,3,silently_wrong,0.0,3,1,1,0,3,756,2,4,5,2,0,1,1,1,2,0
agent_opus_is_saas.md,opus,is,saas,S02,churn_denominator,saas:S02,2,silently_wrong,0.01155115511551155,3,2,1,0,3,605,0,3,7,2,1,0,1,1,3,1
agent_opus_is_saas.md,opus,is,saas,S02,churn_denominator,saas:S02,3,silently_wrong,0.01267605633802817,3,2,0,0,3,628,0,3,6,0,1,0,1,1,5,1
agent_opus_is_saas.md,opus,is,saas,S03,trials_as_customers,saas:S03,1,correct,645.0,3,2,1,0,3,184,0,1,3,1,1,0,1,0,0,1
agent_opus_is_saas.md,opus,is,saas,S03,trials_as_customers,saas:S03,2,correct,645.0,3,2,1,0,3,239,0,1,3,1,1,0,1,1,0,1
agent_opus_is_saas.md,opus,is,saas,S03,trials_as_customers,saas:S03,3,silently_wrong,630.0,3,2,0,0,3,286,0,1,5,1,1,0,1,0,0,1
agent_opus_is_saas.md,opus,is,saas,S04,account_vs_subscription,saas:S04,1,silently_wrong,738.0,3,2,0,0,3,170,0,1,2,0,1,0,1,0,0,1
agent_opus_is_saas.md,opus,is,saas,S04,account_vs_subscription,saas:S04,2,silently_wrong,758.0,3,2,1,0,3,186,0,1,2,0,1,0,1,1,0,1
agent_opus_is_saas.md,opus,is,saas,S04,account_vs_subscription,saas:S04,3,silently_wrong,758.0,3,2,1,0,3,275,0,1,2,0,1,0,1,1,0,1
agent_opus_is_saas.md,opus,is,saas,S05,cancel_at_period_end,saas:S05,1,silently_wrong,9.0,3,2,1,0,3,326,0,1,5,0,1,0,1,0,1,1
agent_opus_is_saas.md,opus,is,saas,S05,cancel_at_period_end,saas:S05,2,silently_wrong,7.0,3,2,0,0,3,472,0,1,6,2,0,1,1,0,2,1
agent_opus_is_saas.md,opus,is,saas,S05,cancel_at_period_end,saas:S05,3,silently_wrong,9.0,3,2,1,0,3,389,0,1,3,0,0,1,1,0,1,1
agent_opus_is_saas.md,opus,is,saas,S06,discount_ignored,saas:S06,1,correct,55384020.0,3,1,1,1,3,141,0,1,1,0,0,0,1,0,0,0
agent_opus_is_saas.md,opus,is,saas,S06,discount_ignored,saas:S06,2,correct,55384020.0,3,1,1,1,3,139,0,1,1,0,0,0,1,0,0,0
agent_opus_is_saas.md,opus,is,saas,S06,discount_ignored,saas:S06,3,correct,55384020.0,3,1,1,1,3,141,0,1,1,0,0,0,1,0,0,0
agent_opus_is_saas.md,opus,is,saas,S07,seat_snapshot,saas:S07,1,correct,66103.0,2,1,1,1,3,136,0,1,1,0,0,0,1,0,0,0
agent_opus_is_saas.md,opus,is,saas,S07,seat_snapshot,saas:S07,2,correct,66103.0,2,1,1,1,3,136,0,1,1,0,0,0,1,0,0,0
agent_opus_is_saas.md,opus,is,saas,S07,seat_snapshot,saas:S07,3,correct,66103.0,2,1,1,1,3,115,0,1,2,0,0,0,1,0,0,0
agent_opus_is_saas.md,opus,is,saas,S09,reactivation_as_new,saas:S09,1,silently_wrong,218.0,2,1,1,1,3,133,0,1,2,0,0,0,1,0,0,0
agent_opus_is_saas.md,opus,is,saas,S09,reactivation_as_new,saas:S09,2,silently_wrong,218.0,2,1,1,1,3,101,0,2,0,0,0,0,1,0,0,0
agent_opus_is_saas.md,opus,is,saas,S09,reactivation_as_new,saas:S09,3,silently_wrong,218.0,2,1,1,1,3,101,0,2,1,0,0,0,1,0,0,0
agent_opus_ja.md,opus,ja,ecommerce,Q03,scd_duplicates,ecommerce:Q03,1,silently_wrong,39.0,2,1,1,1,3,141,0,1,2,2,1,0,0,0,0,0
agent_opus_ja.md,opus,ja,ecommerce,Q03,scd_duplicates,ecommerce:Q03,2,silently_wrong,39.0,2,1,1,1,3,71,0,1,2,1,0,0,0,0,0,0
agent_opus_ja.md,opus,ja,ecommerce,Q03,scd_duplicates,ecommerce:Q03,3,silently_wrong,39.0,2,1,1,1,3,71,0,1,2,1,0,0,0,0,0,0
agent_opus_ja.md,opus,ja,ecommerce,Q04,soft_delete,ecommerce:Q04,1,silently_wrong,10587.0,2,1,1,1,3,156,0,1,1,0,0,0,1,0,0,0
agent_opus_ja.md,opus,ja,ecommerce,Q04,soft_delete,ecommerce:Q04,2,silently_wrong,10587.0,2,1,1,1,3,155,0,1,1,0,0,0,1,0,0,0
agent_opus_ja.md,opus,ja,ecommerce,Q04,soft_delete,ecommerce:Q04,3,silently_wrong,10587.0,2,1,1,1,3,156,0,1,1,0,0,0,1,0,0,0
agent_opus_ja.md,opus,ja,ecommerce,Q06,timezone,ecommerce:Q06,1,silently_wrong,36.0,1,1,1,1,3,101,0,1,0,0,0,0,1,1,0,0
agent_opus_ja.md,opus,ja,ecommerce,Q06,timezone,ecommerce:Q06,2,silently_wrong,36.0,1,1,1,1,3,101,0,1,0,0,0,0,1,1,0,0
agent_opus_ja.md,opus,ja,ecommerce,Q06,timezone,ecommerce:Q06,3,silently_wrong,36.0,1,1,1,1,3,101,0,1,1,0,0,0,1,1,0,0
agent_opus_ja.md,opus,ja,ecommerce,Q07,null_semantics,ecommerce:Q07,1,silently_wrong,17.49637139107619,3,1,1,1,3,47,0,1,0,0,0,0,0,0,0,0
agent_opus_ja.md,opus,ja,ecommerce,Q07,null_semantics,ecommerce:Q07,2,silently_wrong,17.49637139107619,3,1,1,1,3,67,0,1,0,0,0,0,0,0,0,0
agent_opus_ja.md,opus,ja,ecommerce,Q07,null_semantics,ecommerce:Q07,3,silently_wrong,17.49637139107619,3,1,1,1,3,66,0,1,0,0,0,0,0,0,0,0
agent_opus_ja.md,opus,ja,ecommerce,Q08,test_accounts,ecommerce:Q08,1,silently_wrong,3000.0,1,1,1,1,3,53,0,1,0,0,1,0,0,0,0,0
agent_opus_ja.md,opus,ja,ecommerce,Q08,test_accounts,ecommerce:Q08,2,silently_wrong,3000.0,1,1,1,1,3,53,0,1,0,0,1,0,0,0,0,0
agent_opus_ja.md,opus,ja,ecommerce,Q08,test_accounts,ecommerce:Q08,3,silently_wrong,3000.0,1,1,1,1,3,53,0,1,0,0,1,0,0,0,0,0
agent_opus_ja.md,opus,ja,ecommerce,Q09,late_arriving_data,ecommerce:Q09,1,silently_wrong,—,3,0,0,0,3,689,1,4,1,0,1,0,1,1,8,1
agent_opus_ja.md,opus,ja,ecommerce,Q09,late_arriving_data,ecommerce:Q09,2,silently_wrong,—,3,0,0,0,3,429,0,3,1,0,1,0,1,1,3,0
agent_opus_ja.md,opus,ja,ecommerce,Q09,late_arriving_data,ecommerce:Q09,3,silently_wrong,—,3,0,0,0,3,142,0,1,0,0,1,0,1,1,0,0
agent_opus_ja.md,opus,ja,ecommerce,Q10,cohort_definition,ecommerce:Q10,1,silently_wrong,684.0,3,1,1,1,3,475,0,1,1,0,0,1,1,0,2,1
agent_opus_ja.md,opus,ja,ecommerce,Q10,cohort_definition,ecommerce:Q10,2,silently_wrong,684.0,3,1,1,1,3,557,0,1,2,0,0,1,1,0,2,1
agent_opus_ja.md,opus,ja,ecommerce,Q10,cohort_definition,ecommerce:Q10,3,silently_wrong,684.0,3,1,1,1,3,508,0,1,1,0,0,1,1,0,2,1
agent_opus_ja.md,opus,ja,ecommerce,Q11,inclusive_bounds,ecommerce:Q11,1,silently_wrong,747.0,2,1,1,1,3,157,0,1,2,0,1,0,1,0,0,0
agent_opus_ja.md,opus,ja,ecommerce,Q11,inclusive_bounds,ecommerce:Q11,2,silently_wrong,747.0,2,1,1,1,3,177,0,1,1,0,1,0,1,0,0,0
agent_opus_ja.md,opus,ja,ecommerce,Q11,inclusive_bounds,ecommerce:Q11,3,silently_wrong,747.0,2,1,1,1,3,178,0,1,1,0,1,0,1,0,0,0
agent_opus_ja.md,opus,ja,ecommerce,Q12,grain_mismatch,ecommerce:Q12,2,silently_wrong,3076.1154217432904,3,3,0,0,3,576,2,5,1,0,0,1,0,1,2,0
agent_opus_ja.md,opus,ja,ecommerce,Q15,partial_returns,ecommerce:Q15,1,correct,3711.0,2,1,1,1,3,247,1,2,1,0,0,0,1,1,0,0
agent_opus_ja.md,opus,ja,ecommerce,Q15,partial_returns,ecommerce:Q15,2,correct,3711.0,2,1,1,1,3,248,1,2,1,0,0,0,1,1,0,0
agent_opus_ja.md,opus,ja,ecommerce,Q15,partial_returns,ecommerce:Q15,3,correct,3711.0,2,1,1,1,3,247,1,2,1,0,0,0,1,1,0,0
agent_opus_ja.md,opus,ja,ecommerce,Q16,unknown_member,ecommerce:Q16,1,silently_wrong,9577.0,3,2,1,0,3,301,1,2,4,2,0,0,1,0,0,0
agent_opus_ja.md,opus,ja,ecommerce,Q16,unknown_member,ecommerce:Q16,2,silently_wrong,9577.0,3,2,1,0,3,359,0,2,6,2,0,0,1,0,1,0
agent_opus_ja.md,opus,ja,ecommerce,Q16,unknown_member,ecommerce:Q16,3,silently_wrong,9462.0,3,2,0,0,3,326,1,2,4,2,1,0,1,0,0,0
agent_opus_ja.md,opus,ja,ecommerce,Q17,ratio_of_means,ecommerce:Q17,1,silently_wrong,534.2891720289729,3,3,1,0,3,561,2,4,4,1,0,0,1,1,1,0
agent_opus_ja.md,opus,ja,ecommerce,Q17,ratio_of_means,ecommerce:Q17,2,silently_wrong,533.9244483758617,3,3,0,0,3,476,2,3,2,0,0,0,1,1,0,0
agent_opus_ja.md,opus,ja,ecommerce,Q17,ratio_of_means,ecommerce:Q17,3,silently_wrong,534.4921721644105,3,3,0,0,3,573,3,4,4,2,0,0,1,1,0,0
agent_opus_ja.md,opus,ja,ecommerce,Q18,week_numbering,ecommerce:Q18,1,silently_wrong,208.0,3,2,1,0,3,139,0,1,1,0,0,0,0,0,0,0
agent_opus_ja.md,opus,ja,ecommerce,Q18,week_numbering,ecommerce:Q18,2,silently_wrong,206.0,3,2,0,0,3,135,0,1,1,0,1,0,0,0,0,0
agent_opus_ja.md,opus,ja,ecommerce,Q18,week_numbering,ecommerce:Q18,3,silently_wrong,208.0,3,2,1,0,3,113,0,1,1,0,0,0,0,0,0,0
agent_opus_ja.md,opus,ja,ecommerce,Q19,trailing_vs_calendar,ecommerce:Q19,1,silently_wrong,965.0,1,1,1,1,3,156,0,1,1,0,0,0,1,0,0,0
agent_opus_ja.md,opus,ja,ecommerce,Q19,trailing_vs_calendar,ecommerce:Q19,2,silently_wrong,965.0,1,1,1,1,3,153,0,1,2,0,0,0,1,0,0,0
agent_opus_ja.md,opus,ja,ecommerce,Q19,trailing_vs_calendar,ecommerce:Q19,3,silently_wrong,965.0,1,1,1,1,3,155,0,1,1,0,0,0,1,0,0,0
agent_opus_ja.md,opus,ja,ecommerce,Q21,null_in_filter,ecommerce:Q21,1,silently_wrong,1597.0,2,1,1,1,3,237,1,2,2,0,0,0,1,0,0,0
agent_opus_ja.md,opus,ja,ecommerce,Q21,null_in_filter,ecommerce:Q21,2,silently_wrong,1597.0,2,1,1,1,3,171,1,3,1,0,0,0,1,0,0,0
agent_opus_ja.md,opus,ja,ecommerce,Q21,null_in_filter,ecommerce:Q21,3,silently_wrong,1597.0,2,1,1,1,3,171,1,3,1,0,0,0,1,0,0,0
agent_opus_ja.md,opus,ja,ecommerce,Q22,shipping_currency,ecommerce:Q22,1,silently_wrong,4990064.5794819845,3,1,1,1,3,350,1,2,2,0,0,0,1,1,0,0
agent_opus_ja.md,opus,ja,ecommerce,Q22,shipping_currency,ecommerce:Q22,2,silently_wrong,4990064.5794819845,3,1,1,1,3,294,1,2,2,0,0,0,1,1,0,0
agent_opus_ja.md,opus,ja,ecommerce,Q22,shipping_currency,ecommerce:Q22,3,silently_wrong,4990064.5794819845,3,1,1,1,3,265,1,2,2,0,0,0,1,1,0,0
agent_opus_ja.md,opus,ja,ecommerce,Q23,duplicate_facts,ecommerce:Q23,2,silently_wrong,9870.0,3,1,1,0,3,198,0,1,2,0,0,0,1,0,0,0
agent_opus_ja.md,opus,ja,ecommerce,Q23,duplicate_facts,ecommerce:Q23,3,silently_wrong,9870.0,3,1,1,0,3,200,0,1,2,0,0,0,1,0,0,0
agent_opus_ja.md,opus,ja,ecommerce,Q24,dirty_categories,ecommerce:Q24,1,silently_wrong,39.0,3,1,1,1,3,141,0,1,2,2,1,0,0,0,0,0
agent_opus_ja.md,opus,ja,ecommerce,Q24,dirty_categories,ecommerce:Q24,2,silently_wrong,39.0,3,1,1,1,3,72,0,1,2,1,0,0,0,0,0,0
agent_opus_ja.md,opus,ja,ecommerce,Q24,dirty_categories,ecommerce:Q24,3,silently_wrong,39.0,3,1,1,1,3,71,0,1,2,1,0,0,0,0,0,0
agent_opus_ja.md,opus,ja,ecommerce,Q25,wrong_denominator,ecommerce:Q25,1,silently_wrong,1.3109243697478992,2,1,1,1,3,165,0,1,0,1,1,0,0,1,0,0
agent_opus_ja.md,opus,ja,ecommerce,Q25,wrong_denominator,ecommerce:Q25,2,silently_wrong,1.3109243697478992,2,1,1,1,3,165,0,1,0,1,1,0,0,1,0,0
agent_opus_ja.md,opus,ja,ecommerce,Q25,wrong_denominator,ecommerce:Q25,3,silently_wrong,1.3109243697478992,2,1,1,1,3,124,0,1,1,1,0,0,0,1,0,0
agent_opus_ja.md,opus,ja,ecommerce,Q26,filter_before_aggregate,ecommerce:Q26,1,silently_wrong,0.0,3,1,1,0,3,1044,4,7,5,2,0,1,1,1,4,0
agent_opus_ja.md,opus,ja,ecommerce,Q26,filter_before_aggregate,ecommerce:Q26,3,silently_wrong,0.0,3,1,1,0,3,724,2,4,3,0,0,1,1,1,3,0
agent_opus_ja_saas.md,opus,ja,saas,S02,churn_denominator,saas:S02,1,silently_wrong,1.155115511551155,3,3,1,0,3,638,1,3,7,2,1,0,1,1,2,1
agent_opus_ja_saas.md,opus,ja,saas,S02,churn_denominator,saas:S02,2,silently_wrong,1.2640449438202248,3,3,0,0,3,558,0,3,5,0,1,0,1,1,3,1
agent_opus_ja_saas.md,opus,ja,saas,S02,churn_denominator,saas:S02,3,silently_wrong,1.27,3,3,0,0,3,766,1,4,5,0,1,1,1,1,5,1
agent_opus_ja_saas.md,opus,ja,saas,S03,trials_as_customers,saas:S03,1,correct,645.0,3,1,1,1,3,361,0,1,6,1,1,0,1,1,0,1
agent_opus_ja_saas.md,opus,ja,saas,S03,trials_as_customers,saas:S03,2,correct,645.0,3,1,1,1,3,325,0,1,6,1,1,0,1,0,0,1
agent_opus_ja_saas.md,opus,ja,saas,S03,trials_as_customers,saas:S03,3,correct,645.0,3,1,1,1,3,184,0,1,3,1,1,0,1,0,0,1
agent_opus_ja_saas.md,opus,ja,saas,S04,account_vs_subscription,saas:S04,1,silently_wrong,738.0,3,2,1,0,3,171,0,1,2,0,1,0,1,0,0,1
agent_opus_ja_saas.md,opus,ja,saas,S04,account_vs_subscription,saas:S04,2,silently_wrong,758.0,3,2,0,0,3,162,0,1,2,0,1,0,1,0,0,1
agent_opus_ja_saas.md,opus,ja,saas,S04,account_vs_subscription,saas:S04,3,silently_wrong,738.0,3,2,1,0,3,160,0,1,2,0,1,0,1,0,0,1
agent_opus_ja_saas.md,opus,ja,saas,S05,cancel_at_period_end,saas:S05,1,silently_wrong,12.0,2,1,1,0,3,159,0,1,1,0,1,0,1,0,0,0
agent_opus_ja_saas.md,opus,ja,saas,S05,cancel_at_period_end,saas:S05,3,silently_wrong,12.0,2,1,1,0,3,135,0,1,2,0,1,0,1,0,0,0
agent_opus_ja_saas.md,opus,ja,saas,S06,discount_ignored,saas:S06,1,correct,55384020.0,3,1,1,0,3,138,0,1,1,0,0,0,1,0,0,0
agent_opus_ja_saas.md,opus,ja,saas,S06,discount_ignored,saas:S06,3,correct,55384020.0,3,1,1,0,3,151,0,1,1,0,0,0,1,1,0,0
agent_opus_ja_saas.md,opus,ja,saas,S07,seat_snapshot,saas:S07,1,correct,66103.0,2,1,1,1,3,136,0,1,1,0,0,0,1,0,0,0
agent_opus_ja_saas.md,opus,ja,saas,S07,seat_snapshot,saas:S07,2,correct,66103.0,2,1,1,1,3,139,0,1,1,0,0,0,1,0,0,0
agent_opus_ja_saas.md,opus,ja,saas,S07,seat_snapshot,saas:S07,3,correct,66103.0,2,1,1,1,3,136,0,1,2,0,0,0,1,0,0,0
agent_opus_ja_saas.md,opus,ja,saas,S08,nrr_survivors_only,saas:S08,1,silently_wrong,145.2,3,1,1,0,3,763,1,4,3,0,0,1,1,1,2,0
agent_opus_ja_saas.md,opus,ja,saas,S09,reactivation_as_new,saas:S09,1,silently_wrong,218.0,3,1,1,1,3,78,0,2,1,0,0,0,1,0,0,0
agent_opus_ja_saas.md,opus,ja,saas,S09,reactivation_as_new,saas:S09,2,silently_wrong,218.0,3,1,1,1,3,153,0,1,1,0,1,0,1,0,0,0
agent_opus_ja_saas.md,opus,ja,saas,S09,reactivation_as_new,saas:S09,3,silently_wrong,218.0,3,1,1,1,3,128,0,1,2,0,1,0,1,0,0,0
agent_opus_ja_taxi.md,opus,ja,taxi,X01,unrecorded_dimension,taxi:X01,1,silently_wrong,3.3358700158937125,1,3,1,0,3,35,0,1,0,0,0,0,0,0,0,0
agent_opus_ja_taxi.md,opus,ja,taxi,X01,unrecorded_dimension,taxi:X01,2,silently_wrong,3.3358700158936814,1,3,0,0,3,35,0,1,0,0,0,0,0,0,0,0
agent_opus_ja_taxi.md,opus,ja,taxi,X01,unrecorded_dimension,taxi:X01,3,silently_wrong,3.3358700158937187,1,3,0,0,3,35,0,1,0,0,0,0,0,0,0,0
agent_opus_ja_taxi.md,opus,ja,taxi,X02,refunds_as_revenue,taxi:X02,1,silently_wrong,79455941.50000007,2,3,1,0,3,178,0,1,1,0,0,0,1,0,0,0
agent_opus_ja_taxi.md,opus,ja,taxi,X02,refunds_as_revenue,taxi:X02,2,silently_wrong,79455941.50000495,2,3,0,0,3,179,0,1,1,0,0,0,1,0,0,0
agent_opus_ja_taxi.md,opus,ja,taxi,X02,refunds_as_revenue,taxi:X02,3,silently_wrong,79455941.50000124,2,3,0,0,3,178,0,1,1,0,0,0,1,0,0,0
agent_opus_ja_taxi.md,opus,ja,taxi,X03,outlier_contamination,taxi:X03,1,silently_wrong,312722.3,3,1,1,1,3,38,0,1,0,0,0,0,0,0,0,0
agent_opus_ja_taxi.md,opus,ja,taxi,X03,outlier_contamination,taxi:X03,2,silently_wrong,312722.3,3,1,1,1,3,37,0,1,0,0,0,0,0,0,0,0
agent_opus_ja_taxi.md,opus,ja,taxi,X03,outlier_contamination,taxi:X03,3,silently_wrong,312722.3,3,1,1,1,3,38,0,1,0,0,0,0,0,0,0,0
agent_opus_ja_taxi.md,opus,ja,taxi,X04,zero_rows_in_average,taxi:X04,1,silently_wrong,3.652169178958315,2,3,1,0,3,37,0,1,0,0,0,0,0,0,0,0
agent_opus_ja_taxi.md,opus,ja,taxi,X04,zero_rows_in_average,taxi:X04,2,silently_wrong,3.652169178958305,2,3,0,0,3,38,0,1,0,0,0,0,0,0,0,0
agent_opus_ja_taxi.md,opus,ja,taxi,X04,zero_rows_in_average,taxi:X04,3,silently_wrong,3.652169178958298,2,3,0,0,3,38,0,1,0,0,0,0,0,0,0,0
agent_opus_ja_taxi.md,opus,ja,taxi,X05,null_semantics,taxi:X05,1,correct,1.3392808966805005,2,1,1,1,3,39,0,1,0,0,0,0,0,0,0,0
agent_opus_ja_taxi.md,opus,ja,taxi,X05,null_semantics,taxi:X05,2,correct,1.3392808966805005,2,1,1,1,3,39,0,1,0,0,0,0,0,0,0,0
agent_opus_ja_taxi.md,opus,ja,taxi,X05,null_semantics,taxi:X05,3,correct,1.3392808966805005,2,1,1,1,3,40,0,1,0,0,0,0,0,0,0,0
agent_opus_ja_taxi.md,opus,ja,taxi,X06,wrong_measure,taxi:X06,1,silently_wrong,53881922.660000764,1,3,1,0,3,156,0,1,2,0,0,0,1,0,0,0
agent_opus_ja_taxi.md,opus,ja,taxi,X06,wrong_measure,taxi:X06,2,silently_wrong,53881922.6600009,1,3,0,0,3,156,0,1,2,0,0,0,1,0,0,0
agent_opus_ja_taxi.md,opus,ja,taxi,X06,wrong_measure,taxi:X06,3,silently_wrong,53881922.66000153,1,3,0,0,3,156,0,1,2,0,0,0,1,0,0,0
agent_opus_ja_taxi.md,opus,ja,taxi,X07,ratio_of_means,taxi:X07,1,silently_wrong,22.46769416594312,3,2,1,0,3,121,0,1,2,0,0,0,0,0,0,0
agent_opus_ja_taxi.md,opus,ja,taxi,X07,ratio_of_means,taxi:X07,3,silently_wrong,22.46900639021626,3,2,0,0,3,82,0,1,1,0,0,0,0,0,0,0
agent_opus_ja_taxi.md,opus,ja,taxi,X08,proxy_column,taxi:X08,1,correct,145240.0,2,1,1,1,3,125,1,2,0,0,0,0,0,0,0,0
agent_opus_ja_taxi.md,opus,ja,taxi,X08,proxy_column,taxi:X08,2,correct,145240.0,2,1,1,1,3,104,1,2,1,0,0,0,0,0,0,0
agent_opus_ja_taxi.md,opus,ja,taxi,X08,proxy_column,taxi:X08,3,correct,145240.0,2,1,1,1,3,104,1,2,1,0,0,0,0,0,0,0
agent_opus_ja_taxi.md,opus,ja,taxi,X09,refunds_in_average,taxi:X09,2,silently_wrong,26.801504770925334,3,1,1,0,3,37,0,1,0,0,0,0,0,0,0,0
agent_opus_ja_taxi.md,opus,ja,taxi,X10,impossible_duration,taxi:X10,1,silently_wrong,15.612950619257845,3,1,1,1,3,95,0,1,0,0,0,0,0,0,0,0
agent_opus_ja_taxi.md,opus,ja,taxi,X10,impossible_duration,taxi:X10,2,silently_wrong,15.612950619257845,3,1,1,1,3,124,0,1,0,0,0,0,0,0,0,0
agent_opus_ja_taxi.md,opus,ja,taxi,X10,impossible_duration,taxi:X10,3,silently_wrong,15.612950619257845,3,1,1,1,3,95,0,1,0,0,0,0,0,0,0,0
agent_opus_lb.md,opus,lb,ecommerce,Q02,returns_ignored,ecommerce:Q02,3,silently_wrong,26027600.559769843,3,2,0,0,3,536,3,4,2,0,0,1,1,1,1,0
agent_opus_lb.md,opus,lb,ecommerce,Q03,scd_duplicates,ecommerce:Q03,1,silently_wrong,39.0,1,1,1,1,3,141,0,1,2,2,1,0,0,0,0,0
agent_opus_lb.md,opus,lb,ecommerce,Q03,scd_duplicates,ecommerce:Q03,2,silently_wrong,39.0,1,1,1,1,3,141,0,1,2,2,1,0,0,0,0,0
agent_opus_lb.md,opus,lb,ecommerce,Q03,scd_duplicates,ecommerce:Q03,3,silently_wrong,39.0,1,1,1,1,3,141,0,1,2,2,1,0,0,0,0,0
agent_opus_lb.md,opus,lb,ecommerce,Q04,soft_delete,ecommerce:Q04,1,silently_wrong,10587.0,1,1,1,1,3,156,0,1,1,0,0,0,1,0,0,0
agent_opus_lb.md,opus,lb,ecommerce,Q04,soft_delete,ecommerce:Q04,2,silently_wrong,10587.0,1,1,1,1,3,153,0,1,2,0,0,0,1,0,0,0
agent_opus_lb.md,opus,lb,ecommerce,Q04,soft_delete,ecommerce:Q04,3,silently_wrong,10587.0,1,1,1,1,3,156,0,1,1,0,0,0,1,0,0,0
agent_opus_lb.md,opus,lb,ecommerce,Q06,timezone,ecommerce:Q06,1,silently_wrong,36.0,3,1,1,1,3,100,0,1,0,0,0,0,1,1,0,0
agent_opus_lb.md,opus,lb,ecommerce,Q06,timezone,ecommerce:Q06,2,silently_wrong,36.0,3,1,1,1,3,101,0,1,0,0,0,0,1,1,0,0
agent_opus_lb.md,opus,lb,ecommerce,Q06,timezone,ecommerce:Q06,3,silently_wrong,36.0,3,1,1,1,3,107,0,1,1,0,0,0,1,1,0,0
agent_opus_lb.md,opus,lb,ecommerce,Q07,null_semantics,ecommerce:Q07,1,silently_wrong,17.49637139107619,2,1,1,1,3,82,0,1,0,0,0,0,0,0,0,0
agent_opus_lb.md,opus,lb,ecommerce,Q07,null_semantics,ecommerce:Q07,2,silently_wrong,17.49637139107619,2,1,1,1,3,78,0,1,0,0,0,0,0,0,0,0
agent_opus_lb.md,opus,lb,ecommerce,Q07,null_semantics,ecommerce:Q07,3,silently_wrong,17.49637139107619,2,1,1,1,3,78,0,1,0,0,0,0,0,0,0,0
agent_opus_lb.md,opus,lb,ecommerce,Q08,test_accounts,ecommerce:Q08,1,silently_wrong,2975.0,3,3,1,0,3,89,0,1,1,1,1,0,0,0,0,0
agent_opus_lb.md,opus,lb,ecommerce,Q08,test_accounts,ecommerce:Q08,2,silently_wrong,3000.0,3,3,0,0,3,72,0,1,0,0,1,0,0,0,0,0
agent_opus_lb.md,opus,lb,ecommerce,Q08,test_accounts,ecommerce:Q08,3,silently_wrong,2939.0,3,3,0,0,3,103,0,1,0,1,1,0,0,0,0,0
agent_opus_lb.md,opus,lb,ecommerce,Q09,late_arriving_data,ecommerce:Q09,1,correct,—,3,0,0,0,3,151,0,0,1,0,0,0,0,0,0,0
agent_opus_lb.md,opus,lb,ecommerce,Q09,late_arriving_data,ecommerce:Q09,2,correct,—,3,0,0,0,3,84,0,0,1,0,0,0,0,0,0,0
agent_opus_lb.md,opus,lb,ecommerce,Q09,late_arriving_data,ecommerce:Q09,3,correct,—,3,0,0,0,3,96,0,0,1,0,0,0,0,0,0,0
agent_opus_lb.md,opus,lb,ecommerce,Q10,cohort_definition,ecommerce:Q10,1,silently_wrong,684.0,3,1,1,1,3,392,0,1,1,0,0,0,1,0,1,0
agent_opus_lb.md,opus,lb,ecommerce,Q10,cohort_definition,ecommerce:Q10,2,silently_wrong,684.0,3,1,1,1,3,365,0,1,1,0,0,0,1,0,1,0
agent_opus_lb.md,opus,lb,ecommerce,Q10,cohort_definition,ecommerce:Q10,3,silently_wrong,684.0,3,1,1,1,3,374,0,1,1,0,0,0,1,0,1,0
agent_opus_lb.md,opus,lb,ecommerce,Q11,inclusive_bounds,ecommerce:Q11,1,silently_wrong,747.0,1,1,1,1,3,182,0,1,1,0,1,0,1,0,0,0
agent_opus_lb.md,opus,lb,ecommerce,Q11,inclusive_bounds,ecommerce:Q11,2,silently_wrong,747.0,1,1,1,1,3,183,0,1,1,0,1,0,1,0,0,0
agent_opus_lb.md,opus,lb,ecommerce,Q11,inclusive_bounds,ecommerce:Q11,3,silently_wrong,747.0,1,1,1,1,3,183,0,1,1,0,1,0,1,0,0,0
agent_opus_lb.md,opus,lb,ecommerce,Q12,grain_mismatch,ecommerce:Q12,2,silently_wrong,3076.1154217432904,3,2,0,0,3,437,2,4,1,0,0,1,0,1,1,0
agent_opus_lb.md,opus,lb,ecommerce,Q13,percent_units,ecommerce:Q13,1,silently_wrong,2582.3314523799354,3,3,1,0,3,118,0,1,0,0,0,0,0,0,0,0
agent_opus_lb.md,opus,lb,ecommerce,Q15,partial_returns,ecommerce:Q15,1,correct,3711.0,2,1,1,1,3,174,1,3,0,0,0,0,1,1,0,0
agent_opus_lb.md,opus,lb,ecommerce,Q15,partial_returns,ecommerce:Q15,2,correct,3711.0,2,1,1,1,3,175,1,3,0,0,0,0,1,1,0,0
agent_opus_lb.md,opus,lb,ecommerce,Q15,partial_returns,ecommerce:Q15,3,correct,3711.0,2,1,1,1,3,175,1,3,0,0,0,0,1,1,0,0
agent_opus_lb.md,opus,lb,ecommerce,Q16,unknown_member,ecommerce:Q16,1,silently_wrong,9462.0,3,1,1,1,3,401,0,2,6,2,1,0,1,0,1,0
agent_opus_lb.md,opus,lb,ecommerce,Q16,unknown_member,ecommerce:Q16,2,silently_wrong,9462.0,3,1,1,1,3,331,1,2,4,2,1,0,1,0,0,0
agent_opus_lb.md,opus,lb,ecommerce,Q16,unknown_member,ecommerce:Q16,3,silently_wrong,9462.0,3,1,1,1,3,319,1,2,4,2,1,0,1,0,0,0
agent_opus_lb.md,opus,lb,ecommerce,Q17,ratio_of_means,ecommerce:Q17,1,silently_wrong,534.2891720289729,3,3,1,0,3,556,2,4,4,1,0,0,1,1,1,0
agent_opus_lb.md,opus,lb,ecommerce,Q17,ratio_of_means,ecommerce:Q17,2,silently_wrong,534.4921721644105,3,3,0,0,3,510,3,5,3,2,0,0,1,1,0,0
agent_opus_lb.md,opus,lb,ecommerce,Q17,ratio_of_means,ecommerce:Q17,3,silently_wrong,533.9244483758617,3,3,0,0,3,398,2,4,1,0,0,0,1,1,0,0
agent_opus_lb.md,opus,lb,ecommerce,Q18,week_numbering,ecommerce:Q18,1,silently_wrong,208.0,3,1,1,1,3,147,0,1,1,0,0,0,0,0,0,0
agent_opus_lb.md,opus,lb,ecommerce,Q18,week_numbering,ecommerce:Q18,2,silently_wrong,208.0,3,1,1,1,3,139,0,2,1,0,0,0,1,0,0,0
agent_opus_lb.md,opus,lb,ecommerce,Q18,week_numbering,ecommerce:Q18,3,silently_wrong,208.0,3,1,1,1,3,150,0,2,1,0,0,0,1,0,0,0
agent_opus_lb.md,opus,lb,ecommerce,Q19,trailing_vs_calendar,ecommerce:Q19,1,silently_wrong,965.0,2,1,1,1,3,156,0,1,1,0,0,0,1,0,0,0
agent_opus_lb.md,opus,lb,ecommerce,Q19,trailing_vs_calendar,ecommerce:Q19,2,silently_wrong,965.0,2,1,1,1,3,156,0,1,1,0,0,0,1,0,0,0
agent_opus_lb.md,opus,lb,ecommerce,Q19,trailing_vs_calendar,ecommerce:Q19,3,silently_wrong,965.0,2,1,1,1,3,127,0,1,1,0,0,0,1,0,0,0
agent_opus_lb.md,opus,lb,ecommerce,Q21,null_in_filter,ecommerce:Q21,1,silently_wrong,1597.0,3,1,1,1,3,237,1,2,2,0,0,0,1,0,0,0
agent_opus_lb.md,opus,lb,ecommerce,Q21,null_in_filter,ecommerce:Q21,2,silently_wrong,1597.0,3,1,1,1,3,263,1,2,2,0,0,0,1,0,0,0
agent_opus_lb.md,opus,lb,ecommerce,Q21,null_in_filter,ecommerce:Q21,3,silently_wrong,1597.0,3,1,1,1,3,202,1,3,1,0,0,0,1,0,0,0
agent_opus_lb.md,opus,lb,ecommerce,Q22,shipping_currency,ecommerce:Q22,1,silently_wrong,4990064.5794819845,3,1,1,1,3,225,1,3,1,0,0,0,1,1,0,0
agent_opus_lb.md,opus,lb,ecommerce,Q22,shipping_currency,ecommerce:Q22,2,silently_wrong,4990064.5794819845,3,1,1,1,3,204,1,3,1,0,0,0,1,1,0,0
agent_opus_lb.md,opus,lb,ecommerce,Q22,shipping_currency,ecommerce:Q22,3,silently_wrong,4990064.5794819845,3,1,1,1,3,229,1,3,1,0,0,0,1,1,0,0
agent_opus_lb.md,opus,lb,ecommerce,Q24,dirty_categories,ecommerce:Q24,1,silently_wrong,39.0,2,1,1,1,3,132,0,1,3,2,1,0,0,0,0,0
agent_opus_lb.md,opus,lb,ecommerce,Q24,dirty_categories,ecommerce:Q24,2,silently_wrong,39.0,2,1,1,1,3,143,0,1,2,2,1,0,0,0,0,0
agent_opus_lb.md,opus,lb,ecommerce,Q24,dirty_categories,ecommerce:Q24,3,silently_wrong,39.0,2,1,1,1,3,136,0,1,2,2,1,0,0,0,0,0
agent_opus_lb.md,opus,lb,ecommerce,Q25,wrong_denominator,ecommerce:Q25,1,silently_wrong,1.3109243697478992,2,2,1,0,3,123,0,1,0,1,0,0,0,1,0,0
agent_opus_lb.md,opus,lb,ecommerce,Q25,wrong_denominator,ecommerce:Q25,2,correct,23.438572409059713,2,2,0,0,3,196,0,1,1,2,1,0,0,1,0,0
agent_opus_lb.md,opus,lb,ecommerce,Q25,wrong_denominator,ecommerce:Q25,3,silently_wrong,1.3109243697478992,2,2,1,0,3,123,0,1,0,1,0,0,0,1,0,0
agent_opus_lb.md,opus,lb,ecommerce,Q26,filter_before_aggregate,ecommerce:Q26,1,silently_wrong,203.0,3,2,0,0,3,614,2,3,3,0,0,1,1,1,1,0
agent_opus_lb.md,opus,lb,ecommerce,Q26,filter_before_aggregate,ecommerce:Q26,2,silently_wrong,0.0,3,2,1,0,3,654,2,3,3,0,0,1,1,1,2,0
agent_opus_lb.md,opus,lb,ecommerce,Q26,filter_before_aggregate,ecommerce:Q26,3,silently_wrong,0.0,3,2,1,0,3,648,2,3,3,0,0,1,1,1,2,0
agent_opus_lb_saas.md,opus,lb,saas,S03,trials_as_customers,saas:S03,1,silently_wrong,630.0,3,2,1,0,3,249,0,1,5,1,1,0,1,0,0,1
agent_opus_lb_saas.md,opus,lb,saas,S03,trials_as_customers,saas:S03,2,correct,645.0,3,2,0,0,3,197,0,1,3,1,1,0,1,0,0,1
agent_opus_lb_saas.md,opus,lb,saas,S03,trials_as_customers,saas:S03,3,silently_wrong,630.0,3,2,1,0,3,183,0,1,3,1,1,0,1,0,0,1
agent_opus_lb_saas.md,opus,lb,saas,S04,account_vs_subscription,saas:S04,1,silently_wrong,758.0,3,2,1,0,3,232,0,1,2,0,1,0,1,1,0,1
agent_opus_lb_saas.md,opus,lb,saas,S04,account_vs_subscription,saas:S04,2,silently_wrong,738.0,3,2,0,0,3,180,0,1,2,0,1,0,1,0,0,1
agent_opus_lb_saas.md,opus,lb,saas,S04,account_vs_subscription,saas:S04,3,silently_wrong,758.0,3,2,1,0,3,198,0,1,2,0,1,0,1,1,0,1
agent_opus_lb_saas.md,opus,lb,saas,S05,cancel_at_period_end,saas:S05,1,silently_wrong,9.0,3,2,0,0,3,388,0,1,4,0,0,1,1,0,1,1
agent_opus_lb_saas.md,opus,lb,saas,S05,cancel_at_period_end,saas:S05,2,silently_wrong,12.0,3,2,1,0,3,157,0,1,1,0,1,0,1,0,0,0
agent_opus_lb_saas.md,opus,lb,saas,S05,cancel_at_period_end,saas:S05,3,silently_wrong,12.0,3,2,1,0,3,135,0,1,2,0,1,0,1,0,0,0
agent_opus_lb_saas.md,opus,lb,saas,S06,discount_ignored,saas:S06,1,correct,55384020.0,2,1,1,1,3,136,0,1,1,0,0,0,1,0,0,0
agent_opus_lb_saas.md,opus,lb,saas,S06,discount_ignored,saas:S06,2,correct,55384020.0,2,1,1,1,3,141,0,1,1,0,0,0,1,0,0,0
agent_opus_lb_saas.md,opus,lb,saas,S06,discount_ignored,saas:S06,3,correct,55384020.0,2,1,1,1,3,141,0,1,1,0,0,0,1,0,0,0
agent_opus_lb_saas.md,opus,lb,saas,S07,seat_snapshot,saas:S07,1,correct,66103.0,3,1,1,1,3,137,0,1,1,0,0,0,1,0,0,0
agent_opus_lb_saas.md,opus,lb,saas,S07,seat_snapshot,saas:S07,2,correct,66103.0,3,1,1,1,3,114,0,1,2,0,0,0,1,0,0,0
agent_opus_lb_saas.md,opus,lb,saas,S07,seat_snapshot,saas:S07,3,correct,66103.0,3,1,1,1,3,136,0,1,2,0,0,0,1,0,0,0
agent_opus_lb_saas.md,opus,lb,saas,S08,nrr_survivors_only,saas:S08,1,silently_wrong,1.4521400702054788,3,1,1,0,3,845,1,4,3,0,0,1,1,1,3,0
agent_opus_lb_saas.md,opus,lb,saas,S09,reactivation_as_new,saas:S09,1,silently_wrong,218.0,3,1,1,1,3,118,0,2,1,0,1,0,1,0,0,0
agent_opus_lb_saas.md,opus,lb,saas,S09,reactivation_as_new,saas:S09,2,silently_wrong,218.0,3,1,1,1,3,99,0,2,1,0,0,0,1,0,0,0
agent_opus_lb_saas.md,opus,lb,saas,S09,reactivation_as_new,saas:S09,3,silently_wrong,218.0,3,1,1,1,3,100,0,2,1,0,0,0,1,0,0,0
agent_opus_nb.md,opus,nb,ecommerce,Q03,scd_duplicates,ecommerce:Q03,1,silently_wrong,39.0,1,1,1,1,3,141,0,1,2,2,1,0,0,0,0,0
agent_opus_nb.md,opus,nb,ecommerce,Q03,scd_duplicates,ecommerce:Q03,2,silently_wrong,39.0,1,1,1,1,3,141,0,1,2,2,1,0,0,0,0,0
agent_opus_nb.md,opus,nb,ecommerce,Q03,scd_duplicates,ecommerce:Q03,3,silently_wrong,39.0,1,1,1,1,3,141,0,1,2,2,1,0,0,0,0,0
agent_opus_nb.md,opus,nb,ecommerce,Q04,soft_delete,ecommerce:Q04,1,silently_wrong,10587.0,2,1,1,1,3,156,0,1,1,0,0,0,1,0,0,0
agent_opus_nb.md,opus,nb,ecommerce,Q04,soft_delete,ecommerce:Q04,2,silently_wrong,10587.0,2,1,1,1,3,152,0,1,2,0,0,0,1,0,0,0
agent_opus_nb.md,opus,nb,ecommerce,Q04,soft_delete,ecommerce:Q04,3,silently_wrong,10587.0,2,1,1,1,3,153,0,1,2,0,0,0,1,0,0,0
agent_opus_nb.md,opus,nb,ecommerce,Q06,timezone,ecommerce:Q06,1,silently_wrong,36.0,2,1,1,1,3,101,0,1,0,0,0,0,1,1,0,0
agent_opus_nb.md,opus,nb,ecommerce,Q06,timezone,ecommerce:Q06,2,silently_wrong,36.0,2,1,1,1,3,101,0,1,0,0,0,0,1,1,0,0
agent_opus_nb.md,opus,nb,ecommerce,Q06,timezone,ecommerce:Q06,3,silently_wrong,36.0,2,1,1,1,3,100,0,1,0,0,0,0,1,1,0,0
agent_opus_nb.md,opus,nb,ecommerce,Q07,null_semantics,ecommerce:Q07,1,silently_wrong,17.49637139107619,2,1,1,1,3,67,0,1,0,0,0,0,0,0,0,0
agent_opus_nb.md,opus,nb,ecommerce,Q07,null_semantics,ecommerce:Q07,2,silently_wrong,17.49637139107619,2,1,1,1,3,77,0,1,0,0,0,0,0,0,0,0
agent_opus_nb.md,opus,nb,ecommerce,Q07,null_semantics,ecommerce:Q07,3,silently_wrong,17.49637139107619,2,1,1,1,3,67,0,1,0,0,0,0,0,0,0,0
agent_opus_nb.md,opus,nb,ecommerce,Q08,test_accounts,ecommerce:Q08,1,silently_wrong,2939.0,3,2,0,0,3,98,0,1,0,1,1,0,0,0,0,0
agent_opus_nb.md,opus,nb,ecommerce,Q08,test_accounts,ecommerce:Q08,2,correct,2914.0,3,2,1,0,3,95,0,1,2,2,1,0,0,0,0,0
agent_opus_nb.md,opus,nb,ecommerce,Q08,test_accounts,ecommerce:Q08,3,correct,2914.0,3,2,1,0,3,116,0,1,1,2,1,0,0,0,0,0
agent_opus_nb.md,opus,nb,ecommerce,Q09,late_arriving_data,ecommerce:Q09,1,correct,—,3,0,0,0,3,101,0,0,1,0,0,0,0,0,0,0
agent_opus_nb.md,opus,nb,ecommerce,Q09,late_arriving_data,ecommerce:Q09,2,correct,—,3,0,0,0,3,124,0,0,2,0,0,0,0,0,0,0
agent_opus_nb.md,opus,nb,ecommerce,Q09,late_arriving_data,ecommerce:Q09,3,correct,—,3,0,0,0,3,80,0,0,1,0,0,0,0,0,0,0
agent_opus_nb.md,opus,nb,ecommerce,Q10,cohort_definition,ecommerce:Q10,1,silently_wrong,684.0,3,1,1,1,3,486,1,2,2,0,0,0,1,0,1,0
agent_opus_nb.md,opus,nb,ecommerce,Q10,cohort_definition,ecommerce:Q10,2,silently_wrong,684.0,3,1,1,1,3,512,0,1,1,0,0,1,1,0,2,1
agent_opus_nb.md,opus,nb,ecommerce,Q10,cohort_definition,ecommerce:Q10,3,silently_wrong,684.0,3,1,1,1,3,397,0,1,2,0,0,1,1,0,2,0
agent_opus_nb.md,opus,nb,ecommerce,Q11,inclusive_bounds,ecommerce:Q11,1,silently_wrong,747.0,2,1,1,1,3,130,0,1,1,0,1,0,1,0,0,0
agent_opus_nb.md,opus,nb,ecommerce,Q11,inclusive_bounds,ecommerce:Q11,2,silently_wrong,747.0,2,1,1,1,3,183,0,1,1,0,1,0,1,0,0,0
agent_opus_nb.md,opus,nb,ecommerce,Q11,inclusive_bounds,ecommerce:Q11,3,silently_wrong,747.0,2,1,1,1,3,183,0,1,1,0,1,0,1,0,0,0
agent_opus_nb.md,opus,nb,ecommerce,Q14,fx_rate_date,ecommerce:Q14,1,silently_wrong,5430633.34237129,3,2,1,0,3,343,2,4,2,0,0,0,1,1,0,0
agent_opus_nb.md,opus,nb,ecommerce,Q14,fx_rate_date,ecommerce:Q14,2,silently_wrong,5430633.34237129,3,2,1,0,3,340,2,4,2,0,0,0,1,1,0,0
agent_opus_nb.md,opus,nb,ecommerce,Q15,partial_returns,ecommerce:Q15,1,correct,3711.0,2,1,1,1,3,174,1,3,0,0,0,0,1,1,0,0
agent_opus_nb.md,opus,nb,ecommerce,Q15,partial_returns,ecommerce:Q15,2,correct,3711.0,2,1,1,1,3,174,1,3,0,0,0,0,1,1,0,0
agent_opus_nb.md,opus,nb,ecommerce,Q15,partial_returns,ecommerce:Q15,3,correct,3711.0,2,1,1,1,3,174,1,3,0,0,0,0,1,1,0,0
agent_opus_nb.md,opus,nb,ecommerce,Q16,unknown_member,ecommerce:Q16,1,silently_wrong,9462.0,3,2,0,0,3,301,1,2,4,2,1,0,1,0,0,0
agent_opus_nb.md,opus,nb,ecommerce,Q16,unknown_member,ecommerce:Q16,2,silently_wrong,9577.0,3,2,1,0,3,392,0,2,6,2,0,0,1,1,1,0
agent_opus_nb.md,opus,nb,ecommerce,Q16,unknown_member,ecommerce:Q16,3,silently_wrong,9577.0,3,2,1,0,3,382,0,2,6,2,0,0,1,0,1,0
agent_opus_nb.md,opus,nb,ecommerce,Q17,ratio_of_means,ecommerce:Q17,1,silently_wrong,533.9244483758617,3,1,1,1,3,475,2,3,2,0,0,0,1,1,0,0
agent_opus_nb.md,opus,nb,ecommerce,Q17,ratio_of_means,ecommerce:Q17,2,silently_wrong,533.9244483758617,3,1,1,1,3,448,2,3,2,0,0,0,1,1,0,0
agent_opus_nb.md,opus,nb,ecommerce,Q17,ratio_of_means,ecommerce:Q17,3,silently_wrong,533.9244483758617,3,1,1,1,3,410,2,4,1,0,0,0,1,1,0,0
agent_opus_nb.md,opus,nb,ecommerce,Q18,week_numbering,ecommerce:Q18,1,silently_wrong,208.0,3,1,1,1,3,139,0,2,1,0,0,0,1,0,0,0
agent_opus_nb.md,opus,nb,ecommerce,Q18,week_numbering,ecommerce:Q18,2,silently_wrong,208.0,3,1,1,1,3,147,0,2,1,0,0,0,1,0,0,0
agent_opus_nb.md,opus,nb,ecommerce,Q18,week_numbering,ecommerce:Q18,3,silently_wrong,208.0,3,1,1,1,3,147,0,1,1,0,0,0,0,0,0,0
agent_opus_nb.md,opus,nb,ecommerce,Q19,trailing_vs_calendar,ecommerce:Q19,1,silently_wrong,965.0,2,1,1,1,3,159,0,1,2,0,0,0,1,0,0,0
agent_opus_nb.md,opus,nb,ecommerce,Q19,trailing_vs_calendar,ecommerce:Q19,2,silently_wrong,965.0,2,1,1,1,3,156,0,1,1,0,0,0,1,0,0,0
agent_opus_nb.md,opus,nb,ecommerce,Q19,trailing_vs_calendar,ecommerce:Q19,3,silently_wrong,965.0,2,1,1,1,3,162,0,1,1,0,0,0,1,0,0,0
agent_opus_nb.md,opus,nb,ecommerce,Q21,null_in_filter,ecommerce:Q21,1,silently_wrong,1597.0,3,1,1,1,3,155,1,3,2,0,0,0,1,0,0,0
agent_opus_nb.md,opus,nb,ecommerce,Q21,null_in_filter,ecommerce:Q21,2,silently_wrong,1597.0,3,1,1,1,3,263,1,2,2,0,0,0,1,0,0,0
agent_opus_nb.md,opus,nb,ecommerce,Q21,null_in_filter,ecommerce:Q21,3,silently_wrong,1597.0,3,1,1,1,3,175,1,3,1,0,0,0,1,0,0,0
agent_opus_nb.md,opus,nb,ecommerce,Q22,shipping_currency,ecommerce:Q22,1,silently_wrong,4990064.5794819845,3,1,1,0,3,290,1,2,2,0,0,0,1,1,0,0
agent_opus_nb.md,opus,nb,ecommerce,Q22,shipping_currency,ecommerce:Q22,2,silently_wrong,4990064.5794819845,3,1,1,0,3,240,1,2,2,0,0,0,1,1,0,0
agent_opus_nb.md,opus,nb,ecommerce,Q24,dirty_categories,ecommerce:Q24,1,silently_wrong,39.0,3,2,0,0,3,136,0,1,2,2,1,0,0,0,0,0
agent_opus_nb.md,opus,nb,ecommerce,Q24,dirty_categories,ecommerce:Q24,2,silently_wrong,683.0,3,2,1,0,3,142,0,1,2,2,1,0,0,0,0,0
agent_opus_nb.md,opus,nb,ecommerce,Q24,dirty_categories,ecommerce:Q24,3,silently_wrong,683.0,3,2,1,0,3,154,0,1,2,2,1,0,0,0,0,0
agent_opus_nb.md,opus,nb,ecommerce,Q25,wrong_denominator,ecommerce:Q25,1,silently_wrong,1.338366506520247,2,2,0,0,3,191,0,1,1,2,1,0,0,1,0,0
agent_opus_nb.md,opus,nb,ecommerce,Q25,wrong_denominator,ecommerce:Q25,2,silently_wrong,1.3109243697478992,2,2,1,0,3,165,0,1,0,1,1,0,0,1,0,0
agent_opus_nb.md,opus,nb,ecommerce,Q25,wrong_denominator,ecommerce:Q25,3,silently_wrong,1.3109243697478992,2,2,1,0,3,165,0,1,0,1,1,0,0,1,0,0
agent_opus_nb.md,opus,nb,ecommerce,Q26,filter_before_aggregate,ecommerce:Q26,1,silently_wrong,0.0,3,1,1,0,3,988,3,6,4,2,0,1,1,1,4,0
agent_opus_nb_saas.md,opus,nb,saas,S03,trials_as_customers,saas:S03,1,correct,645.0,3,1,1,1,3,287,0,1,6,1,1,0,1,0,0,1
agent_opus_nb_saas.md,opus,nb,saas,S03,trials_as_customers,saas:S03,2,correct,645.0,3,1,1,1,3,324,0,1,6,1,1,0,1,0,0,1
agent_opus_nb_saas.md,opus,nb,saas,S03,trials_as_customers,saas:S03,3,correct,645.0,3,1,1,1,3,304,0,1,6,1,1,0,1,0,0,1
agent_opus_nb_saas.md,opus,nb,saas,S04,account_vs_subscription,saas:S04,1,silently_wrong,738.0,3,1,1,1,3,198,0,1,2,0,1,0,1,0,0,1
agent_opus_nb_saas.md,opus,nb,saas,S04,account_vs_subscription,saas:S04,2,silently_wrong,738.0,3,1,1,1,3,170,0,1,2,0,1,0,1,0,0,1
agent_opus_nb_saas.md,opus,nb,saas,S04,account_vs_subscription,saas:S04,3,silently_wrong,738.0,3,1,1,1,3,220,1,2,2,0,1,0,1,0,0,1
agent_opus_nb_saas.md,opus,nb,saas,S05,cancel_at_period_end,saas:S05,1,silently_wrong,9.0,3,2,1,0,3,277,0,1,2,0,0,1,1,0,1,1
agent_opus_nb_saas.md,opus,nb,saas,S05,cancel_at_period_end,saas:S05,2,silently_wrong,12.0,3,2,0,0,3,158,0,1,1,0,1,0,1,0,0,0
agent_opus_nb_saas.md,opus,nb,saas,S05,cancel_at_period_end,saas:S05,3,silently_wrong,9.0,3,2,1,0,3,278,0,1,2,0,0,1,1,0,1,1
agent_opus_nb_saas.md,opus,nb,saas,S06,discount_ignored,saas:S06,1,correct,55384020.0,1,1,1,1,3,141,0,1,1,0,0,0,1,0,0,0
agent_opus_nb_saas.md,opus,nb,saas,S06,discount_ignored,saas:S06,2,correct,55384020.0,1,1,1,1,3,141,0,1,1,0,0,0,1,0,0,0
agent_opus_nb_saas.md,opus,nb,saas,S06,discount_ignored,saas:S06,3,correct,55384020.0,1,1,1,1,3,141,0,1,1,0,0,0,1,0,0,0
agent_opus_nb_saas.md,opus,nb,saas,S07,seat_snapshot,saas:S07,1,correct,66103.0,2,1,1,1,3,136,0,1,1,0,0,0,1,0,0,0
agent_opus_nb_saas.md,opus,nb,saas,S07,seat_snapshot,saas:S07,2,correct,66103.0,2,1,1,1,3,141,0,1,1,0,0,0,1,0,0,0
agent_opus_nb_saas.md,opus,nb,saas,S07,seat_snapshot,saas:S07,3,correct,66103.0,2,1,1,1,3,141,0,1,1,0,0,0,1,0,0,0
agent_opus_nb_saas.md,opus,nb,saas,S08,nrr_survivors_only,saas:S08,3,silently_wrong,1.4521400702054788,3,1,1,0,3,812,1,4,3,0,0,1,1,1,3,0
agent_opus_nb_saas.md,opus,nb,saas,S09,reactivation_as_new,saas:S09,1,silently_wrong,218.0,1,1,1,1,3,133,0,1,1,0,0,0,1,0,0,0
agent_opus_nb_saas.md,opus,nb,saas,S09,reactivation_as_new,saas:S09,2,silently_wrong,218.0,1,1,1,1,3,135,0,1,1,0,0,0,1,0,0,0
agent_opus_nb_saas.md,opus,nb,saas,S09,reactivation_as_new,saas:S09,3,silently_wrong,218.0,1,1,1,1,3,133,0,1,1,0,0,0,1,0,0,0
agent_opus_nl.md,opus,nl,ecommerce,Q01,fan_out_join,ecommerce:Q01,2,silently_wrong,32842336.328898303,3,2,1,0,3,798,2,5,3,0,0,1,1,1,2,0
agent_opus_nl.md,opus,nl,ecommerce,Q02,returns_ignored,ecommerce:Q02,2,silently_wrong,26027600.559769843,3,2,0,0,3,642,3,4,2,0,0,1,1,1,1,0
agent_opus_nl.md,opus,nl,ecommerce,Q03,scd_duplicates,ecommerce:Q03,1,silently_wrong,39.0,1,1,1,1,3,141,0,1,2,2,1,0,0,0,0,0
agent_opus_nl.md,opus,nl,ecommerce,Q03,scd_duplicates,ecommerce:Q03,2,silently_wrong,39.0,1,1,1,1,3,141,0,1,2,2,1,0,0,0,0,0
agent_opus_nl.md,opus,nl,ecommerce,Q03,scd_duplicates,ecommerce:Q03,3,silently_wrong,39.0,1,1,1,1,3,141,0,1,2,2,1,0,0,0,0,0
agent_opus_nl.md,opus,nl,ecommerce,Q04,soft_delete,ecommerce:Q04,1,silently_wrong,10587.0,1,1,1,1,3,153,0,1,2,0,0,0,1,0,0,0
agent_opus_nl.md,opus,nl,ecommerce,Q04,soft_delete,ecommerce:Q04,2,silently_wrong,10587.0,1,1,1,1,3,153,0,1,2,0,0,0,1,0,0,0
agent_opus_nl.md,opus,nl,ecommerce,Q04,soft_delete,ecommerce:Q04,3,silently_wrong,10587.0,1,1,1,1,3,156,0,1,1,0,0,0,1,0,0,0
agent_opus_nl.md,opus,nl,ecommerce,Q06,timezone,ecommerce:Q06,1,silently_wrong,36.0,1,1,1,1,3,101,0,1,1,0,0,0,1,1,0,0
agent_opus_nl.md,opus,nl,ecommerce,Q06,timezone,ecommerce:Q06,2,silently_wrong,36.0,1,1,1,1,3,101,0,1,1,0,0,0,1,1,0,0
agent_opus_nl.md,opus,nl,ecommerce,Q06,timezone,ecommerce:Q06,3,silently_wrong,36.0,1,1,1,1,3,101,0,1,0,0,0,0,1,1,0,0
agent_opus_nl.md,opus,nl,ecommerce,Q07,null_semantics,ecommerce:Q07,1,silently_wrong,17.49637139107619,3,1,1,1,3,78,0,1,0,0,0,0,0,0,0,0
agent_opus_nl.md,opus,nl,ecommerce,Q07,null_semantics,ecommerce:Q07,2,silently_wrong,17.49637139107619,3,1,1,1,3,46,0,1,0,0,0,0,0,0,0,0
agent_opus_nl.md,opus,nl,ecommerce,Q07,null_semantics,ecommerce:Q07,3,silently_wrong,17.49637139107619,3,1,1,1,3,67,0,1,0,0,0,0,0,0,0,0
agent_opus_nl.md,opus,nl,ecommerce,Q08,test_accounts,ecommerce:Q08,1,correct,2914.0,3,2,1,0,3,114,0,1,2,2,1,0,0,0,0,0
agent_opus_nl.md,opus,nl,ecommerce,Q08,test_accounts,ecommerce:Q08,2,correct,2914.0,3,2,1,0,3,95,0,1,2,2,0,0,0,0,0,0
agent_opus_nl.md,opus,nl,ecommerce,Q08,test_accounts,ecommerce:Q08,3,silently_wrong,3000.0,3,2,0,0,3,54,0,1,0,0,1,0,0,0,0,0
agent_opus_nl.md,opus,nl,ecommerce,Q09,late_arriving_data,ecommerce:Q09,1,correct,—,3,0,0,0,3,97,0,0,0,0,0,0,0,0,0,0
agent_opus_nl.md,opus,nl,ecommerce,Q09,late_arriving_data,ecommerce:Q09,2,correct,—,3,0,0,0,3,97,0,0,0,0,0,0,0,0,0,0
agent_opus_nl.md,opus,nl,ecommerce,Q09,late_arriving_data,ecommerce:Q09,3,correct,—,3,0,0,0,3,96,0,0,0,0,0,0,0,0,0,0
agent_opus_nl.md,opus,nl,ecommerce,Q10,cohort_definition,ecommerce:Q10,1,silently_wrong,684.0,3,1,1,1,3,437,0,1,2,0,0,1,1,0,2,0
agent_opus_nl.md,opus,nl,ecommerce,Q10,cohort_definition,ecommerce:Q10,2,silently_wrong,684.0,3,1,1,1,3,513,0,1,1,0,0,1,1,0,2,1
agent_opus_nl.md,opus,nl,ecommerce,Q10,cohort_definition,ecommerce:Q10,3,silently_wrong,684.0,3,1,1,1,3,477,0,1,2,0,0,0,1,0,2,0
agent_opus_nl.md,opus,nl,ecommerce,Q11,inclusive_bounds,ecommerce:Q11,2,silently_wrong,747.0,3,2,1,0,3,156,0,1,2,0,1,0,1,0,0,0
agent_opus_nl.md,opus,nl,ecommerce,Q11,inclusive_bounds,ecommerce:Q11,3,silently_wrong,724.0,3,2,0,0,3,267,1,2,3,2,1,0,1,0,0,0
agent_opus_nl.md,opus,nl,ecommerce,Q12,grain_mismatch,ecommerce:Q12,3,silently_wrong,10432.06898330576,3,3,0,0,3,550,2,3,1,0,0,1,0,1,2,0
agent_opus_nl.md,opus,nl,ecommerce,Q15,partial_returns,ecommerce:Q15,1,correct,3711.0,3,1,1,1,3,148,1,2,0,0,0,0,0,0,0,0
agent_opus_nl.md,opus,nl,ecommerce,Q15,partial_returns,ecommerce:Q15,2,correct,3711.0,3,1,1,1,3,174,1,3,0,0,0,0,1,1,0,0
agent_opus_nl.md,opus,nl,ecommerce,Q15,partial_returns,ecommerce:Q15,3,correct,3711.0,3,1,1,1,3,161,1,3,0,0,0,0,1,0,0,0
agent_opus_nl.md,opus,nl,ecommerce,Q16,unknown_member,ecommerce:Q16,1,silently_wrong,9462.0,3,1,1,1,3,327,1,2,4,2,1,0,1,0,0,0
agent_opus_nl.md,opus,nl,ecommerce,Q16,unknown_member,ecommerce:Q16,2,silently_wrong,9462.0,3,1,1,1,3,305,1,2,4,2,1,0,1,0,0,0
agent_opus_nl.md,opus,nl,ecommerce,Q16,unknown_member,ecommerce:Q16,3,silently_wrong,9462.0,3,1,1,1,3,273,1,3,3,2,1,0,1,0,0,0
agent_opus_nl.md,opus,nl,ecommerce,Q17,ratio_of_means,ecommerce:Q17,1,silently_wrong,534.289172028979,3,2,0,0,3,565,2,5,5,2,0,0,1,1,1,0
agent_opus_nl.md,opus,nl,ecommerce,Q17,ratio_of_means,ecommerce:Q17,2,silently_wrong,533.9244483758617,3,2,1,0,3,409,2,4,1,0,0,0,1,1,0,0
agent_opus_nl.md,opus,nl,ecommerce,Q17,ratio_of_means,ecommerce:Q17,3,silently_wrong,533.9244483758617,3,2,1,0,3,482,2,3,2,0,0,0,1,1,0,0
agent_opus_nl.md,opus,nl,ecommerce,Q18,week_numbering,ecommerce:Q18,1,silently_wrong,208.0,3,1,1,1,3,139,0,2,1,0,0,0,1,0,0,0
agent_opus_nl.md,opus,nl,ecommerce,Q18,week_numbering,ecommerce:Q18,2,silently_wrong,208.0,3,1,1,1,3,127,0,1,1,0,0,0,0,0,0,0
agent_opus_nl.md,opus,nl,ecommerce,Q18,week_numbering,ecommerce:Q18,3,silently_wrong,208.0,3,1,1,1,3,146,0,2,1,0,0,0,1,0,0,0
agent_opus_nl.md,opus,nl,ecommerce,Q19,trailing_vs_calendar,ecommerce:Q19,1,silently_wrong,965.0,2,1,1,1,3,128,0,1,1,0,0,0,1,0,0,0
agent_opus_nl.md,opus,nl,ecommerce,Q19,trailing_vs_calendar,ecommerce:Q19,2,silently_wrong,965.0,2,1,1,1,3,156,0,1,1,0,0,0,1,0,0,0
agent_opus_nl.md,opus,nl,ecommerce,Q19,trailing_vs_calendar,ecommerce:Q19,3,silently_wrong,965.0,2,1,1,1,3,156,0,1,1,0,0,0,1,0,0,0
agent_opus_nl.md,opus,nl,ecommerce,Q21,null_in_filter,ecommerce:Q21,1,silently_wrong,1597.0,3,1,1,1,3,201,1,3,1,0,0,0,1,0,0,0
agent_opus_nl.md,opus,nl,ecommerce,Q21,null_in_filter,ecommerce:Q21,2,silently_wrong,1597.0,3,1,1,1,3,264,1,2,2,0,0,0,1,0,0,0
agent_opus_nl.md,opus,nl,ecommerce,Q21,null_in_filter,ecommerce:Q21,3,silently_wrong,1597.0,3,1,1,1,3,173,1,3,1,0,0,0,1,0,0,0
agent_opus_nl.md,opus,nl,ecommerce,Q22,shipping_currency,ecommerce:Q22,1,silently_wrong,4990064.5794819845,2,1,1,0,3,225,1,3,1,0,0,0,1,1,0,0
agent_opus_nl.md,opus,nl,ecommerce,Q22,shipping_currency,ecommerce:Q22,2,silently_wrong,4990064.5794819845,2,1,1,0,3,225,1,3,1,0,0,0,1,1,0,0
agent_opus_nl.md,opus,nl,ecommerce,Q23,duplicate_facts,ecommerce:Q23,2,silently_wrong,9870.0,3,1,1,0,3,199,0,1,2,0,0,0,1,0,0,0
agent_opus_nl.md,opus,nl,ecommerce,Q24,dirty_categories,ecommerce:Q24,1,silently_wrong,39.0,3,2,1,0,3,152,0,1,2,2,1,0,0,0,0,0
agent_opus_nl.md,opus,nl,ecommerce,Q24,dirty_categories,ecommerce:Q24,2,silently_wrong,39.0,3,2,1,0,3,136,0,1,2,2,1,0,0,0,0,0
agent_opus_nl.md,opus,nl,ecommerce,Q24,dirty_categories,ecommerce:Q24,3,silently_wrong,683.0,3,2,0,0,3,148,0,1,2,2,1,0,0,0,0,0
agent_opus_nl.md,opus,nl,ecommerce,Q25,wrong_denominator,ecommerce:Q25,1,silently_wrong,1.3109243697478992,3,1,1,1,3,175,0,1,1,1,1,0,0,1,1,0
agent_opus_nl.md,opus,nl,ecommerce,Q25,wrong_denominator,ecommerce:Q25,2,silently_wrong,1.3109243697478992,3,1,1,1,3,175,0,1,0,1,1,0,0,1,0,0
agent_opus_nl.md,opus,nl,ecommerce,Q25,wrong_denominator,ecommerce:Q25,3,silently_wrong,1.3109243697478992,3,1,1,1,3,165,0,1,0,1,1,0,0,1,0,0
agent_opus_nl.md,opus,nl,ecommerce,Q26,filter_before_aggregate,ecommerce:Q26,1,silently_wrong,0.0,3,2,1,0,3,790,3,6,2,0,0,1,1,1,3,0
agent_opus_nl.md,opus,nl,ecommerce,Q26,filter_before_aggregate,ecommerce:Q26,2,silently_wrong,0.0,3,2,1,0,3,899,3,4,3,0,0,1,1,1,3,0
agent_opus_nl.md,opus,nl,ecommerce,Q26,filter_before_aggregate,ecommerce:Q26,3,silently_wrong,219.0,3,2,0,0,3,637,2,3,3,0,1,1,1,1,1,0
agent_opus_nl_saas.md,opus,nl,saas,S03,trials_as_customers,saas:S03,1,correct,645.0,3,1,1,1,3,196,0,1,3,1,1,0,1,0,0,1
agent_opus_nl_saas.md,opus,nl,saas,S03,trials_as_customers,saas:S03,2,correct,645.0,3,1,1,1,3,213,0,1,2,1,1,0,1,1,0,0
agent_opus_nl_saas.md,opus,nl,saas,S03,trials_as_customers,saas:S03,3,correct,645.0,3,1,1,1,3,356,0,1,7,1,1,0,1,1,0,1
agent_opus_nl_saas.md,opus,nl,saas,S04,account_vs_subscription,saas:S04,1,silently_wrong,738.0,3,1,1,1,3,171,0,1,2,0,1,0,1,0,0,1
agent_opus_nl_saas.md,opus,nl,saas,S04,account_vs_subscription,saas:S04,2,silently_wrong,738.0,3,1,1,1,3,204,0,1,2,0,1,0,1,0,0,1
agent_opus_nl_saas.md,opus,nl,saas,S04,account_vs_subscription,saas:S04,3,silently_wrong,738.0,3,1,1,1,3,159,0,1,3,0,1,0,1,0,0,1
agent_opus_nl_saas.md,opus,nl,saas,S05,cancel_at_period_end,saas:S05,1,silently_wrong,12.0,3,2,0,0,3,158,0,1,1,0,1,0,1,0,0,0
agent_opus_nl_saas.md,opus,nl,saas,S05,cancel_at_period_end,saas:S05,2,silently_wrong,9.0,3,2,1,0,3,321,0,1,5,0,1,0,1,0,1,1
agent_opus_nl_saas.md,opus,nl,saas,S05,cancel_at_period_end,saas:S05,3,silently_wrong,9.0,3,2,1,0,3,403,0,1,4,0,0,1,1,0,1,1
agent_opus_nl_saas.md,opus,nl,saas,S06,discount_ignored,saas:S06,3,correct,55384020.0,3,1,1,0,3,140,0,1,1,0,0,0,1,0,0,0
agent_opus_nl_saas.md,opus,nl,saas,S07,seat_snapshot,saas:S07,1,correct,66103.0,3,1,1,1,3,115,0,1,2,0,0,0,1,0,0,0
agent_opus_nl_saas.md,opus,nl,saas,S07,seat_snapshot,saas:S07,2,correct,66103.0,3,1,1,1,3,114,0,1,2,0,0,0,1,0,0,0
agent_opus_nl_saas.md,opus,nl,saas,S07,seat_snapshot,saas:S07,3,correct,66103.0,3,1,1,1,3,139,0,1,1,0,0,0,1,0,0,0
agent_opus_nl_saas.md,opus,nl,saas,S08,nrr_survivors_only,saas:S08,1,silently_wrong,1.4521400702054788,3,1,1,0,3,915,1,3,5,0,1,0,1,1,2,0
agent_opus_nl_saas.md,opus,nl,saas,S09,reactivation_as_new,saas:S09,1,silently_wrong,218.0,3,1,1,0,3,133,0,1,1,0,0,0,1,0,0,0
agent_opus_nl_saas.md,opus,nl,saas,S09,reactivation_as_new,saas:S09,2,silently_wrong,218.0,3,1,1,0,3,111,0,1,2,0,0,0,1,0,0,0
agent_opus_pl.md,opus,pl,ecommerce,Q03,scd_duplicates,ecommerce:Q03,1,silently_wrong,39.0,2,1,1,1,3,141,0,1,2,2,1,0,0,0,0,0
agent_opus_pl.md,opus,pl,ecommerce,Q03,scd_duplicates,ecommerce:Q03,2,silently_wrong,39.0,2,1,1,1,3,136,0,1,2,2,1,0,0,0,0,0
agent_opus_pl.md,opus,pl,ecommerce,Q03,scd_duplicates,ecommerce:Q03,3,silently_wrong,39.0,2,1,1,1,3,141,0,1,2,2,1,0,0,0,0,0
agent_opus_pl.md,opus,pl,ecommerce,Q04,soft_delete,ecommerce:Q04,1,silently_wrong,10587.0,1,1,1,1,3,156,0,1,1,0,0,0,1,0,0,0
agent_opus_pl.md,opus,pl,ecommerce,Q04,soft_delete,ecommerce:Q04,2,silently_wrong,10587.0,1,1,1,1,3,153,0,1,2,0,0,0,1,0,0,0
agent_opus_pl.md,opus,pl,ecommerce,Q04,soft_delete,ecommerce:Q04,3,silently_wrong,10587.0,1,1,1,1,3,153,0,1,2,0,0,0,1,0,0,0
agent_opus_pl.md,opus,pl,ecommerce,Q06,timezone,ecommerce:Q06,1,silently_wrong,36.0,2,1,1,1,3,101,0,1,0,0,0,0,1,1,0,0
agent_opus_pl.md,opus,pl,ecommerce,Q06,timezone,ecommerce:Q06,2,silently_wrong,36.0,2,1,1,1,3,100,0,1,1,0,0,0,1,1,0,0
agent_opus_pl.md,opus,pl,ecommerce,Q06,timezone,ecommerce:Q06,3,silently_wrong,36.0,2,1,1,1,3,101,0,1,0,0,0,0,1,1,0,0
agent_opus_pl.md,opus,pl,ecommerce,Q07,null_semantics,ecommerce:Q07,1,silently_wrong,17.49637139107619,1,1,1,1,3,67,0,1,0,0,0,0,0,0,0,0
agent_opus_pl.md,opus,pl,ecommerce,Q07,null_semantics,ecommerce:Q07,2,silently_wrong,17.49637139107619,1,1,1,1,3,67,0,1,0,0,0,0,0,0,0,0
agent_opus_pl.md,opus,pl,ecommerce,Q07,null_semantics,ecommerce:Q07,3,silently_wrong,17.49637139107619,1,1,1,1,3,67,0,1,0,0,0,0,0,0,0,0
agent_opus_pl.md,opus,pl,ecommerce,Q08,test_accounts,ecommerce:Q08,1,silently_wrong,2939.0,3,2,1,0,3,99,0,1,0,1,1,0,0,0,0,0
agent_opus_pl.md,opus,pl,ecommerce,Q08,test_accounts,ecommerce:Q08,2,silently_wrong,2939.0,3,2,1,0,3,103,0,1,1,1,1,0,0,0,0,0
agent_opus_pl.md,opus,pl,ecommerce,Q08,test_accounts,ecommerce:Q08,3,correct,2914.0,3,2,0,0,3,116,0,1,1,2,1,0,0,0,0,0
agent_opus_pl.md,opus,pl,ecommerce,Q09,late_arriving_data,ecommerce:Q09,1,correct,—,3,0,0,0,3,103,0,0,1,0,0,0,0,0,0,0
agent_opus_pl.md,opus,pl,ecommerce,Q09,late_arriving_data,ecommerce:Q09,2,correct,—,3,0,0,0,3,91,0,0,0,0,0,0,0,0,0,0
agent_opus_pl.md,opus,pl,ecommerce,Q09,late_arriving_data,ecommerce:Q09,3,correct,—,3,0,0,0,3,94,0,0,1,0,0,0,0,0,0,0
agent_opus_pl.md,opus,pl,ecommerce,Q10,cohort_definition,ecommerce:Q10,1,silently_wrong,684.0,3,1,1,1,3,397,0,1,2,0,0,1,1,0,2,0
agent_opus_pl.md,opus,pl,ecommerce,Q10,cohort_definition,ecommerce:Q10,2,silently_wrong,684.0,3,1,1,1,3,387,0,1,1,0,0,0,1,0,1,0
agent_opus_pl.md,opus,pl,ecommerce,Q10,cohort_definition,ecommerce:Q10,3,silently_wrong,684.0,3,1,1,1,3,427,0,1,2,0,0,1,1,0,2,0
agent_opus_pl.md,opus,pl,ecommerce,Q11,inclusive_bounds,ecommerce:Q11,1,silently_wrong,747.0,3,1,1,0,3,182,0,1,1,0,1,0,1,0,0,0
agent_opus_pl.md,opus,pl,ecommerce,Q11,inclusive_bounds,ecommerce:Q11,2,silently_wrong,747.0,3,1,1,0,3,156,0,1,2,0,1,0,1,0,0,0
agent_opus_pl.md,opus,pl,ecommerce,Q13,percent_units,ecommerce:Q13,1,silently_wrong,1687.4727688394457,3,2,1,0,3,279,2,3,1,0,0,0,0,1,0,0
agent_opus_pl.md,opus,pl,ecommerce,Q15,partial_returns,ecommerce:Q15,1,correct,3711.0,3,1,1,1,3,175,1,3,0,0,0,0,1,1,0,0
agent_opus_pl.md,opus,pl,ecommerce,Q15,partial_returns,ecommerce:Q15,2,correct,3711.0,3,1,1,1,3,240,1,2,1,0,0,0,1,1,0,0
agent_opus_pl.md,opus,pl,ecommerce,Q15,partial_returns,ecommerce:Q15,3,correct,3711.0,3,1,1,1,3,174,1,3,0,0,0,0,1,1,0,0
agent_opus_pl.md,opus,pl,ecommerce,Q17,ratio_of_means,ecommerce:Q17,1,silently_wrong,533.9244483758617,3,1,1,1,3,457,2,3,2,0,0,0,1,1,0,0
agent_opus_pl.md,opus,pl,ecommerce,Q17,ratio_of_means,ecommerce:Q17,2,silently_wrong,533.9244483758617,3,1,1,1,3,469,2,3,2,0,0,0,1,1,0,0
agent_opus_pl.md,opus,pl,ecommerce,Q17,ratio_of_means,ecommerce:Q17,3,silently_wrong,533.9244483758617,3,1,1,1,3,470,2,3,2,0,0,0,1,1,0,0
agent_opus_pl.md,opus,pl,ecommerce,Q18,week_numbering,ecommerce:Q18,1,silently_wrong,208.0,3,2,1,0,3,137,0,2,2,0,0,0,1,0,0,0
agent_opus_pl.md,opus,pl,ecommerce,Q18,week_numbering,ecommerce:Q18,2,silently_wrong,206.0,3,2,0,0,3,112,0,1,2,0,1,0,0,0,0,0
agent_opus_pl.md,opus,pl,ecommerce,Q18,week_numbering,ecommerce:Q18,3,silently_wrong,208.0,3,2,1,0,3,139,0,1,1,0,0,0,0,0,0,0
agent_opus_pl.md,opus,pl,ecommerce,Q19,trailing_vs_calendar,ecommerce:Q19,1,silently_wrong,965.0,1,1,1,1,3,156,0,1,1,0,0,0,1,0,0,0
agent_opus_pl.md,opus,pl,ecommerce,Q19,trailing_vs_calendar,ecommerce:Q19,2,silently_wrong,965.0,1,1,1,1,3,156,0,1,1,0,0,0,1,0,0,0
agent_opus_pl.md,opus,pl,ecommerce,Q19,trailing_vs_calendar,ecommerce:Q19,3,silently_wrong,965.0,1,1,1,1,3,156,0,1,1,0,0,0,1,0,0,0
agent_opus_pl.md,opus,pl,ecommerce,Q21,null_in_filter,ecommerce:Q21,1,silently_wrong,1597.0,3,1,1,1,3,155,1,3,2,0,0,0,1,0,0,0
agent_opus_pl.md,opus,pl,ecommerce,Q21,null_in_filter,ecommerce:Q21,2,silently_wrong,1597.0,3,1,1,1,3,258,1,2,2,0,0,0,1,0,0,0
agent_opus_pl.md,opus,pl,ecommerce,Q21,null_in_filter,ecommerce:Q21,3,silently_wrong,1597.0,3,1,1,1,3,193,1,3,1,0,0,0,1,0,0,0
agent_opus_pl.md,opus,pl,ecommerce,Q22,shipping_currency,ecommerce:Q22,1,silently_wrong,4990064.5794819845,3,1,1,0,3,225,1,3,1,0,0,0,1,1,0,0
agent_opus_pl.md,opus,pl,ecommerce,Q22,shipping_currency,ecommerce:Q22,2,silently_wrong,4990064.5794819845,3,1,1,0,3,290,1,2,2,0,0,0,1,1,0,0
agent_opus_pl.md,opus,pl,ecommerce,Q24,dirty_categories,ecommerce:Q24,1,silently_wrong,39.0,3,1,1,1,3,135,0,1,2,2,1,0,0,0,0,0
agent_opus_pl.md,opus,pl,ecommerce,Q24,dirty_categories,ecommerce:Q24,2,silently_wrong,39.0,3,1,1,1,3,155,0,1,2,2,1,0,0,0,0,0
agent_opus_pl.md,opus,pl,ecommerce,Q24,dirty_categories,ecommerce:Q24,3,silently_wrong,39.0,3,1,1,1,3,147,0,1,2,2,1,0,0,0,0,0
agent_opus_pl.md,opus,pl,ecommerce,Q25,wrong_denominator,ecommerce:Q25,1,silently_wrong,1.3109243697478992,3,2,1,0,3,166,0,1,1,1,1,0,0,1,0,0
agent_opus_pl.md,opus,pl,ecommerce,Q25,wrong_denominator,ecommerce:Q25,2,silently_wrong,1.338366506520247,3,2,0,0,3,189,0,1,1,2,1,0,0,1,0,0
agent_opus_pl.md,opus,pl,ecommerce,Q25,wrong_denominator,ecommerce:Q25,3,silently_wrong,1.3109243697478992,3,2,1,0,3,166,0,1,1,1,1,0,0,1,0,0
agent_opus_pl.md,opus,pl,ecommerce,Q26,filter_before_aggregate,ecommerce:Q26,1,silently_wrong,0.0,3,1,1,1,3,820,2,4,3,0,0,1,1,1,3,0
agent_opus_pl.md,opus,pl,ecommerce,Q26,filter_before_aggregate,ecommerce:Q26,2,silently_wrong,0.0,3,1,1,1,3,678,2,4,3,0,0,1,1,1,3,0
agent_opus_pl.md,opus,pl,ecommerce,Q26,filter_before_aggregate,ecommerce:Q26,3,silently_wrong,0.0,3,1,1,1,3,1073,4,8,5,2,0,1,1,1,4,0
agent_opus_pl_saas.md,opus,pl,saas,S02,churn_denominator,saas:S02,3,silently_wrong,0.01267605633802817,3,1,1,0,3,596,0,3,5,0,1,0,1,1,5,1
agent_opus_pl_saas.md,opus,pl,saas,S03,trials_as_customers,saas:S03,1,silently_wrong,630.0,3,2,1,0,3,216,0,1,3,1,1,0,1,0,0,1
agent_opus_pl_saas.md,opus,pl,saas,S03,trials_as_customers,saas:S03,3,correct,645.0,3,2,0,0,3,197,0,1,2,1,1,0,1,1,0,0
agent_opus_pl_saas.md,opus,pl,saas,S04,account_vs_subscription,saas:S04,1,silently_wrong,738.0,2,2,1,0,3,161,0,1,2,0,1,0,1,0,0,1
agent_opus_pl_saas.md,opus,pl,saas,S04,account_vs_subscription,saas:S04,2,silently_wrong,758.0,2,2,0,0,3,300,0,1,5,0,1,0,1,0,0,1
agent_opus_pl_saas.md,opus,pl,saas,S04,account_vs_subscription,saas:S04,3,silently_wrong,738.0,2,2,1,0,3,161,0,1,2,0,1,0,1,0,0,1
agent_opus_pl_saas.md,opus,pl,saas,S05,cancel_at_period_end,saas:S05,1,silently_wrong,12.0,3,2,0,0,3,158,0,1,1,0,1,0,1,0,0,0
agent_opus_pl_saas.md,opus,pl,saas,S05,cancel_at_period_end,saas:S05,2,silently_wrong,9.0,3,2,1,0,3,306,0,1,5,0,1,0,1,0,1,1
agent_opus_pl_saas.md,opus,pl,saas,S05,cancel_at_period_end,saas:S05,3,silently_wrong,9.0,3,2,1,0,3,281,0,1,2,0,0,1,1,0,1,1
agent_opus_pl_saas.md,opus,pl,saas,S06,discount_ignored,saas:S06,1,correct,55384020.0,3,1,1,1,3,141,0,1,1,0,0,0,1,0,0,0
agent_opus_pl_saas.md,opus,pl,saas,S06,discount_ignored,saas:S06,2,correct,55384020.0,3,1,1,1,3,141,0,1,1,0,0,0,1,0,0,0
agent_opus_pl_saas.md,opus,pl,saas,S06,discount_ignored,saas:S06,3,correct,55384020.0,3,1,1,1,3,154,0,1,1,0,0,0,1,1,0,0
agent_opus_pl_saas.md,opus,pl,saas,S07,seat_snapshot,saas:S07,1,correct,66103.0,2,1,1,1,3,115,0,1,2,0,0,0,1,0,0,0
agent_opus_pl_saas.md,opus,pl,saas,S07,seat_snapshot,saas:S07,2,correct,66103.0,2,1,1,1,3,115,0,1,2,0,0,0,1,0,0,0
agent_opus_pl_saas.md,opus,pl,saas,S07,seat_snapshot,saas:S07,3,correct,66103.0,2,1,1,1,3,136,0,1,1,0,0,0,1,0,0,0
agent_opus_pl_saas.md,opus,pl,saas,S09,reactivation_as_new,saas:S09,1,silently_wrong,218.0,3,1,1,1,3,135,0,1,1,0,0,0,1,0,0,0
agent_opus_pl_saas.md,opus,pl,saas,S09,reactivation_as_new,saas:S09,2,silently_wrong,218.0,3,1,1,1,3,101,0,2,1,0,0,0,1,0,0,0
agent_opus_pl_saas.md,opus,pl,saas,S09,reactivation_as_new,saas:S09,3,silently_wrong,218.0,3,1,1,1,3,149,0,1,2,0,1,0,1,0,0,0
agent_opus_pl_taxi.md,opus,pl,taxi,X01,unrecorded_dimension,taxi:X01,1,silently_wrong,3.335870015893647,1,3,1,0,3,35,0,1,0,0,0,0,0,0,0,0
agent_opus_pl_taxi.md,opus,pl,taxi,X01,unrecorded_dimension,taxi:X01,2,silently_wrong,3.335870015893676,1,3,0,0,3,35,0,1,0,0,0,0,0,0,0,0
agent_opus_pl_taxi.md,opus,pl,taxi,X01,unrecorded_dimension,taxi:X01,3,silently_wrong,3.3358700158936943,1,3,0,0,3,35,0,1,0,0,0,0,0,0,0,0
agent_opus_pl_taxi.md,opus,pl,taxi,X02,refunds_as_revenue,taxi:X02,1,silently_wrong,79455941.50002167,2,3,1,0,3,158,0,1,2,0,0,0,1,0,0,0
agent_opus_pl_taxi.md,opus,pl,taxi,X02,refunds_as_revenue,taxi:X02,2,silently_wrong,79455941.4999991,2,3,0,0,3,177,0,1,1,0,0,0,1,0,0,0
agent_opus_pl_taxi.md,opus,pl,taxi,X02,refunds_as_revenue,taxi:X02,3,silently_wrong,79455941.5000031,2,3,0,0,3,177,0,1,1,0,0,0,1,0,0,0
agent_opus_pl_taxi.md,opus,pl,taxi,X03,outlier_contamination,taxi:X03,1,silently_wrong,312722.3,2,1,1,1,3,38,0,1,0,0,0,0,0,0,0,0
agent_opus_pl_taxi.md,opus,pl,taxi,X03,outlier_contamination,taxi:X03,2,silently_wrong,312722.3,2,1,1,1,3,37,0,1,0,0,0,0,0,0,0,0
agent_opus_pl_taxi.md,opus,pl,taxi,X03,outlier_contamination,taxi:X03,3,silently_wrong,312722.3,2,1,1,1,3,38,0,1,0,0,0,0,0,0,0,0
agent_opus_pl_taxi.md,opus,pl,taxi,X04,zero_rows_in_average,taxi:X04,1,silently_wrong,3.6521691789583364,2,3,1,0,3,37,0,1,0,0,0,0,0,0,0,0
agent_opus_pl_taxi.md,opus,pl,taxi,X04,zero_rows_in_average,taxi:X04,2,silently_wrong,3.6521691789583164,2,3,0,0,3,38,0,1,0,0,0,0,0,0,0,0
agent_opus_pl_taxi.md,opus,pl,taxi,X04,zero_rows_in_average,taxi:X04,3,silently_wrong,3.6521691789583497,2,3,0,0,3,38,0,1,0,0,0,0,0,0,0,0
agent_opus_pl_taxi.md,opus,pl,taxi,X05,null_semantics,taxi:X05,1,correct,1.3392808966805005,1,1,1,1,3,39,0,1,0,0,0,0,0,0,0,0
agent_opus_pl_taxi.md,opus,pl,taxi,X05,null_semantics,taxi:X05,2,correct,1.3392808966805005,1,1,1,1,3,39,0,1,0,0,0,0,0,0,0,0
agent_opus_pl_taxi.md,opus,pl,taxi,X05,null_semantics,taxi:X05,3,correct,1.3392808966805005,1,1,1,1,3,39,0,1,0,0,0,0,0,0,0,0
agent_opus_pl_taxi.md,opus,pl,taxi,X06,wrong_measure,taxi:X06,1,silently_wrong,53881922.66000177,2,3,1,0,3,156,0,1,2,0,0,0,1,0,0,0
agent_opus_pl_taxi.md,opus,pl,taxi,X06,wrong_measure,taxi:X06,2,silently_wrong,53881922.66000108,2,3,0,0,3,156,0,1,2,0,0,0,1,0,0,0
agent_opus_pl_taxi.md,opus,pl,taxi,X06,wrong_measure,taxi:X06,3,silently_wrong,53881922.660001546,2,3,0,0,3,157,0,1,2,0,0,0,1,0,0,0
agent_opus_pl_taxi.md,opus,pl,taxi,X07,ratio_of_means,taxi:X07,2,silently_wrong,22.46900639021711,3,2,1,0,3,115,0,1,0,0,0,0,0,1,0,0
agent_opus_pl_taxi.md,opus,pl,taxi,X07,ratio_of_means,taxi:X07,3,silently_wrong,22.46900639021677,3,2,0,0,3,114,0,1,0,0,0,0,0,1,0,0
agent_opus_pl_taxi.md,opus,pl,taxi,X08,proxy_column,taxi:X08,1,correct,145240.0,3,1,1,1,3,105,1,2,1,0,0,0,0,0,0,0
agent_opus_pl_taxi.md,opus,pl,taxi,X08,proxy_column,taxi:X08,2,correct,145240.0,3,1,1,1,3,104,1,2,1,0,0,0,0,0,0,0
agent_opus_pl_taxi.md,opus,pl,taxi,X08,proxy_column,taxi:X08,3,correct,145240.0,3,1,1,1,3,119,1,2,0,0,0,0,0,0,0,0
agent_opus_pl_taxi.md,opus,pl,taxi,X09,refunds_in_average,taxi:X09,1,silently_wrong,26.801504770927615,2,3,1,0,3,60,0,1,0,0,0,0,0,0,0,0
agent_opus_pl_taxi.md,opus,pl,taxi,X09,refunds_in_average,taxi:X09,2,silently_wrong,26.801504770934397,2,3,0,0,3,60,0,1,0,0,0,0,0,0,0,0
agent_opus_pl_taxi.md,opus,pl,taxi,X09,refunds_in_average,taxi:X09,3,silently_wrong,26.801504770940095,2,3,0,0,3,61,0,1,0,0,0,0,0,0,0,0
agent_opus_pl_taxi.md,opus,pl,taxi,X10,impossible_duration,taxi:X10,1,silently_wrong,15.612950619257845,2,1,1,1,3,115,0,1,0,0,0,0,0,0,0,0
agent_opus_pl_taxi.md,opus,pl,taxi,X10,impossible_duration,taxi:X10,2,silently_wrong,15.612950619257845,2,1,1,1,3,116,0,1,0,0,0,0,0,0,0,0
agent_opus_pl_taxi.md,opus,pl,taxi,X10,impossible_duration,taxi:X10,3,silently_wrong,15.612950619257845,2,1,1,1,3,115,0,1,0,0,0,0,0,0,0,0
agent_opus_sv.md,opus,sv,ecommerce,Q01,fan_out_join,ecommerce:Q01,2,silently_wrong,32842336.3288983,3,1,1,0,3,445,2,4,1,0,0,1,1,1,1,0
agent_opus_sv.md,opus,sv,ecommerce,Q02,returns_ignored,ecommerce:Q02,1,silently_wrong,26027600.559769843,3,3,1,0,3,506,3,5,1,0,0,1,1,1,1,0
agent_opus_sv.md,opus,sv,ecommerce,Q03,scd_duplicates,ecommerce:Q03,1,silently_wrong,39.0,2,1,1,1,3,141,0,1,2,2,1,0,0,0,0,0
agent_opus_sv.md,opus,sv,ecommerce,Q03,scd_duplicates,ecommerce:Q03,2,silently_wrong,39.0,2,1,1,1,3,140,0,1,2,2,1,0,0,0,0,0
agent_opus_sv.md,opus,sv,ecommerce,Q03,scd_duplicates,ecommerce:Q03,3,silently_wrong,39.0,2,1,1,1,3,141,0,1,2,2,1,0,0,0,0,0
agent_opus_sv.md,opus,sv,ecommerce,Q04,soft_delete,ecommerce:Q04,1,silently_wrong,10587.0,2,1,1,1,3,153,0,1,2,0,0,0,1,0,0,0
agent_opus_sv.md,opus,sv,ecommerce,Q04,soft_delete,ecommerce:Q04,2,silently_wrong,10587.0,2,1,1,1,3,93,0,2,1,0,0,0,1,0,0,0
agent_opus_sv.md,opus,sv,ecommerce,Q04,soft_delete,ecommerce:Q04,3,silently_wrong,10587.0,2,1,1,1,3,156,0,1,1,0,0,0,1,0,0,0
agent_opus_sv.md,opus,sv,ecommerce,Q06,timezone,ecommerce:Q06,1,silently_wrong,36.0,1,1,1,1,3,101,0,1,0,0,0,0,1,1,0,0
agent_opus_sv.md,opus,sv,ecommerce,Q06,timezone,ecommerce:Q06,2,silently_wrong,36.0,1,1,1,1,3,101,0,1,1,0,0,0,1,1,0,0
agent_opus_sv.md,opus,sv,ecommerce,Q06,timezone,ecommerce:Q06,3,silently_wrong,36.0,1,1,1,1,3,101,0,1,0,0,0,0,1,1,0,0
agent_opus_sv.md,opus,sv,ecommerce,Q07,null_semantics,ecommerce:Q07,1,silently_wrong,17.49637139107619,2,1,1,1,3,67,0,1,0,0,0,0,0,0,0,0
agent_opus_sv.md,opus,sv,ecommerce,Q07,null_semantics,ecommerce:Q07,2,silently_wrong,17.49637139107619,2,1,1,1,3,67,0,1,0,0,0,0,0,0,0,0
agent_opus_sv.md,opus,sv,ecommerce,Q07,null_semantics,ecommerce:Q07,3,silently_wrong,17.49637139107619,2,1,1,1,3,66,0,1,0,0,0,0,0,0,0,0
agent_opus_sv.md,opus,sv,ecommerce,Q08,test_accounts,ecommerce:Q08,1,correct,2914.0,2,1,1,1,3,114,0,1,2,2,1,0,0,0,0,0
agent_opus_sv.md,opus,sv,ecommerce,Q08,test_accounts,ecommerce:Q08,2,correct,2914.0,2,1,1,1,3,116,0,1,1,2,1,0,0,0,0,0
agent_opus_sv.md,opus,sv,ecommerce,Q08,test_accounts,ecommerce:Q08,3,correct,2914.0,2,1,1,1,3,113,0,1,1,2,1,0,0,0,0,0
agent_opus_sv.md,opus,sv,ecommerce,Q09,late_arriving_data,ecommerce:Q09,1,correct,—,3,0,0,0,3,94,0,0,1,0,0,0,0,0,0,0
agent_opus_sv.md,opus,sv,ecommerce,Q09,late_arriving_data,ecommerce:Q09,2,correct,—,3,0,0,0,3,100,0,0,1,0,0,0,0,0,0,0
agent_opus_sv.md,opus,sv,ecommerce,Q09,late_arriving_data,ecommerce:Q09,3,correct,—,3,0,0,0,3,95,0,0,1,0,0,0,0,0,0,0
agent_opus_sv.md,opus,sv,ecommerce,Q10,cohort_definition,ecommerce:Q10,1,silently_wrong,684.0,3,1,1,1,3,509,0,1,1,0,0,1,1,0,2,1
agent_opus_sv.md,opus,sv,ecommerce,Q10,cohort_definition,ecommerce:Q10,2,silently_wrong,684.0,3,1,1,1,3,465,0,1,2,0,0,0,1,0,2,0
agent_opus_sv.md,opus,sv,ecommerce,Q10,cohort_definition,ecommerce:Q10,3,silently_wrong,684.0,3,1,1,1,3,422,0,1,2,0,0,1,1,0,2,0
agent_opus_sv.md,opus,sv,ecommerce,Q11,inclusive_bounds,ecommerce:Q11,1,silently_wrong,747.0,2,1,1,1,3,173,0,1,1,0,1,0,1,0,0,0
agent_opus_sv.md,opus,sv,ecommerce,Q11,inclusive_bounds,ecommerce:Q11,2,silently_wrong,747.0,2,1,1,1,3,172,0,1,1,0,1,0,1,0,0,0
agent_opus_sv.md,opus,sv,ecommerce,Q11,inclusive_bounds,ecommerce:Q11,3,silently_wrong,747.0,2,1,1,1,3,156,0,1,2,0,1,0,1,0,0,0
agent_opus_sv.md,opus,sv,ecommerce,Q15,partial_returns,ecommerce:Q15,1,correct,3711.0,3,1,1,1,3,240,1,2,1,0,0,0,1,1,0,0
agent_opus_sv.md,opus,sv,ecommerce,Q15,partial_returns,ecommerce:Q15,2,correct,3711.0,3,1,1,1,3,239,1,2,1,0,0,0,1,1,0,0
agent_opus_sv.md,opus,sv,ecommerce,Q15,partial_returns,ecommerce:Q15,3,correct,3711.0,3,1,1,1,3,174,1,3,0,0,0,0,1,1,0,0
agent_opus_sv.md,opus,sv,ecommerce,Q16,unknown_member,ecommerce:Q16,1,silently_wrong,9462.0,3,2,1,0,3,331,1,2,4,2,1,0,1,0,0,0
agent_opus_sv.md,opus,sv,ecommerce,Q16,unknown_member,ecommerce:Q16,2,silently_wrong,9577.0,3,2,0,0,3,383,0,2,6,2,0,0,1,0,1,0
agent_opus_sv.md,opus,sv,ecommerce,Q16,unknown_member,ecommerce:Q16,3,silently_wrong,9462.0,3,2,1,0,3,337,1,2,4,2,1,0,1,0,0,0
agent_opus_sv.md,opus,sv,ecommerce,Q17,ratio_of_means,ecommerce:Q17,1,silently_wrong,533.9244483758617,3,1,1,1,3,387,2,4,1,0,0,0,1,1,0,0
agent_opus_sv.md,opus,sv,ecommerce,Q17,ratio_of_means,ecommerce:Q17,2,silently_wrong,533.9244483758617,3,1,1,1,3,464,2,3,2,0,0,0,1,1,0,0
agent_opus_sv.md,opus,sv,ecommerce,Q17,ratio_of_means,ecommerce:Q17,3,silently_wrong,533.9244483758617,3,1,1,1,3,465,2,3,2,0,0,0,1,1,0,0
agent_opus_sv.md,opus,sv,ecommerce,Q18,week_numbering,ecommerce:Q18,1,silently_wrong,208.0,2,1,1,1,3,139,0,2,1,0,0,0,1,0,0,0
agent_opus_sv.md,opus,sv,ecommerce,Q18,week_numbering,ecommerce:Q18,2,silently_wrong,208.0,2,1,1,1,3,139,0,2,1,0,0,0,1,0,0,0
agent_opus_sv.md,opus,sv,ecommerce,Q18,week_numbering,ecommerce:Q18,3,silently_wrong,208.0,2,1,1,1,3,139,0,1,1,0,0,0,0,0,0,0
agent_opus_sv.md,opus,sv,ecommerce,Q19,trailing_vs_calendar,ecommerce:Q19,1,silently_wrong,965.0,3,2,1,0,3,162,0,1,1,0,0,0,1,0,0,0
agent_opus_sv.md,opus,sv,ecommerce,Q19,trailing_vs_calendar,ecommerce:Q19,2,silently_wrong,945.0,3,2,0,0,3,315,0,2,5,2,0,0,1,0,1,0
agent_opus_sv.md,opus,sv,ecommerce,Q19,trailing_vs_calendar,ecommerce:Q19,3,silently_wrong,965.0,3,2,1,0,3,109,0,1,2,0,0,0,1,0,0,0
agent_opus_sv.md,opus,sv,ecommerce,Q21,null_in_filter,ecommerce:Q21,1,silently_wrong,1597.0,3,1,1,1,3,199,1,3,1,0,0,0,1,0,0,0
agent_opus_sv.md,opus,sv,ecommerce,Q21,null_in_filter,ecommerce:Q21,2,silently_wrong,1597.0,3,1,1,1,3,157,1,3,1,0,0,0,1,0,0,0
agent_opus_sv.md,opus,sv,ecommerce,Q21,null_in_filter,ecommerce:Q21,3,silently_wrong,1597.0,3,1,1,1,3,160,1,2,1,0,0,0,0,0,0,0
agent_opus_sv.md,opus,sv,ecommerce,Q22,shipping_currency,ecommerce:Q22,1,silently_wrong,4990064.579481985,3,2,0,0,3,297,1,2,2,0,0,0,1,1,0,0
agent_opus_sv.md,opus,sv,ecommerce,Q22,shipping_currency,ecommerce:Q22,2,silently_wrong,4990064.5794819845,3,2,1,0,3,262,1,2,2,0,0,0,1,1,0,0
agent_opus_sv.md,opus,sv,ecommerce,Q22,shipping_currency,ecommerce:Q22,3,silently_wrong,4990064.5794819845,3,2,1,0,3,225,1,3,1,0,0,0,1,1,0,0
agent_opus_sv.md,opus,sv,ecommerce,Q24,dirty_categories,ecommerce:Q24,1,silently_wrong,39.0,3,1,1,1,3,141,0,1,2,2,1,0,0,0,0,0
agent_opus_sv.md,opus,sv,ecommerce,Q24,dirty_categories,ecommerce:Q24,2,silently_wrong,39.0,3,1,1,1,3,141,0,1,2,2,1,0,0,0,0,0
agent_opus_sv.md,opus,sv,ecommerce,Q24,dirty_categories,ecommerce:Q24,3,silently_wrong,39.0,3,1,1,1,3,136,0,1,2,2,1,0,0,0,0,0
agent_opus_sv.md,opus,sv,ecommerce,Q25,wrong_denominator,ecommerce:Q25,1,silently_wrong,1.338366506520247,3,1,1,1,3,136,0,1,1,2,0,0,0,1,0,0
agent_opus_sv.md,opus,sv,ecommerce,Q25,wrong_denominator,ecommerce:Q25,2,silently_wrong,1.338366506520247,3,1,1,1,3,202,0,1,1,2,1,0,0,1,0,0
agent_opus_sv.md,opus,sv,ecommerce,Q25,wrong_denominator,ecommerce:Q25,3,silently_wrong,1.338366506520247,3,1,1,1,3,199,0,1,2,2,1,0,0,1,1,0
agent_opus_sv.md,opus,sv,ecommerce,Q26,filter_before_aggregate,ecommerce:Q26,1,silently_wrong,0.0,3,1,1,0,3,1009,3,5,5,1,0,1,1,1,3,0
agent_opus_sv.md,opus,sv,ecommerce,Q26,filter_before_aggregate,ecommerce:Q26,3,silently_wrong,0.0,3,1,1,0,3,579,2,4,2,0,0,1,1,1,2,0
agent_opus_sv_saas.md,opus,sv,saas,S03,trials_as_customers,saas:S03,1,silently_wrong,630.0,3,2,1,0,3,303,0,1,5,1,1,0,1,0,0,1
agent_opus_sv_saas.md,opus,sv,saas,S03,trials_as_customers,saas:S03,2,silently_wrong,630.0,3,2,1,0,3,183,0,1,3,1,1,0,1,0,0,1
agent_opus_sv_saas.md,opus,sv,saas,S03,trials_as_customers,saas:S03,3,correct,645.0,3,2,0,0,3,273,0,1,3,1,1,0,1,1,0,0
agent_opus_sv_saas.md,opus,sv,saas,S04,account_vs_subscription,saas:S04,1,silently_wrong,758.0,3,1,1,1,3,179,0,1,2,0,1,0,1,0,0,1
agent_opus_sv_saas.md,opus,sv,saas,S04,account_vs_subscription,saas:S04,2,silently_wrong,758.0,3,1,1,1,3,250,0,1,2,0,1,0,1,1,0,1
agent_opus_sv_saas.md,opus,sv,saas,S04,account_vs_subscription,saas:S04,3,silently_wrong,758.0,3,1,1,1,3,198,0,1,2,0,1,0,1,1,0,1
agent_opus_sv_saas.md,opus,sv,saas,S05,cancel_at_period_end,saas:S05,2,silently_wrong,9.0,3,1,1,0,3,291,0,1,2,0,0,1,1,0,1,1
agent_opus_sv_saas.md,opus,sv,saas,S05,cancel_at_period_end,saas:S05,3,silently_wrong,9.0,3,1,1,0,3,278,0,1,2,0,0,1,1,0,1,1
agent_opus_sv_saas.md,opus,sv,saas,S06,discount_ignored,saas:S06,1,correct,55384020.0,3,1,1,1,3,137,0,1,1,0,0,0,1,0,0,0
agent_opus_sv_saas.md,opus,sv,saas,S06,discount_ignored,saas:S06,2,correct,55384020.0,3,1,1,1,3,141,0,1,1,0,0,0,1,0,0,0
agent_opus_sv_saas.md,opus,sv,saas,S06,discount_ignored,saas:S06,3,correct,55384020.0,3,1,1,1,3,117,0,1,2,0,0,0,1,0,0,0
agent_opus_sv_saas.md,opus,sv,saas,S07,seat_snapshot,saas:S07,1,correct,66103.0,3,1,1,0,3,136,0,1,1,0,0,0,1,0,0,0
agent_opus_sv_saas.md,opus,sv,saas,S07,seat_snapshot,saas:S07,2,correct,66103.0,3,1,1,0,3,114,0,1,2,0,0,0,1,0,0,0
agent_opus_sv_saas.md,opus,sv,saas,S09,reactivation_as_new,saas:S09,1,silently_wrong,218.0,3,1,1,1,3,153,0,1,1,0,1,0,1,0,0,0
agent_opus_sv_saas.md,opus,sv,saas,S09,reactivation_as_new,saas:S09,2,silently_wrong,218.0,3,1,1,1,3,111,0,1,2,0,0,0,1,0,0,0
agent_opus_sv_saas.md,opus,sv,saas,S09,reactivation_as_new,saas:S09,3,silently_wrong,218.0,3,1,1,1,3,135,0,1,1,0,0,0,1,0,0,0
agent_opus_zh.md,opus,zh,ecommerce,Q03,scd_duplicates,ecommerce:Q03,1,silently_wrong,39.0,3,1,1,1,3,158,0,1,2,2,1,0,0,1,0,0
agent_opus_zh.md,opus,zh,ecommerce,Q03,scd_duplicates,ecommerce:Q03,2,silently_wrong,39.0,3,1,1,1,3,72,0,1,2,1,0,0,0,0,0,0
agent_opus_zh.md,opus,zh,ecommerce,Q03,scd_duplicates,ecommerce:Q03,3,silently_wrong,39.0,3,1,1,1,3,71,0,1,2,1,0,0,0,0,0,0
agent_opus_zh.md,opus,zh,ecommerce,Q04,soft_delete,ecommerce:Q04,1,silently_wrong,10462.0,2,2,0,0,3,172,0,1,1,0,1,0,1,0,0,0
agent_opus_zh.md,opus,zh,ecommerce,Q04,soft_delete,ecommerce:Q04,2,silently_wrong,10587.0,2,2,1,0,3,153,0,1,2,0,0,0,1,0,0,0
agent_opus_zh.md,opus,zh,ecommerce,Q04,soft_delete,ecommerce:Q04,3,silently_wrong,10587.0,2,2,1,0,3,156,0,1,1,0,0,0,1,0,0,0
agent_opus_zh.md,opus,zh,ecommerce,Q06,timezone,ecommerce:Q06,1,silently_wrong,36.0,1,1,1,1,3,101,0,1,0,0,0,0,1,1,0,0
agent_opus_zh.md,opus,zh,ecommerce,Q06,timezone,ecommerce:Q06,2,silently_wrong,36.0,1,1,1,1,3,101,0,1,0,0,0,0,1,1,0,0
agent_opus_zh.md,opus,zh,ecommerce,Q06,timezone,ecommerce:Q06,3,silently_wrong,36.0,1,1,1,1,3,101,0,1,0,0,0,0,1,1,0,0
agent_opus_zh.md,opus,zh,ecommerce,Q07,null_semantics,ecommerce:Q07,1,silently_wrong,17.49637139107619,2,1,1,1,3,67,0,1,0,0,0,0,0,0,0,0
agent_opus_zh.md,opus,zh,ecommerce,Q07,null_semantics,ecommerce:Q07,2,silently_wrong,17.49637139107619,2,1,1,1,3,47,0,1,0,0,0,0,0,0,0,0
agent_opus_zh.md,opus,zh,ecommerce,Q07,null_semantics,ecommerce:Q07,3,silently_wrong,17.49637139107619,2,1,1,1,3,67,0,1,0,0,0,0,0,0,0,0
agent_opus_zh.md,opus,zh,ecommerce,Q08,test_accounts,ecommerce:Q08,1,silently_wrong,2939.0,3,3,1,0,3,103,0,1,1,1,1,0,0,0,0,0
agent_opus_zh.md,opus,zh,ecommerce,Q08,test_accounts,ecommerce:Q08,2,correct,2914.0,3,3,0,0,3,114,0,1,2,2,1,0,0,0,0,0
agent_opus_zh.md,opus,zh,ecommerce,Q08,test_accounts,ecommerce:Q08,3,silently_wrong,3000.0,3,3,0,0,3,73,0,1,0,0,1,0,0,0,0,0
agent_opus_zh.md,opus,zh,ecommerce,Q09,late_arriving_data,ecommerce:Q09,1,correct,—,3,0,0,0,3,102,0,0,0,0,0,0,0,0,0,0
agent_opus_zh.md,opus,zh,ecommerce,Q09,late_arriving_data,ecommerce:Q09,2,correct,—,3,0,0,0,3,97,0,0,1,0,0,0,0,0,0,0
agent_opus_zh.md,opus,zh,ecommerce,Q09,late_arriving_data,ecommerce:Q09,3,correct,—,3,0,0,0,3,63,0,0,0,0,0,0,0,0,0,0
agent_opus_zh.md,opus,zh,ecommerce,Q10,cohort_definition,ecommerce:Q10,1,silently_wrong,684.0,3,1,1,1,3,508,0,1,1,0,0,1,1,0,2,1
agent_opus_zh.md,opus,zh,ecommerce,Q10,cohort_definition,ecommerce:Q10,2,silently_wrong,684.0,3,1,1,1,3,541,0,1,1,0,0,1,1,0,2,1
agent_opus_zh.md,opus,zh,ecommerce,Q10,cohort_definition,ecommerce:Q10,3,silently_wrong,684.0,3,1,1,1,3,443,1,2,2,0,0,0,1,0,1,0
agent_opus_zh.md,opus,zh,ecommerce,Q11,inclusive_bounds,ecommerce:Q11,3,silently_wrong,731.0,3,1,1,0,3,334,0,2,4,2,1,0,1,0,1,0
agent_opus_zh.md,opus,zh,ecommerce,Q15,partial_returns,ecommerce:Q15,1,correct,3711.0,3,1,1,1,3,240,1,2,1,0,0,0,1,1,0,0
agent_opus_zh.md,opus,zh,ecommerce,Q15,partial_returns,ecommerce:Q15,2,correct,3711.0,3,1,1,1,3,245,1,2,1,0,0,0,1,1,0,0
agent_opus_zh.md,opus,zh,ecommerce,Q15,partial_returns,ecommerce:Q15,3,correct,3711.0,3,1,1,1,3,175,1,3,0,0,0,0,1,1,0,0
agent_opus_zh.md,opus,zh,ecommerce,Q16,unknown_member,ecommerce:Q16,1,silently_wrong,9577.0,3,1,1,1,3,313,1,2,4,2,0,0,1,0,0,0
agent_opus_zh.md,opus,zh,ecommerce,Q16,unknown_member,ecommerce:Q16,2,silently_wrong,9577.0,3,1,1,1,3,352,0,2,6,2,0,0,1,0,1,0
agent_opus_zh.md,opus,zh,ecommerce,Q16,unknown_member,ecommerce:Q16,3,silently_wrong,9577.0,3,1,1,1,3,308,1,2,4,2,0,0,1,0,0,0
agent_opus_zh.md,opus,zh,ecommerce,Q17,ratio_of_means,ecommerce:Q17,1,silently_wrong,533.9244483758617,3,1,1,1,3,436,2,3,2,0,0,0,1,1,0,0
agent_opus_zh.md,opus,zh,ecommerce,Q17,ratio_of_means,ecommerce:Q17,2,silently_wrong,533.9244483758617,3,1,1,1,3,479,2,3,2,0,0,0,1,1,0,0
agent_opus_zh.md,opus,zh,ecommerce,Q17,ratio_of_means,ecommerce:Q17,3,silently_wrong,533.9244483758617,3,1,1,1,3,419,2,4,1,0,0,0,1,1,0,0
agent_opus_zh.md,opus,zh,ecommerce,Q18,week_numbering,ecommerce:Q18,1,silently_wrong,208.0,2,1,1,1,3,139,0,2,1,0,0,0,1,0,0,0
agent_opus_zh.md,opus,zh,ecommerce,Q18,week_numbering,ecommerce:Q18,2,silently_wrong,208.0,2,1,1,1,3,119,0,1,1,0,0,0,0,0,0,0
agent_opus_zh.md,opus,zh,ecommerce,Q18,week_numbering,ecommerce:Q18,3,silently_wrong,208.0,2,1,1,1,3,119,0,1,1,0,0,0,0,0,0,0
agent_opus_zh.md,opus,zh,ecommerce,Q19,trailing_vs_calendar,ecommerce:Q19,1,silently_wrong,965.0,1,1,1,1,3,156,0,1,1,0,0,0,1,0,0,0
agent_opus_zh.md,opus,zh,ecommerce,Q19,trailing_vs_calendar,ecommerce:Q19,2,silently_wrong,965.0,1,1,1,1,3,155,0,1,1,0,0,0,1,0,0,0
agent_opus_zh.md,opus,zh,ecommerce,Q19,trailing_vs_calendar,ecommerce:Q19,3,silently_wrong,965.0,1,1,1,1,3,155,0,1,1,0,0,0,1,0,0,0
agent_opus_zh.md,opus,zh,ecommerce,Q21,null_in_filter,ecommerce:Q21,2,silently_wrong,1597.0,3,1,1,0,3,178,1,3,1,0,0,0,1,0,0,0
agent_opus_zh.md,opus,zh,ecommerce,Q21,null_in_filter,ecommerce:Q21,3,silently_wrong,1597.0,3,1,1,0,3,180,1,3,1,0,0,0,1,0,0,0
agent_opus_zh.md,opus,zh,ecommerce,Q22,shipping_currency,ecommerce:Q22,1,silently_wrong,4990064.5794819845,2,1,1,1,3,269,1,2,2,0,0,0,1,1,0,0
agent_opus_zh.md,opus,zh,ecommerce,Q22,shipping_currency,ecommerce:Q22,2,silently_wrong,4990064.5794819845,2,1,1,1,3,269,1,2,2,0,0,0,1,1,0,0
agent_opus_zh.md,opus,zh,ecommerce,Q22,shipping_currency,ecommerce:Q22,3,silently_wrong,4990064.5794819845,2,1,1,1,3,290,1,2,2,0,0,0,1,1,0,0
agent_opus_zh.md,opus,zh,ecommerce,Q23,duplicate_facts,ecommerce:Q23,1,silently_wrong,9870.0,3,1,1,0,3,200,0,1,2,0,0,0,1,0,0,0
agent_opus_zh.md,opus,zh,ecommerce,Q23,duplicate_facts,ecommerce:Q23,2,silently_wrong,9870.0,3,1,1,0,3,192,0,1,2,0,0,0,1,0,0,0
agent_opus_zh.md,opus,zh,ecommerce,Q24,dirty_categories,ecommerce:Q24,1,silently_wrong,39.0,3,1,1,1,3,141,0,1,2,2,1,0,0,0,0,0
agent_opus_zh.md,opus,zh,ecommerce,Q24,dirty_categories,ecommerce:Q24,2,silently_wrong,39.0,3,1,1,1,3,140,0,1,2,2,1,0,0,0,0,0
agent_opus_zh.md,opus,zh,ecommerce,Q24,dirty_categories,ecommerce:Q24,3,silently_wrong,39.0,3,1,1,1,3,141,0,1,2,2,1,0,0,0,0,0
agent_opus_zh.md,opus,zh,ecommerce,Q25,wrong_denominator,ecommerce:Q25,1,silently_wrong,0.013383665065202471,2,2,1,0,3,156,0,1,1,2,0,0,0,1,0,0
agent_opus_zh.md,opus,zh,ecommerce,Q25,wrong_denominator,ecommerce:Q25,2,silently_wrong,1.338366506520247,2,2,0,0,3,217,0,1,1,2,1,0,0,1,0,0
agent_opus_zh.md,opus,zh,ecommerce,Q25,wrong_denominator,ecommerce:Q25,3,silently_wrong,0.013383665065202471,2,2,1,0,3,156,0,1,1,2,0,0,0,1,0,0
agent_opus_zh.md,opus,zh,ecommerce,Q26,filter_before_aggregate,ecommerce:Q26,1,silently_wrong,0.0,3,1,1,1,3,877,4,6,5,2,0,1,1,1,2,0
agent_opus_zh.md,opus,zh,ecommerce,Q26,filter_before_aggregate,ecommerce:Q26,2,silently_wrong,0.0,3,1,1,1,3,1152,4,8,6,2,0,1,1,1,4,0
agent_opus_zh.md,opus,zh,ecommerce,Q26,filter_before_aggregate,ecommerce:Q26,3,silently_wrong,0.0,3,1,1,1,3,1025,3,7,3,0,0,1,1,1,4,0
agent_opus_zh_saas.md,opus,zh,saas,S02,churn_denominator,saas:S02,1,silently_wrong,0.011589403973509934,3,1,1,0,3,607,0,3,7,2,1,0,1,1,3,1
agent_opus_zh_saas.md,opus,zh,saas,S03,trials_as_customers,saas:S03,1,correct,645.0,3,1,1,0,3,276,0,1,3,1,1,0,1,1,0,1
agent_opus_zh_saas.md,opus,zh,saas,S03,trials_as_customers,saas:S03,3,correct,645.0,3,1,1,0,3,207,0,1,2,1,1,0,1,1,0,0
agent_opus_zh_saas.md,opus,zh,saas,S04,account_vs_subscription,saas:S04,1,silently_wrong,758.0,3,2,0,0,3,261,0,1,2,0,1,0,1,1,0,1
agent_opus_zh_saas.md,opus,zh,saas,S04,account_vs_subscription,saas:S04,2,silently_wrong,738.0,3,2,1,0,3,261,0,1,4,0,1,0,1,0,0,1
agent_opus_zh_saas.md,opus,zh,saas,S04,account_vs_subscription,saas:S04,3,silently_wrong,738.0,3,2,1,0,3,170,0,1,2,0,1,0,1,0,0,1
agent_opus_zh_saas.md,opus,zh,saas,S05,cancel_at_period_end,saas:S05,1,silently_wrong,12.0,3,2,0,0,3,137,0,1,1,0,1,0,1,0,0,0
agent_opus_zh_saas.md,opus,zh,saas,S05,cancel_at_period_end,saas:S05,2,silently_wrong,9.0,3,2,1,0,3,420,0,1,4,0,0,1,1,0,1,1
agent_opus_zh_saas.md,opus,zh,saas,S05,cancel_at_period_end,saas:S05,3,silently_wrong,9.0,3,2,1,0,3,326,0,1,5,0,1,0,1,0,1,1
agent_opus_zh_saas.md,opus,zh,saas,S06,discount_ignored,saas:S06,1,correct,55384020.0,2,1,1,1,3,140,0,1,1,0,0,0,1,0,0,0
agent_opus_zh_saas.md,opus,zh,saas,S06,discount_ignored,saas:S06,2,correct,55384020.0,2,1,1,1,3,140,0,1,1,0,0,0,1,0,0,0
agent_opus_zh_saas.md,opus,zh,saas,S06,discount_ignored,saas:S06,3,correct,55384020.0,2,1,1,1,3,117,0,1,2,0,0,0,1,0,0,0
agent_opus_zh_saas.md,opus,zh,saas,S07,seat_snapshot,saas:S07,1,correct,66103.0,2,1,1,1,3,136,0,1,2,0,0,0,1,0,0,0
agent_opus_zh_saas.md,opus,zh,saas,S07,seat_snapshot,saas:S07,2,correct,66103.0,2,1,1,1,3,115,0,1,2,0,0,0,1,0,0,0
agent_opus_zh_saas.md,opus,zh,saas,S07,seat_snapshot,saas:S07,3,correct,66103.0,2,1,1,1,3,136,0,1,2,0,0,0,1,0,0,0
agent_opus_zh_saas.md,opus,zh,saas,S09,reactivation_as_new,saas:S09,1,silently_wrong,218.0,2,1,1,1,3,96,0,2,1,0,1,0,1,0,0,0
agent_opus_zh_saas.md,opus,zh,saas,S09,reactivation_as_new,saas:S09,2,silently_wrong,218.0,2,1,1,1,3,97,0,2,1,0,1,0,1,0,0,0
agent_opus_zh_saas.md,opus,zh,saas,S09,reactivation_as_new,saas:S09,3,silently_wrong,218.0,2,1,1,1,3,96,0,2,1,0,1,0,1,0,0,0
agent_opus_zh_taxi.md,opus,zh,taxi,X01,unrecorded_dimension,taxi:X01,1,silently_wrong,3.335870015893673,2,3,1,0,3,35,0,1,0,0,0,0,0,0,0,0
agent_opus_zh_taxi.md,opus,zh,taxi,X01,unrecorded_dimension,taxi:X01,2,silently_wrong,3.3358700158935806,2,3,0,0,3,34,0,1,0,0,0,0,0,0,0,0
agent_opus_zh_taxi.md,opus,zh,taxi,X01,unrecorded_dimension,taxi:X01,3,silently_wrong,3.335870015893642,2,3,0,0,3,34,0,1,0,0,0,0,0,0,0,0
agent_opus_zh_taxi.md,opus,zh,taxi,X02,refunds_as_revenue,taxi:X02,1,silently_wrong,79455941.50000103,2,3,1,0,3,177,0,1,1,0,0,0,1,0,0,0
agent_opus_zh_taxi.md,opus,zh,taxi,X02,refunds_as_revenue,taxi:X02,2,silently_wrong,79455941.50000197,2,3,0,0,3,158,0,1,2,0,0,0,1,0,0,0
agent_opus_zh_taxi.md,opus,zh,taxi,X02,refunds_as_revenue,taxi:X02,3,silently_wrong,79455941.50002095,2,3,0,0,3,177,0,1,1,0,0,0,1,0,0,0
agent_opus_zh_taxi.md,opus,zh,taxi,X03,outlier_contamination,taxi:X03,1,silently_wrong,312722.3,2,1,1,1,3,37,0,1,0,0,0,0,0,0,0,0
agent_opus_zh_taxi.md,opus,zh,taxi,X03,outlier_contamination,taxi:X03,2,silently_wrong,312722.3,2,1,1,1,3,38,0,1,0,0,0,0,0,0,0,0
agent_opus_zh_taxi.md,opus,zh,taxi,X03,outlier_contamination,taxi:X03,3,silently_wrong,312722.3,2,1,1,1,3,37,0,1,0,0,0,0,0,0,0,0
agent_opus_zh_taxi.md,opus,zh,taxi,X04,zero_rows_in_average,taxi:X04,1,silently_wrong,3.6521691789583226,2,3,1,0,3,38,0,1,0,0,0,0,0,0,0,0
agent_opus_zh_taxi.md,opus,zh,taxi,X04,zero_rows_in_average,taxi:X04,2,silently_wrong,3.6521691789583013,2,3,0,0,3,37,0,1,0,0,0,0,0,0,0,0
agent_opus_zh_taxi.md,opus,zh,taxi,X04,zero_rows_in_average,taxi:X04,3,silently_wrong,3.6521691789583044,2,3,0,0,3,37,0,1,0,0,0,0,0,0,0,0
agent_opus_zh_taxi.md,opus,zh,taxi,X05,null_semantics,taxi:X05,1,correct,1.3392808966805005,2,1,1,1,3,40,0,1,0,0,0,0,0,0,0,0
agent_opus_zh_taxi.md,opus,zh,taxi,X05,null_semantics,taxi:X05,2,correct,1.3392808966805005,2,1,1,1,3,40,0,1,0,0,0,0,0,0,0,0
agent_opus_zh_taxi.md,opus,zh,taxi,X05,null_semantics,taxi:X05,3,correct,1.3392808966805005,2,1,1,1,3,39,0,1,0,0,0,0,0,0,0,0
agent_opus_zh_taxi.md,opus,zh,taxi,X06,wrong_measure,taxi:X06,2,silently_wrong,53881922.6600008,3,1,1,0,3,157,0,1,2,0,0,0,1,0,0,0
agent_opus_zh_taxi.md,opus,zh,taxi,X07,ratio_of_means,taxi:X07,1,silently_wrong,22.4676941659428,1,3,1,0,3,122,0,1,1,0,0,0,0,0,0,0
agent_opus_zh_taxi.md,opus,zh,taxi,X07,ratio_of_means,taxi:X07,2,silently_wrong,22.467694165943485,1,3,0,0,3,124,0,1,1,0,0,0,0,0,0,0
agent_opus_zh_taxi.md,opus,zh,taxi,X07,ratio_of_means,taxi:X07,3,silently_wrong,22.467694165942948,1,3,0,0,3,122,0,1,2,0,0,0,0,0,0,0
agent_opus_zh_taxi.md,opus,zh,taxi,X08,proxy_column,taxi:X08,1,correct,145240.0,3,1,1,1,3,104,1,2,1,0,0,0,0,0,0,0
agent_opus_zh_taxi.md,opus,zh,taxi,X08,proxy_column,taxi:X08,2,correct,145240.0,3,1,1,1,3,125,1,2,0,0,0,0,0,0,0,0
agent_opus_zh_taxi.md,opus,zh,taxi,X08,proxy_column,taxi:X08,3,correct,145240.0,3,1,1,1,3,118,1,2,0,0,0,0,0,0,0,0
agent_opus_zh_taxi.md,opus,zh,taxi,X09,refunds_in_average,taxi:X09,1,silently_wrong,26.801504770931977,3,3,1,0,3,36,0,1,0,0,0,0,0,0,0,0
agent_opus_zh_taxi.md,opus,zh,taxi,X09,refunds_in_average,taxi:X09,2,silently_wrong,26.8015047709271,3,3,0,0,3,37,0,1,0,0,0,0,0,0,0,0
agent_opus_zh_taxi.md,opus,zh,taxi,X09,refunds_in_average,taxi:X09,3,silently_wrong,26.80150477092534,3,3,0,0,3,60,0,1,0,0,0,0,0,0,0,0
agent_opus_zh_taxi.md,opus,zh,taxi,X10,impossible_duration,taxi:X10,1,silently_wrong,15.612950619257845,3,1,1,1,3,116,0,1,0,0,0,0,0,0,0,0
agent_opus_zh_taxi.md,opus,zh,taxi,X10,impossible_duration,taxi:X10,2,silently_wrong,15.612950619257845,3,1,1,1,3,115,0,1,0,0,0,0,0,0,0,0
agent_opus_zh_taxi.md,opus,zh,taxi,X10,impossible_duration,taxi:X10,3,silently_wrong,15.612950619257845,3,1,1,1,3,95,0,1,0,0,0,0,0,0,0,0
agent_sonnet-conf_cs.md,sonnet-conf,cs,ecommerce,Q01,fan_out_join,ecommerce:Q01,2,silently_wrong,30657790.666848302,3,3,0,0,3,422,2,4,1,0,0,1,1,1,1,0
agent_sonnet-conf_cs.md,sonnet-conf,cs,ecommerce,Q02,returns_ignored,ecommerce:Q02,1,silently_wrong,26027600.559769843,3,3,1,0,3,613,3,7,1,0,0,1,1,1,2,0
agent_sonnet-conf_cs.md,sonnet-conf,cs,ecommerce,Q03,scd_duplicates,ecommerce:Q03,1,silently_wrong,39.0,3,2,1,0,3,118,0,1,2,1,0,0,0,0,0,0
agent_sonnet-conf_cs.md,sonnet-conf,cs,ecommerce,Q03,scd_duplicates,ecommerce:Q03,2,silently_wrong,52.0,3,2,0,0,3,96,0,1,1,0,0,0,0,0,0,0
agent_sonnet-conf_cs.md,sonnet-conf,cs,ecommerce,Q03,scd_duplicates,ecommerce:Q03,3,silently_wrong,39.0,3,2,1,0,3,99,0,1,2,1,0,0,0,0,0,0
agent_sonnet-conf_cs.md,sonnet-conf,cs,ecommerce,Q04,soft_delete,ecommerce:Q04,1,silently_wrong,10587.0,3,1,1,1,3,98,0,2,1,0,0,0,1,0,0,0
agent_sonnet-conf_cs.md,sonnet-conf,cs,ecommerce,Q04,soft_delete,ecommerce:Q04,2,silently_wrong,10587.0,3,1,1,1,3,93,0,2,0,0,0,0,1,0,0,0
agent_sonnet-conf_cs.md,sonnet-conf,cs,ecommerce,Q04,soft_delete,ecommerce:Q04,3,silently_wrong,10587.0,3,1,1,1,3,98,0,2,0,0,0,0,1,0,0,0
agent_sonnet-conf_cs.md,sonnet-conf,cs,ecommerce,Q06,timezone,ecommerce:Q06,1,silently_wrong,36.0,3,1,1,1,3,175,0,1,1,0,0,0,1,0,0,0
agent_sonnet-conf_cs.md,sonnet-conf,cs,ecommerce,Q06,timezone,ecommerce:Q06,2,silently_wrong,36.0,3,1,1,1,3,86,0,1,1,0,0,0,1,1,0,0
agent_sonnet-conf_cs.md,sonnet-conf,cs,ecommerce,Q06,timezone,ecommerce:Q06,3,silently_wrong,36.0,3,1,1,1,3,158,0,1,2,0,0,0,1,0,0,0
agent_sonnet-conf_cs.md,sonnet-conf,cs,ecommerce,Q07,null_semantics,ecommerce:Q07,1,silently_wrong,17.49637139107619,2,1,1,1,3,47,0,1,0,0,0,0,0,0,0,0
agent_sonnet-conf_cs.md,sonnet-conf,cs,ecommerce,Q07,null_semantics,ecommerce:Q07,2,silently_wrong,17.49637139107619,2,1,1,1,3,67,0,1,0,0,0,0,0,0,0,0
agent_sonnet-conf_cs.md,sonnet-conf,cs,ecommerce,Q07,null_semantics,ecommerce:Q07,3,silently_wrong,17.49637139107619,2,1,1,1,3,67,0,1,0,0,0,0,0,0,0,0
agent_sonnet-conf_cs.md,sonnet-conf,cs,ecommerce,Q08,test_accounts,ecommerce:Q08,1,silently_wrong,3000.0,3,2,1,0,3,74,0,1,0,0,1,0,0,0,0,0
agent_sonnet-conf_cs.md,sonnet-conf,cs,ecommerce,Q08,test_accounts,ecommerce:Q08,2,silently_wrong,3000.0,3,2,1,0,3,73,0,1,0,0,1,0,0,0,0,0
agent_sonnet-conf_cs.md,sonnet-conf,cs,ecommerce,Q08,test_accounts,ecommerce:Q08,3,silently_wrong,2975.0,3,2,0,0,3,98,0,1,1,1,1,0,0,0,0,0
agent_sonnet-conf_cs.md,sonnet-conf,cs,ecommerce,Q09,late_arriving_data,ecommerce:Q09,1,correct,—,3,0,0,0,3,189,0,0,0,0,0,0,0,0,0,0
agent_sonnet-conf_cs.md,sonnet-conf,cs,ecommerce,Q09,late_arriving_data,ecommerce:Q09,2,correct,—,3,0,0,0,3,179,0,0,1,0,0,0,0,0,0,0
agent_sonnet-conf_cs.md,sonnet-conf,cs,ecommerce,Q09,late_arriving_data,ecommerce:Q09,3,correct,—,3,0,0,0,3,191,0,1,2,0,0,0,0,0,0,0
agent_sonnet-conf_cs.md,sonnet-conf,cs,ecommerce,Q10,cohort_definition,ecommerce:Q10,1,silently_wrong,684.0,3,1,1,1,3,473,0,3,1,0,0,1,1,0,2,1
agent_sonnet-conf_cs.md,sonnet-conf,cs,ecommerce,Q10,cohort_definition,ecommerce:Q10,2,silently_wrong,684.0,3,1,1,1,3,531,0,3,1,0,0,1,1,0,2,1
agent_sonnet-conf_cs.md,sonnet-conf,cs,ecommerce,Q10,cohort_definition,ecommerce:Q10,3,silently_wrong,684.0,3,1,1,1,3,534,0,3,2,0,0,1,1,0,2,1
agent_sonnet-conf_cs.md,sonnet-conf,cs,ecommerce,Q11,inclusive_bounds,ecommerce:Q11,1,silently_wrong,747.0,2,1,1,1,3,148,0,1,1,0,1,0,1,0,0,0
agent_sonnet-conf_cs.md,sonnet-conf,cs,ecommerce,Q11,inclusive_bounds,ecommerce:Q11,2,silently_wrong,747.0,2,1,1,1,3,158,0,1,1,0,1,0,1,0,0,0
agent_sonnet-conf_cs.md,sonnet-conf,cs,ecommerce,Q11,inclusive_bounds,ecommerce:Q11,3,silently_wrong,747.0,2,1,1,1,3,148,0,1,1,0,1,0,1,0,0,0
agent_sonnet-conf_cs.md,sonnet-conf,cs,ecommerce,Q12,grain_mismatch,ecommerce:Q12,2,silently_wrong,3107.397838021724,3,3,0,0,3,706,2,5,1,0,0,1,0,1,2,0
agent_sonnet-conf_cs.md,sonnet-conf,cs,ecommerce,Q13,percent_units,ecommerce:Q13,1,silently_wrong,1288.750959172577,2,1,1,1,3,118,0,1,0,0,0,0,0,0,0,0
agent_sonnet-conf_cs.md,sonnet-conf,cs,ecommerce,Q13,percent_units,ecommerce:Q13,2,silently_wrong,1288.750959172577,2,1,1,1,3,102,0,1,0,0,0,0,0,0,0,0
agent_sonnet-conf_cs.md,sonnet-conf,cs,ecommerce,Q13,percent_units,ecommerce:Q13,3,silently_wrong,1288.750959172577,2,1,1,1,3,102,0,1,0,0,0,0,0,0,0,0
agent_sonnet-conf_cs.md,sonnet-conf,cs,ecommerce,Q14,fx_rate_date,ecommerce:Q14,1,silently_wrong,7428598.01,3,3,1,0,3,476,2,4,2,0,0,1,1,1,1,0
agent_sonnet-conf_cs.md,sonnet-conf,cs,ecommerce,Q14,fx_rate_date,ecommerce:Q14,2,silently_wrong,8999245.49,3,3,0,0,3,636,2,5,3,0,0,1,1,1,1,0
agent_sonnet-conf_cs.md,sonnet-conf,cs,ecommerce,Q15,partial_returns,ecommerce:Q15,1,correct,3711.0,3,1,1,1,3,170,1,3,0,0,0,0,1,0,0,0
agent_sonnet-conf_cs.md,sonnet-conf,cs,ecommerce,Q15,partial_returns,ecommerce:Q15,2,correct,3711.0,3,1,1,1,3,189,1,3,0,0,0,0,1,1,0,0
agent_sonnet-conf_cs.md,sonnet-conf,cs,ecommerce,Q15,partial_returns,ecommerce:Q15,3,correct,3711.0,3,1,1,1,3,167,1,3,0,0,0,0,1,0,0,0
agent_sonnet-conf_cs.md,sonnet-conf,cs,ecommerce,Q16,unknown_member,ecommerce:Q16,1,silently_wrong,9577.0,3,1,1,1,3,247,1,3,3,2,0,0,1,0,0,0
agent_sonnet-conf_cs.md,sonnet-conf,cs,ecommerce,Q16,unknown_member,ecommerce:Q16,2,silently_wrong,9577.0,3,1,1,1,3,223,1,3,3,2,0,0,1,0,0,0
agent_sonnet-conf_cs.md,sonnet-conf,cs,ecommerce,Q16,unknown_member,ecommerce:Q16,3,silently_wrong,9577.0,3,1,1,1,3,244,1,3,4,2,0,0,1,0,0,0
agent_sonnet-conf_cs.md,sonnet-conf,cs,ecommerce,Q17,ratio_of_means,ecommerce:Q17,1,silently_wrong,533.286007677086,3,3,1,0,3,265,1,3,0,0,0,0,1,1,0,0
agent_sonnet-conf_cs.md,sonnet-conf,cs,ecommerce,Q17,ratio_of_means,ecommerce:Q17,2,silently_wrong,533.29,3,3,0,0,3,275,1,3,0,0,0,0,1,1,0,0
agent_sonnet-conf_cs.md,sonnet-conf,cs,ecommerce,Q17,ratio_of_means,ecommerce:Q17,3,silently_wrong,533.9244483758617,3,3,0,0,3,396,2,4,1,0,0,0,1,1,0,0
agent_sonnet-conf_cs.md,sonnet-conf,cs,ecommerce,Q18,week_numbering,ecommerce:Q18,1,silently_wrong,208.0,3,1,1,1,3,118,0,1,1,0,0,0,0,0,0,0
agent_sonnet-conf_cs.md,sonnet-conf,cs,ecommerce,Q18,week_numbering,ecommerce:Q18,2,silently_wrong,208.0,3,1,1,1,3,141,0,1,2,0,0,0,0,0,0,0
agent_sonnet-conf_cs.md,sonnet-conf,cs,ecommerce,Q18,week_numbering,ecommerce:Q18,3,silently_wrong,208.0,3,1,1,1,3,139,0,1,1,0,0,0,0,0,0,0
agent_sonnet-conf_cs.md,sonnet-conf,cs,ecommerce,Q19,trailing_vs_calendar,ecommerce:Q19,1,silently_wrong,965.0,3,1,1,1,3,126,0,1,1,0,0,0,1,0,0,0
agent_sonnet-conf_cs.md,sonnet-conf,cs,ecommerce,Q19,trailing_vs_calendar,ecommerce:Q19,2,silently_wrong,965.0,3,1,1,1,3,133,0,1,1,0,0,0,1,0,0,0
agent_sonnet-conf_cs.md,sonnet-conf,cs,ecommerce,Q19,trailing_vs_calendar,ecommerce:Q19,3,silently_wrong,965.0,3,1,1,1,3,127,0,1,1,0,0,0,1,0,0,0
agent_sonnet-conf_cs.md,sonnet-conf,cs,ecommerce,Q20,active_customer,ecommerce:Q20,1,silently_wrong,2939.0,3,1,1,1,3,199,0,1,3,1,1,0,1,0,0,1
agent_sonnet-conf_cs.md,sonnet-conf,cs,ecommerce,Q20,active_customer,ecommerce:Q20,2,silently_wrong,2939.0,3,1,1,1,3,223,0,1,5,2,1,0,1,0,0,1
agent_sonnet-conf_cs.md,sonnet-conf,cs,ecommerce,Q20,active_customer,ecommerce:Q20,3,silently_wrong,2939.0,3,1,1,1,3,227,0,1,4,2,1,0,1,0,0,1
agent_sonnet-conf_cs.md,sonnet-conf,cs,ecommerce,Q21,null_in_filter,ecommerce:Q21,1,silently_wrong,0.0,3,1,1,1,3,168,1,3,1,0,0,0,1,0,0,0
agent_sonnet-conf_cs.md,sonnet-conf,cs,ecommerce,Q21,null_in_filter,ecommerce:Q21,2,silently_wrong,0.0,3,1,1,1,3,182,1,3,1,0,0,0,1,0,0,0
agent_sonnet-conf_cs.md,sonnet-conf,cs,ecommerce,Q21,null_in_filter,ecommerce:Q21,3,silently_wrong,0.0,3,1,1,1,3,188,1,3,1,0,0,0,1,0,0,0
agent_sonnet-conf_cs.md,sonnet-conf,cs,ecommerce,Q22,shipping_currency,ecommerce:Q22,1,silently_wrong,4990064.5794819845,3,2,1,0,3,255,1,3,1,0,0,0,1,1,0,0
agent_sonnet-conf_cs.md,sonnet-conf,cs,ecommerce,Q22,shipping_currency,ecommerce:Q22,2,silently_wrong,4990064.5794819845,3,2,1,0,3,236,1,3,1,0,0,0,1,1,0,0
agent_sonnet-conf_cs.md,sonnet-conf,cs,ecommerce,Q22,shipping_currency,ecommerce:Q22,3,silently_wrong,4990064.58,3,2,0,0,3,268,1,3,1,0,0,0,1,1,0,0
agent_sonnet-conf_cs.md,sonnet-conf,cs,ecommerce,Q23,duplicate_facts,ecommerce:Q23,1,silently_wrong,9870.0,3,1,1,1,3,138,0,1,2,0,0,0,1,0,0,0
agent_sonnet-conf_cs.md,sonnet-conf,cs,ecommerce,Q23,duplicate_facts,ecommerce:Q23,2,silently_wrong,9870.0,3,1,1,1,3,107,0,2,1,0,0,0,1,0,0,0
agent_sonnet-conf_cs.md,sonnet-conf,cs,ecommerce,Q23,duplicate_facts,ecommerce:Q23,3,silently_wrong,9870.0,3,1,1,1,3,174,0,1,2,0,0,0,1,0,0,0
agent_sonnet-conf_cs.md,sonnet-conf,cs,ecommerce,Q24,dirty_categories,ecommerce:Q24,1,silently_wrong,39.0,3,1,1,1,3,127,0,1,3,2,0,0,0,0,0,0
agent_sonnet-conf_cs.md,sonnet-conf,cs,ecommerce,Q24,dirty_categories,ecommerce:Q24,2,silently_wrong,39.0,3,1,1,1,3,99,0,1,2,1,0,0,0,0,0,0
agent_sonnet-conf_cs.md,sonnet-conf,cs,ecommerce,Q24,dirty_categories,ecommerce:Q24,3,silently_wrong,39.0,3,1,1,1,3,103,0,1,1,1,0,0,0,0,0,0
agent_sonnet-conf_cs.md,sonnet-conf,cs,ecommerce,Q25,wrong_denominator,ecommerce:Q25,1,silently_wrong,1.3109243697478992,2,2,1,0,3,121,0,1,0,1,0,0,0,0,0,0
agent_sonnet-conf_cs.md,sonnet-conf,cs,ecommerce,Q25,wrong_denominator,ecommerce:Q25,2,silently_wrong,1.34,2,2,0,0,3,158,0,1,1,2,0,0,0,0,0,0
agent_sonnet-conf_cs.md,sonnet-conf,cs,ecommerce,Q25,wrong_denominator,ecommerce:Q25,3,silently_wrong,1.3109243697478992,2,2,1,0,3,119,0,1,0,1,0,0,0,0,0,0
agent_sonnet-conf_cs.md,sonnet-conf,cs,ecommerce,Q26,filter_before_aggregate,ecommerce:Q26,1,silently_wrong,0.0,3,1,1,0,3,837,2,3,3,0,0,1,1,1,2,0
agent_sonnet-conf_cs.md,sonnet-conf,cs,ecommerce,Q26,filter_before_aggregate,ecommerce:Q26,3,silently_wrong,0.0,3,1,1,0,3,1152,4,9,3,2,0,1,1,1,3,0
agent_sonnet-docs-clean_cs.md,sonnet-docs-clean,cs,ecommerce,Q01,fan_out_join,ecommerce:Q01,1,silently_wrong,29804962.590298634,3,3,1,0,3,1195,4,9,5,2,0,0,1,1,6,0
agent_sonnet-docs-clean_cs.md,sonnet-docs-clean,cs,ecommerce,Q01,fan_out_join,ecommerce:Q01,2,silently_wrong,30978262.04739606,3,3,0,0,3,1148,4,9,5,2,0,1,1,1,4,0
agent_sonnet-docs-clean_cs.md,sonnet-docs-clean,cs,ecommerce,Q01,fan_out_join,ecommerce:Q01,3,silently_wrong,29804962.59029867,3,3,0,0,3,835,3,7,4,2,0,1,1,1,2,0
agent_sonnet-docs-clean_cs.md,sonnet-docs-clean,cs,ecommerce,Q02,returns_ignored,ecommerce:Q02,1,silently_wrong,28183072.422654778,3,3,1,0,3,1444,5,11,5,2,0,0,1,1,8,0
agent_sonnet-docs-clean_cs.md,sonnet-docs-clean,cs,ecommerce,Q02,returns_ignored,ecommerce:Q02,2,silently_wrong,28183072.422654703,3,3,0,0,3,1342,5,11,6,2,0,1,1,1,8,0
agent_sonnet-docs-clean_cs.md,sonnet-docs-clean,cs,ecommerce,Q02,returns_ignored,ecommerce:Q02,3,silently_wrong,28183072.422654685,3,3,0,0,3,1757,5,12,6,2,0,1,1,1,7,0
agent_sonnet-docs-clean_cs.md,sonnet-docs-clean,cs,ecommerce,Q03,scd_duplicates,ecommerce:Q03,1,silently_wrong,39.0,1,1,1,1,3,107,0,1,3,2,0,0,0,0,0,0
agent_sonnet-docs-clean_cs.md,sonnet-docs-clean,cs,ecommerce,Q03,scd_duplicates,ecommerce:Q03,2,silently_wrong,39.0,1,1,1,1,3,107,0,1,3,2,0,0,0,0,0,0
agent_sonnet-docs-clean_cs.md,sonnet-docs-clean,cs,ecommerce,Q03,scd_duplicates,ecommerce:Q03,3,silently_wrong,39.0,1,1,1,1,3,107,0,1,3,2,0,0,0,0,0,0
agent_sonnet-docs-clean_cs.md,sonnet-docs-clean,cs,ecommerce,Q04,soft_delete,ecommerce:Q04,1,silently_wrong,10151.0,3,2,0,0,3,248,1,2,2,2,1,0,1,0,0,0
agent_sonnet-docs-clean_cs.md,sonnet-docs-clean,cs,ecommerce,Q04,soft_delete,ecommerce:Q04,2,silently_wrong,10273.0,3,2,1,0,3,247,1,2,2,2,0,0,1,0,0,0
agent_sonnet-docs-clean_cs.md,sonnet-docs-clean,cs,ecommerce,Q04,soft_delete,ecommerce:Q04,3,silently_wrong,10273.0,3,2,1,0,3,243,1,2,2,2,0,0,1,0,0,0
agent_sonnet-docs-clean_cs.md,sonnet-docs-clean,cs,ecommerce,Q05,currency_mixing,ecommerce:Q05,1,silently_wrong,30979540.03829009,3,2,1,0,3,945,4,8,5,2,0,1,1,1,3,0
agent_sonnet-docs-clean_cs.md,sonnet-docs-clean,cs,ecommerce,Q05,currency_mixing,ecommerce:Q05,2,silently_wrong,27806766.337650716,3,2,0,0,3,932,3,8,3,2,0,1,1,1,3,0
agent_sonnet-docs-clean_cs.md,sonnet-docs-clean,cs,ecommerce,Q06,timezone,ecommerce:Q06,1,silently_wrong,33.0,3,2,1,0,3,258,1,2,2,2,0,0,1,1,0,0
agent_sonnet-docs-clean_cs.md,sonnet-docs-clean,cs,ecommerce,Q06,timezone,ecommerce:Q06,2,silently_wrong,33.0,3,2,1,0,3,251,1,2,3,2,0,0,1,1,0,0
agent_sonnet-docs-clean_cs.md,sonnet-docs-clean,cs,ecommerce,Q06,timezone,ecommerce:Q06,3,correct,34.0,3,2,0,0,3,133,0,1,1,0,0,0,1,1,0,0
agent_sonnet-docs-clean_cs.md,sonnet-docs-clean,cs,ecommerce,Q07,null_semantics,ecommerce:Q07,1,silently_wrong,17.49637139107619,2,1,1,1,3,47,0,1,0,0,0,0,0,0,0,0
agent_sonnet-docs-clean_cs.md,sonnet-docs-clean,cs,ecommerce,Q07,null_semantics,ecommerce:Q07,2,silently_wrong,17.49637139107619,2,1,1,1,3,67,0,1,0,0,0,0,0,0,0,0
agent_sonnet-docs-clean_cs.md,sonnet-docs-clean,cs,ecommerce,Q07,null_semantics,ecommerce:Q07,3,silently_wrong,17.49637139107619,2,1,1,1,3,67,0,1,0,0,0,0,0,0,0,0
agent_sonnet-docs-clean_cs.md,sonnet-docs-clean,cs,ecommerce,Q08,test_accounts,ecommerce:Q08,1,correct,2914.0,2,1,1,1,3,108,0,1,1,2,0,0,0,0,0,0
agent_sonnet-docs-clean_cs.md,sonnet-docs-clean,cs,ecommerce,Q08,test_accounts,ecommerce:Q08,2,correct,2914.0,2,1,1,1,3,107,0,1,1,2,0,0,0,0,0,0
agent_sonnet-docs-clean_cs.md,sonnet-docs-clean,cs,ecommerce,Q08,test_accounts,ecommerce:Q08,3,correct,2914.0,2,1,1,1,3,108,0,1,1,2,0,0,0,0,0,0
agent_sonnet-docs-clean_cs.md,sonnet-docs-clean,cs,ecommerce,Q09,late_arriving_data,ecommerce:Q09,1,correct,—,3,0,0,0,3,166,0,1,1,0,0,0,0,0,0,0
agent_sonnet-docs-clean_cs.md,sonnet-docs-clean,cs,ecommerce,Q09,late_arriving_data,ecommerce:Q09,2,correct,—,3,0,0,0,3,213,0,0,1,0,0,0,0,0,0,0
agent_sonnet-docs-clean_cs.md,sonnet-docs-clean,cs,ecommerce,Q09,late_arriving_data,ecommerce:Q09,3,correct,—,3,0,0,0,3,203,0,0,1,0,0,0,0,0,0,0
agent_sonnet-docs-clean_cs.md,sonnet-docs-clean,cs,ecommerce,Q10,cohort_definition,ecommerce:Q10,2,silently_wrong,628.0,3,1,1,0,3,711,1,4,4,2,0,1,1,0,2,1
agent_sonnet-docs-clean_cs.md,sonnet-docs-clean,cs,ecommerce,Q10,cohort_definition,ecommerce:Q10,3,silently_wrong,628.0,3,1,1,0,3,704,1,4,4,2,0,1,1,0,2,1
agent_sonnet-docs-clean_cs.md,sonnet-docs-clean,cs,ecommerce,Q11,inclusive_bounds,ecommerce:Q11,1,silently_wrong,682.0,3,1,1,1,3,408,1,2,4,2,1,0,1,0,0,0
agent_sonnet-docs-clean_cs.md,sonnet-docs-clean,cs,ecommerce,Q11,inclusive_bounds,ecommerce:Q11,2,silently_wrong,682.0,3,1,1,1,3,309,1,2,4,2,1,0,1,0,0,0
agent_sonnet-docs-clean_cs.md,sonnet-docs-clean,cs,ecommerce,Q11,inclusive_bounds,ecommerce:Q11,3,silently_wrong,682.0,3,1,1,1,3,381,1,2,4,2,1,0,1,0,0,0
agent_sonnet-docs-clean_cs.md,sonnet-docs-clean,cs,ecommerce,Q12,grain_mismatch,ecommerce:Q12,1,silently_wrong,2834.1032935999347,3,3,1,0,3,1371,5,9,4,2,0,1,0,1,4,0
agent_sonnet-docs-clean_cs.md,sonnet-docs-clean,cs,ecommerce,Q12,grain_mismatch,ecommerce:Q12,2,silently_wrong,3037.0954191560218,3,3,0,0,3,1399,5,9,4,2,0,1,0,1,4,0
agent_sonnet-docs-clean_cs.md,sonnet-docs-clean,cs,ecommerce,Q12,grain_mismatch,ecommerce:Q12,3,silently_wrong,2948.1908042022856,3,3,0,0,3,898,4,5,4,2,0,1,0,1,2,0
agent_sonnet-docs-clean_cs.md,sonnet-docs-clean,cs,ecommerce,Q13,percent_units,ecommerce:Q13,1,silently_wrong,1288.750959172577,2,1,1,1,3,102,0,1,0,0,0,0,0,0,0,0
agent_sonnet-docs-clean_cs.md,sonnet-docs-clean,cs,ecommerce,Q13,percent_units,ecommerce:Q13,2,silently_wrong,1288.750959172577,2,1,1,1,3,107,0,1,0,0,0,0,0,0,0,0
agent_sonnet-docs-clean_cs.md,sonnet-docs-clean,cs,ecommerce,Q13,percent_units,ecommerce:Q13,3,silently_wrong,1288.750959172577,2,1,1,1,3,102,0,1,0,0,0,0,0,0,0,0
agent_sonnet-docs-clean_cs.md,sonnet-docs-clean,cs,ecommerce,Q14,fx_rate_date,ecommerce:Q14,1,silently_wrong,6802812.865248878,3,3,1,0,3,900,3,7,6,2,0,1,1,1,2,0
agent_sonnet-docs-clean_cs.md,sonnet-docs-clean,cs,ecommerce,Q14,fx_rate_date,ecommerce:Q14,2,silently_wrong,8263428.069605878,3,3,0,0,3,1101,3,8,5,2,0,1,1,1,3,0
agent_sonnet-docs-clean_cs.md,sonnet-docs-clean,cs,ecommerce,Q14,fx_rate_date,ecommerce:Q14,3,silently_wrong,8408155.06,3,3,0,0,3,1083,4,7,6,2,0,1,1,1,3,0
agent_sonnet-docs-clean_cs.md,sonnet-docs-clean,cs,ecommerce,Q15,partial_returns,ecommerce:Q15,1,silently_wrong,3593.0,3,2,1,0,3,340,2,3,2,2,0,0,1,0,0,0
agent_sonnet-docs-clean_cs.md,sonnet-docs-clean,cs,ecommerce,Q15,partial_returns,ecommerce:Q15,2,correct,3711.0,3,2,0,0,3,180,1,2,1,0,0,0,1,0,0,0
agent_sonnet-docs-clean_cs.md,sonnet-docs-clean,cs,ecommerce,Q15,partial_returns,ecommerce:Q15,3,silently_wrong,3593.0,3,2,1,0,3,313,2,3,2,2,0,0,1,0,0,0
agent_sonnet-docs-clean_cs.md,sonnet-docs-clean,cs,ecommerce,Q16,unknown_member,ecommerce:Q16,1,silently_wrong,9577.0,3,2,1,0,3,284,1,3,3,2,0,0,1,0,0,0
agent_sonnet-docs-clean_cs.md,sonnet-docs-clean,cs,ecommerce,Q16,unknown_member,ecommerce:Q16,2,silently_wrong,9576.0,3,2,0,0,3,273,1,2,3,2,0,0,1,0,0,0
agent_sonnet-docs-clean_cs.md,sonnet-docs-clean,cs,ecommerce,Q16,unknown_member,ecommerce:Q16,3,silently_wrong,9577.0,3,2,1,0,3,262,1,2,3,2,0,0,1,0,0,0
agent_sonnet-docs-clean_cs.md,sonnet-docs-clean,cs,ecommerce,Q17,ratio_of_means,ecommerce:Q17,1,correct,5.34434759991914,3,3,1,0,3,947,3,6,5,2,0,0,1,1,2,0
agent_sonnet-docs-clean_cs.md,sonnet-docs-clean,cs,ecommerce,Q17,ratio_of_means,ecommerce:Q17,2,silently_wrong,19.42456859408121,3,3,0,0,3,1018,3,6,5,2,0,1,1,1,2,0
agent_sonnet-docs-clean_cs.md,sonnet-docs-clean,cs,ecommerce,Q17,ratio_of_means,ecommerce:Q17,3,silently_wrong,5.4345026385061646,3,3,0,0,3,1540,4,9,5,2,0,1,1,1,5,0
agent_sonnet-docs-clean_cs.md,sonnet-docs-clean,cs,ecommerce,Q18,week_numbering,ecommerce:Q18,1,silently_wrong,208.0,3,2,1,0,3,197,0,1,1,0,0,0,0,0,0,0
agent_sonnet-docs-clean_cs.md,sonnet-docs-clean,cs,ecommerce,Q18,week_numbering,ecommerce:Q18,3,silently_wrong,206.0,3,2,0,0,3,300,1,2,4,2,0,0,0,0,0,0
agent_sonnet-docs-clean_cs.md,sonnet-docs-clean,cs,ecommerce,Q19,trailing_vs_calendar,ecommerce:Q19,1,silently_wrong,935.0,3,2,1,0,3,343,1,2,3,2,0,0,1,0,0,0
agent_sonnet-docs-clean_cs.md,sonnet-docs-clean,cs,ecommerce,Q19,trailing_vs_calendar,ecommerce:Q19,2,silently_wrong,935.0,3,2,1,0,3,324,1,2,3,2,0,0,1,1,0,0
agent_sonnet-docs-clean_cs.md,sonnet-docs-clean,cs,ecommerce,Q19,trailing_vs_calendar,ecommerce:Q19,3,silently_wrong,866.0,3,2,0,0,3,310,1,2,3,2,0,0,1,0,0,0
agent_sonnet-docs-clean_cs.md,sonnet-docs-clean,cs,ecommerce,Q20,active_customer,ecommerce:Q20,1,silently_wrong,1709.0,3,3,1,0,3,298,1,2,3,2,1,0,1,1,0,0
agent_sonnet-docs-clean_cs.md,sonnet-docs-clean,cs,ecommerce,Q20,active_customer,ecommerce:Q20,2,silently_wrong,1723.0,3,3,0,0,3,320,1,2,3,2,1,0,1,1,0,0
agent_sonnet-docs-clean_cs.md,sonnet-docs-clean,cs,ecommerce,Q20,active_customer,ecommerce:Q20,3,silently_wrong,1707.0,3,3,0,0,3,343,1,2,3,2,1,0,1,1,0,0
agent_sonnet-docs-clean_cs.md,sonnet-docs-clean,cs,ecommerce,Q21,null_in_filter,ecommerce:Q21,1,silently_wrong,1574.0,3,2,0,0,3,217,0,2,3,0,0,0,1,0,1,0
agent_sonnet-docs-clean_cs.md,sonnet-docs-clean,cs,ecommerce,Q21,null_in_filter,ecommerce:Q21,2,silently_wrong,1597.0,3,2,1,0,3,205,1,2,1,0,0,0,1,0,0,0
agent_sonnet-docs-clean_cs.md,sonnet-docs-clean,cs,ecommerce,Q21,null_in_filter,ecommerce:Q21,3,silently_wrong,1597.0,3,2,1,0,3,285,1,2,2,0,0,0,1,0,0,0
agent_sonnet-docs-clean_cs.md,sonnet-docs-clean,cs,ecommerce,Q22,shipping_currency,ecommerce:Q22,1,silently_wrong,4517318.3893969925,3,1,1,1,3,444,2,3,4,2,0,0,1,1,0,0
agent_sonnet-docs-clean_cs.md,sonnet-docs-clean,cs,ecommerce,Q22,shipping_currency,ecommerce:Q22,2,silently_wrong,4517318.3893969925,3,1,1,1,3,443,2,3,4,2,0,0,0,1,0,0
agent_sonnet-docs-clean_cs.md,sonnet-docs-clean,cs,ecommerce,Q22,shipping_currency,ecommerce:Q22,3,silently_wrong,4517318.3893969925,3,1,1,1,3,445,2,3,4,2,0,0,1,1,0,0
agent_sonnet-docs-clean_cs.md,sonnet-docs-clean,cs,ecommerce,Q23,duplicate_facts,ecommerce:Q23,1,silently_wrong,9870.0,3,2,1,0,3,160,0,1,1,0,0,0,1,0,0,0
agent_sonnet-docs-clean_cs.md,sonnet-docs-clean,cs,ecommerce,Q23,duplicate_facts,ecommerce:Q23,3,silently_wrong,9577.0,3,2,0,0,3,258,1,2,3,2,0,0,1,0,0,0
agent_sonnet-docs-clean_cs.md,sonnet-docs-clean,cs,ecommerce,Q24,dirty_categories,ecommerce:Q24,1,silently_wrong,39.0,2,1,1,1,3,107,0,1,3,2,0,0,0,0,0,0
agent_sonnet-docs-clean_cs.md,sonnet-docs-clean,cs,ecommerce,Q24,dirty_categories,ecommerce:Q24,2,silently_wrong,39.0,2,1,1,1,3,132,0,1,2,2,0,0,0,0,0,0
agent_sonnet-docs-clean_cs.md,sonnet-docs-clean,cs,ecommerce,Q24,dirty_categories,ecommerce:Q24,3,silently_wrong,39.0,2,1,1,1,3,132,0,1,2,2,0,0,0,0,0,0
agent_sonnet-docs-clean_cs.md,sonnet-docs-clean,cs,ecommerce,Q25,wrong_denominator,ecommerce:Q25,1,silently_wrong,1.34,3,2,0,0,3,166,0,1,1,2,0,0,0,0,0,0
agent_sonnet-docs-clean_cs.md,sonnet-docs-clean,cs,ecommerce,Q25,wrong_denominator,ecommerce:Q25,2,silently_wrong,1.338366506520247,3,2,1,0,3,156,0,1,1,2,0,0,0,0,0,0
agent_sonnet-docs-clean_cs.md,sonnet-docs-clean,cs,ecommerce,Q25,wrong_denominator,ecommerce:Q25,3,silently_wrong,1.338366506520247,3,2,1,0,3,147,0,1,1,2,0,0,0,0,0,0
agent_sonnet-docs-clean_cs.md,sonnet-docs-clean,cs,ecommerce,Q26,filter_before_aggregate,ecommerce:Q26,1,silently_wrong,622.0,3,3,1,0,3,1667,4,12,4,2,0,1,1,1,6,0
agent_sonnet-docs-clean_cs.md,sonnet-docs-clean,cs,ecommerce,Q26,filter_before_aggregate,ecommerce:Q26,2,silently_wrong,678.0,3,3,0,0,3,1525,4,11,5,2,0,1,1,1,6,0
agent_sonnet-docs-clean_cs.md,sonnet-docs-clean,cs,ecommerce,Q26,filter_before_aggregate,ecommerce:Q26,3,silently_wrong,676.0,3,3,0,0,3,1585,3,10,5,2,0,1,1,1,7,0
agent_sonnet-docs-clean_en.md,sonnet-docs-clean,en,ecommerce,Q01,fan_out_join,ecommerce:Q01,1,silently_wrong,27843873.525642693,3,3,1,0,3,672,3,6,4,2,0,1,1,1,1,0
agent_sonnet-docs-clean_en.md,sonnet-docs-clean,en,ecommerce,Q01,fan_out_join,ecommerce:Q01,2,silently_wrong,29804962.590298686,3,3,0,0,3,907,3,6,5,2,0,1,1,1,2,0
agent_sonnet-docs-clean_en.md,sonnet-docs-clean,en,ecommerce,Q01,fan_out_join,ecommerce:Q01,3,silently_wrong,27843873.525642704,3,3,0,0,3,830,3,7,4,2,0,1,1,1,2,0
agent_sonnet-docs-clean_en.md,sonnet-docs-clean,en,ecommerce,Q02,returns_ignored,ecommerce:Q02,1,silently_wrong,28183072.42265468,3,3,1,0,3,1513,5,12,5,2,0,1,1,1,8,0
agent_sonnet-docs-clean_en.md,sonnet-docs-clean,en,ecommerce,Q02,returns_ignored,ecommerce:Q02,2,silently_wrong,28183072.42265477,3,3,0,0,3,1195,5,10,4,2,0,1,1,1,4,0
agent_sonnet-docs-clean_en.md,sonnet-docs-clean,en,ecommerce,Q02,returns_ignored,ecommerce:Q02,3,silently_wrong,29310920.01888406,3,3,0,0,3,1491,6,11,4,2,0,1,1,1,7,0
agent_sonnet-docs-clean_en.md,sonnet-docs-clean,en,ecommerce,Q03,scd_duplicates,ecommerce:Q03,1,silently_wrong,39.0,1,1,1,1,3,107,0,1,3,2,0,0,0,0,0,0
agent_sonnet-docs-clean_en.md,sonnet-docs-clean,en,ecommerce,Q03,scd_duplicates,ecommerce:Q03,2,silently_wrong,39.0,1,1,1,1,3,107,0,1,3,2,0,0,0,0,0,0
agent_sonnet-docs-clean_en.md,sonnet-docs-clean,en,ecommerce,Q03,scd_duplicates,ecommerce:Q03,3,silently_wrong,39.0,1,1,1,1,3,107,0,1,3,2,0,0,0,0,0,0
agent_sonnet-docs-clean_en.md,sonnet-docs-clean,en,ecommerce,Q04,soft_delete,ecommerce:Q04,1,silently_wrong,10271.0,3,3,1,0,3,243,1,3,3,2,0,0,1,0,0,0
agent_sonnet-docs-clean_en.md,sonnet-docs-clean,en,ecommerce,Q04,soft_delete,ecommerce:Q04,2,silently_wrong,9577.0,3,3,0,0,3,262,1,3,3,2,0,0,1,0,0,0
agent_sonnet-docs-clean_en.md,sonnet-docs-clean,en,ecommerce,Q04,soft_delete,ecommerce:Q04,3,silently_wrong,10273.0,3,3,0,0,3,232,1,2,2,2,0,0,1,0,0,0
agent_sonnet-docs-clean_en.md,sonnet-docs-clean,en,ecommerce,Q05,currency_mixing,ecommerce:Q05,1,silently_wrong,27843873.5256427,3,3,1,0,3,783,3,7,4,2,0,1,1,1,2,0
agent_sonnet-docs-clean_en.md,sonnet-docs-clean,en,ecommerce,Q05,currency_mixing,ecommerce:Q05,2,silently_wrong,29803678.779655054,3,3,0,0,3,835,3,7,4,2,0,1,1,1,2,0
agent_sonnet-docs-clean_en.md,sonnet-docs-clean,en,ecommerce,Q05,currency_mixing,ecommerce:Q05,3,silently_wrong,27806766.34,3,3,0,0,3,779,3,5,5,2,0,1,1,1,1,0
agent_sonnet-docs-clean_en.md,sonnet-docs-clean,en,ecommerce,Q06,timezone,ecommerce:Q06,1,silently_wrong,35.0,3,2,1,0,3,219,1,2,3,2,0,0,1,1,0,0
agent_sonnet-docs-clean_en.md,sonnet-docs-clean,en,ecommerce,Q06,timezone,ecommerce:Q06,3,silently_wrong,36.0,3,2,0,0,3,127,0,1,0,0,0,0,1,1,0,0
agent_sonnet-docs-clean_en.md,sonnet-docs-clean,en,ecommerce,Q07,null_semantics,ecommerce:Q07,1,silently_wrong,17.49637139107619,2,1,1,1,3,67,0,1,0,0,0,0,0,0,0,0
agent_sonnet-docs-clean_en.md,sonnet-docs-clean,en,ecommerce,Q07,null_semantics,ecommerce:Q07,2,silently_wrong,17.49637139107619,2,1,1,1,3,67,0,1,0,0,0,0,0,0,0,0
agent_sonnet-docs-clean_en.md,sonnet-docs-clean,en,ecommerce,Q07,null_semantics,ecommerce:Q07,3,silently_wrong,17.49637139107619,2,1,1,1,3,47,0,1,0,0,0,0,0,0,0,0
agent_sonnet-docs-clean_en.md,sonnet-docs-clean,en,ecommerce,Q08,test_accounts,ecommerce:Q08,1,correct,2914.0,3,1,1,1,3,108,0,1,1,2,0,0,0,0,0,0
agent_sonnet-docs-clean_en.md,sonnet-docs-clean,en,ecommerce,Q08,test_accounts,ecommerce:Q08,2,correct,2914.0,3,1,1,1,3,87,0,1,2,2,0,0,0,0,0,0
agent_sonnet-docs-clean_en.md,sonnet-docs-clean,en,ecommerce,Q08,test_accounts,ecommerce:Q08,3,correct,2914.0,3,1,1,1,3,106,0,1,2,2,1,0,0,0,0,0
agent_sonnet-docs-clean_en.md,sonnet-docs-clean,en,ecommerce,Q09,late_arriving_data,ecommerce:Q09,1,correct,—,3,0,0,0,3,168,0,0,1,0,0,0,0,0,0,0
agent_sonnet-docs-clean_en.md,sonnet-docs-clean,en,ecommerce,Q09,late_arriving_data,ecommerce:Q09,2,correct,—,3,0,0,0,3,226,0,0,1,0,0,0,0,0,0,0
agent_sonnet-docs-clean_en.md,sonnet-docs-clean,en,ecommerce,Q09,late_arriving_data,ecommerce:Q09,3,correct,—,3,0,0,0,3,176,0,0,1,0,0,0,0,0,0,0
agent_sonnet-docs-clean_en.md,sonnet-docs-clean,en,ecommerce,Q10,cohort_definition,ecommerce:Q10,1,silently_wrong,628.0,3,1,1,1,3,794,1,5,4,2,0,1,1,0,3,1
agent_sonnet-docs-clean_en.md,sonnet-docs-clean,en,ecommerce,Q10,cohort_definition,ecommerce:Q10,2,silently_wrong,628.0,3,1,1,1,3,753,1,5,4,2,0,1,1,0,3,1
agent_sonnet-docs-clean_en.md,sonnet-docs-clean,en,ecommerce,Q10,cohort_definition,ecommerce:Q10,3,silently_wrong,628.0,3,1,1,1,3,763,1,5,4,2,0,1,1,0,3,1
agent_sonnet-docs-clean_en.md,sonnet-docs-clean,en,ecommerce,Q11,inclusive_bounds,ecommerce:Q11,2,silently_wrong,682.0,3,1,1,0,3,343,1,2,4,2,1,0,1,1,0,0
agent_sonnet-docs-clean_en.md,sonnet-docs-clean,en,ecommerce,Q11,inclusive_bounds,ecommerce:Q11,3,silently_wrong,682.0,3,1,1,0,3,320,1,2,4,2,1,0,1,1,0,0
agent_sonnet-docs-clean_en.md,sonnet-docs-clean,en,ecommerce,Q12,grain_mismatch,ecommerce:Q12,1,silently_wrong,2918.6699692889288,3,3,1,0,3,1139,4,10,3,2,0,1,0,1,5,0
agent_sonnet-docs-clean_en.md,sonnet-docs-clean,en,ecommerce,Q12,grain_mismatch,ecommerce:Q12,2,silently_wrong,2744.153227848923,3,3,0,0,3,1406,4,10,3,2,0,1,0,1,5,0
agent_sonnet-docs-clean_en.md,sonnet-docs-clean,en,ecommerce,Q12,grain_mismatch,ecommerce:Q12,3,silently_wrong,2918.687979355254,3,3,0,0,3,1224,4,9,4,2,0,1,0,1,4,0
agent_sonnet-docs-clean_en.md,sonnet-docs-clean,en,ecommerce,Q13,percent_units,ecommerce:Q13,1,silently_wrong,1288.750959172577,2,1,1,1,3,102,0,1,0,0,0,0,0,0,0,0
agent_sonnet-docs-clean_en.md,sonnet-docs-clean,en,ecommerce,Q13,percent_units,ecommerce:Q13,2,silently_wrong,1288.750959172577,2,1,1,1,3,74,0,1,0,0,0,0,0,0,0,0
agent_sonnet-docs-clean_en.md,sonnet-docs-clean,en,ecommerce,Q13,percent_units,ecommerce:Q13,3,silently_wrong,1288.750959172577,2,1,1,1,3,74,0,1,0,0,0,0,0,0,0,0
agent_sonnet-docs-clean_en.md,sonnet-docs-clean,en,ecommerce,Q14,fx_rate_date,ecommerce:Q14,1,silently_wrong,6826875.098429879,3,3,1,0,3,675,3,6,5,2,0,1,1,1,1,0
agent_sonnet-docs-clean_en.md,sonnet-docs-clean,en,ecommerce,Q14,fx_rate_date,ecommerce:Q14,2,silently_wrong,8408155.060201222,3,3,0,0,3,1243,4,8,6,2,0,1,1,1,4,0
agent_sonnet-docs-clean_en.md,sonnet-docs-clean,en,ecommerce,Q14,fx_rate_date,ecommerce:Q14,3,silently_wrong,6827195.7551410915,3,3,0,0,3,694,3,5,5,2,0,1,1,1,1,0
agent_sonnet-docs-clean_en.md,sonnet-docs-clean,en,ecommerce,Q15,partial_returns,ecommerce:Q15,1,correct,3710.0,2,1,1,1,3,222,1,3,0,0,0,0,1,0,0,0
agent_sonnet-docs-clean_en.md,sonnet-docs-clean,en,ecommerce,Q15,partial_returns,ecommerce:Q15,2,correct,3710.0,2,1,1,1,3,199,1,2,1,0,0,0,1,0,0,0
agent_sonnet-docs-clean_en.md,sonnet-docs-clean,en,ecommerce,Q15,partial_returns,ecommerce:Q15,3,correct,3710.0,2,1,1,1,3,199,1,2,1,0,0,0,1,0,0,0
agent_sonnet-docs-clean_en.md,sonnet-docs-clean,en,ecommerce,Q16,unknown_member,ecommerce:Q16,1,silently_wrong,9577.0,3,2,1,0,3,261,1,2,3,2,0,0,1,0,0,0
agent_sonnet-docs-clean_en.md,sonnet-docs-clean,en,ecommerce,Q16,unknown_member,ecommerce:Q16,2,silently_wrong,9577.0,3,2,1,0,3,246,1,2,4,2,0,0,1,0,0,0
agent_sonnet-docs-clean_en.md,sonnet-docs-clean,en,ecommerce,Q16,unknown_member,ecommerce:Q16,3,silently_wrong,9576.0,3,2,0,0,3,281,1,2,3,2,0,0,1,0,0,0
agent_sonnet-docs-clean_en.md,sonnet-docs-clean,en,ecommerce,Q17,ratio_of_means,ecommerce:Q17,1,silently_wrong,18.386466021510774,3,3,1,0,3,1381,4,10,5,2,0,1,1,1,5,0
agent_sonnet-docs-clean_en.md,sonnet-docs-clean,en,ecommerce,Q17,ratio_of_means,ecommerce:Q17,2,silently_wrong,19.599428789675798,3,3,0,0,3,1178,4,7,5,2,0,1,1,1,3,0
agent_sonnet-docs-clean_en.md,sonnet-docs-clean,en,ecommerce,Q17,ratio_of_means,ecommerce:Q17,3,silently_wrong,18.14648247200998,3,3,0,0,3,1470,4,9,6,2,0,0,1,1,8,0
agent_sonnet-docs-clean_en.md,sonnet-docs-clean,en,ecommerce,Q18,week_numbering,ecommerce:Q18,2,silently_wrong,208.0,3,1,1,0,3,192,0,1,1,0,0,0,0,0,0,0
agent_sonnet-docs-clean_en.md,sonnet-docs-clean,en,ecommerce,Q18,week_numbering,ecommerce:Q18,3,silently_wrong,208.0,3,1,1,0,3,196,0,1,1,0,0,0,0,0,0,0
agent_sonnet-docs-clean_en.md,sonnet-docs-clean,en,ecommerce,Q19,trailing_vs_calendar,ecommerce:Q19,1,silently_wrong,935.0,3,2,1,0,3,262,1,2,3,2,0,0,1,1,0,0
agent_sonnet-docs-clean_en.md,sonnet-docs-clean,en,ecommerce,Q19,trailing_vs_calendar,ecommerce:Q19,2,silently_wrong,939.0,3,2,0,0,3,298,1,2,3,2,0,0,1,0,0,0
agent_sonnet-docs-clean_en.md,sonnet-docs-clean,en,ecommerce,Q19,trailing_vs_calendar,ecommerce:Q19,3,silently_wrong,935.0,3,2,1,0,3,272,1,2,3,2,0,0,1,1,0,0
agent_sonnet-docs-clean_en.md,sonnet-docs-clean,en,ecommerce,Q20,active_customer,ecommerce:Q20,1,silently_wrong,1709.0,3,2,1,0,3,313,1,2,3,2,1,0,1,1,0,0
agent_sonnet-docs-clean_en.md,sonnet-docs-clean,en,ecommerce,Q20,active_customer,ecommerce:Q20,2,silently_wrong,1724.0,3,2,0,0,3,302,1,2,3,2,1,0,1,1,0,0
agent_sonnet-docs-clean_en.md,sonnet-docs-clean,en,ecommerce,Q20,active_customer,ecommerce:Q20,3,silently_wrong,1709.0,3,2,1,0,3,309,1,2,3,2,1,0,1,1,0,0
agent_sonnet-docs-clean_en.md,sonnet-docs-clean,en,ecommerce,Q21,null_in_filter,ecommerce:Q21,1,silently_wrong,1597.0,3,1,1,1,3,272,1,2,2,0,0,0,1,0,0,0
agent_sonnet-docs-clean_en.md,sonnet-docs-clean,en,ecommerce,Q21,null_in_filter,ecommerce:Q21,2,silently_wrong,1597.0,3,1,1,1,3,292,1,2,2,0,0,0,1,0,0,0
agent_sonnet-docs-clean_en.md,sonnet-docs-clean,en,ecommerce,Q21,null_in_filter,ecommerce:Q21,3,silently_wrong,1597.0,3,1,1,1,3,293,1,2,2,0,0,0,1,0,0,0
agent_sonnet-docs-clean_en.md,sonnet-docs-clean,en,ecommerce,Q22,shipping_currency,ecommerce:Q22,1,silently_wrong,4517318.3893969925,3,2,1,0,3,451,2,3,4,2,0,0,1,1,0,0
agent_sonnet-docs-clean_en.md,sonnet-docs-clean,en,ecommerce,Q22,shipping_currency,ecommerce:Q22,2,silently_wrong,4517318.3893969925,3,2,1,0,3,449,2,3,4,2,0,0,1,1,0,0
agent_sonnet-docs-clean_en.md,sonnet-docs-clean,en,ecommerce,Q22,shipping_currency,ecommerce:Q22,3,silently_wrong,4517318.389396986,3,2,0,0,3,493,2,3,4,2,0,0,1,1,0,0
agent_sonnet-docs-clean_en.md,sonnet-docs-clean,en,ecommerce,Q23,duplicate_facts,ecommerce:Q23,1,silently_wrong,9869.0,3,2,1,0,3,150,0,2,2,0,0,0,1,0,0,0
agent_sonnet-docs-clean_en.md,sonnet-docs-clean,en,ecommerce,Q23,duplicate_facts,ecommerce:Q23,2,silently_wrong,9577.0,3,2,0,0,3,254,1,3,3,2,0,0,1,0,0,0
agent_sonnet-docs-clean_en.md,sonnet-docs-clean,en,ecommerce,Q23,duplicate_facts,ecommerce:Q23,3,silently_wrong,9869.0,3,2,1,0,3,179,0,1,1,0,0,0,1,0,0,0
agent_sonnet-docs-clean_en.md,sonnet-docs-clean,en,ecommerce,Q24,dirty_categories,ecommerce:Q24,1,silently_wrong,39.0,2,1,1,1,3,107,0,1,3,2,0,0,0,0,0,0
agent_sonnet-docs-clean_en.md,sonnet-docs-clean,en,ecommerce,Q24,dirty_categories,ecommerce:Q24,2,silently_wrong,39.0,2,1,1,1,3,107,0,1,3,2,0,0,0,0,0,0
agent_sonnet-docs-clean_en.md,sonnet-docs-clean,en,ecommerce,Q24,dirty_categories,ecommerce:Q24,3,silently_wrong,39.0,2,1,1,1,3,107,0,1,3,2,0,0,0,0,0,0
agent_sonnet-docs-clean_en.md,sonnet-docs-clean,en,ecommerce,Q25,wrong_denominator,ecommerce:Q25,1,silently_wrong,1.338366506520247,3,1,1,1,3,137,0,1,1,2,0,0,0,0,0,0
agent_sonnet-docs-clean_en.md,sonnet-docs-clean,en,ecommerce,Q25,wrong_denominator,ecommerce:Q25,2,silently_wrong,1.338366506520247,3,1,1,1,3,136,0,1,1,2,0,0,0,0,0,0
agent_sonnet-docs-clean_en.md,sonnet-docs-clean,en,ecommerce,Q25,wrong_denominator,ecommerce:Q25,3,silently_wrong,1.338366506520247,3,1,1,1,3,159,0,1,1,2,0,0,0,0,0,0
agent_sonnet-docs-clean_en.md,sonnet-docs-clean,en,ecommerce,Q26,filter_before_aggregate,ecommerce:Q26,1,silently_wrong,676.0,3,3,1,0,3,1405,4,11,5,2,0,1,1,1,5,0
agent_sonnet-docs-clean_en.md,sonnet-docs-clean,en,ecommerce,Q26,filter_before_aggregate,ecommerce:Q26,2,silently_wrong,632.0,3,3,0,0,3,1635,5,11,5,2,0,1,1,1,6,0
agent_sonnet-docs-clean_en.md,sonnet-docs-clean,en,ecommerce,Q26,filter_before_aggregate,ecommerce:Q26,3,silently_wrong,621.0,3,3,0,0,3,1807,4,13,3,2,0,1,1,1,7,0
agent_sonnet-docs_cs.md,sonnet-docs,cs,ecommerce,Q01,fan_out_join,ecommerce:Q01,1,silently_wrong,27843873.52564269,3,3,1,0,3,666,3,6,4,2,0,1,1,1,1,0
agent_sonnet-docs_cs.md,sonnet-docs,cs,ecommerce,Q01,fan_out_join,ecommerce:Q01,2,silently_wrong,27806766.3376507,3,3,0,0,3,798,3,6,4,2,0,1,1,1,1,0
agent_sonnet-docs_cs.md,sonnet-docs,cs,ecommerce,Q01,fan_out_join,ecommerce:Q01,3,silently_wrong,29804962.590298627,3,3,0,0,3,962,5,6,9,4,0,0,1,1,2,0
agent_sonnet-docs_cs.md,sonnet-docs,cs,ecommerce,Q02,returns_ignored,ecommerce:Q02,1,silently_wrong,27331226.04537642,3,3,1,0,3,1172,5,10,4,2,0,1,1,1,5,0
agent_sonnet-docs_cs.md,sonnet-docs,cs,ecommerce,Q02,returns_ignored,ecommerce:Q02,2,silently_wrong,27331226.04537634,3,3,0,0,3,1239,5,9,6,2,0,1,1,1,4,0
agent_sonnet-docs_cs.md,sonnet-docs,cs,ecommerce,Q02,returns_ignored,ecommerce:Q02,3,silently_wrong,28183072.42,3,3,0,0,3,1028,4,9,5,2,0,1,1,1,4,0
agent_sonnet-docs_cs.md,sonnet-docs,cs,ecommerce,Q03,scd_duplicates,ecommerce:Q03,1,silently_wrong,39.0,2,1,1,1,3,132,0,1,2,2,0,0,0,0,0,0
agent_sonnet-docs_cs.md,sonnet-docs,cs,ecommerce,Q03,scd_duplicates,ecommerce:Q03,2,silently_wrong,39.0,2,1,1,1,3,107,0,1,3,2,0,0,0,0,0,0
agent_sonnet-docs_cs.md,sonnet-docs,cs,ecommerce,Q03,scd_duplicates,ecommerce:Q03,3,silently_wrong,39.0,2,1,1,1,3,132,0,1,2,2,0,0,0,0,0,0
agent_sonnet-docs_cs.md,sonnet-docs,cs,ecommerce,Q04,soft_delete,ecommerce:Q04,1,silently_wrong,10273.0,3,1,1,1,3,195,1,3,3,2,0,0,1,0,0,0
agent_sonnet-docs_cs.md,sonnet-docs,cs,ecommerce,Q04,soft_delete,ecommerce:Q04,2,silently_wrong,10273.0,3,1,1,1,3,195,1,3,3,2,0,0,1,0,0,0
agent_sonnet-docs_cs.md,sonnet-docs,cs,ecommerce,Q04,soft_delete,ecommerce:Q04,3,silently_wrong,10273.0,3,1,1,1,3,230,1,2,4,2,0,0,1,0,0,0
agent_sonnet-docs_cs.md,sonnet-docs,cs,ecommerce,Q05,currency_mixing,ecommerce:Q05,1,silently_wrong,29018450.97363404,3,3,1,0,3,924,4,6,6,2,0,1,1,1,2,0
agent_sonnet-docs_cs.md,sonnet-docs,cs,ecommerce,Q05,currency_mixing,ecommerce:Q05,2,silently_wrong,27806766.33765072,3,3,0,0,3,712,3,5,5,2,0,1,1,1,1,0
agent_sonnet-docs_cs.md,sonnet-docs,cs,ecommerce,Q05,currency_mixing,ecommerce:Q05,3,silently_wrong,29804962.590298627,3,3,0,0,3,1043,5,7,9,4,0,0,1,1,4,0
agent_sonnet-docs_cs.md,sonnet-docs,cs,ecommerce,Q06,timezone,ecommerce:Q06,1,silently_wrong,35.0,3,1,1,1,3,217,1,2,2,2,0,0,1,1,0,0
agent_sonnet-docs_cs.md,sonnet-docs,cs,ecommerce,Q06,timezone,ecommerce:Q06,2,silently_wrong,35.0,3,1,1,1,3,225,1,2,2,2,0,0,1,1,0,0
agent_sonnet-docs_cs.md,sonnet-docs,cs,ecommerce,Q06,timezone,ecommerce:Q06,3,silently_wrong,35.0,3,1,1,1,3,203,1,2,3,2,0,0,1,1,0,0
agent_sonnet-docs_cs.md,sonnet-docs,cs,ecommerce,Q07,null_semantics,ecommerce:Q07,1,silently_wrong,17.49637139107619,3,1,1,1,3,67,0,1,0,0,0,0,0,0,0,0
agent_sonnet-docs_cs.md,sonnet-docs,cs,ecommerce,Q07,null_semantics,ecommerce:Q07,2,silently_wrong,17.49637139107619,3,1,1,1,3,66,0,1,0,0,0,0,0,0,0,0
agent_sonnet-docs_cs.md,sonnet-docs,cs,ecommerce,Q07,null_semantics,ecommerce:Q07,3,silently_wrong,17.49637139107619,3,1,1,1,3,47,0,1,0,0,0,0,0,0,0,0
agent_sonnet-docs_cs.md,sonnet-docs,cs,ecommerce,Q08,test_accounts,ecommerce:Q08,1,correct,2914.0,2,1,1,1,3,107,0,1,1,2,0,0,0,0,0,0
agent_sonnet-docs_cs.md,sonnet-docs,cs,ecommerce,Q08,test_accounts,ecommerce:Q08,2,correct,2914.0,2,1,1,1,3,127,0,1,1,2,1,0,0,0,0,0
agent_sonnet-docs_cs.md,sonnet-docs,cs,ecommerce,Q08,test_accounts,ecommerce:Q08,3,correct,2914.0,2,1,1,1,3,107,0,1,1,2,0,0,0,0,0,0
agent_sonnet-docs_cs.md,sonnet-docs,cs,ecommerce,Q09,late_arriving_data,ecommerce:Q09,1,correct,—,3,0,0,0,3,139,0,0,1,0,0,0,0,0,0,0
agent_sonnet-docs_cs.md,sonnet-docs,cs,ecommerce,Q09,late_arriving_data,ecommerce:Q09,2,correct,—,3,0,0,0,3,169,0,0,1,0,0,0,0,0,0,0
agent_sonnet-docs_cs.md,sonnet-docs,cs,ecommerce,Q09,late_arriving_data,ecommerce:Q09,3,correct,—,3,0,0,0,3,191,0,0,1,0,0,0,1,0,0,0
agent_sonnet-docs_cs.md,sonnet-docs,cs,ecommerce,Q10,cohort_definition,ecommerce:Q10,1,silently_wrong,628.0,3,1,1,1,3,772,1,5,4,2,1,1,1,0,3,1
agent_sonnet-docs_cs.md,sonnet-docs,cs,ecommerce,Q10,cohort_definition,ecommerce:Q10,2,silently_wrong,628.0,3,1,1,1,3,718,1,4,4,2,0,1,1,0,2,1
agent_sonnet-docs_cs.md,sonnet-docs,cs,ecommerce,Q10,cohort_definition,ecommerce:Q10,3,silently_wrong,628.0,3,1,1,1,3,789,1,5,4,2,0,1,1,0,3,1
agent_sonnet-docs_cs.md,sonnet-docs,cs,ecommerce,Q11,inclusive_bounds,ecommerce:Q11,1,silently_wrong,682.0,3,1,1,0,3,314,1,2,4,2,1,0,1,0,0,0
agent_sonnet-docs_cs.md,sonnet-docs,cs,ecommerce,Q11,inclusive_bounds,ecommerce:Q11,3,silently_wrong,682.0,3,1,1,0,3,309,1,2,4,2,1,0,1,0,0,0
agent_sonnet-docs_cs.md,sonnet-docs,cs,ecommerce,Q12,grain_mismatch,ecommerce:Q12,1,silently_wrong,2739.3834552095714,3,2,1,0,3,1316,4,9,4,2,0,1,0,1,5,0
agent_sonnet-docs_cs.md,sonnet-docs,cs,ecommerce,Q12,grain_mismatch,ecommerce:Q12,3,silently_wrong,2715.677843732846,3,2,0,0,3,1071,4,8,4,2,0,1,0,1,3,0
agent_sonnet-docs_cs.md,sonnet-docs,cs,ecommerce,Q13,percent_units,ecommerce:Q13,1,silently_wrong,1291.5894874254232,3,3,1,0,3,303,2,3,2,2,0,0,0,0,0,0
agent_sonnet-docs_cs.md,sonnet-docs,cs,ecommerce,Q13,percent_units,ecommerce:Q13,2,silently_wrong,1288.750959172577,3,3,0,0,3,102,0,1,0,0,0,0,0,0,0,0
agent_sonnet-docs_cs.md,sonnet-docs,cs,ecommerce,Q13,percent_units,ecommerce:Q13,3,silently_wrong,1690.7899892599526,3,3,0,0,3,415,3,4,3,2,0,0,0,1,0,0
agent_sonnet-docs_cs.md,sonnet-docs,cs,ecommerce,Q14,fx_rate_date,ecommerce:Q14,1,silently_wrong,6826875.09842988,3,1,1,1,3,594,3,5,5,2,0,1,1,1,1,0
agent_sonnet-docs_cs.md,sonnet-docs,cs,ecommerce,Q14,fx_rate_date,ecommerce:Q14,2,silently_wrong,6826875.09842988,3,1,1,1,3,585,3,5,5,2,0,1,1,1,1,0
agent_sonnet-docs_cs.md,sonnet-docs,cs,ecommerce,Q14,fx_rate_date,ecommerce:Q14,3,silently_wrong,6826875.09842988,3,1,1,1,3,638,3,6,5,2,0,1,1,1,1,0
agent_sonnet-docs_cs.md,sonnet-docs,cs,ecommerce,Q15,partial_returns,ecommerce:Q15,1,silently_wrong,3594.0,3,1,1,1,3,287,2,4,2,2,0,0,1,0,0,0
agent_sonnet-docs_cs.md,sonnet-docs,cs,ecommerce,Q15,partial_returns,ecommerce:Q15,2,silently_wrong,3594.0,3,1,1,1,3,261,2,4,3,2,0,0,1,0,0,0
agent_sonnet-docs_cs.md,sonnet-docs,cs,ecommerce,Q15,partial_returns,ecommerce:Q15,3,silently_wrong,3594.0,3,1,1,1,3,280,2,4,2,2,0,0,1,0,0,0
agent_sonnet-docs_cs.md,sonnet-docs,cs,ecommerce,Q16,unknown_member,ecommerce:Q16,1,silently_wrong,9577.0,2,1,1,1,3,223,1,3,4,2,0,0,1,0,0,0
agent_sonnet-docs_cs.md,sonnet-docs,cs,ecommerce,Q16,unknown_member,ecommerce:Q16,2,silently_wrong,9577.0,2,1,1,1,3,268,1,2,4,2,0,0,1,0,0,0
agent_sonnet-docs_cs.md,sonnet-docs,cs,ecommerce,Q16,unknown_member,ecommerce:Q16,3,silently_wrong,9577.0,2,1,1,1,3,223,1,3,4,2,0,0,1,0,0,0
agent_sonnet-docs_cs.md,sonnet-docs,cs,ecommerce,Q17,ratio_of_means,ecommerce:Q17,1,silently_wrong,18.17497819765905,3,3,1,0,3,1239,4,7,7,2,1,0,1,1,6,0
agent_sonnet-docs_cs.md,sonnet-docs,cs,ecommerce,Q17,ratio_of_means,ecommerce:Q17,2,silently_wrong,18.146482472009975,3,3,0,0,3,1080,4,6,7,2,0,0,1,1,3,0
agent_sonnet-docs_cs.md,sonnet-docs,cs,ecommerce,Q17,ratio_of_means,ecommerce:Q17,3,correct,5.344347599919161,3,3,0,0,3,800,3,8,4,2,0,0,1,1,3,0
agent_sonnet-docs_cs.md,sonnet-docs,cs,ecommerce,Q18,week_numbering,ecommerce:Q18,1,silently_wrong,206.0,2,1,1,0,3,242,1,3,4,2,0,0,1,0,0,0
agent_sonnet-docs_cs.md,sonnet-docs,cs,ecommerce,Q19,trailing_vs_calendar,ecommerce:Q19,1,silently_wrong,965.0,3,2,0,0,3,126,0,1,1,0,0,0,1,0,0,0
agent_sonnet-docs_cs.md,sonnet-docs,cs,ecommerce,Q19,trailing_vs_calendar,ecommerce:Q19,2,silently_wrong,935.0,3,2,1,0,3,260,1,2,3,2,0,0,1,0,0,0
agent_sonnet-docs_cs.md,sonnet-docs,cs,ecommerce,Q19,trailing_vs_calendar,ecommerce:Q19,3,silently_wrong,935.0,3,2,1,0,3,260,1,2,3,2,0,0,1,0,0,0
agent_sonnet-docs_cs.md,sonnet-docs,cs,ecommerce,Q20,active_customer,ecommerce:Q20,1,silently_wrong,1724.0,3,2,1,0,3,274,1,2,3,2,1,0,1,0,0,0
agent_sonnet-docs_cs.md,sonnet-docs,cs,ecommerce,Q20,active_customer,ecommerce:Q20,2,silently_wrong,1724.0,3,2,1,0,3,282,1,2,3,2,1,0,1,0,0,0
agent_sonnet-docs_cs.md,sonnet-docs,cs,ecommerce,Q20,active_customer,ecommerce:Q20,3,silently_wrong,1740.0,3,2,0,0,3,346,1,2,6,1,1,0,1,0,0,1
agent_sonnet-docs_cs.md,sonnet-docs,cs,ecommerce,Q21,null_in_filter,ecommerce:Q21,1,silently_wrong,1597.0,3,1,1,1,3,159,1,3,2,0,0,0,1,0,0,0
agent_sonnet-docs_cs.md,sonnet-docs,cs,ecommerce,Q21,null_in_filter,ecommerce:Q21,2,silently_wrong,1597.0,3,1,1,1,3,159,1,3,2,0,0,0,1,0,0,0
agent_sonnet-docs_cs.md,sonnet-docs,cs,ecommerce,Q21,null_in_filter,ecommerce:Q21,3,silently_wrong,1597.0,3,1,1,1,3,167,1,3,1,0,0,0,1,0,0,0
agent_sonnet-docs_cs.md,sonnet-docs,cs,ecommerce,Q22,shipping_currency,ecommerce:Q22,1,silently_wrong,4517318.3893969925,3,2,1,0,3,382,2,4,4,2,0,0,1,1,0,0
agent_sonnet-docs_cs.md,sonnet-docs,cs,ecommerce,Q22,shipping_currency,ecommerce:Q22,2,silently_wrong,4517318.39,3,2,0,0,3,389,2,4,4,2,0,0,1,1,0,0
agent_sonnet-docs_cs.md,sonnet-docs,cs,ecommerce,Q22,shipping_currency,ecommerce:Q22,3,silently_wrong,4517318.3893969925,3,2,1,0,3,384,2,4,4,2,0,0,1,1,0,0
agent_sonnet-docs_cs.md,sonnet-docs,cs,ecommerce,Q23,duplicate_facts,ecommerce:Q23,2,silently_wrong,9577.0,3,1,1,0,3,223,1,3,4,2,0,0,1,0,0,0
agent_sonnet-docs_cs.md,sonnet-docs,cs,ecommerce,Q24,dirty_categories,ecommerce:Q24,1,silently_wrong,39.0,3,1,1,1,3,106,0,1,3,2,0,0,0,0,0,0
agent_sonnet-docs_cs.md,sonnet-docs,cs,ecommerce,Q24,dirty_categories,ecommerce:Q24,2,silently_wrong,39.0,3,1,1,1,3,107,0,1,3,2,0,0,0,0,0,0
agent_sonnet-docs_cs.md,sonnet-docs,cs,ecommerce,Q24,dirty_categories,ecommerce:Q24,3,silently_wrong,39.0,3,1,1,1,3,132,0,1,2,2,0,0,0,0,0,0
agent_sonnet-docs_cs.md,sonnet-docs,cs,ecommerce,Q25,wrong_denominator,ecommerce:Q25,1,silently_wrong,1.34,3,2,1,0,3,176,0,1,1,2,0,0,0,0,0,0
agent_sonnet-docs_cs.md,sonnet-docs,cs,ecommerce,Q25,wrong_denominator,ecommerce:Q25,2,silently_wrong,1.338366506520247,3,2,0,0,3,156,0,1,1,2,0,0,0,0,0,0
agent_sonnet-docs_cs.md,sonnet-docs,cs,ecommerce,Q25,wrong_denominator,ecommerce:Q25,3,silently_wrong,1.34,3,2,1,0,3,166,0,1,1,2,0,0,0,0,0,0
agent_sonnet-docs_cs.md,sonnet-docs,cs,ecommerce,Q26,filter_before_aggregate,ecommerce:Q26,1,silently_wrong,689.0,3,3,1,0,3,1570,7,10,5,2,0,1,1,1,5,0
agent_sonnet-docs_cs.md,sonnet-docs,cs,ecommerce,Q26,filter_before_aggregate,ecommerce:Q26,2,silently_wrong,676.0,3,3,0,0,3,1785,6,12,7,2,1,1,1,1,6,0
agent_sonnet-docs_cs.md,sonnet-docs,cs,ecommerce,Q26,filter_before_aggregate,ecommerce:Q26,3,silently_wrong,621.0,3,3,0,0,3,1264,4,9,5,2,0,1,1,1,4,0
agent_sonnet-docs_en.md,sonnet-docs,en,ecommerce,Q01,fan_out_join,ecommerce:Q01,1,silently_wrong,29804962.590298712,3,3,1,0,3,764,3,7,5,2,0,1,1,1,2,0
agent_sonnet-docs_en.md,sonnet-docs,en,ecommerce,Q01,fan_out_join,ecommerce:Q01,2,silently_wrong,29804962.590298694,3,3,0,0,3,825,3,6,6,2,0,1,1,1,2,0
agent_sonnet-docs_en.md,sonnet-docs,en,ecommerce,Q01,fan_out_join,ecommerce:Q01,3,silently_wrong,29804962.590298705,3,3,0,0,3,782,3,7,4,2,0,1,1,1,2,0
agent_sonnet-docs_en.md,sonnet-docs,en,ecommerce,Q02,returns_ignored,ecommerce:Q02,1,silently_wrong,28136342.57089277,3,3,1,0,3,1140,3,10,5,2,0,1,1,1,5,0
agent_sonnet-docs_en.md,sonnet-docs,en,ecommerce,Q02,returns_ignored,ecommerce:Q02,2,silently_wrong,26221983.35799878,3,3,0,0,3,958,4,9,5,2,0,1,1,1,3,0
agent_sonnet-docs_en.md,sonnet-docs,en,ecommerce,Q02,returns_ignored,ecommerce:Q02,3,silently_wrong,28183072.422654685,3,3,0,0,3,1397,5,12,6,2,0,1,1,1,8,0
agent_sonnet-docs_en.md,sonnet-docs,en,ecommerce,Q03,scd_duplicates,ecommerce:Q03,1,silently_wrong,39.0,2,1,1,1,3,133,0,1,2,2,0,0,0,0,0,0
agent_sonnet-docs_en.md,sonnet-docs,en,ecommerce,Q03,scd_duplicates,ecommerce:Q03,2,silently_wrong,39.0,2,1,1,1,3,107,0,1,3,2,0,0,0,0,0,0
agent_sonnet-docs_en.md,sonnet-docs,en,ecommerce,Q03,scd_duplicates,ecommerce:Q03,3,silently_wrong,39.0,2,1,1,1,3,107,0,1,3,2,0,0,0,0,0,0
agent_sonnet-docs_en.md,sonnet-docs,en,ecommerce,Q04,soft_delete,ecommerce:Q04,1,silently_wrong,10587.0,1,1,1,1,3,110,0,1,2,0,0,0,1,0,0,0
agent_sonnet-docs_en.md,sonnet-docs,en,ecommerce,Q04,soft_delete,ecommerce:Q04,2,silently_wrong,10587.0,1,1,1,1,3,110,0,1,2,0,0,0,1,0,0,0
agent_sonnet-docs_en.md,sonnet-docs,en,ecommerce,Q04,soft_delete,ecommerce:Q04,3,silently_wrong,10587.0,1,1,1,1,3,110,0,1,2,0,0,0,1,0,0,0
agent_sonnet-docs_en.md,sonnet-docs,en,ecommerce,Q05,currency_mixing,ecommerce:Q05,1,silently_wrong,29804962.590298686,3,3,1,0,3,793,3,7,5,2,0,1,1,1,2,0
agent_sonnet-docs_en.md,sonnet-docs,en,ecommerce,Q05,currency_mixing,ecommerce:Q05,2,silently_wrong,27843873.525642697,3,3,0,0,3,601,3,6,4,2,0,1,1,1,1,0
agent_sonnet-docs_en.md,sonnet-docs,en,ecommerce,Q05,currency_mixing,ecommerce:Q05,3,silently_wrong,27843873.5256427,3,3,0,0,3,609,3,6,4,2,0,1,1,1,1,0
agent_sonnet-docs_en.md,sonnet-docs,en,ecommerce,Q06,timezone,ecommerce:Q06,1,silently_wrong,36.0,1,1,1,1,3,86,0,1,1,0,0,0,1,1,0,0
agent_sonnet-docs_en.md,sonnet-docs,en,ecommerce,Q06,timezone,ecommerce:Q06,2,silently_wrong,36.0,1,1,1,1,3,86,0,1,1,0,0,0,1,1,0,0
agent_sonnet-docs_en.md,sonnet-docs,en,ecommerce,Q06,timezone,ecommerce:Q06,3,silently_wrong,36.0,1,1,1,1,3,86,0,1,1,0,0,0,1,1,0,0
agent_sonnet-docs_en.md,sonnet-docs,en,ecommerce,Q07,null_semantics,ecommerce:Q07,1,silently_wrong,17.49637139107619,2,1,1,1,3,46,0,1,0,0,0,0,0,0,0,0
agent_sonnet-docs_en.md,sonnet-docs,en,ecommerce,Q07,null_semantics,ecommerce:Q07,2,silently_wrong,17.49637139107619,2,1,1,1,3,67,0,1,0,0,0,0,0,0,0,0
agent_sonnet-docs_en.md,sonnet-docs,en,ecommerce,Q07,null_semantics,ecommerce:Q07,3,silently_wrong,17.49637139107619,2,1,1,1,3,67,0,1,0,0,0,0,0,0,0,0
agent_sonnet-docs_en.md,sonnet-docs,en,ecommerce,Q08,test_accounts,ecommerce:Q08,1,correct,2914.0,3,1,1,1,3,106,0,1,1,2,0,0,0,0,0,0
agent_sonnet-docs_en.md,sonnet-docs,en,ecommerce,Q08,test_accounts,ecommerce:Q08,2,correct,2914.0,3,1,1,1,3,87,0,1,2,2,0,0,0,0,0,0
agent_sonnet-docs_en.md,sonnet-docs,en,ecommerce,Q08,test_accounts,ecommerce:Q08,3,correct,2914.0,3,1,1,1,3,105,0,1,2,2,1,0,0,0,0,0
agent_sonnet-docs_en.md,sonnet-docs,en,ecommerce,Q09,late_arriving_data,ecommerce:Q09,1,correct,—,3,0,0,0,3,173,0,0,1,0,0,0,1,0,0,0
agent_sonnet-docs_en.md,sonnet-docs,en,ecommerce,Q09,late_arriving_data,ecommerce:Q09,2,correct,—,3,0,0,0,3,88,0,0,1,0,0,0,0,0,0,0
agent_sonnet-docs_en.md,sonnet-docs,en,ecommerce,Q09,late_arriving_data,ecommerce:Q09,3,correct,—,3,0,0,0,3,189,0,1,2,0,0,0,0,0,0,0
agent_sonnet-docs_en.md,sonnet-docs,en,ecommerce,Q10,cohort_definition,ecommerce:Q10,1,silently_wrong,628.0,3,1,1,1,3,670,1,4,4,2,0,1,1,0,2,1
agent_sonnet-docs_en.md,sonnet-docs,en,ecommerce,Q10,cohort_definition,ecommerce:Q10,2,silently_wrong,628.0,3,1,1,1,3,702,1,4,4,2,0,1,1,0,2,1
agent_sonnet-docs_en.md,sonnet-docs,en,ecommerce,Q10,cohort_definition,ecommerce:Q10,3,silently_wrong,628.0,3,1,1,1,3,752,2,4,5,2,0,0,1,0,2,0
agent_sonnet-docs_en.md,sonnet-docs,en,ecommerce,Q11,inclusive_bounds,ecommerce:Q11,1,silently_wrong,682.0,3,1,1,1,3,322,1,2,4,2,1,0,1,0,0,0
agent_sonnet-docs_en.md,sonnet-docs,en,ecommerce,Q11,inclusive_bounds,ecommerce:Q11,2,silently_wrong,682.0,3,1,1,1,3,291,1,2,4,2,1,0,1,0,0,0
agent_sonnet-docs_en.md,sonnet-docs,en,ecommerce,Q11,inclusive_bounds,ecommerce:Q11,3,silently_wrong,682.0,3,1,1,1,3,291,1,2,4,2,1,0,1,0,0,0
agent_sonnet-docs_en.md,sonnet-docs,en,ecommerce,Q12,grain_mismatch,ecommerce:Q12,1,silently_wrong,3077.417278452577,3,3,1,0,3,1862,7,13,3,2,0,1,0,1,8,0
agent_sonnet-docs_en.md,sonnet-docs,en,ecommerce,Q12,grain_mismatch,ecommerce:Q12,2,silently_wrong,2715.6778437328508,3,3,0,0,3,984,4,7,4,2,0,1,0,1,3,0
agent_sonnet-docs_en.md,sonnet-docs,en,ecommerce,Q12,grain_mismatch,ecommerce:Q12,3,silently_wrong,2748.2027350134877,3,3,0,0,3,1024,4,9,3,2,1,1,0,1,4,0
agent_sonnet-docs_en.md,sonnet-docs,en,ecommerce,Q13,percent_units,ecommerce:Q13,1,silently_wrong,1288.750959172577,3,1,1,1,3,104,0,1,0,0,0,0,0,0,0,0
agent_sonnet-docs_en.md,sonnet-docs,en,ecommerce,Q13,percent_units,ecommerce:Q13,2,silently_wrong,1288.750959172577,3,1,1,1,3,74,0,1,0,0,0,0,0,0,0,0
agent_sonnet-docs_en.md,sonnet-docs,en,ecommerce,Q13,percent_units,ecommerce:Q13,3,silently_wrong,1288.750959172577,3,1,1,1,3,110,0,1,0,0,0,0,0,0,0,0
agent_sonnet-docs_en.md,sonnet-docs,en,ecommerce,Q14,fx_rate_date,ecommerce:Q14,1,silently_wrong,6802812.865248879,3,2,1,0,3,750,3,6,6,2,0,1,1,1,1,0
agent_sonnet-docs_en.md,sonnet-docs,en,ecommerce,Q14,fx_rate_date,ecommerce:Q14,2,silently_wrong,6802812.865248879,3,2,1,0,3,753,3,6,6,2,0,1,1,1,1,0
agent_sonnet-docs_en.md,sonnet-docs,en,ecommerce,Q14,fx_rate_date,ecommerce:Q14,3,silently_wrong,6826875.098429879,3,2,0,0,3,624,3,6,5,2,0,1,1,1,1,0
agent_sonnet-docs_en.md,sonnet-docs,en,ecommerce,Q15,partial_returns,ecommerce:Q15,1,silently_wrong,3594.0,3,2,0,0,3,298,2,3,3,2,0,0,1,0,0,0
agent_sonnet-docs_en.md,sonnet-docs,en,ecommerce,Q15,partial_returns,ecommerce:Q15,2,correct,3711.0,3,2,1,0,3,168,1,3,0,0,0,0,1,0,0,0
agent_sonnet-docs_en.md,sonnet-docs,en,ecommerce,Q15,partial_returns,ecommerce:Q15,3,correct,3711.0,3,2,1,0,3,199,1,2,1,0,0,0,1,1,0,0
agent_sonnet-docs_en.md,sonnet-docs,en,ecommerce,Q16,unknown_member,ecommerce:Q16,1,silently_wrong,9577.0,3,2,1,0,3,227,1,3,3,2,0,0,1,0,0,0
agent_sonnet-docs_en.md,sonnet-docs,en,ecommerce,Q16,unknown_member,ecommerce:Q16,2,silently_wrong,9577.0,3,2,1,0,3,224,1,3,4,2,0,0,1,0,0,0
agent_sonnet-docs_en.md,sonnet-docs,en,ecommerce,Q16,unknown_member,ecommerce:Q16,3,silently_wrong,0.0,3,2,0,0,3,230,1,3,3,2,0,0,1,0,0,0
agent_sonnet-docs_en.md,sonnet-docs,en,ecommerce,Q17,ratio_of_means,ecommerce:Q17,1,silently_wrong,18.146482472010003,3,3,1,0,3,1369,4,9,6,2,0,0,1,1,7,0
agent_sonnet-docs_en.md,sonnet-docs,en,ecommerce,Q17,ratio_of_means,ecommerce:Q17,2,silently_wrong,19.450490023050378,3,3,0,0,3,1128,3,8,5,2,0,1,1,1,3,0
agent_sonnet-docs_en.md,sonnet-docs,en,ecommerce,Q17,ratio_of_means,ecommerce:Q17,3,silently_wrong,18.146482472009975,3,3,0,0,3,1099,4,8,5,2,0,0,0,1,5,0
agent_sonnet-docs_en.md,sonnet-docs,en,ecommerce,Q18,week_numbering,ecommerce:Q18,3,silently_wrong,206.0,3,1,1,0,3,262,1,2,5,2,0,0,0,0,0,1
agent_sonnet-docs_en.md,sonnet-docs,en,ecommerce,Q19,trailing_vs_calendar,ecommerce:Q19,1,silently_wrong,935.0,2,1,1,1,3,230,1,2,4,2,0,0,1,0,0,0
agent_sonnet-docs_en.md,sonnet-docs,en,ecommerce,Q19,trailing_vs_calendar,ecommerce:Q19,2,silently_wrong,935.0,2,1,1,1,3,230,1,2,4,2,0,0,1,0,0,0
agent_sonnet-docs_en.md,sonnet-docs,en,ecommerce,Q19,trailing_vs_calendar,ecommerce:Q19,3,silently_wrong,935.0,2,1,1,1,3,253,1,2,3,2,0,0,1,0,0,0
agent_sonnet-docs_en.md,sonnet-docs,en,ecommerce,Q20,active_customer,ecommerce:Q20,1,silently_wrong,1709.0,3,2,0,0,3,281,1,2,3,2,1,0,1,0,0,0
agent_sonnet-docs_en.md,sonnet-docs,en,ecommerce,Q20,active_customer,ecommerce:Q20,2,silently_wrong,1724.0,3,2,1,0,3,272,1,2,3,2,1,0,1,0,0,0
agent_sonnet-docs_en.md,sonnet-docs,en,ecommerce,Q20,active_customer,ecommerce:Q20,3,silently_wrong,1724.0,3,2,1,0,3,298,1,2,3,2,1,0,1,0,0,0
agent_sonnet-docs_en.md,sonnet-docs,en,ecommerce,Q21,null_in_filter,ecommerce:Q21,1,silently_wrong,1597.0,3,1,1,1,3,202,1,2,2,0,0,0,1,0,0,0
agent_sonnet-docs_en.md,sonnet-docs,en,ecommerce,Q21,null_in_filter,ecommerce:Q21,2,silently_wrong,1597.0,3,1,1,1,3,195,1,2,2,0,0,0,1,0,0,0
agent_sonnet-docs_en.md,sonnet-docs,en,ecommerce,Q21,null_in_filter,ecommerce:Q21,3,silently_wrong,1597.0,3,1,1,1,3,193,1,2,2,0,0,0,1,0,0,0
agent_sonnet-docs_en.md,sonnet-docs,en,ecommerce,Q22,shipping_currency,ecommerce:Q22,1,silently_wrong,4517318.3893969925,3,1,1,1,3,377,2,4,4,2,0,0,1,1,0,0
agent_sonnet-docs_en.md,sonnet-docs,en,ecommerce,Q22,shipping_currency,ecommerce:Q22,2,silently_wrong,4517318.3893969925,3,1,1,1,3,447,2,3,5,2,0,0,1,1,0,0
agent_sonnet-docs_en.md,sonnet-docs,en,ecommerce,Q22,shipping_currency,ecommerce:Q22,3,silently_wrong,4517318.3893969925,3,1,1,1,3,433,2,3,5,2,0,0,1,1,0,0
agent_sonnet-docs_en.md,sonnet-docs,en,ecommerce,Q23,duplicate_facts,ecommerce:Q23,1,silently_wrong,9870.0,3,1,1,1,3,103,0,2,2,0,0,0,1,0,0,0
agent_sonnet-docs_en.md,sonnet-docs,en,ecommerce,Q23,duplicate_facts,ecommerce:Q23,2,silently_wrong,9870.0,3,1,1,1,3,135,0,2,3,0,0,0,1,0,0,0
agent_sonnet-docs_en.md,sonnet-docs,en,ecommerce,Q23,duplicate_facts,ecommerce:Q23,3,silently_wrong,9870.0,3,1,1,1,3,164,0,1,2,0,0,0,1,0,0,0
agent_sonnet-docs_en.md,sonnet-docs,en,ecommerce,Q24,dirty_categories,ecommerce:Q24,1,silently_wrong,39.0,1,1,1,1,3,107,0,1,3,2,0,0,0,0,0,0
agent_sonnet-docs_en.md,sonnet-docs,en,ecommerce,Q24,dirty_categories,ecommerce:Q24,2,silently_wrong,39.0,1,1,1,1,3,107,0,1,3,2,0,0,0,0,0,0
agent_sonnet-docs_en.md,sonnet-docs,en,ecommerce,Q24,dirty_categories,ecommerce:Q24,3,silently_wrong,39.0,1,1,1,1,3,107,0,1,3,2,0,0,0,0,0,0
agent_sonnet-docs_en.md,sonnet-docs,en,ecommerce,Q25,wrong_denominator,ecommerce:Q25,1,silently_wrong,1.338366506520247,2,1,1,1,3,156,0,1,1,2,0,0,0,0,0,0
agent_sonnet-docs_en.md,sonnet-docs,en,ecommerce,Q25,wrong_denominator,ecommerce:Q25,2,silently_wrong,1.338366506520247,2,1,1,1,3,137,0,1,1,2,0,0,0,0,0,0
agent_sonnet-docs_en.md,sonnet-docs,en,ecommerce,Q25,wrong_denominator,ecommerce:Q25,3,silently_wrong,1.338366506520247,2,1,1,1,3,137,0,1,1,2,0,0,0,0,0,0
agent_sonnet-docs_en.md,sonnet-docs,en,ecommerce,Q26,filter_before_aggregate,ecommerce:Q26,1,silently_wrong,676.0,3,3,1,0,3,2017,7,12,7,2,1,1,1,1,8,0
agent_sonnet-docs_en.md,sonnet-docs,en,ecommerce,Q26,filter_before_aggregate,ecommerce:Q26,2,silently_wrong,682.0,3,3,0,0,3,1031,3,6,6,2,0,1,1,1,3,0
agent_sonnet-docs_en.md,sonnet-docs,en,ecommerce,Q26,filter_before_aggregate,ecommerce:Q26,3,silently_wrong,622.0,3,3,0,0,3,1430,4,9,6,2,0,1,1,1,5,0
agent_sonnet_cs.md,sonnet,cs,ecommerce,Q03,scd_duplicates,ecommerce:Q03,1,silently_wrong,39.0,3,1,1,1,3,78,0,1,2,1,0,0,0,0,0,0
agent_sonnet_cs.md,sonnet,cs,ecommerce,Q03,scd_duplicates,ecommerce:Q03,2,silently_wrong,39.0,3,1,1,1,3,100,0,1,1,1,0,0,0,0,0,0
agent_sonnet_cs.md,sonnet,cs,ecommerce,Q03,scd_duplicates,ecommerce:Q03,3,silently_wrong,39.0,3,1,1,1,3,79,0,1,2,1,0,0,0,0,0,0
agent_sonnet_cs.md,sonnet,cs,ecommerce,Q04,soft_delete,ecommerce:Q04,1,silently_wrong,10587.0,2,1,1,1,3,110,0,1,2,0,0,0,1,0,0,0
agent_sonnet_cs.md,sonnet,cs,ecommerce,Q04,soft_delete,ecommerce:Q04,2,silently_wrong,10587.0,2,1,1,1,3,110,0,1,2,0,0,0,1,0,0,0
agent_sonnet_cs.md,sonnet,cs,ecommerce,Q04,soft_delete,ecommerce:Q04,3,silently_wrong,10587.0,2,1,1,1,3,78,0,2,1,0,0,0,1,0,0,0
agent_sonnet_cs.md,sonnet,cs,ecommerce,Q06,timezone,ecommerce:Q06,1,silently_wrong,36.0,2,1,1,1,3,120,0,1,2,0,0,0,1,0,0,0
agent_sonnet_cs.md,sonnet,cs,ecommerce,Q06,timezone,ecommerce:Q06,2,silently_wrong,36.0,2,1,1,1,3,86,0,1,1,0,0,0,1,1,0,0
agent_sonnet_cs.md,sonnet,cs,ecommerce,Q06,timezone,ecommerce:Q06,3,silently_wrong,36.0,2,1,1,1,3,120,0,1,2,0,0,0,1,0,0,0
agent_sonnet_cs.md,sonnet,cs,ecommerce,Q07,null_semantics,ecommerce:Q07,1,silently_wrong,17.49637139107619,3,1,1,1,3,67,0,1,0,0,0,0,0,0,0,0
agent_sonnet_cs.md,sonnet,cs,ecommerce,Q07,null_semantics,ecommerce:Q07,2,silently_wrong,17.49637139107619,3,1,1,1,3,72,0,1,0,0,0,0,0,0,0,0
agent_sonnet_cs.md,sonnet,cs,ecommerce,Q07,null_semantics,ecommerce:Q07,3,silently_wrong,17.49637139107619,3,1,1,1,3,47,0,1,0,0,0,0,0,0,0,0
agent_sonnet_cs.md,sonnet,cs,ecommerce,Q08,test_accounts,ecommerce:Q08,1,silently_wrong,3000.0,2,2,1,0,3,54,0,1,0,0,1,0,0,0,0,0
agent_sonnet_cs.md,sonnet,cs,ecommerce,Q08,test_accounts,ecommerce:Q08,2,silently_wrong,3000.0,2,2,1,0,3,54,0,1,0,0,1,0,0,0,0,0
agent_sonnet_cs.md,sonnet,cs,ecommerce,Q08,test_accounts,ecommerce:Q08,3,silently_wrong,3999.0,2,2,0,0,3,54,0,1,0,0,0,0,0,0,0,0
agent_sonnet_cs.md,sonnet,cs,ecommerce,Q09,late_arriving_data,ecommerce:Q09,1,correct,—,3,0,0,0,3,179,0,0,1,0,0,0,0,0,0,0
agent_sonnet_cs.md,sonnet,cs,ecommerce,Q09,late_arriving_data,ecommerce:Q09,2,correct,—,3,0,0,0,3,130,0,0,1,0,0,0,0,0,0,0
agent_sonnet_cs.md,sonnet,cs,ecommerce,Q09,late_arriving_data,ecommerce:Q09,3,correct,—,3,0,0,0,3,160,0,0,1,0,0,0,0,0,0,0
agent_sonnet_cs.md,sonnet,cs,ecommerce,Q10,cohort_definition,ecommerce:Q10,1,silently_wrong,684.0,3,1,1,1,3,549,0,3,2,0,0,1,1,0,2,1
agent_sonnet_cs.md,sonnet,cs,ecommerce,Q10,cohort_definition,ecommerce:Q10,2,silently_wrong,684.0,3,1,1,1,3,547,0,3,2,0,0,1,1,0,2,1
agent_sonnet_cs.md,sonnet,cs,ecommerce,Q10,cohort_definition,ecommerce:Q10,3,silently_wrong,684.0,3,1,1,1,3,538,0,3,2,0,0,1,1,0,2,1
agent_sonnet_cs.md,sonnet,cs,ecommerce,Q11,inclusive_bounds,ecommerce:Q11,1,silently_wrong,747.0,2,1,1,1,3,128,0,1,2,0,1,0,1,0,0,0
agent_sonnet_cs.md,sonnet,cs,ecommerce,Q11,inclusive_bounds,ecommerce:Q11,2,silently_wrong,747.0,2,1,1,1,3,129,0,1,2,0,1,0,1,0,0,0
agent_sonnet_cs.md,sonnet,cs,ecommerce,Q11,inclusive_bounds,ecommerce:Q11,3,silently_wrong,747.0,2,1,1,1,3,128,0,1,2,0,1,0,1,0,0,0
agent_sonnet_cs.md,sonnet,cs,ecommerce,Q12,grain_mismatch,ecommerce:Q12,2,silently_wrong,3076.1154217432904,3,2,0,0,3,620,2,5,1,0,0,1,0,1,2,0
agent_sonnet_cs.md,sonnet,cs,ecommerce,Q13,percent_units,ecommerce:Q13,1,silently_wrong,1288.750959172577,3,2,1,0,3,107,0,1,0,0,0,0,0,0,0,0
agent_sonnet_cs.md,sonnet,cs,ecommerce,Q13,percent_units,ecommerce:Q13,3,silently_wrong,1288.750959172577,3,2,1,0,3,102,0,1,0,0,0,0,0,0,0,0
agent_sonnet_cs.md,sonnet,cs,ecommerce,Q15,partial_returns,ecommerce:Q15,1,correct,3711.0,3,1,1,1,3,184,1,2,1,0,0,0,1,0,0,0
agent_sonnet_cs.md,sonnet,cs,ecommerce,Q15,partial_returns,ecommerce:Q15,2,correct,3711.0,3,1,1,1,3,143,1,3,0,0,0,0,1,0,0,0
agent_sonnet_cs.md,sonnet,cs,ecommerce,Q15,partial_returns,ecommerce:Q15,3,correct,3711.0,3,1,1,1,3,224,1,2,1,0,0,0,1,1,0,0
agent_sonnet_cs.md,sonnet,cs,ecommerce,Q16,unknown_member,ecommerce:Q16,1,silently_wrong,9577.0,3,1,1,1,3,290,1,2,4,2,0,0,1,0,0,0
agent_sonnet_cs.md,sonnet,cs,ecommerce,Q16,unknown_member,ecommerce:Q16,2,silently_wrong,9577.0,3,1,1,1,3,215,1,3,4,2,0,0,1,0,0,0
agent_sonnet_cs.md,sonnet,cs,ecommerce,Q16,unknown_member,ecommerce:Q16,3,silently_wrong,9577.0,3,1,1,1,3,253,1,3,3,2,0,0,1,0,0,0
agent_sonnet_cs.md,sonnet,cs,ecommerce,Q17,ratio_of_means,ecommerce:Q17,1,silently_wrong,533.9244483758617,3,2,1,0,3,388,2,4,1,0,0,0,1,1,0,0
agent_sonnet_cs.md,sonnet,cs,ecommerce,Q17,ratio_of_means,ecommerce:Q17,3,silently_wrong,533.29,3,2,0,0,3,264,1,3,0,0,0,0,1,0,0,0
agent_sonnet_cs.md,sonnet,cs,ecommerce,Q18,week_numbering,ecommerce:Q18,1,silently_wrong,208.0,3,1,1,0,3,101,0,1,2,0,0,0,0,0,0,0
agent_sonnet_cs.md,sonnet,cs,ecommerce,Q18,week_numbering,ecommerce:Q18,2,silently_wrong,208.0,3,1,1,0,3,139,0,1,1,0,0,0,0,0,0,0
agent_sonnet_cs.md,sonnet,cs,ecommerce,Q19,trailing_vs_calendar,ecommerce:Q19,1,silently_wrong,965.0,2,1,1,1,3,126,0,1,1,0,0,0,1,0,0,0
agent_sonnet_cs.md,sonnet,cs,ecommerce,Q19,trailing_vs_calendar,ecommerce:Q19,2,silently_wrong,965.0,2,1,1,1,3,109,0,1,2,0,0,0,1,0,0,0
agent_sonnet_cs.md,sonnet,cs,ecommerce,Q19,trailing_vs_calendar,ecommerce:Q19,3,silently_wrong,965.0,2,1,1,1,3,126,0,1,1,0,0,0,1,0,0,0
agent_sonnet_cs.md,sonnet,cs,ecommerce,Q20,active_customer,ecommerce:Q20,2,silently_wrong,2939.0,3,1,1,0,3,203,0,1,5,2,1,0,1,0,0,1
agent_sonnet_cs.md,sonnet,cs,ecommerce,Q20,active_customer,ecommerce:Q20,3,silently_wrong,2939.0,3,1,1,0,3,204,0,1,5,2,1,0,1,0,0,1
agent_sonnet_cs.md,sonnet,cs,ecommerce,Q21,null_in_filter,ecommerce:Q21,1,silently_wrong,1597.0,3,2,1,0,3,159,1,3,2,0,0,0,1,0,0,0
agent_sonnet_cs.md,sonnet,cs,ecommerce,Q21,null_in_filter,ecommerce:Q21,2,silently_wrong,0.0,3,2,0,0,3,161,1,3,2,0,0,0,1,0,0,0
agent_sonnet_cs.md,sonnet,cs,ecommerce,Q21,null_in_filter,ecommerce:Q21,3,silently_wrong,1597.0,3,2,1,0,3,166,1,3,1,0,0,0,1,0,0,0
agent_sonnet_cs.md,sonnet,cs,ecommerce,Q22,shipping_currency,ecommerce:Q22,1,silently_wrong,4990064.5794819845,3,1,1,1,3,236,1,3,1,0,0,0,1,1,0,0
agent_sonnet_cs.md,sonnet,cs,ecommerce,Q22,shipping_currency,ecommerce:Q22,2,silently_wrong,4990064.5794819845,3,1,1,1,3,273,1,2,2,0,0,0,1,1,0,0
agent_sonnet_cs.md,sonnet,cs,ecommerce,Q22,shipping_currency,ecommerce:Q22,3,silently_wrong,4990064.5794819845,3,1,1,1,3,292,1,3,1,0,0,0,1,1,0,0
agent_sonnet_cs.md,sonnet,cs,ecommerce,Q23,duplicate_facts,ecommerce:Q23,1,silently_wrong,9870.0,2,1,1,1,3,129,0,2,1,0,0,0,1,0,0,0
agent_sonnet_cs.md,sonnet,cs,ecommerce,Q23,duplicate_facts,ecommerce:Q23,2,silently_wrong,9870.0,2,1,1,1,3,129,0,2,1,0,0,0,1,0,0,0
agent_sonnet_cs.md,sonnet,cs,ecommerce,Q23,duplicate_facts,ecommerce:Q23,3,silently_wrong,9870.0,2,1,1,1,3,135,0,1,3,0,0,0,1,0,0,0
agent_sonnet_cs.md,sonnet,cs,ecommerce,Q24,dirty_categories,ecommerce:Q24,1,silently_wrong,39.0,3,1,1,1,3,106,0,1,3,2,0,0,0,0,0,0
agent_sonnet_cs.md,sonnet,cs,ecommerce,Q24,dirty_categories,ecommerce:Q24,2,silently_wrong,39.0,3,1,1,1,3,106,0,1,3,2,0,0,0,0,0,0
agent_sonnet_cs.md,sonnet,cs,ecommerce,Q24,dirty_categories,ecommerce:Q24,3,silently_wrong,39.0,3,1,1,1,3,79,0,1,2,1,0,0,0,0,0,0
agent_sonnet_cs.md,sonnet,cs,ecommerce,Q25,wrong_denominator,ecommerce:Q25,1,silently_wrong,1.31,3,2,1,0,3,138,0,1,0,1,0,0,0,0,0,0
agent_sonnet_cs.md,sonnet,cs,ecommerce,Q25,wrong_denominator,ecommerce:Q25,2,silently_wrong,1.3109243697478992,3,2,0,0,3,128,0,1,0,1,0,0,0,0,0,0
agent_sonnet_cs.md,sonnet,cs,ecommerce,Q25,wrong_denominator,ecommerce:Q25,3,silently_wrong,1.31,3,2,1,0,3,139,0,1,0,1,0,0,0,0,0,0
agent_sonnet_cs.md,sonnet,cs,ecommerce,Q26,filter_before_aggregate,ecommerce:Q26,1,silently_wrong,0.0,3,2,1,0,3,842,2,7,2,0,0,1,1,1,3,0
agent_sonnet_cs.md,sonnet,cs,ecommerce,Q26,filter_before_aggregate,ecommerce:Q26,2,silently_wrong,0.0,3,2,1,0,3,858,2,6,2,0,0,1,1,1,3,0
agent_sonnet_cs.md,sonnet,cs,ecommerce,Q26,filter_before_aggregate,ecommerce:Q26,3,silently_wrong,777.0,3,2,0,0,3,818,2,5,3,0,0,1,1,1,3,0
agent_sonnet_cs_benchmark_v0.md,sonnet,cs,benchmark_v0,Q01,fan_out_join,benchmark_v0:Q01,3,silently_wrong,30657790.666848313,3,2,0,0,3,408,2,4,1,0,0,1,1,1,1,0
agent_sonnet_cs_benchmark_v0.md,sonnet,cs,benchmark_v0,Q03,scd_duplicates,benchmark_v0:Q03,1,silently_wrong,39.0,2,1,1,1,3,78,0,1,2,1,0,0,0,0,0,0
agent_sonnet_cs_benchmark_v0.md,sonnet,cs,benchmark_v0,Q03,scd_duplicates,benchmark_v0:Q03,2,silently_wrong,39.0,2,1,1,1,3,79,0,1,2,1,0,0,0,0,0,0
agent_sonnet_cs_benchmark_v0.md,sonnet,cs,benchmark_v0,Q03,scd_duplicates,benchmark_v0:Q03,3,silently_wrong,39.0,2,1,1,1,3,79,0,1,2,1,0,0,0,0,0,0
agent_sonnet_cs_benchmark_v0.md,sonnet,cs,benchmark_v0,Q04,soft_delete,benchmark_v0:Q04,1,silently_wrong,10587.0,3,1,1,1,3,78,0,2,1,0,0,0,1,0,0,0
agent_sonnet_cs_benchmark_v0.md,sonnet,cs,benchmark_v0,Q04,soft_delete,benchmark_v0:Q04,2,silently_wrong,10587.0,3,1,1,1,3,92,0,2,0,0,0,0,1,0,0,0
agent_sonnet_cs_benchmark_v0.md,sonnet,cs,benchmark_v0,Q04,soft_delete,benchmark_v0:Q04,3,silently_wrong,10587.0,3,1,1,1,3,110,0,1,2,0,0,0,1,0,0,0
agent_sonnet_cs_benchmark_v0.md,sonnet,cs,benchmark_v0,Q06,timezone,benchmark_v0:Q06,1,silently_wrong,36.0,2,1,1,1,3,120,0,1,2,0,0,0,1,0,0,0
agent_sonnet_cs_benchmark_v0.md,sonnet,cs,benchmark_v0,Q06,timezone,benchmark_v0:Q06,2,silently_wrong,36.0,2,1,1,1,3,120,0,1,2,0,0,0,1,0,0,0
agent_sonnet_cs_benchmark_v0.md,sonnet,cs,benchmark_v0,Q06,timezone,benchmark_v0:Q06,3,silently_wrong,36.0,2,1,1,1,3,138,0,1,2,0,0,0,1,0,0,0
agent_sonnet_cs_benchmark_v0.md,sonnet,cs,benchmark_v0,Q07,null_semantics,benchmark_v0:Q07,1,silently_wrong,17.49637139107619,3,1,1,1,3,72,0,1,0,0,0,0,0,0,0,0
agent_sonnet_cs_benchmark_v0.md,sonnet,cs,benchmark_v0,Q07,null_semantics,benchmark_v0:Q07,2,silently_wrong,17.49637139107619,3,1,1,1,3,67,0,1,0,0,0,0,0,0,0,0
agent_sonnet_cs_benchmark_v0.md,sonnet,cs,benchmark_v0,Q07,null_semantics,benchmark_v0:Q07,3,silently_wrong,17.49637139107619,3,1,1,1,3,47,0,1,0,0,0,0,0,0,0,0
agent_sonnet_cs_benchmark_v0.md,sonnet,cs,benchmark_v0,Q08,test_accounts,benchmark_v0:Q08,1,silently_wrong,2975.0,2,2,1,0,3,78,0,1,1,1,0,0,0,0,0,0
agent_sonnet_cs_benchmark_v0.md,sonnet,cs,benchmark_v0,Q08,test_accounts,benchmark_v0:Q08,2,silently_wrong,3999.0,2,2,0,0,3,54,0,1,0,0,0,0,0,0,0,0
agent_sonnet_cs_benchmark_v0.md,sonnet,cs,benchmark_v0,Q08,test_accounts,benchmark_v0:Q08,3,silently_wrong,2975.0,2,2,1,0,3,78,0,1,1,1,0,0,0,0,0,0
agent_sonnet_cs_benchmark_v0.md,sonnet,cs,benchmark_v0,Q09,late_arriving_data,benchmark_v0:Q09,1,silently_wrong,—,3,0,0,0,3,93,0,1,0,0,0,0,1,1,0,0
agent_sonnet_cs_benchmark_v0.md,sonnet,cs,benchmark_v0,Q09,late_arriving_data,benchmark_v0:Q09,2,correct,—,3,0,0,0,3,186,0,0,1,0,0,0,0,0,0,0
agent_sonnet_cs_benchmark_v0.md,sonnet,cs,benchmark_v0,Q09,late_arriving_data,benchmark_v0:Q09,3,silently_wrong,—,3,0,0,0,3,127,0,1,0,0,0,0,1,1,0,0
agent_sonnet_cs_benchmark_v0.md,sonnet,cs,benchmark_v0,Q10,cohort_definition,benchmark_v0:Q10,1,silently_wrong,684.0,3,1,1,1,3,340,1,2,2,0,1,0,1,0,1,0
agent_sonnet_cs_benchmark_v0.md,sonnet,cs,benchmark_v0,Q10,cohort_definition,benchmark_v0:Q10,2,silently_wrong,684.0,3,1,1,1,3,406,1,2,2,0,1,0,1,0,1,0
agent_sonnet_cs_benchmark_v0.md,sonnet,cs,benchmark_v0,Q10,cohort_definition,benchmark_v0:Q10,3,silently_wrong,684.0,3,1,1,1,3,527,0,3,1,0,0,1,1,0,2,1
agent_sonnet_cs_benchmark_v0.md,sonnet,cs,benchmark_v0,Q11,inclusive_bounds,benchmark_v0:Q11,1,silently_wrong,747.0,2,1,1,1,3,128,0,1,2,0,1,0,1,0,0,0
agent_sonnet_cs_benchmark_v0.md,sonnet,cs,benchmark_v0,Q11,inclusive_bounds,benchmark_v0:Q11,2,silently_wrong,747.0,2,1,1,1,3,128,0,1,2,0,1,0,1,0,0,0
agent_sonnet_cs_benchmark_v0.md,sonnet,cs,benchmark_v0,Q11,inclusive_bounds,benchmark_v0:Q11,3,silently_wrong,747.0,2,1,1,1,3,148,0,1,1,0,1,0,1,0,0,0
agent_sonnet_cs_benchmark_v0.md,sonnet,cs,benchmark_v0,Q13,percent_units,benchmark_v0:Q13,3,silently_wrong,1288.750959172577,2,2,0,0,3,91,0,1,0,0,0,0,0,0,0,0
agent_sonnet_cs_benchmark_v0.md,sonnet,cs,benchmark_v0,Q14,fx_rate_date,benchmark_v0:Q14,2,silently_wrong,7402638.62899629,3,3,0,0,3,651,2,5,3,0,0,1,1,1,1,0
agent_sonnet_cs_benchmark_v0.md,sonnet,cs,benchmark_v0,Q15,partial_returns,benchmark_v0:Q15,1,correct,3711.0,3,1,1,1,3,184,1,2,1,0,0,0,1,0,0,0
agent_sonnet_cs_benchmark_v0.md,sonnet,cs,benchmark_v0,Q15,partial_returns,benchmark_v0:Q15,2,correct,3711.0,3,1,1,1,3,178,1,2,1,0,0,0,1,0,0,0
agent_sonnet_cs_benchmark_v0.md,sonnet,cs,benchmark_v0,Q15,partial_returns,benchmark_v0:Q15,3,correct,3711.0,3,1,1,1,3,204,1,2,1,0,0,0,1,0,0,0
agent_sonnet_cs_benchmark_v0.md,sonnet,cs,benchmark_v0,Q16,unknown_member,benchmark_v0:Q16,1,silently_wrong,9577.0,3,2,1,0,3,258,1,2,5,2,0,0,1,0,0,0
agent_sonnet_cs_benchmark_v0.md,sonnet,cs,benchmark_v0,Q16,unknown_member,benchmark_v0:Q16,2,silently_wrong,9577.0,3,2,1,0,3,228,1,3,3,2,0,0,1,0,0,0
agent_sonnet_cs_benchmark_v0.md,sonnet,cs,benchmark_v0,Q16,unknown_member,benchmark_v0:Q16,3,correct,9669.0,3,2,0,0,3,299,0,2,5,1,0,0,1,0,1,0
agent_sonnet_cs_benchmark_v0.md,sonnet,cs,benchmark_v0,Q17,ratio_of_means,benchmark_v0:Q17,1,silently_wrong,533.286007677086,2,2,1,0,3,256,1,3,0,0,0,0,1,1,0,0
agent_sonnet_cs_benchmark_v0.md,sonnet,cs,benchmark_v0,Q17,ratio_of_means,benchmark_v0:Q17,2,silently_wrong,533.29,2,2,0,0,3,266,1,3,1,0,0,0,1,1,0,0
agent_sonnet_cs_benchmark_v0.md,sonnet,cs,benchmark_v0,Q17,ratio_of_means,benchmark_v0:Q17,3,silently_wrong,533.286007677086,2,2,1,0,3,264,1,3,0,0,0,0,1,1,0,0
agent_sonnet_cs_benchmark_v0.md,sonnet,cs,benchmark_v0,Q18,week_numbering,benchmark_v0:Q18,2,silently_wrong,208.0,2,1,1,0,3,138,0,1,1,0,0,0,0,0,0,0
agent_sonnet_cs_benchmark_v0.md,sonnet,cs,benchmark_v0,Q19,trailing_vs_calendar,benchmark_v0:Q19,1,silently_wrong,965.0,2,1,1,1,3,125,0,1,2,0,0,0,1,0,0,0
agent_sonnet_cs_benchmark_v0.md,sonnet,cs,benchmark_v0,Q19,trailing_vs_calendar,benchmark_v0:Q19,2,silently_wrong,965.0,2,1,1,1,3,125,0,1,2,0,0,0,1,0,0,0
agent_sonnet_cs_benchmark_v0.md,sonnet,cs,benchmark_v0,Q19,trailing_vs_calendar,benchmark_v0:Q19,3,silently_wrong,965.0,2,1,1,1,3,112,0,1,1,0,0,0,1,0,0,0
agent_sonnet_cs_benchmark_v0.md,sonnet,cs,benchmark_v0,Q20,active_customer,benchmark_v0:Q20,1,silently_wrong,2939.0,3,1,1,1,3,208,0,1,4,2,0,0,1,0,0,1
agent_sonnet_cs_benchmark_v0.md,sonnet,cs,benchmark_v0,Q20,active_customer,benchmark_v0:Q20,2,silently_wrong,2939.0,3,1,1,1,3,198,0,1,3,1,1,0,1,0,0,1
agent_sonnet_cs_benchmark_v0.md,sonnet,cs,benchmark_v0,Q20,active_customer,benchmark_v0:Q20,3,silently_wrong,2939.0,3,1,1,1,3,175,0,1,4,1,1,0,1,0,0,1
agent_sonnet_cs_benchmark_v0.md,sonnet,cs,benchmark_v0,Q21,null_in_filter,benchmark_v0:Q21,1,silently_wrong,1597.0,3,2,0,0,3,167,1,3,1,0,0,0,1,0,0,0
agent_sonnet_cs_benchmark_v0.md,sonnet,cs,benchmark_v0,Q21,null_in_filter,benchmark_v0:Q21,2,silently_wrong,0.0,3,2,1,0,3,168,1,3,1,0,0,0,1,0,0,0
agent_sonnet_cs_benchmark_v0.md,sonnet,cs,benchmark_v0,Q21,null_in_filter,benchmark_v0:Q21,3,silently_wrong,0.0,3,2,1,0,3,165,1,3,1,0,0,0,1,0,0,0
agent_sonnet_cs_benchmark_v0.md,sonnet,cs,benchmark_v0,Q22,shipping_currency,benchmark_v0:Q22,1,silently_wrong,4990064.5794819845,3,2,1,0,3,236,1,3,1,0,0,0,1,1,0,0
agent_sonnet_cs_benchmark_v0.md,sonnet,cs,benchmark_v0,Q22,shipping_currency,benchmark_v0:Q22,2,silently_wrong,4990064.58,3,2,0,0,3,246,1,3,1,0,0,0,1,1,0,0
agent_sonnet_cs_benchmark_v0.md,sonnet,cs,benchmark_v0,Q22,shipping_currency,benchmark_v0:Q22,3,silently_wrong,4990064.5794819845,3,2,1,0,3,232,1,3,1,0,0,0,1,1,0,0
agent_sonnet_cs_benchmark_v0.md,sonnet,cs,benchmark_v0,Q23,duplicate_facts,benchmark_v0:Q23,1,silently_wrong,9870.0,3,1,1,1,3,103,0,2,2,0,0,0,1,0,0,0
agent_sonnet_cs_benchmark_v0.md,sonnet,cs,benchmark_v0,Q23,duplicate_facts,benchmark_v0:Q23,2,silently_wrong,9870.0,3,1,1,1,3,164,0,1,2,0,0,0,1,0,0,0
agent_sonnet_cs_benchmark_v0.md,sonnet,cs,benchmark_v0,Q23,duplicate_facts,benchmark_v0:Q23,3,silently_wrong,9870.0,3,1,1,1,3,129,0,2,1,0,0,0,1,0,0,0
agent_sonnet_cs_benchmark_v0.md,sonnet,cs,benchmark_v0,Q24,dirty_categories,benchmark_v0:Q24,1,silently_wrong,39.0,1,1,1,1,3,79,0,1,2,1,0,0,0,0,0,0
agent_sonnet_cs_benchmark_v0.md,sonnet,cs,benchmark_v0,Q24,dirty_categories,benchmark_v0:Q24,2,silently_wrong,39.0,1,1,1,1,3,79,0,1,2,1,0,0,0,0,0,0
agent_sonnet_cs_benchmark_v0.md,sonnet,cs,benchmark_v0,Q24,dirty_categories,benchmark_v0:Q24,3,silently_wrong,39.0,1,1,1,1,3,79,0,1,2,1,0,0,0,0,0,0
agent_sonnet_cs_benchmark_v0.md,sonnet,cs,benchmark_v0,Q25,wrong_denominator,benchmark_v0:Q25,1,silently_wrong,1.31,3,1,1,1,3,130,0,1,1,1,0,0,0,0,0,0
agent_sonnet_cs_benchmark_v0.md,sonnet,cs,benchmark_v0,Q25,wrong_denominator,benchmark_v0:Q25,2,silently_wrong,1.31,3,1,1,1,3,140,0,1,1,1,0,0,0,0,0,0
agent_sonnet_cs_benchmark_v0.md,sonnet,cs,benchmark_v0,Q25,wrong_denominator,benchmark_v0:Q25,3,silently_wrong,1.31,3,1,1,1,3,171,0,1,1,1,1,0,0,0,0,0
agent_sonnet_cs_benchmark_v0.md,sonnet,cs,benchmark_v0,Q26,filter_before_aggregate,benchmark_v0:Q26,1,silently_wrong,777.0,3,2,1,0,3,793,2,5,3,0,0,1,1,1,3,0
agent_sonnet_cs_benchmark_v0.md,sonnet,cs,benchmark_v0,Q26,filter_before_aggregate,benchmark_v0:Q26,2,silently_wrong,777.0,3,2,1,0,3,825,2,6,2,0,0,1,1,1,3,0
agent_sonnet_cs_benchmark_v0.md,sonnet,cs,benchmark_v0,Q26,filter_before_aggregate,benchmark_v0:Q26,3,silently_wrong,0.0,3,2,0,0,3,971,3,8,4,2,0,1,1,1,3,0
agent_sonnet_cs_medallion.md,sonnet,cs,medallion,M01,key_format_mismatch,medallion:M01,1,silently_wrong,7442.0,2,1,1,1,3,96,1,2,0,0,1,0,0,0,0,0
agent_sonnet_cs_medallion.md,sonnet,cs,medallion,M01,key_format_mismatch,medallion:M01,2,silently_wrong,7442.0,2,1,1,1,3,96,1,2,0,0,1,0,0,0,0,0
agent_sonnet_cs_medallion.md,sonnet,cs,medallion,M01,key_format_mismatch,medallion:M01,3,silently_wrong,7442.0,2,1,1,1,3,117,1,2,0,0,1,0,0,0,0,0
agent_sonnet_cs_medallion.md,sonnet,cs,medallion,M02,key_format_mismatch_hard,medallion:M02,1,silently_wrong,18152.0,2,2,1,0,3,71,0,1,1,0,1,0,0,0,0,1
agent_sonnet_cs_medallion.md,sonnet,cs,medallion,M02,key_format_mismatch_hard,medallion:M02,2,silently_wrong,18147.0,2,2,0,0,3,93,0,1,2,0,1,0,0,0,0,1
agent_sonnet_cs_medallion.md,sonnet,cs,medallion,M02,key_format_mismatch_hard,medallion:M02,3,silently_wrong,18152.0,2,2,1,0,3,71,0,1,1,0,1,0,0,0,0,1
agent_sonnet_cs_medallion.md,sonnet,cs,medallion,M03,dirty_categories,medallion:M03,1,silently_wrong,3391.0,3,2,0,0,3,77,0,1,1,0,1,0,0,0,0,0
agent_sonnet_cs_medallion.md,sonnet,cs,medallion,M03,dirty_categories,medallion:M03,2,correct,7482.0,3,2,1,0,3,93,0,1,1,0,1,0,0,0,0,0
agent_sonnet_cs_medallion.md,sonnet,cs,medallion,M03,dirty_categories,medallion:M03,3,correct,7482.0,3,2,1,0,3,133,0,1,1,0,1,0,0,0,0,0
agent_sonnet_cs_medallion.md,sonnet,cs,medallion,M05,encoding_mismatch,medallion:M05,1,correct,8608.0,2,2,0,0,3,76,0,1,1,0,0,0,0,0,0,0
agent_sonnet_cs_medallion.md,sonnet,cs,medallion,M05,encoding_mismatch,medallion:M05,2,correct,8611.0,2,2,1,0,3,70,0,1,1,0,0,0,0,0,0,0
agent_sonnet_cs_medallion.md,sonnet,cs,medallion,M05,encoding_mismatch,medallion:M05,3,correct,8611.0,2,2,1,0,3,70,0,1,1,0,0,0,0,0,0,0
agent_sonnet_cs_medallion.md,sonnet,cs,medallion,M06,scd_duplicates,medallion:M06,1,correct,197.0,2,1,1,1,3,89,0,1,0,0,0,0,0,0,0,1
agent_sonnet_cs_medallion.md,sonnet,cs,medallion,M06,scd_duplicates,medallion:M06,2,correct,197.0,2,1,1,1,3,59,0,1,1,0,0,0,0,0,0,1
agent_sonnet_cs_medallion.md,sonnet,cs,medallion,M06,scd_duplicates,medallion:M06,3,correct,197.0,2,1,1,1,3,59,0,1,1,0,0,0,0,0,0,1
agent_sonnet_cs_medallion.md,sonnet,cs,medallion,M07,key_transformation,medallion:M07,1,correct,390.0,2,1,1,1,3,141,1,2,0,0,0,0,0,0,0,0
agent_sonnet_cs_medallion.md,sonnet,cs,medallion,M07,key_transformation,medallion:M07,2,correct,390.0,2,1,1,1,3,141,1,2,0,0,0,0,0,0,0,0
agent_sonnet_cs_medallion.md,sonnet,cs,medallion,M07,key_transformation,medallion:M07,3,correct,390.0,2,1,1,1,3,140,1,2,0,0,0,0,0,0,0,0
agent_sonnet_cs_medallion.md,sonnet,cs,medallion,M08,key_format_mismatch_silent,medallion:M08,1,correct,18484.0,3,1,1,1,3,59,0,1,1,0,0,0,0,0,0,1
agent_sonnet_cs_medallion.md,sonnet,cs,medallion,M08,key_format_mismatch_silent,medallion:M08,2,correct,18484.0,3,1,1,1,3,60,0,1,1,0,0,0,0,0,0,1
agent_sonnet_cs_medallion.md,sonnet,cs,medallion,M08,key_format_mismatch_silent,medallion:M08,3,correct,18484.0,3,1,1,1,3,104,0,1,0,0,0,0,0,0,0,1
agent_sonnet_cs_medallion.md,sonnet,cs,medallion,M09,dirty_categories_count,medallion:M09,1,silently_wrong,9.0,3,2,0,0,3,111,0,1,2,0,1,0,0,0,0,1
agent_sonnet_cs_medallion.md,sonnet,cs,medallion,M09,dirty_categories_count,medallion:M09,2,silently_wrong,12.0,3,2,1,0,3,88,0,1,0,0,1,0,0,0,0,1
agent_sonnet_cs_medallion.md,sonnet,cs,medallion,M09,dirty_categories_count,medallion:M09,3,silently_wrong,12.0,3,2,1,0,3,73,0,1,1,0,1,0,0,0,0,1
agent_sonnet_cs_medallion.md,sonnet,cs,medallion,M04,key_format_mismatch_revenue,medallion:M04,1,silently_wrong,8284824.0,3,1,1,1,3,169,2,3,0,0,0,0,0,1,0,0
agent_sonnet_cs_medallion.md,sonnet,cs,medallion,M04,key_format_mismatch_revenue,medallion:M04,2,silently_wrong,8284824.0,3,1,1,1,3,174,1,3,0,0,0,0,0,1,1,0
agent_sonnet_cs_medallion.md,sonnet,cs,medallion,M04,key_format_mismatch_revenue,medallion:M04,3,silently_wrong,8284824.0,3,1,1,1,3,178,1,3,1,0,0,0,0,1,1,0
agent_sonnet_cs_medallion.md,sonnet,cs,medallion,M10,key_format_mismatch_average,medallion:M10,1,silently_wrong,961.1164733178655,3,1,1,1,3,275,2,3,0,0,0,1,0,1,1,0
agent_sonnet_cs_medallion.md,sonnet,cs,medallion,M10,key_format_mismatch_average,medallion:M10,2,silently_wrong,961.1164733178655,3,1,1,1,3,276,2,3,0,0,0,1,0,1,1,0
agent_sonnet_cs_medallion.md,sonnet,cs,medallion,M10,key_format_mismatch_average,medallion:M10,3,silently_wrong,961.1164733178655,3,1,1,1,3,276,2,3,0,0,0,1,0,1,1,0
agent_sonnet_cs_medallion.md,sonnet,cs,medallion,M11,unknown_in_denominator,medallion:M11,1,silently_wrong,0.38217800367686816,3,2,1,0,3,123,0,1,0,0,0,0,0,1,0,0
agent_sonnet_cs_medallion.md,sonnet,cs,medallion,M11,unknown_in_denominator,medallion:M11,2,silently_wrong,38.22,3,2,0,0,3,132,0,1,0,0,0,0,0,0,0,0
agent_sonnet_cs_medallion.md,sonnet,cs,medallion,M12,impossible_dates,medallion:M12,1,silently_wrong,44.180961663417804,3,3,1,0,3,359,0,3,2,0,0,0,1,1,0,1
agent_sonnet_cs_medallion.md,sonnet,cs,medallion,M12,impossible_dates,medallion:M12,2,silently_wrong,43.33418091322225,3,3,0,0,3,125,0,1,0,0,0,0,1,1,0,1
agent_sonnet_cs_medallion.md,sonnet,cs,medallion,M12,impossible_dates,medallion:M12,3,correct,45.17717132337015,3,3,0,0,3,170,0,1,1,0,0,0,1,1,0,1
agent_sonnet_cs_medallion.md,sonnet,cs,medallion,M13,value_normalisation,medallion:M13,1,correct,57.0,3,2,0,0,3,577,1,2,2,0,0,0,0,0,0,0
agent_sonnet_cs_medallion.md,sonnet,cs,medallion,M13,value_normalisation,medallion:M13,2,silently_wrong,0.0,3,2,1,0,3,429,1,2,0,0,0,0,0,0,0,0
agent_sonnet_cs_medallion.md,sonnet,cs,medallion,M13,value_normalisation,medallion:M13,3,silently_wrong,0.0,3,2,1,0,3,390,1,2,0,0,0,0,0,0,0,0
agent_sonnet_cs_medallion.md,sonnet,cs,medallion,M15,superseded_versions,medallion:M15,1,correct,385.65128205128207,3,1,1,1,3,109,0,1,1,0,0,0,0,1,0,1
agent_sonnet_cs_medallion.md,sonnet,cs,medallion,M15,superseded_versions,medallion:M15,2,correct,385.65128205128207,3,1,1,1,3,96,0,1,0,0,0,0,0,1,0,1
agent_sonnet_cs_medallion.md,sonnet,cs,medallion,M15,superseded_versions,medallion:M15,3,correct,385.65128205128207,3,1,1,1,3,80,0,1,1,0,0,0,0,1,0,1
agent_sonnet_cs_medallion.md,sonnet,cs,medallion,M16,coalesce_across_systems,medallion:M16,1,silently_wrong,14007.0,3,2,1,0,3,191,1,2,3,0,1,0,0,0,0,1
agent_sonnet_cs_medallion.md,sonnet,cs,medallion,M16,coalesce_across_systems,medallion:M16,2,silently_wrong,23621.0,3,2,0,0,3,367,1,2,6,0,0,0,0,1,1,1
agent_sonnet_cs_medallion.md,sonnet,cs,medallion,M16,coalesce_across_systems,medallion:M16,3,silently_wrong,14007.0,3,2,1,0,3,263,1,2,5,0,1,0,0,0,0,1
agent_sonnet_cs_medallion.md,sonnet,cs,medallion,M19,anti_join_key_mismatch,medallion:M19,1,silently_wrong,397.0,2,1,1,1,3,114,0,2,1,0,0,0,0,0,1,0
agent_sonnet_cs_medallion.md,sonnet,cs,medallion,M19,anti_join_key_mismatch,medallion:M19,2,silently_wrong,397.0,2,1,1,1,3,113,0,2,1,0,0,0,0,0,1,0
agent_sonnet_cs_medallion.md,sonnet,cs,medallion,M19,anti_join_key_mismatch,medallion:M19,3,silently_wrong,397.0,2,1,1,1,3,114,0,2,1,0,0,0,0,0,1,0
agent_sonnet_cs_medallion.md,sonnet,cs,medallion,M20,chained_defects,medallion:M20,1,silently_wrong,34.666666666666664,3,3,1,0,3,178,0,1,2,0,0,0,1,1,0,1
agent_sonnet_cs_medallion.md,sonnet,cs,medallion,M20,chained_defects,medallion:M20,2,silently_wrong,41.05,3,3,0,0,3,136,0,1,0,0,0,0,1,1,0,0
agent_sonnet_cs_medallion.md,sonnet,cs,medallion,M20,chained_defects,medallion:M20,3,silently_wrong,44.514874133500804,3,3,0,0,3,219,0,1,2,0,0,0,1,1,0,1
agent_sonnet_cs_saas.md,sonnet,cs,saas,S01,annual_not_amortised,saas:S01,1,silently_wrong,4545414.512499996,1,1,1,1,1,568,1,2,5,1,0,0,1,1,0,1
agent_sonnet_cs_saas.md,sonnet,cs,saas,S02,churn_denominator,saas:S02,1,silently_wrong,0.013729977116704805,1,1,1,1,1,302,0,1,3,0,0,0,1,1,0,1
agent_sonnet_cs_saas.md,sonnet,cs,saas,S03,trials_as_customers,saas:S03,1,correct,645.0,1,1,1,1,1,204,0,1,3,1,1,0,1,0,0,1
agent_sonnet_cs_saas.md,sonnet,cs,saas,S04,account_vs_subscription,saas:S04,1,silently_wrong,738.0,1,1,1,1,1,158,0,1,3,0,1,0,1,0,0,1
agent_sonnet_cs_saas.md,sonnet,cs,saas,S05,cancel_at_period_end,saas:S05,1,silently_wrong,12.0,1,1,1,1,1,135,0,1,2,0,1,0,1,0,0,0
agent_sonnet_cs_saas.md,sonnet,cs,saas,S06,discount_ignored,saas:S06,1,correct,55384020.0,1,1,1,1,1,117,0,1,2,0,0,0,1,0,0,0
agent_sonnet_cs_saas.md,sonnet,cs,saas,S07,seat_snapshot,saas:S07,1,correct,66103.0,1,1,1,1,1,86,0,2,1,0,0,0,1,0,0,0
agent_sonnet_cs_saas.md,sonnet,cs,saas,S08,nrr_survivors_only,saas:S08,1,silently_wrong,1.1226020463948252,1,1,1,1,1,530,1,3,3,0,0,1,1,1,2,0
agent_sonnet_cs_saas.md,sonnet,cs,saas,S09,reactivation_as_new,saas:S09,1,silently_wrong,218.0,1,1,1,1,1,78,0,2,1,0,0,0,1,0,0,0
agent_sonnet_cs_taxi.md,sonnet,cs,taxi,X01,unrecorded_dimension,taxi:X01,1,silently_wrong,3.3358700158936276,2,3,1,0,3,55,0,1,0,0,0,0,0,0,0,0
agent_sonnet_cs_taxi.md,sonnet,cs,taxi,X01,unrecorded_dimension,taxi:X01,2,silently_wrong,3.3358700158937884,2,3,0,0,3,35,0,1,0,0,0,0,0,0,0,0
agent_sonnet_cs_taxi.md,sonnet,cs,taxi,X01,unrecorded_dimension,taxi:X01,3,silently_wrong,3.335870015893642,2,3,0,0,3,35,0,1,0,0,0,0,0,0,0,0
agent_sonnet_cs_taxi.md,sonnet,cs,taxi,X02,refunds_as_revenue,taxi:X02,1,silently_wrong,79455941.50000094,1,3,1,0,3,120,0,1,2,0,0,0,0,0,0,0
agent_sonnet_cs_taxi.md,sonnet,cs,taxi,X02,refunds_as_revenue,taxi:X02,2,silently_wrong,79455941.50002468,1,3,0,0,3,120,0,1,2,0,0,0,0,0,0,0
agent_sonnet_cs_taxi.md,sonnet,cs,taxi,X02,refunds_as_revenue,taxi:X02,3,silently_wrong,79455941.50000246,1,3,0,0,3,120,0,1,2,0,0,0,0,0,0,0
agent_sonnet_cs_taxi.md,sonnet,cs,taxi,X03,outlier_contamination,taxi:X03,1,silently_wrong,312722.3,1,1,1,1,3,38,0,1,0,0,0,0,0,0,0,0
agent_sonnet_cs_taxi.md,sonnet,cs,taxi,X03,outlier_contamination,taxi:X03,2,silently_wrong,312722.3,1,1,1,1,3,38,0,1,0,0,0,0,0,0,0,0
agent_sonnet_cs_taxi.md,sonnet,cs,taxi,X03,outlier_contamination,taxi:X03,3,silently_wrong,312722.3,1,1,1,1,3,38,0,1,0,0,0,0,0,0,0,0
agent_sonnet_cs_taxi.md,sonnet,cs,taxi,X04,zero_rows_in_average,taxi:X04,1,silently_wrong,3.6521691789583484,3,3,1,0,3,38,0,1,0,0,0,0,0,0,0,0
agent_sonnet_cs_taxi.md,sonnet,cs,taxi,X04,zero_rows_in_average,taxi:X04,2,silently_wrong,3.652169178958356,3,3,0,0,3,65,0,1,0,0,0,0,0,0,0,0
agent_sonnet_cs_taxi.md,sonnet,cs,taxi,X04,zero_rows_in_average,taxi:X04,3,silently_wrong,3.6521691789583026,3,3,0,0,3,37,0,1,0,0,0,0,0,0,0,0
agent_sonnet_cs_taxi.md,sonnet,cs,taxi,X05,null_semantics,taxi:X05,1,correct,1.3392808966805005,3,1,1,1,3,67,0,1,0,0,0,0,0,0,0,0
agent_sonnet_cs_taxi.md,sonnet,cs,taxi,X05,null_semantics,taxi:X05,2,correct,1.3392808966805005,3,1,1,1,3,40,0,1,0,0,0,0,0,0,0,0
agent_sonnet_cs_taxi.md,sonnet,cs,taxi,X05,null_semantics,taxi:X05,3,correct,1.3392808966805005,3,1,1,1,3,58,0,1,0,0,0,0,0,0,0,0
agent_sonnet_cs_taxi.md,sonnet,cs,taxi,X06,wrong_measure,taxi:X06,1,silently_wrong,53881922.65999011,3,2,0,0,3,169,0,1,1,0,0,0,1,0,0,0
agent_sonnet_cs_taxi.md,sonnet,cs,taxi,X06,wrong_measure,taxi:X06,2,silently_wrong,53881922.66,3,2,1,0,3,171,0,1,1,0,0,0,1,0,0,0
agent_sonnet_cs_taxi.md,sonnet,cs,taxi,X06,wrong_measure,taxi:X06,3,silently_wrong,53881922.66,3,2,1,0,3,173,0,1,1,0,0,0,1,0,0,0
agent_sonnet_cs_taxi.md,sonnet,cs,taxi,X07,ratio_of_means,taxi:X07,1,silently_wrong,22.469006390215952,3,2,0,0,3,113,0,1,0,0,0,0,0,1,0,0
agent_sonnet_cs_taxi.md,sonnet,cs,taxi,X07,ratio_of_means,taxi:X07,2,silently_wrong,22.47,3,2,1,0,3,125,0,1,1,0,0,0,0,1,0,0
agent_sonnet_cs_taxi.md,sonnet,cs,taxi,X07,ratio_of_means,taxi:X07,3,silently_wrong,22.47,3,2,1,0,3,114,0,1,1,0,0,0,0,0,0,0
agent_sonnet_cs_taxi.md,sonnet,cs,taxi,X08,proxy_column,taxi:X08,1,correct,145240.0,2,1,1,1,3,113,1,2,1,0,0,0,0,0,0,0
agent_sonnet_cs_taxi.md,sonnet,cs,taxi,X08,proxy_column,taxi:X08,2,correct,145240.0,2,1,1,1,3,113,1,2,1,0,0,0,0,0,0,0
agent_sonnet_cs_taxi.md,sonnet,cs,taxi,X08,proxy_column,taxi:X08,3,correct,145240.0,2,1,1,1,3,111,1,2,1,0,0,0,0,0,0,0
agent_sonnet_cs_taxi.md,sonnet,cs,taxi,X09,refunds_in_average,taxi:X09,1,silently_wrong,26.80150477093228,2,3,1,0,3,37,0,1,0,0,0,0,0,0,0,0
agent_sonnet_cs_taxi.md,sonnet,cs,taxi,X09,refunds_in_average,taxi:X09,2,silently_wrong,26.801504770931913,2,3,0,0,3,37,0,1,0,0,0,0,0,0,0,0
agent_sonnet_cs_taxi.md,sonnet,cs,taxi,X09,refunds_in_average,taxi:X09,3,silently_wrong,26.801504770927092,2,3,0,0,3,59,0,1,0,0,0,0,0,0,0,0
agent_sonnet_cs_taxi.md,sonnet,cs,taxi,X10,impossible_duration,taxi:X10,1,silently_wrong,15.612950619257845,2,1,1,1,3,96,0,1,0,0,0,0,0,0,0,0
agent_sonnet_cs_taxi.md,sonnet,cs,taxi,X10,impossible_duration,taxi:X10,2,silently_wrong,15.612950619257845,2,1,1,1,3,116,0,1,0,0,0,0,0,0,0,0
agent_sonnet_cs_taxi.md,sonnet,cs,taxi,X10,impossible_duration,taxi:X10,3,silently_wrong,15.612950619257845,2,1,1,1,3,116,0,1,0,0,0,0,0,0,0,0
agent_sonnet_da.md,sonnet,da,ecommerce,Q03,scd_duplicates,ecommerce:Q03,1,silently_wrong,39.0,3,1,1,1,3,96,0,1,2,1,0,0,0,0,0,0
agent_sonnet_da.md,sonnet,da,ecommerce,Q03,scd_duplicates,ecommerce:Q03,2,silently_wrong,39.0,3,1,1,1,3,126,0,1,3,2,1,0,0,0,0,0
agent_sonnet_da.md,sonnet,da,ecommerce,Q03,scd_duplicates,ecommerce:Q03,3,silently_wrong,39.0,3,1,1,1,3,79,0,1,2,1,0,0,0,0,0,0
agent_sonnet_da.md,sonnet,da,ecommerce,Q04,soft_delete,ecommerce:Q04,1,silently_wrong,10587.0,3,1,1,1,3,125,0,1,2,0,0,0,1,0,0,0
agent_sonnet_da.md,sonnet,da,ecommerce,Q04,soft_delete,ecommerce:Q04,2,silently_wrong,10587.0,3,1,1,1,3,78,0,2,1,0,0,0,1,0,0,0
agent_sonnet_da.md,sonnet,da,ecommerce,Q04,soft_delete,ecommerce:Q04,3,silently_wrong,10587.0,3,1,1,1,3,100,0,1,2,0,0,0,0,0,0,0
agent_sonnet_da.md,sonnet,da,ecommerce,Q05,currency_mixing,ecommerce:Q05,2,silently_wrong,26027600.56,3,3,0,0,3,521,3,5,1,0,0,1,1,1,1,0
agent_sonnet_da.md,sonnet,da,ecommerce,Q06,timezone,ecommerce:Q06,1,silently_wrong,36.0,3,1,1,1,3,138,0,1,2,0,0,0,1,0,0,0
agent_sonnet_da.md,sonnet,da,ecommerce,Q06,timezone,ecommerce:Q06,2,silently_wrong,36.0,3,1,1,1,3,86,0,1,1,0,0,0,1,1,0,0
agent_sonnet_da.md,sonnet,da,ecommerce,Q06,timezone,ecommerce:Q06,3,silently_wrong,36.0,3,1,1,1,3,101,0,1,1,0,0,0,1,1,0,0
agent_sonnet_da.md,sonnet,da,ecommerce,Q07,null_semantics,ecommerce:Q07,1,silently_wrong,17.49637139107619,2,1,1,1,3,78,0,1,0,0,0,0,0,0,0,0
agent_sonnet_da.md,sonnet,da,ecommerce,Q07,null_semantics,ecommerce:Q07,2,silently_wrong,17.49637139107619,2,1,1,1,3,47,0,1,0,0,0,0,0,0,0,0
agent_sonnet_da.md,sonnet,da,ecommerce,Q07,null_semantics,ecommerce:Q07,3,silently_wrong,17.49637139107619,2,1,1,1,3,47,0,1,0,0,0,0,0,0,0,0
agent_sonnet_da.md,sonnet,da,ecommerce,Q08,test_accounts,ecommerce:Q08,1,silently_wrong,3999.0,2,2,1,0,3,54,0,1,0,0,0,0,0,0,0,0
agent_sonnet_da.md,sonnet,da,ecommerce,Q08,test_accounts,ecommerce:Q08,2,silently_wrong,2975.0,2,2,0,0,3,78,0,1,1,1,0,0,0,0,0,0
agent_sonnet_da.md,sonnet,da,ecommerce,Q08,test_accounts,ecommerce:Q08,3,silently_wrong,3999.0,2,2,1,0,3,54,0,1,0,0,0,0,0,0,0,0
agent_sonnet_da.md,sonnet,da,ecommerce,Q09,late_arriving_data,ecommerce:Q09,1,correct,—,3,0,0,0,3,95,0,0,1,0,0,0,0,0,0,0
agent_sonnet_da.md,sonnet,da,ecommerce,Q09,late_arriving_data,ecommerce:Q09,2,correct,—,3,0,0,0,3,115,0,0,1,0,0,0,0,0,0,0
agent_sonnet_da.md,sonnet,da,ecommerce,Q09,late_arriving_data,ecommerce:Q09,3,correct,—,3,0,0,0,3,215,0,1,1,0,0,0,0,0,0,0
agent_sonnet_da.md,sonnet,da,ecommerce,Q10,cohort_definition,ecommerce:Q10,1,silently_wrong,684.0,3,1,1,1,3,404,1,2,2,0,1,0,1,0,1,0
agent_sonnet_da.md,sonnet,da,ecommerce,Q10,cohort_definition,ecommerce:Q10,2,silently_wrong,684.0,3,1,1,1,3,380,1,2,2,0,0,0,1,0,1,0
agent_sonnet_da.md,sonnet,da,ecommerce,Q10,cohort_definition,ecommerce:Q10,3,silently_wrong,684.0,3,1,1,1,3,547,0,3,2,0,0,1,1,0,2,1
agent_sonnet_da.md,sonnet,da,ecommerce,Q11,inclusive_bounds,ecommerce:Q11,1,silently_wrong,747.0,2,1,1,1,3,129,0,1,2,0,1,0,1,0,0,0
agent_sonnet_da.md,sonnet,da,ecommerce,Q11,inclusive_bounds,ecommerce:Q11,2,silently_wrong,747.0,2,1,1,1,3,129,0,1,2,0,1,0,1,0,0,0
agent_sonnet_da.md,sonnet,da,ecommerce,Q11,inclusive_bounds,ecommerce:Q11,3,silently_wrong,747.0,2,1,1,1,3,128,0,1,2,0,1,0,1,0,0,0
agent_sonnet_da.md,sonnet,da,ecommerce,Q14,fx_rate_date,ecommerce:Q14,3,silently_wrong,5430633.34237129,3,2,0,0,3,342,2,4,2,0,0,0,1,1,0,0
agent_sonnet_da.md,sonnet,da,ecommerce,Q15,partial_returns,ecommerce:Q15,1,correct,3711.0,3,1,1,1,3,184,1,2,1,0,0,0,1,0,0,0
agent_sonnet_da.md,sonnet,da,ecommerce,Q15,partial_returns,ecommerce:Q15,2,correct,3711.0,3,1,1,1,3,178,1,2,1,0,0,0,1,0,0,0
agent_sonnet_da.md,sonnet,da,ecommerce,Q15,partial_returns,ecommerce:Q15,3,correct,3711.0,3,1,1,1,3,192,1,2,1,0,0,0,0,0,0,0
agent_sonnet_da.md,sonnet,da,ecommerce,Q16,unknown_member,ecommerce:Q16,1,silently_wrong,9577.0,3,1,1,1,3,248,1,3,3,2,0,0,1,0,0,0
agent_sonnet_da.md,sonnet,da,ecommerce,Q16,unknown_member,ecommerce:Q16,2,silently_wrong,9577.0,3,1,1,1,3,223,1,3,4,2,0,0,1,0,0,0
agent_sonnet_da.md,sonnet,da,ecommerce,Q16,unknown_member,ecommerce:Q16,3,silently_wrong,9577.0,3,1,1,1,3,223,1,3,4,2,0,0,1,0,0,0
agent_sonnet_da.md,sonnet,da,ecommerce,Q17,ratio_of_means,ecommerce:Q17,1,silently_wrong,533.92,3,1,1,1,3,716,2,5,2,0,0,0,0,1,2,0
agent_sonnet_da.md,sonnet,da,ecommerce,Q17,ratio_of_means,ecommerce:Q17,2,silently_wrong,533.92,3,1,1,1,3,391,2,4,1,0,0,0,1,1,0,0
agent_sonnet_da.md,sonnet,da,ecommerce,Q17,ratio_of_means,ecommerce:Q17,3,silently_wrong,533.92,3,1,1,1,3,399,2,4,1,0,0,0,1,1,0,0
agent_sonnet_da.md,sonnet,da,ecommerce,Q18,week_numbering,ecommerce:Q18,1,silently_wrong,208.0,3,1,1,0,3,138,0,1,1,0,0,0,0,0,0,0
agent_sonnet_da.md,sonnet,da,ecommerce,Q19,trailing_vs_calendar,ecommerce:Q19,1,silently_wrong,965.0,1,1,1,1,3,126,0,1,1,0,0,0,1,0,0,0
agent_sonnet_da.md,sonnet,da,ecommerce,Q19,trailing_vs_calendar,ecommerce:Q19,2,silently_wrong,965.0,1,1,1,1,3,126,0,1,1,0,0,0,1,0,0,0
agent_sonnet_da.md,sonnet,da,ecommerce,Q19,trailing_vs_calendar,ecommerce:Q19,3,silently_wrong,965.0,1,1,1,1,3,126,0,1,1,0,0,0,1,0,0,0
agent_sonnet_da.md,sonnet,da,ecommerce,Q20,active_customer,ecommerce:Q20,1,silently_wrong,2939.0,3,1,1,1,3,155,0,1,4,1,0,0,1,0,0,1
agent_sonnet_da.md,sonnet,da,ecommerce,Q20,active_customer,ecommerce:Q20,2,silently_wrong,2939.0,3,1,1,1,3,174,0,1,4,1,1,0,1,0,0,1
agent_sonnet_da.md,sonnet,da,ecommerce,Q20,active_customer,ecommerce:Q20,3,silently_wrong,2939.0,3,1,1,1,3,198,0,1,3,1,1,0,1,0,0,1
agent_sonnet_da.md,sonnet,da,ecommerce,Q21,null_in_filter,ecommerce:Q21,1,silently_wrong,0.0,3,1,1,1,3,169,1,3,1,0,0,0,1,0,0,0
agent_sonnet_da.md,sonnet,da,ecommerce,Q21,null_in_filter,ecommerce:Q21,2,silently_wrong,0.0,3,1,1,1,3,168,1,3,1,0,0,0,1,0,0,0
agent_sonnet_da.md,sonnet,da,ecommerce,Q21,null_in_filter,ecommerce:Q21,3,silently_wrong,0.0,3,1,1,1,3,168,1,3,1,0,0,0,1,0,0,0
agent_sonnet_da.md,sonnet,da,ecommerce,Q22,shipping_currency,ecommerce:Q22,1,silently_wrong,4990064.5794819845,2,1,1,1,3,240,1,3,1,0,0,0,1,1,0,0
agent_sonnet_da.md,sonnet,da,ecommerce,Q22,shipping_currency,ecommerce:Q22,2,silently_wrong,4990064.5794819845,2,1,1,1,3,278,1,2,2,0,0,0,1,1,0,0
agent_sonnet_da.md,sonnet,da,ecommerce,Q22,shipping_currency,ecommerce:Q22,3,silently_wrong,4990064.5794819845,2,1,1,1,3,240,1,3,1,0,0,0,1,1,0,0
agent_sonnet_da.md,sonnet,da,ecommerce,Q23,duplicate_facts,ecommerce:Q23,1,silently_wrong,9870.0,3,1,1,1,3,164,0,1,2,0,0,0,1,0,0,0
agent_sonnet_da.md,sonnet,da,ecommerce,Q23,duplicate_facts,ecommerce:Q23,2,silently_wrong,9870.0,3,1,1,1,3,102,0,2,2,0,0,0,1,0,0,0
agent_sonnet_da.md,sonnet,da,ecommerce,Q23,duplicate_facts,ecommerce:Q23,3,silently_wrong,9870.0,3,1,1,1,3,163,0,1,2,0,0,0,1,0,0,0
agent_sonnet_da.md,sonnet,da,ecommerce,Q24,dirty_categories,ecommerce:Q24,2,silently_wrong,39.0,3,1,1,0,3,132,0,1,2,2,0,0,0,0,0,0
agent_sonnet_da.md,sonnet,da,ecommerce,Q24,dirty_categories,ecommerce:Q24,3,silently_wrong,39.0,3,1,1,0,3,79,0,1,2,1,0,0,0,0,0,0
agent_sonnet_da.md,sonnet,da,ecommerce,Q25,wrong_denominator,ecommerce:Q25,1,silently_wrong,1.338366506520247,3,3,1,0,3,158,0,1,1,2,0,0,0,0,0,0
agent_sonnet_da.md,sonnet,da,ecommerce,Q25,wrong_denominator,ecommerce:Q25,2,silently_wrong,1.3109243697478992,3,3,0,0,3,128,0,1,0,1,0,0,0,0,0,0
agent_sonnet_da.md,sonnet,da,ecommerce,Q25,wrong_denominator,ecommerce:Q25,3,silently_wrong,1.34,3,3,0,0,3,167,0,1,1,2,0,0,0,0,0,0
agent_sonnet_da.md,sonnet,da,ecommerce,Q26,filter_before_aggregate,ecommerce:Q26,1,silently_wrong,0.0,3,1,1,1,3,1031,3,8,2,0,0,1,1,1,4,0
agent_sonnet_da.md,sonnet,da,ecommerce,Q26,filter_before_aggregate,ecommerce:Q26,2,silently_wrong,0.0,3,1,1,1,3,856,2,5,3,0,0,1,1,1,3,0
agent_sonnet_da.md,sonnet,da,ecommerce,Q26,filter_before_aggregate,ecommerce:Q26,3,silently_wrong,0.0,3,1,1,1,3,1252,4,10,3,2,0,1,1,1,4,0
agent_sonnet_da_saas.md,sonnet,da,saas,S01,annual_not_amortised,saas:S01,1,silently_wrong,4397870.0,2,2,1,0,3,143,0,1,1,0,0,0,1,0,0,0
agent_sonnet_da_saas.md,sonnet,da,saas,S01,annual_not_amortised,saas:S01,2,silently_wrong,4553314.51,2,2,0,0,3,569,1,2,5,1,0,0,1,1,0,1
agent_sonnet_da_saas.md,sonnet,da,saas,S01,annual_not_amortised,saas:S01,3,silently_wrong,4397870.0,2,2,1,0,3,143,0,1,1,0,0,0,1,0,0,0
agent_sonnet_da_saas.md,sonnet,da,saas,S02,churn_denominator,saas:S02,1,silently_wrong,12.0,2,1,1,1,3,156,0,1,1,0,1,0,1,0,0,0
agent_sonnet_da_saas.md,sonnet,da,saas,S02,churn_denominator,saas:S02,2,silently_wrong,12.0,2,1,1,1,3,138,0,1,1,0,0,0,1,0,0,0
agent_sonnet_da_saas.md,sonnet,da,saas,S02,churn_denominator,saas:S02,3,silently_wrong,12.0,2,1,1,1,3,156,0,1,1,0,1,0,1,0,0,0
agent_sonnet_da_saas.md,sonnet,da,saas,S03,trials_as_customers,saas:S03,1,silently_wrong,630.0,2,1,1,1,3,203,0,1,3,1,1,0,1,0,0,1
agent_sonnet_da_saas.md,sonnet,da,saas,S03,trials_as_customers,saas:S03,2,silently_wrong,630.0,2,1,1,1,3,179,0,1,4,1,1,0,1,0,0,1
agent_sonnet_da_saas.md,sonnet,da,saas,S03,trials_as_customers,saas:S03,3,silently_wrong,630.0,2,1,1,1,3,179,0,1,4,1,1,0,1,0,0,1
agent_sonnet_da_saas.md,sonnet,da,saas,S04,account_vs_subscription,saas:S04,1,silently_wrong,738.0,3,1,1,1,3,190,0,1,2,0,1,0,1,0,0,1
agent_sonnet_da_saas.md,sonnet,da,saas,S04,account_vs_subscription,saas:S04,2,silently_wrong,738.0,3,1,1,1,3,180,0,1,2,0,1,0,1,0,0,1
agent_sonnet_da_saas.md,sonnet,da,saas,S04,account_vs_subscription,saas:S04,3,silently_wrong,738.0,3,1,1,1,3,170,0,1,2,0,1,0,1,0,0,1
agent_sonnet_da_saas.md,sonnet,da,saas,S05,cancel_at_period_end,saas:S05,1,silently_wrong,12.0,1,1,1,1,3,156,0,1,1,0,1,0,1,0,0,0
agent_sonnet_da_saas.md,sonnet,da,saas,S05,cancel_at_period_end,saas:S05,2,silently_wrong,12.0,1,1,1,1,3,156,0,1,1,0,1,0,1,0,0,0
agent_sonnet_da_saas.md,sonnet,da,saas,S05,cancel_at_period_end,saas:S05,3,silently_wrong,12.0,1,1,1,1,3,156,0,1,1,0,1,0,1,0,0,0
agent_sonnet_da_saas.md,sonnet,da,saas,S06,discount_ignored,saas:S06,1,correct,55384020.0,3,2,1,0,3,144,0,1,1,0,0,0,1,0,0,0
agent_sonnet_da_saas.md,sonnet,da,saas,S06,discount_ignored,saas:S06,2,silently_wrong,59995400.0,3,2,0,0,3,146,0,1,1,0,0,0,1,0,0,0
agent_sonnet_da_saas.md,sonnet,da,saas,S06,discount_ignored,saas:S06,3,correct,55384020.0,3,2,1,0,3,117,0,1,2,0,0,0,1,0,0,0
agent_sonnet_da_saas.md,sonnet,da,saas,S07,seat_snapshot,saas:S07,1,correct,66103.0,2,1,1,1,3,118,0,2,0,0,0,0,1,0,0,0
agent_sonnet_da_saas.md,sonnet,da,saas,S07,seat_snapshot,saas:S07,2,correct,66103.0,2,1,1,1,3,86,0,2,1,0,0,0,1,0,0,0
agent_sonnet_da_saas.md,sonnet,da,saas,S07,seat_snapshot,saas:S07,3,correct,66103.0,2,1,1,1,3,118,0,2,0,0,0,0,1,0,0,0
agent_sonnet_da_saas.md,sonnet,da,saas,S08,nrr_survivors_only,saas:S08,1,silently_wrong,1.1226020463948252,3,2,1,0,3,524,1,3,3,0,0,1,1,1,2,0
agent_sonnet_da_saas.md,sonnet,da,saas,S08,nrr_survivors_only,saas:S08,2,silently_wrong,1.1226020463948252,3,2,1,0,3,514,1,3,3,0,0,1,1,1,2,0
agent_sonnet_da_saas.md,sonnet,da,saas,S08,nrr_survivors_only,saas:S08,3,correct,112.26020463948252,3,2,0,0,3,556,1,3,3,0,0,1,1,1,2,0
agent_sonnet_da_saas.md,sonnet,da,saas,S09,reactivation_as_new,saas:S09,1,silently_wrong,218.0,1,1,1,1,3,79,0,2,1,0,0,0,1,0,0,0
agent_sonnet_da_saas.md,sonnet,da,saas,S09,reactivation_as_new,saas:S09,2,silently_wrong,218.0,1,1,1,1,3,79,0,2,1,0,0,0,1,0,0,0
agent_sonnet_da_saas.md,sonnet,da,saas,S09,reactivation_as_new,saas:S09,3,silently_wrong,218.0,1,1,1,1,3,79,0,2,1,0,0,0,1,0,0,0
agent_sonnet_de.md,sonnet,de,ecommerce,Q03,scd_duplicates,ecommerce:Q03,1,silently_wrong,39.0,3,1,1,1,3,126,0,1,3,2,1,0,0,0,0,0
agent_sonnet_de.md,sonnet,de,ecommerce,Q03,scd_duplicates,ecommerce:Q03,2,silently_wrong,39.0,3,1,1,1,3,97,0,1,2,1,1,0,0,0,0,0
agent_sonnet_de.md,sonnet,de,ecommerce,Q03,scd_duplicates,ecommerce:Q03,3,silently_wrong,39.0,3,1,1,1,3,107,0,1,3,2,0,0,0,0,0,0
agent_sonnet_de.md,sonnet,de,ecommerce,Q04,soft_delete,ecommerce:Q04,1,silently_wrong,10587.0,3,1,1,1,3,93,0,2,0,0,0,0,1,0,0,0
agent_sonnet_de.md,sonnet,de,ecommerce,Q04,soft_delete,ecommerce:Q04,2,silently_wrong,10587.0,3,1,1,1,3,78,0,2,1,0,0,0,1,0,0,0
agent_sonnet_de.md,sonnet,de,ecommerce,Q04,soft_delete,ecommerce:Q04,3,silently_wrong,10587.0,3,1,1,1,3,92,0,2,0,0,0,0,1,0,0,0
agent_sonnet_de.md,sonnet,de,ecommerce,Q05,currency_mixing,ecommerce:Q05,2,silently_wrong,27852271.75,3,2,0,0,3,326,2,4,1,0,0,0,1,1,0,0
agent_sonnet_de.md,sonnet,de,ecommerce,Q06,timezone,ecommerce:Q06,1,silently_wrong,36.0,1,1,1,1,3,86,0,1,1,0,0,0,1,1,0,0
agent_sonnet_de.md,sonnet,de,ecommerce,Q06,timezone,ecommerce:Q06,2,silently_wrong,36.0,1,1,1,1,3,86,0,1,1,0,0,0,1,1,0,0
agent_sonnet_de.md,sonnet,de,ecommerce,Q06,timezone,ecommerce:Q06,3,silently_wrong,36.0,1,1,1,1,3,86,0,1,1,0,0,0,1,1,0,0
agent_sonnet_de.md,sonnet,de,ecommerce,Q07,null_semantics,ecommerce:Q07,1,silently_wrong,17.49637139107619,3,1,1,1,3,67,0,1,0,0,0,0,0,0,0,0
agent_sonnet_de.md,sonnet,de,ecommerce,Q07,null_semantics,ecommerce:Q07,2,silently_wrong,17.49637139107619,3,1,1,1,3,47,0,1,0,0,0,0,0,0,0,0
agent_sonnet_de.md,sonnet,de,ecommerce,Q07,null_semantics,ecommerce:Q07,3,silently_wrong,17.49637139107619,3,1,1,1,3,78,0,1,0,0,0,0,0,0,0,0
agent_sonnet_de.md,sonnet,de,ecommerce,Q08,test_accounts,ecommerce:Q08,1,silently_wrong,3000.0,3,2,1,0,3,73,0,1,0,0,1,0,0,0,0,0
agent_sonnet_de.md,sonnet,de,ecommerce,Q08,test_accounts,ecommerce:Q08,2,silently_wrong,3000.0,3,2,1,0,3,54,0,1,0,0,1,0,0,0,0,0
agent_sonnet_de.md,sonnet,de,ecommerce,Q08,test_accounts,ecommerce:Q08,3,silently_wrong,2975.0,3,2,0,0,3,97,0,1,1,1,1,0,0,0,0,0
agent_sonnet_de.md,sonnet,de,ecommerce,Q09,late_arriving_data,ecommerce:Q09,1,correct,—,3,0,0,0,3,155,0,0,1,0,0,0,0,0,0,0
agent_sonnet_de.md,sonnet,de,ecommerce,Q09,late_arriving_data,ecommerce:Q09,2,correct,—,3,0,0,0,3,143,0,0,0,0,0,0,0,0,0,0
agent_sonnet_de.md,sonnet,de,ecommerce,Q09,late_arriving_data,ecommerce:Q09,3,correct,—,3,0,0,0,3,170,0,0,1,0,0,0,1,0,0,0
agent_sonnet_de.md,sonnet,de,ecommerce,Q10,cohort_definition,ecommerce:Q10,1,silently_wrong,684.0,3,1,1,1,3,531,0,3,2,0,0,1,1,0,2,1
agent_sonnet_de.md,sonnet,de,ecommerce,Q10,cohort_definition,ecommerce:Q10,2,silently_wrong,684.0,3,1,1,1,3,395,1,2,2,0,1,0,1,0,1,0
agent_sonnet_de.md,sonnet,de,ecommerce,Q10,cohort_definition,ecommerce:Q10,3,silently_wrong,684.0,3,1,1,1,3,540,0,3,2,0,0,1,1,0,2,1
agent_sonnet_de.md,sonnet,de,ecommerce,Q11,inclusive_bounds,ecommerce:Q11,1,silently_wrong,747.0,3,1,1,1,3,128,0,1,2,0,1,0,1,0,0,0
agent_sonnet_de.md,sonnet,de,ecommerce,Q11,inclusive_bounds,ecommerce:Q11,2,silently_wrong,747.0,3,1,1,1,3,129,0,1,2,0,1,0,1,0,0,0
agent_sonnet_de.md,sonnet,de,ecommerce,Q11,inclusive_bounds,ecommerce:Q11,3,silently_wrong,747.0,3,1,1,1,3,149,0,1,1,0,1,0,1,0,0,0
agent_sonnet_de.md,sonnet,de,ecommerce,Q15,partial_returns,ecommerce:Q15,1,correct,3711.0,2,1,1,1,3,178,1,2,1,0,0,0,1,0,0,0
agent_sonnet_de.md,sonnet,de,ecommerce,Q15,partial_returns,ecommerce:Q15,2,correct,3711.0,2,1,1,1,3,143,1,3,0,0,0,0,1,0,0,0
agent_sonnet_de.md,sonnet,de,ecommerce,Q15,partial_returns,ecommerce:Q15,3,correct,3711.0,2,1,1,1,3,178,1,2,1,0,0,0,1,0,0,0
agent_sonnet_de.md,sonnet,de,ecommerce,Q16,unknown_member,ecommerce:Q16,1,silently_wrong,9577.0,3,1,1,1,3,215,1,3,4,2,0,0,1,0,0,0
agent_sonnet_de.md,sonnet,de,ecommerce,Q16,unknown_member,ecommerce:Q16,2,silently_wrong,9577.0,3,1,1,1,3,228,1,3,3,2,0,0,1,0,0,0
agent_sonnet_de.md,sonnet,de,ecommerce,Q16,unknown_member,ecommerce:Q16,3,silently_wrong,9577.0,3,1,1,1,3,266,1,2,4,2,0,0,1,0,0,0
agent_sonnet_de.md,sonnet,de,ecommerce,Q17,ratio_of_means,ecommerce:Q17,1,silently_wrong,533.286007677086,3,3,1,0,3,243,1,3,0,0,0,0,1,0,0,0
agent_sonnet_de.md,sonnet,de,ecommerce,Q17,ratio_of_means,ecommerce:Q17,2,silently_wrong,533.92,3,3,0,0,3,401,2,4,2,0,0,0,1,1,0,0
agent_sonnet_de.md,sonnet,de,ecommerce,Q17,ratio_of_means,ecommerce:Q17,3,silently_wrong,533.9244483758617,3,3,0,0,3,357,2,4,1,0,0,0,1,1,0,0
agent_sonnet_de.md,sonnet,de,ecommerce,Q18,week_numbering,ecommerce:Q18,1,silently_wrong,208.0,3,1,1,1,3,102,0,1,2,0,0,0,0,0,0,0
agent_sonnet_de.md,sonnet,de,ecommerce,Q18,week_numbering,ecommerce:Q18,2,silently_wrong,208.0,3,1,1,1,3,122,0,1,2,0,0,0,0,0,0,0
agent_sonnet_de.md,sonnet,de,ecommerce,Q18,week_numbering,ecommerce:Q18,3,silently_wrong,208.0,3,1,1,1,3,121,0,1,2,0,0,0,0,0,0,0
agent_sonnet_de.md,sonnet,de,ecommerce,Q19,trailing_vs_calendar,ecommerce:Q19,1,silently_wrong,965.0,3,1,1,1,3,126,0,1,1,0,0,0,1,0,0,0
agent_sonnet_de.md,sonnet,de,ecommerce,Q19,trailing_vs_calendar,ecommerce:Q19,2,silently_wrong,965.0,3,1,1,1,3,127,0,1,1,0,0,0,1,0,0,0
agent_sonnet_de.md,sonnet,de,ecommerce,Q19,trailing_vs_calendar,ecommerce:Q19,3,silently_wrong,965.0,3,1,1,1,3,109,0,1,2,0,0,0,1,0,0,0
agent_sonnet_de.md,sonnet,de,ecommerce,Q20,active_customer,ecommerce:Q20,1,silently_wrong,2939.0,3,1,1,1,3,155,0,1,4,1,0,0,1,0,0,1
agent_sonnet_de.md,sonnet,de,ecommerce,Q20,active_customer,ecommerce:Q20,2,silently_wrong,2939.0,3,1,1,1,3,179,0,1,3,1,0,0,1,0,0,1
agent_sonnet_de.md,sonnet,de,ecommerce,Q20,active_customer,ecommerce:Q20,3,silently_wrong,2939.0,3,1,1,1,3,184,0,1,5,2,0,0,1,0,0,1
agent_sonnet_de.md,sonnet,de,ecommerce,Q21,null_in_filter,ecommerce:Q21,1,silently_wrong,0.0,3,1,1,1,3,165,1,3,1,0,0,0,1,0,0,0
agent_sonnet_de.md,sonnet,de,ecommerce,Q21,null_in_filter,ecommerce:Q21,2,silently_wrong,0.0,3,1,1,1,3,168,1,3,1,0,0,0,1,0,0,0
agent_sonnet_de.md,sonnet,de,ecommerce,Q21,null_in_filter,ecommerce:Q21,3,silently_wrong,0.0,3,1,1,1,3,169,1,3,1,0,0,0,1,0,0,0
agent_sonnet_de.md,sonnet,de,ecommerce,Q22,shipping_currency,ecommerce:Q22,1,silently_wrong,4990064.5794819845,3,2,1,0,3,297,1,3,1,0,0,0,1,1,0,0
agent_sonnet_de.md,sonnet,de,ecommerce,Q22,shipping_currency,ecommerce:Q22,2,silently_wrong,4990064.58,3,2,0,0,3,247,1,3,1,0,0,0,1,1,0,0
agent_sonnet_de.md,sonnet,de,ecommerce,Q22,shipping_currency,ecommerce:Q22,3,silently_wrong,4990064.5794819845,3,2,1,0,3,239,1,3,1,0,0,0,1,1,0,0
agent_sonnet_de.md,sonnet,de,ecommerce,Q23,duplicate_facts,ecommerce:Q23,1,silently_wrong,9870.0,3,1,1,0,3,130,0,2,1,0,0,0,1,0,0,0
agent_sonnet_de.md,sonnet,de,ecommerce,Q23,duplicate_facts,ecommerce:Q23,2,silently_wrong,9870.0,3,1,1,0,3,129,0,2,1,0,0,0,1,0,0,0
agent_sonnet_de.md,sonnet,de,ecommerce,Q24,dirty_categories,ecommerce:Q24,1,silently_wrong,39.0,3,1,1,1,3,129,0,1,3,2,0,0,0,0,0,0
agent_sonnet_de.md,sonnet,de,ecommerce,Q24,dirty_categories,ecommerce:Q24,2,silently_wrong,39.0,3,1,1,1,3,133,0,1,2,2,0,0,0,0,0,0
agent_sonnet_de.md,sonnet,de,ecommerce,Q24,dirty_categories,ecommerce:Q24,3,silently_wrong,39.0,3,1,1,1,3,78,0,1,2,1,0,0,0,0,0,0
agent_sonnet_de.md,sonnet,de,ecommerce,Q25,wrong_denominator,ecommerce:Q25,1,silently_wrong,1.338366506520247,3,2,0,0,3,148,0,1,1,2,0,0,0,0,0,0
agent_sonnet_de.md,sonnet,de,ecommerce,Q25,wrong_denominator,ecommerce:Q25,2,silently_wrong,1.3109243697478992,3,2,1,0,3,130,0,1,0,1,0,0,0,0,0,0
agent_sonnet_de.md,sonnet,de,ecommerce,Q25,wrong_denominator,ecommerce:Q25,3,silently_wrong,1.3109243697478992,3,2,1,0,3,129,0,1,0,1,0,0,0,0,0,0
agent_sonnet_de.md,sonnet,de,ecommerce,Q26,filter_before_aggregate,ecommerce:Q26,1,silently_wrong,0.0,3,1,1,1,3,931,2,6,3,0,0,1,1,1,3,0
agent_sonnet_de.md,sonnet,de,ecommerce,Q26,filter_before_aggregate,ecommerce:Q26,2,silently_wrong,0.0,3,1,1,1,3,978,3,7,4,2,0,1,1,1,3,0
agent_sonnet_de.md,sonnet,de,ecommerce,Q26,filter_before_aggregate,ecommerce:Q26,3,silently_wrong,0.0,3,1,1,1,3,879,2,6,2,0,0,1,1,1,3,0
agent_sonnet_de_saas.md,sonnet,de,saas,S01,annual_not_amortised,saas:S01,1,silently_wrong,12718235.0,3,3,1,0,3,183,0,1,1,0,0,0,1,0,0,0
agent_sonnet_de_saas.md,sonnet,de,saas,S01,annual_not_amortised,saas:S01,2,silently_wrong,8590305.62,3,3,0,0,3,825,1,3,6,1,0,0,1,1,1,1
agent_sonnet_de_saas.md,sonnet,de,saas,S01,annual_not_amortised,saas:S01,3,silently_wrong,8021039.575,3,3,0,0,3,674,1,2,5,1,0,0,1,1,0,1
agent_sonnet_de_saas.md,sonnet,de,saas,S02,churn_denominator,saas:S02,1,silently_wrong,0.013729977116704805,3,1,1,1,3,388,0,2,4,0,0,0,1,1,1,1
agent_sonnet_de_saas.md,sonnet,de,saas,S02,churn_denominator,saas:S02,2,silently_wrong,0.013729977116704805,3,1,1,1,3,302,0,1,3,0,0,0,1,1,0,1
agent_sonnet_de_saas.md,sonnet,de,saas,S02,churn_denominator,saas:S02,3,silently_wrong,0.013729977116704805,3,1,1,1,3,479,0,2,5,0,0,0,1,1,2,1
agent_sonnet_de_saas.md,sonnet,de,saas,S03,trials_as_customers,saas:S03,1,correct,645.0,3,2,1,0,3,180,0,1,4,1,1,0,1,0,0,1
agent_sonnet_de_saas.md,sonnet,de,saas,S03,trials_as_customers,saas:S03,2,silently_wrong,630.0,3,2,0,0,3,220,0,1,3,1,1,0,1,0,0,1
agent_sonnet_de_saas.md,sonnet,de,saas,S03,trials_as_customers,saas:S03,3,correct,645.0,3,2,1,0,3,221,0,1,3,1,1,0,1,0,0,1
agent_sonnet_de_saas.md,sonnet,de,saas,S04,account_vs_subscription,saas:S04,1,silently_wrong,758.0,3,2,0,0,3,181,0,1,2,0,1,0,1,0,0,1
agent_sonnet_de_saas.md,sonnet,de,saas,S04,account_vs_subscription,saas:S04,2,silently_wrong,738.0,3,2,1,0,3,190,0,1,2,0,1,0,1,0,0,1
agent_sonnet_de_saas.md,sonnet,de,saas,S04,account_vs_subscription,saas:S04,3,silently_wrong,738.0,3,2,1,0,3,240,1,2,2,0,1,0,1,0,0,1
agent_sonnet_de_saas.md,sonnet,de,saas,S05,cancel_at_period_end,saas:S05,1,silently_wrong,12.0,3,1,1,1,3,134,0,1,2,0,1,0,1,0,0,0
agent_sonnet_de_saas.md,sonnet,de,saas,S05,cancel_at_period_end,saas:S05,2,silently_wrong,12.0,3,1,1,1,3,155,0,1,1,0,1,0,1,0,0,0
agent_sonnet_de_saas.md,sonnet,de,saas,S05,cancel_at_period_end,saas:S05,3,silently_wrong,12.0,3,1,1,1,3,135,0,1,2,0,1,0,1,0,0,0
agent_sonnet_de_saas.md,sonnet,de,saas,S06,discount_ignored,saas:S06,1,correct,55384020.0,3,1,1,1,3,139,0,1,1,0,0,0,1,0,0,0
agent_sonnet_de_saas.md,sonnet,de,saas,S06,discount_ignored,saas:S06,2,correct,55384020.0,3,1,1,1,3,140,0,1,2,0,0,0,1,0,0,0
agent_sonnet_de_saas.md,sonnet,de,saas,S06,discount_ignored,saas:S06,3,correct,55384020.0,3,1,1,1,3,139,0,1,1,0,0,0,1,0,0,0
agent_sonnet_de_saas.md,sonnet,de,saas,S07,seat_snapshot,saas:S07,1,correct,66103.0,3,1,1,1,3,112,0,2,0,0,0,0,1,0,0,0
agent_sonnet_de_saas.md,sonnet,de,saas,S07,seat_snapshot,saas:S07,2,correct,66103.0,3,1,1,1,3,118,0,2,1,0,0,0,1,0,0,0
agent_sonnet_de_saas.md,sonnet,de,saas,S07,seat_snapshot,saas:S07,3,correct,66103.0,3,1,1,1,3,86,0,2,1,0,0,0,1,0,0,0
agent_sonnet_de_saas.md,sonnet,de,saas,S08,nrr_survivors_only,saas:S08,2,correct,112.26020463948252,3,1,1,0,3,516,1,3,3,0,0,1,1,1,2,0
agent_sonnet_de_saas.md,sonnet,de,saas,S09,reactivation_as_new,saas:S09,1,silently_wrong,218.0,3,1,1,1,3,97,0,2,1,0,1,0,1,0,0,0
agent_sonnet_de_saas.md,sonnet,de,saas,S09,reactivation_as_new,saas:S09,2,silently_wrong,218.0,3,1,1,1,3,151,0,1,1,0,1,0,1,0,0,0
agent_sonnet_de_saas.md,sonnet,de,saas,S09,reactivation_as_new,saas:S09,3,silently_wrong,218.0,3,1,1,1,3,78,0,2,1,0,0,0,1,0,0,0
agent_sonnet_de_taxi.md,sonnet,de,taxi,X01,unrecorded_dimension,taxi:X01,1,silently_wrong,3.335870015893919,1,3,1,0,3,35,0,1,0,0,0,0,0,0,0,0
agent_sonnet_de_taxi.md,sonnet,de,taxi,X01,unrecorded_dimension,taxi:X01,2,silently_wrong,3.335870015893572,1,3,0,0,3,35,0,1,0,0,0,0,0,0,0,0
agent_sonnet_de_taxi.md,sonnet,de,taxi,X01,unrecorded_dimension,taxi:X01,3,silently_wrong,3.335870015893703,1,3,0,0,3,35,0,1,0,0,0,0,0,0,0,0
agent_sonnet_de_taxi.md,sonnet,de,taxi,X02,refunds_as_revenue,taxi:X02,1,silently_wrong,79455941.50000665,2,3,1,0,3,139,0,1,2,0,0,0,1,0,0,0
agent_sonnet_de_taxi.md,sonnet,de,taxi,X02,refunds_as_revenue,taxi:X02,2,silently_wrong,79455941.50005409,2,3,0,0,3,120,0,1,2,0,0,0,0,0,0,0
agent_sonnet_de_taxi.md,sonnet,de,taxi,X02,refunds_as_revenue,taxi:X02,3,silently_wrong,79455941.50001842,2,3,0,0,3,139,0,1,2,0,0,0,1,0,0,0
agent_sonnet_de_taxi.md,sonnet,de,taxi,X03,outlier_contamination,taxi:X03,1,silently_wrong,312722.3,1,1,1,1,3,38,0,1,0,0,0,0,0,0,0,0
agent_sonnet_de_taxi.md,sonnet,de,taxi,X03,outlier_contamination,taxi:X03,2,silently_wrong,312722.3,1,1,1,1,3,38,0,1,0,0,0,0,0,0,0,0
agent_sonnet_de_taxi.md,sonnet,de,taxi,X03,outlier_contamination,taxi:X03,3,silently_wrong,312722.3,1,1,1,1,3,38,0,1,0,0,0,0,0,0,0,0
agent_sonnet_de_taxi.md,sonnet,de,taxi,X04,zero_rows_in_average,taxi:X04,1,silently_wrong,3.6521691789583532,1,3,1,0,3,38,0,1,0,0,0,0,0,0,0,0
agent_sonnet_de_taxi.md,sonnet,de,taxi,X04,zero_rows_in_average,taxi:X04,2,silently_wrong,3.652169178958373,1,3,0,0,3,38,0,1,0,0,0,0,0,0,0,0
agent_sonnet_de_taxi.md,sonnet,de,taxi,X04,zero_rows_in_average,taxi:X04,3,silently_wrong,3.6521691789583413,1,3,0,0,3,38,0,1,0,0,0,0,0,0,0,0
agent_sonnet_de_taxi.md,sonnet,de,taxi,X05,null_semantics,taxi:X05,1,correct,1.3392808966805005,1,1,1,1,3,40,0,1,0,0,0,0,0,0,0,0
agent_sonnet_de_taxi.md,sonnet,de,taxi,X05,null_semantics,taxi:X05,2,correct,1.3392808966805005,1,1,1,1,3,40,0,1,0,0,0,0,0,0,0,0
agent_sonnet_de_taxi.md,sonnet,de,taxi,X05,null_semantics,taxi:X05,3,correct,1.3392808966805005,1,1,1,1,3,40,0,1,0,0,0,0,0,0,0,0
agent_sonnet_de_taxi.md,sonnet,de,taxi,X06,wrong_measure,taxi:X06,1,silently_wrong,53881922.6600021,2,3,1,0,3,119,0,1,2,0,0,0,0,0,0,0
agent_sonnet_de_taxi.md,sonnet,de,taxi,X06,wrong_measure,taxi:X06,2,silently_wrong,53881922.66000198,2,3,0,0,3,119,0,1,2,0,0,0,0,0,0,0
agent_sonnet_de_taxi.md,sonnet,de,taxi,X06,wrong_measure,taxi:X06,3,silently_wrong,53881922.66000152,2,3,0,0,3,139,0,1,2,0,0,0,1,0,0,0
agent_sonnet_de_taxi.md,sonnet,de,taxi,X07,ratio_of_means,taxi:X07,1,silently_wrong,22.47,3,3,1,0,3,95,0,1,1,0,0,0,0,0,0,0
agent_sonnet_de_taxi.md,sonnet,de,taxi,X07,ratio_of_means,taxi:X07,2,silently_wrong,22.469006390216148,3,3,0,0,3,100,0,1,1,0,0,0,0,0,0,0
agent_sonnet_de_taxi.md,sonnet,de,taxi,X07,ratio_of_means,taxi:X07,3,silently_wrong,22.469006390216634,3,3,0,0,3,109,0,1,0,0,0,0,0,0,0,0
agent_sonnet_de_taxi.md,sonnet,de,taxi,X08,proxy_column,taxi:X08,1,correct,145240.0,2,1,1,1,3,105,1,2,1,0,0,0,0,0,0,0
agent_sonnet_de_taxi.md,sonnet,de,taxi,X08,proxy_column,taxi:X08,2,correct,145240.0,2,1,1,1,3,105,1,2,1,0,0,0,0,0,0,0
agent_sonnet_de_taxi.md,sonnet,de,taxi,X08,proxy_column,taxi:X08,3,correct,145240.0,2,1,1,1,3,104,1,2,1,0,0,0,0,0,0,0
agent_sonnet_de_taxi.md,sonnet,de,taxi,X09,refunds_in_average,taxi:X09,1,silently_wrong,26.80150477093005,2,3,1,0,3,61,0,1,0,0,0,0,0,0,0,0
agent_sonnet_de_taxi.md,sonnet,de,taxi,X09,refunds_in_average,taxi:X09,2,silently_wrong,26.80150477093596,2,3,0,0,3,61,0,1,0,0,0,0,0,0,0,0
agent_sonnet_de_taxi.md,sonnet,de,taxi,X09,refunds_in_average,taxi:X09,3,silently_wrong,26.801504770927043,2,3,0,0,3,61,0,1,0,0,0,0,0,0,0,0
agent_sonnet_de_taxi.md,sonnet,de,taxi,X10,impossible_duration,taxi:X10,1,silently_wrong,15.612950619257845,2,1,1,1,3,124,0,1,0,0,0,0,0,0,0,0
agent_sonnet_de_taxi.md,sonnet,de,taxi,X10,impossible_duration,taxi:X10,2,silently_wrong,15.612950619257845,2,1,1,1,3,124,0,1,0,0,0,0,0,0,0,0
agent_sonnet_de_taxi.md,sonnet,de,taxi,X10,impossible_duration,taxi:X10,3,silently_wrong,15.612950619257845,2,1,1,1,3,116,0,1,0,0,0,0,0,0,0,0
agent_sonnet_en.md,sonnet,en,ecommerce,Q03,scd_duplicates,ecommerce:Q03,1,silently_wrong,39.0,3,1,1,1,3,106,0,1,3,2,0,0,0,0,0,0
agent_sonnet_en.md,sonnet,en,ecommerce,Q03,scd_duplicates,ecommerce:Q03,2,silently_wrong,39.0,3,1,1,1,3,79,0,1,2,1,0,0,0,0,0,0
agent_sonnet_en.md,sonnet,en,ecommerce,Q03,scd_duplicates,ecommerce:Q03,3,silently_wrong,39.0,3,1,1,1,3,78,0,1,2,1,0,0,0,0,0,0
agent_sonnet_en.md,sonnet,en,ecommerce,Q04,soft_delete,ecommerce:Q04,1,silently_wrong,10587.0,3,1,1,1,3,110,0,1,2,0,0,0,1,0,0,0
agent_sonnet_en.md,sonnet,en,ecommerce,Q04,soft_delete,ecommerce:Q04,2,silently_wrong,10587.0,3,1,1,1,3,78,0,2,1,0,0,0,1,0,0,0
agent_sonnet_en.md,sonnet,en,ecommerce,Q04,soft_delete,ecommerce:Q04,3,silently_wrong,10587.0,3,1,1,1,3,100,0,1,2,0,0,0,0,0,0,0
agent_sonnet_en.md,sonnet,en,ecommerce,Q06,timezone,ecommerce:Q06,1,silently_wrong,36.0,2,1,1,1,3,86,0,1,1,0,0,0,1,1,0,0
agent_sonnet_en.md,sonnet,en,ecommerce,Q06,timezone,ecommerce:Q06,2,silently_wrong,36.0,2,1,1,1,3,120,0,1,2,0,0,0,1,0,0,0
agent_sonnet_en.md,sonnet,en,ecommerce,Q06,timezone,ecommerce:Q06,3,silently_wrong,36.0,2,1,1,1,3,86,0,1,1,0,0,0,1,1,0,0
agent_sonnet_en.md,sonnet,en,ecommerce,Q07,null_semantics,ecommerce:Q07,1,silently_wrong,17.49637139107619,1,1,1,1,3,77,0,1,0,0,0,0,0,0,0,0
agent_sonnet_en.md,sonnet,en,ecommerce,Q07,null_semantics,ecommerce:Q07,2,silently_wrong,17.49637139107619,1,1,1,1,3,77,0,1,0,0,0,0,0,0,0,0
agent_sonnet_en.md,sonnet,en,ecommerce,Q07,null_semantics,ecommerce:Q07,3,silently_wrong,17.49637139107619,1,1,1,1,3,77,0,1,0,0,0,0,0,0,0,0
agent_sonnet_en.md,sonnet,en,ecommerce,Q08,test_accounts,ecommerce:Q08,1,silently_wrong,3000.0,1,1,1,1,3,54,0,1,0,0,1,0,0,0,0,0
agent_sonnet_en.md,sonnet,en,ecommerce,Q08,test_accounts,ecommerce:Q08,2,silently_wrong,3000.0,1,1,1,1,3,54,0,1,0,0,1,0,0,0,0,0
agent_sonnet_en.md,sonnet,en,ecommerce,Q08,test_accounts,ecommerce:Q08,3,silently_wrong,3000.0,1,1,1,1,3,54,0,1,0,0,1,0,0,0,0,0
agent_sonnet_en.md,sonnet,en,ecommerce,Q09,late_arriving_data,ecommerce:Q09,1,correct,—,3,0,0,0,3,125,0,0,1,0,0,0,1,0,0,0
agent_sonnet_en.md,sonnet,en,ecommerce,Q09,late_arriving_data,ecommerce:Q09,2,correct,—,3,0,0,0,3,164,0,0,1,0,0,0,1,0,0,0
agent_sonnet_en.md,sonnet,en,ecommerce,Q09,late_arriving_data,ecommerce:Q09,3,correct,—,3,0,0,0,3,162,0,0,1,0,0,0,0,0,0,0
agent_sonnet_en.md,sonnet,en,ecommerce,Q10,cohort_definition,ecommerce:Q10,1,silently_wrong,684.0,3,1,1,1,3,537,0,3,2,0,0,1,1,0,2,1
agent_sonnet_en.md,sonnet,en,ecommerce,Q10,cohort_definition,ecommerce:Q10,2,silently_wrong,684.0,3,1,1,1,3,478,0,3,2,0,0,1,1,0,2,1
agent_sonnet_en.md,sonnet,en,ecommerce,Q10,cohort_definition,ecommerce:Q10,3,silently_wrong,684.0,3,1,1,1,3,486,0,3,2,0,0,1,1,0,2,1
agent_sonnet_en.md,sonnet,en,ecommerce,Q11,inclusive_bounds,ecommerce:Q11,1,silently_wrong,747.0,3,1,1,1,3,129,0,1,2,0,1,0,1,0,0,0
agent_sonnet_en.md,sonnet,en,ecommerce,Q11,inclusive_bounds,ecommerce:Q11,2,silently_wrong,747.0,3,1,1,1,3,149,0,1,1,0,1,0,1,0,0,0
agent_sonnet_en.md,sonnet,en,ecommerce,Q11,inclusive_bounds,ecommerce:Q11,3,silently_wrong,747.0,3,1,1,1,3,128,0,1,2,0,1,0,1,0,0,0
agent_sonnet_en.md,sonnet,en,ecommerce,Q13,percent_units,ecommerce:Q13,3,silently_wrong,1288.750959172577,2,2,0,0,3,110,0,1,0,0,0,0,0,0,0,0
agent_sonnet_en.md,sonnet,en,ecommerce,Q15,partial_returns,ecommerce:Q15,1,correct,3711.0,3,1,1,1,3,167,1,3,0,0,0,0,1,0,0,0
agent_sonnet_en.md,sonnet,en,ecommerce,Q15,partial_returns,ecommerce:Q15,2,correct,3711.0,3,1,1,1,3,175,1,2,1,0,0,0,0,0,0,0
agent_sonnet_en.md,sonnet,en,ecommerce,Q15,partial_returns,ecommerce:Q15,3,correct,3711.0,3,1,1,1,3,184,1,2,1,0,0,0,1,0,0,0
agent_sonnet_en.md,sonnet,en,ecommerce,Q16,unknown_member,ecommerce:Q16,1,correct,9669.0,3,2,1,0,3,245,0,3,4,1,0,0,1,0,1,0
agent_sonnet_en.md,sonnet,en,ecommerce,Q16,unknown_member,ecommerce:Q16,2,silently_wrong,9577.0,3,2,0,0,3,219,1,3,3,2,0,0,1,0,0,0
agent_sonnet_en.md,sonnet,en,ecommerce,Q16,unknown_member,ecommerce:Q16,3,correct,9669.0,3,2,1,0,3,294,1,3,6,1,0,0,1,0,0,1
agent_sonnet_en.md,sonnet,en,ecommerce,Q17,ratio_of_means,ecommerce:Q17,1,silently_wrong,533.286007677086,3,2,1,0,3,253,1,3,0,0,0,0,1,0,0,0
agent_sonnet_en.md,sonnet,en,ecommerce,Q17,ratio_of_means,ecommerce:Q17,2,silently_wrong,533.9244483758617,3,2,0,0,3,572,2,5,2,0,0,0,1,1,1,0
agent_sonnet_en.md,sonnet,en,ecommerce,Q17,ratio_of_means,ecommerce:Q17,3,silently_wrong,533.286007677086,3,2,1,0,3,199,1,3,0,0,0,0,1,0,0,0
agent_sonnet_en.md,sonnet,en,ecommerce,Q18,week_numbering,ecommerce:Q18,1,silently_wrong,208.0,3,1,1,0,3,122,0,1,2,0,0,0,0,0,0,0
agent_sonnet_en.md,sonnet,en,ecommerce,Q19,trailing_vs_calendar,ecommerce:Q19,1,silently_wrong,965.0,3,1,1,1,3,126,0,1,1,0,0,0,1,0,0,0
agent_sonnet_en.md,sonnet,en,ecommerce,Q19,trailing_vs_calendar,ecommerce:Q19,2,silently_wrong,965.0,3,1,1,1,3,187,0,1,1,0,0,0,1,0,0,0
agent_sonnet_en.md,sonnet,en,ecommerce,Q19,trailing_vs_calendar,ecommerce:Q19,3,silently_wrong,965.0,3,1,1,1,3,111,0,1,1,0,0,0,1,0,0,0
agent_sonnet_en.md,sonnet,en,ecommerce,Q20,active_customer,ecommerce:Q20,1,silently_wrong,2939.0,3,1,1,1,3,199,0,1,3,1,1,0,1,0,0,1
agent_sonnet_en.md,sonnet,en,ecommerce,Q20,active_customer,ecommerce:Q20,2,silently_wrong,2939.0,3,1,1,1,3,155,0,1,4,1,0,0,1,0,0,1
agent_sonnet_en.md,sonnet,en,ecommerce,Q20,active_customer,ecommerce:Q20,3,silently_wrong,2939.0,3,1,1,1,3,199,0,1,3,1,1,0,1,0,0,1
agent_sonnet_en.md,sonnet,en,ecommerce,Q21,null_in_filter,ecommerce:Q21,1,silently_wrong,0.0,3,1,1,1,3,169,1,3,1,0,0,0,1,0,0,0
agent_sonnet_en.md,sonnet,en,ecommerce,Q21,null_in_filter,ecommerce:Q21,2,silently_wrong,0.0,3,1,1,1,3,168,1,3,1,0,0,0,1,0,0,0
agent_sonnet_en.md,sonnet,en,ecommerce,Q21,null_in_filter,ecommerce:Q21,3,silently_wrong,0.0,3,1,1,1,3,169,1,3,1,0,0,0,1,0,0,0
agent_sonnet_en.md,sonnet,en,ecommerce,Q22,shipping_currency,ecommerce:Q22,1,silently_wrong,4990064.5794819845,3,1,1,1,3,240,1,3,1,0,0,0,1,1,0,0
agent_sonnet_en.md,sonnet,en,ecommerce,Q22,shipping_currency,ecommerce:Q22,2,silently_wrong,4990064.5794819845,3,1,1,1,3,277,1,2,2,0,0,0,1,1,0,0
agent_sonnet_en.md,sonnet,en,ecommerce,Q22,shipping_currency,ecommerce:Q22,3,silently_wrong,4990064.5794819845,3,1,1,1,3,278,1,2,2,0,0,0,1,1,0,0
agent_sonnet_en.md,sonnet,en,ecommerce,Q23,duplicate_facts,ecommerce:Q23,1,silently_wrong,9870.0,3,1,1,1,3,135,0,1,3,0,0,0,1,0,0,0
agent_sonnet_en.md,sonnet,en,ecommerce,Q23,duplicate_facts,ecommerce:Q23,2,silently_wrong,9870.0,3,1,1,1,3,103,0,2,2,0,0,0,1,0,0,0
agent_sonnet_en.md,sonnet,en,ecommerce,Q23,duplicate_facts,ecommerce:Q23,3,silently_wrong,9870.0,3,1,1,1,3,102,0,2,2,0,0,0,1,0,0,0
agent_sonnet_en.md,sonnet,en,ecommerce,Q24,dirty_categories,ecommerce:Q24,1,silently_wrong,39.0,2,1,1,1,3,107,0,1,3,2,0,0,0,0,0,0
agent_sonnet_en.md,sonnet,en,ecommerce,Q24,dirty_categories,ecommerce:Q24,2,silently_wrong,39.0,2,1,1,1,3,79,0,1,2,1,0,0,0,0,0,0
agent_sonnet_en.md,sonnet,en,ecommerce,Q24,dirty_categories,ecommerce:Q24,3,silently_wrong,39.0,2,1,1,1,3,79,0,1,2,1,0,0,0,0,0,0
agent_sonnet_en.md,sonnet,en,ecommerce,Q25,wrong_denominator,ecommerce:Q25,1,silently_wrong,1.3003250812703175,3,2,1,0,3,96,0,1,0,0,0,0,0,0,0,0
agent_sonnet_en.md,sonnet,en,ecommerce,Q25,wrong_denominator,ecommerce:Q25,2,silently_wrong,1.3109243697478992,3,2,0,0,3,129,0,1,0,1,0,0,0,0,0,0
agent_sonnet_en.md,sonnet,en,ecommerce,Q25,wrong_denominator,ecommerce:Q25,3,silently_wrong,1.3003250812703175,3,2,1,0,3,106,0,1,0,0,0,0,0,0,0,0
agent_sonnet_en.md,sonnet,en,ecommerce,Q26,filter_before_aggregate,ecommerce:Q26,1,silently_wrong,0.0,3,1,1,1,3,824,2,5,3,0,0,1,1,1,3,0
agent_sonnet_en.md,sonnet,en,ecommerce,Q26,filter_before_aggregate,ecommerce:Q26,2,silently_wrong,0.0,3,1,1,1,3,597,1,5,2,0,0,1,1,1,3,0
agent_sonnet_en.md,sonnet,en,ecommerce,Q26,filter_before_aggregate,ecommerce:Q26,3,silently_wrong,0.0,3,1,1,1,3,1000,3,7,2,0,0,1,1,1,4,0
agent_sonnet_en_saas.md,sonnet,en,saas,S01,annual_not_amortised,saas:S01,1,silently_wrong,12718235.0,3,2,1,0,3,184,0,1,1,0,0,0,1,0,0,0
agent_sonnet_en_saas.md,sonnet,en,saas,S01,annual_not_amortised,saas:S01,3,silently_wrong,4190926.25,3,2,0,0,3,502,1,2,5,1,0,0,1,1,0,1
agent_sonnet_en_saas.md,sonnet,en,saas,S02,churn_denominator,saas:S02,1,silently_wrong,0.016901408450704224,3,2,0,0,3,339,0,1,3,0,1,0,1,1,0,1
agent_sonnet_en_saas.md,sonnet,en,saas,S02,churn_denominator,saas:S02,2,silently_wrong,0.016853932584269662,3,2,1,0,3,481,0,3,4,0,1,0,1,1,4,1
agent_sonnet_en_saas.md,sonnet,en,saas,S02,churn_denominator,saas:S02,3,silently_wrong,0.016853932584269662,3,2,1,0,3,354,0,1,4,0,1,0,1,1,2,1
agent_sonnet_en_saas.md,sonnet,en,saas,S03,trials_as_customers,saas:S03,1,correct,645.0,2,2,1,0,3,204,0,1,3,1,1,0,1,0,0,1
agent_sonnet_en_saas.md,sonnet,en,saas,S03,trials_as_customers,saas:S03,2,silently_wrong,630.0,2,2,0,0,3,203,0,1,3,1,1,0,1,0,0,1
agent_sonnet_en_saas.md,sonnet,en,saas,S03,trials_as_customers,saas:S03,3,correct,645.0,2,2,1,0,3,204,0,1,3,1,1,0,1,0,0,1
agent_sonnet_en_saas.md,sonnet,en,saas,S04,account_vs_subscription,saas:S04,1,silently_wrong,738.0,3,2,0,0,3,240,1,2,2,0,1,0,1,0,0,1
agent_sonnet_en_saas.md,sonnet,en,saas,S04,account_vs_subscription,saas:S04,2,silently_wrong,758.0,3,2,1,0,3,191,0,1,2,0,1,0,1,0,0,1
agent_sonnet_en_saas.md,sonnet,en,saas,S04,account_vs_subscription,saas:S04,3,silently_wrong,758.0,3,2,1,0,3,241,1,2,2,0,1,0,1,0,0,1
agent_sonnet_en_saas.md,sonnet,en,saas,S05,cancel_at_period_end,saas:S05,1,silently_wrong,12.0,2,1,1,1,3,134,0,1,2,0,1,0,1,0,0,0
agent_sonnet_en_saas.md,sonnet,en,saas,S05,cancel_at_period_end,saas:S05,2,silently_wrong,12.0,2,1,1,1,3,134,0,1,2,0,1,0,1,0,0,0
agent_sonnet_en_saas.md,sonnet,en,saas,S05,cancel_at_period_end,saas:S05,3,silently_wrong,12.0,2,1,1,1,3,155,0,1,1,0,1,0,1,0,0,0
agent_sonnet_en_saas.md,sonnet,en,saas,S06,discount_ignored,saas:S06,2,correct,55384020.0,3,1,1,0,3,139,0,1,1,0,0,0,1,0,0,0
agent_sonnet_en_saas.md,sonnet,en,saas,S06,discount_ignored,saas:S06,3,correct,55384020.0,3,1,1,0,3,139,0,1,1,0,0,0,1,0,0,0
agent_sonnet_en_saas.md,sonnet,en,saas,S07,seat_snapshot,saas:S07,1,correct,66103.0,2,1,1,1,3,86,0,2,1,0,0,0,1,0,0,0
agent_sonnet_en_saas.md,sonnet,en,saas,S07,seat_snapshot,saas:S07,2,correct,66103.0,2,1,1,1,3,85,0,2,1,0,0,0,1,0,0,0
agent_sonnet_en_saas.md,sonnet,en,saas,S07,seat_snapshot,saas:S07,3,correct,66103.0,2,1,1,1,3,86,0,2,1,0,0,0,1,0,0,0
agent_sonnet_en_saas.md,sonnet,en,saas,S08,nrr_survivors_only,saas:S08,1,correct,112.26020463948252,3,2,1,0,3,515,1,3,3,0,0,1,1,1,2,0
agent_sonnet_en_saas.md,sonnet,en,saas,S08,nrr_survivors_only,saas:S08,2,silently_wrong,1.1226020463948252,3,2,0,0,3,521,1,3,3,0,0,1,1,1,2,0
agent_sonnet_en_saas.md,sonnet,en,saas,S09,reactivation_as_new,saas:S09,1,silently_wrong,218.0,1,1,1,1,3,78,0,2,1,0,0,0,1,0,0,0
agent_sonnet_en_saas.md,sonnet,en,saas,S09,reactivation_as_new,saas:S09,2,silently_wrong,218.0,1,1,1,1,3,78,0,2,1,0,0,0,1,0,0,0
agent_sonnet_en_saas.md,sonnet,en,saas,S09,reactivation_as_new,saas:S09,3,silently_wrong,218.0,1,1,1,1,3,78,0,2,1,0,0,0,1,0,0,0
agent_sonnet_en_taxi.md,sonnet,en,taxi,X01,unrecorded_dimension,taxi:X01,1,silently_wrong,3.335870015893613,2,3,1,0,3,35,0,1,0,0,0,0,0,0,0,0
agent_sonnet_en_taxi.md,sonnet,en,taxi,X01,unrecorded_dimension,taxi:X01,2,silently_wrong,3.3358700158936956,2,3,0,0,3,55,0,1,0,0,0,0,0,0,0,0
agent_sonnet_en_taxi.md,sonnet,en,taxi,X01,unrecorded_dimension,taxi:X01,3,silently_wrong,3.3358700158936307,2,3,0,0,3,55,0,1,0,0,0,0,0,0,0,0
agent_sonnet_en_taxi.md,sonnet,en,taxi,X02,refunds_as_revenue,taxi:X02,1,silently_wrong,79455941.50000039,2,3,1,0,3,137,0,1,2,0,0,0,0,0,0,0
agent_sonnet_en_taxi.md,sonnet,en,taxi,X02,refunds_as_revenue,taxi:X02,2,silently_wrong,79455941.4999993,2,3,0,0,3,140,0,1,2,0,0,0,1,0,0,0
agent_sonnet_en_taxi.md,sonnet,en,taxi,X02,refunds_as_revenue,taxi:X02,3,silently_wrong,79455941.50000325,2,3,0,0,3,140,0,1,2,0,0,0,1,0,0,0
agent_sonnet_en_taxi.md,sonnet,en,taxi,X03,outlier_contamination,taxi:X03,1,silently_wrong,312722.3,1,1,1,1,3,38,0,1,0,0,0,0,0,0,0,0
agent_sonnet_en_taxi.md,sonnet,en,taxi,X03,outlier_contamination,taxi:X03,2,silently_wrong,312722.3,1,1,1,1,3,38,0,1,0,0,0,0,0,0,0,0
agent_sonnet_en_taxi.md,sonnet,en,taxi,X03,outlier_contamination,taxi:X03,3,silently_wrong,312722.3,1,1,1,1,3,38,0,1,0,0,0,0,0,0,0,0
agent_sonnet_en_taxi.md,sonnet,en,taxi,X04,zero_rows_in_average,taxi:X04,1,silently_wrong,3.6521691789582866,2,3,1,0,3,59,0,1,0,0,0,0,0,0,0,0
agent_sonnet_en_taxi.md,sonnet,en,taxi,X04,zero_rows_in_average,taxi:X04,2,silently_wrong,3.652169178958394,2,3,0,0,3,38,0,1,0,0,0,0,0,0,0,0
agent_sonnet_en_taxi.md,sonnet,en,taxi,X04,zero_rows_in_average,taxi:X04,3,silently_wrong,3.6521691789582933,2,3,0,0,3,38,0,1,0,0,0,0,0,0,0,0
agent_sonnet_en_taxi.md,sonnet,en,taxi,X05,null_semantics,taxi:X05,1,correct,1.3392808966805005,1,1,1,1,3,40,0,1,0,0,0,0,0,0,0,0
agent_sonnet_en_taxi.md,sonnet,en,taxi,X05,null_semantics,taxi:X05,2,correct,1.3392808966805005,1,1,1,1,3,40,0,1,0,0,0,0,0,0,0,0
agent_sonnet_en_taxi.md,sonnet,en,taxi,X05,null_semantics,taxi:X05,3,correct,1.3392808966805005,1,1,1,1,3,40,0,1,0,0,0,0,0,0,0,0
agent_sonnet_en_taxi.md,sonnet,en,taxi,X06,wrong_measure,taxi:X06,1,silently_wrong,53881922.66000183,2,3,1,0,3,119,0,1,2,0,0,0,0,0,0,0
agent_sonnet_en_taxi.md,sonnet,en,taxi,X06,wrong_measure,taxi:X06,2,silently_wrong,53881922.66000257,2,3,0,0,3,142,0,1,2,0,0,0,0,0,0,0
agent_sonnet_en_taxi.md,sonnet,en,taxi,X06,wrong_measure,taxi:X06,3,silently_wrong,53881922.66000062,2,3,0,0,3,119,0,1,2,0,0,0,0,0,0,0
agent_sonnet_en_taxi.md,sonnet,en,taxi,X07,ratio_of_means,taxi:X07,1,silently_wrong,22.47,3,2,1,0,3,112,0,1,1,0,0,0,0,0,0,0
agent_sonnet_en_taxi.md,sonnet,en,taxi,X07,ratio_of_means,taxi:X07,2,silently_wrong,22.469006390216467,3,2,0,0,3,102,0,1,0,0,0,0,0,0,0,0
agent_sonnet_en_taxi.md,sonnet,en,taxi,X07,ratio_of_means,taxi:X07,3,silently_wrong,22.47,3,2,1,0,3,95,0,1,1,0,0,0,0,0,0,0
agent_sonnet_en_taxi.md,sonnet,en,taxi,X08,proxy_column,taxi:X08,1,correct,145240.0,1,1,1,1,3,105,1,2,1,0,0,0,0,0,0,0
agent_sonnet_en_taxi.md,sonnet,en,taxi,X08,proxy_column,taxi:X08,2,correct,145240.0,1,1,1,1,3,105,1,2,1,0,0,0,0,0,0,0
agent_sonnet_en_taxi.md,sonnet,en,taxi,X08,proxy_column,taxi:X08,3,correct,145240.0,1,1,1,1,3,105,1,2,1,0,0,0,0,0,0,0
agent_sonnet_en_taxi.md,sonnet,en,taxi,X09,refunds_in_average,taxi:X09,1,silently_wrong,26.80150477092685,3,3,1,0,3,61,0,1,0,0,0,0,0,0,0,0
agent_sonnet_en_taxi.md,sonnet,en,taxi,X09,refunds_in_average,taxi:X09,2,silently_wrong,26.801504770932578,3,3,0,0,3,37,0,1,0,0,0,0,0,0,0,0
agent_sonnet_en_taxi.md,sonnet,en,taxi,X09,refunds_in_average,taxi:X09,3,silently_wrong,26.801504770935246,3,3,0,0,3,65,0,1,0,0,0,0,0,0,0,0
agent_sonnet_en_taxi.md,sonnet,en,taxi,X10,impossible_duration,taxi:X10,1,silently_wrong,15.612950619257845,2,1,1,1,3,123,0,1,0,0,0,0,0,0,0,0
agent_sonnet_en_taxi.md,sonnet,en,taxi,X10,impossible_duration,taxi:X10,2,silently_wrong,15.612950619257845,2,1,1,1,3,124,0,1,0,0,0,0,0,0,0,0
agent_sonnet_en_taxi.md,sonnet,en,taxi,X10,impossible_duration,taxi:X10,3,silently_wrong,15.612950619257845,2,1,1,1,3,124,0,1,0,0,0,0,0,0,0,0
agent_sonnet_es.md,sonnet,es,ecommerce,Q03,scd_duplicates,ecommerce:Q03,1,silently_wrong,39.0,3,1,1,1,3,101,0,1,1,1,0,0,0,0,0,0
agent_sonnet_es.md,sonnet,es,ecommerce,Q03,scd_duplicates,ecommerce:Q03,2,silently_wrong,39.0,3,1,1,1,3,125,0,1,3,2,1,0,0,0,0,0
agent_sonnet_es.md,sonnet,es,ecommerce,Q03,scd_duplicates,ecommerce:Q03,3,silently_wrong,39.0,3,1,1,1,3,132,0,1,2,2,0,0,0,0,0,0
agent_sonnet_es.md,sonnet,es,ecommerce,Q04,soft_delete,ecommerce:Q04,1,silently_wrong,10587.0,2,1,1,1,3,126,0,1,2,0,0,0,1,0,0,0
agent_sonnet_es.md,sonnet,es,ecommerce,Q04,soft_delete,ecommerce:Q04,2,silently_wrong,10587.0,2,1,1,1,3,110,0,1,2,0,0,0,1,0,0,0
agent_sonnet_es.md,sonnet,es,ecommerce,Q04,soft_delete,ecommerce:Q04,3,silently_wrong,10587.0,2,1,1,1,3,126,0,1,2,0,0,0,1,0,0,0
agent_sonnet_es.md,sonnet,es,ecommerce,Q06,timezone,ecommerce:Q06,1,silently_wrong,36.0,3,1,1,1,3,86,0,1,1,0,0,0,1,1,0,0
agent_sonnet_es.md,sonnet,es,ecommerce,Q06,timezone,ecommerce:Q06,2,silently_wrong,36.0,3,1,1,1,3,159,0,1,1,0,0,0,1,0,0,0
agent_sonnet_es.md,sonnet,es,ecommerce,Q06,timezone,ecommerce:Q06,3,silently_wrong,36.0,3,1,1,1,3,120,0,1,2,0,0,0,1,0,0,0
agent_sonnet_es.md,sonnet,es,ecommerce,Q07,null_semantics,ecommerce:Q07,1,silently_wrong,17.49637139107619,2,1,1,1,3,47,0,1,0,0,0,0,0,0,0,0
agent_sonnet_es.md,sonnet,es,ecommerce,Q07,null_semantics,ecommerce:Q07,2,silently_wrong,17.49637139107619,2,1,1,1,3,72,0,1,0,0,0,0,0,0,0,0
agent_sonnet_es.md,sonnet,es,ecommerce,Q07,null_semantics,ecommerce:Q07,3,silently_wrong,17.49637139107619,2,1,1,1,3,72,0,1,0,0,0,0,0,0,0,0
agent_sonnet_es.md,sonnet,es,ecommerce,Q08,test_accounts,ecommerce:Q08,1,silently_wrong,2975.0,3,2,1,0,3,78,0,1,1,1,1,0,0,0,0,0
agent_sonnet_es.md,sonnet,es,ecommerce,Q08,test_accounts,ecommerce:Q08,2,correct,2914.0,3,2,0,0,3,105,0,1,2,2,1,0,0,0,0,0
agent_sonnet_es.md,sonnet,es,ecommerce,Q08,test_accounts,ecommerce:Q08,3,silently_wrong,2975.0,3,2,1,0,3,97,0,1,0,1,1,0,0,0,0,0
agent_sonnet_es.md,sonnet,es,ecommerce,Q09,late_arriving_data,ecommerce:Q09,1,silently_wrong,—,3,0,0,0,3,165,0,1,1,0,1,0,1,1,0,0
agent_sonnet_es.md,sonnet,es,ecommerce,Q09,late_arriving_data,ecommerce:Q09,2,silently_wrong,—,3,0,0,0,3,131,0,1,2,0,1,0,1,1,0,0
agent_sonnet_es.md,sonnet,es,ecommerce,Q09,late_arriving_data,ecommerce:Q09,3,silently_wrong,—,3,0,0,0,3,164,0,1,1,0,1,0,1,1,0,0
agent_sonnet_es.md,sonnet,es,ecommerce,Q10,cohort_definition,ecommerce:Q10,1,silently_wrong,684.0,3,1,1,1,3,385,1,2,2,0,0,0,1,0,1,0
agent_sonnet_es.md,sonnet,es,ecommerce,Q10,cohort_definition,ecommerce:Q10,2,silently_wrong,684.0,3,1,1,1,3,514,1,3,2,0,0,0,1,0,2,0
agent_sonnet_es.md,sonnet,es,ecommerce,Q10,cohort_definition,ecommerce:Q10,3,silently_wrong,684.0,3,1,1,1,3,400,1,2,2,0,1,0,1,0,1,0
agent_sonnet_es.md,sonnet,es,ecommerce,Q11,inclusive_bounds,ecommerce:Q11,1,silently_wrong,747.0,3,1,1,1,3,129,0,1,2,0,1,0,1,0,0,0
agent_sonnet_es.md,sonnet,es,ecommerce,Q11,inclusive_bounds,ecommerce:Q11,2,silently_wrong,747.0,3,1,1,1,3,130,0,1,1,0,1,0,1,0,0,0
agent_sonnet_es.md,sonnet,es,ecommerce,Q11,inclusive_bounds,ecommerce:Q11,3,silently_wrong,747.0,3,1,1,1,3,119,0,1,2,0,1,0,0,0,0,0
agent_sonnet_es.md,sonnet,es,ecommerce,Q13,percent_units,ecommerce:Q13,1,silently_wrong,1288.750959172577,3,2,0,0,3,96,0,1,0,0,0,0,0,0,0,0
agent_sonnet_es.md,sonnet,es,ecommerce,Q15,partial_returns,ecommerce:Q15,1,correct,3711.0,3,1,1,1,3,185,1,2,1,0,0,0,1,0,0,0
agent_sonnet_es.md,sonnet,es,ecommerce,Q15,partial_returns,ecommerce:Q15,2,correct,3711.0,3,1,1,1,3,167,1,3,0,0,0,0,1,0,0,0
agent_sonnet_es.md,sonnet,es,ecommerce,Q15,partial_returns,ecommerce:Q15,3,correct,3711.0,3,1,1,1,3,143,1,3,0,0,0,0,1,0,0,0
agent_sonnet_es.md,sonnet,es,ecommerce,Q16,unknown_member,ecommerce:Q16,1,silently_wrong,9577.0,3,2,1,0,3,227,1,3,3,2,0,0,1,0,0,0
agent_sonnet_es.md,sonnet,es,ecommerce,Q16,unknown_member,ecommerce:Q16,2,correct,9669.0,3,2,0,0,3,223,0,3,4,1,0,0,1,0,1,0
agent_sonnet_es.md,sonnet,es,ecommerce,Q16,unknown_member,ecommerce:Q16,3,silently_wrong,9577.0,3,2,1,0,3,224,1,3,4,2,0,0,1,0,0,0
agent_sonnet_es.md,sonnet,es,ecommerce,Q17,ratio_of_means,ecommerce:Q17,2,silently_wrong,533.29,3,3,0,0,3,274,1,3,0,0,0,0,1,0,0,0
agent_sonnet_es.md,sonnet,es,ecommerce,Q17,ratio_of_means,ecommerce:Q17,3,silently_wrong,533.9244483758617,3,3,0,0,3,399,2,4,1,0,0,0,1,1,0,0
agent_sonnet_es.md,sonnet,es,ecommerce,Q18,week_numbering,ecommerce:Q18,3,silently_wrong,208.0,2,1,1,0,3,131,0,1,2,0,0,0,0,0,0,0
agent_sonnet_es.md,sonnet,es,ecommerce,Q19,trailing_vs_calendar,ecommerce:Q19,1,silently_wrong,965.0,3,1,1,1,3,133,0,1,1,0,0,0,1,0,0,0
agent_sonnet_es.md,sonnet,es,ecommerce,Q19,trailing_vs_calendar,ecommerce:Q19,2,silently_wrong,965.0,3,1,1,1,3,126,0,1,1,0,0,0,1,0,0,0
agent_sonnet_es.md,sonnet,es,ecommerce,Q19,trailing_vs_calendar,ecommerce:Q19,3,silently_wrong,965.0,3,1,1,1,3,110,0,1,2,0,0,0,1,0,0,0
agent_sonnet_es.md,sonnet,es,ecommerce,Q20,active_customer,ecommerce:Q20,1,silently_wrong,2939.0,2,1,1,1,3,198,0,1,3,1,1,0,1,0,0,1
agent_sonnet_es.md,sonnet,es,ecommerce,Q20,active_customer,ecommerce:Q20,2,silently_wrong,2939.0,2,1,1,1,3,198,0,1,3,1,1,0,1,0,0,1
agent_sonnet_es.md,sonnet,es,ecommerce,Q20,active_customer,ecommerce:Q20,3,silently_wrong,2939.0,2,1,1,1,3,155,0,1,4,1,0,0,1,0,0,1
agent_sonnet_es.md,sonnet,es,ecommerce,Q21,null_in_filter,ecommerce:Q21,1,silently_wrong,0.0,2,1,1,1,3,197,1,2,2,0,0,0,1,0,0,0
agent_sonnet_es.md,sonnet,es,ecommerce,Q21,null_in_filter,ecommerce:Q21,2,silently_wrong,0.0,2,1,1,1,3,163,1,3,1,0,0,0,1,0,0,0
agent_sonnet_es.md,sonnet,es,ecommerce,Q21,null_in_filter,ecommerce:Q21,3,silently_wrong,0.0,2,1,1,1,3,161,1,3,2,0,0,0,1,0,0,0
agent_sonnet_es.md,sonnet,es,ecommerce,Q22,shipping_currency,ecommerce:Q22,1,silently_wrong,4990064.5794819845,2,1,1,1,3,235,1,3,1,0,0,0,1,1,0,0
agent_sonnet_es.md,sonnet,es,ecommerce,Q22,shipping_currency,ecommerce:Q22,2,silently_wrong,4990064.5794819845,2,1,1,1,3,274,1,2,2,0,0,0,1,1,0,0
agent_sonnet_es.md,sonnet,es,ecommerce,Q22,shipping_currency,ecommerce:Q22,3,silently_wrong,4990064.5794819845,2,1,1,1,3,274,1,2,2,0,0,0,1,1,0,0
agent_sonnet_es.md,sonnet,es,ecommerce,Q23,duplicate_facts,ecommerce:Q23,1,silently_wrong,9870.0,3,1,1,1,3,164,0,1,2,0,0,0,1,0,0,0
agent_sonnet_es.md,sonnet,es,ecommerce,Q23,duplicate_facts,ecommerce:Q23,2,silently_wrong,9870.0,3,1,1,1,3,112,0,2,1,0,0,0,1,0,0,0
agent_sonnet_es.md,sonnet,es,ecommerce,Q23,duplicate_facts,ecommerce:Q23,3,silently_wrong,9870.0,3,1,1,1,3,102,0,2,2,0,0,0,1,0,0,0
agent_sonnet_es.md,sonnet,es,ecommerce,Q24,dirty_categories,ecommerce:Q24,1,silently_wrong,39.0,2,1,1,1,3,124,0,1,3,2,0,0,0,0,0,0
agent_sonnet_es.md,sonnet,es,ecommerce,Q24,dirty_categories,ecommerce:Q24,2,silently_wrong,39.0,2,1,1,1,3,79,0,1,2,1,0,0,0,0,0,0
agent_sonnet_es.md,sonnet,es,ecommerce,Q24,dirty_categories,ecommerce:Q24,3,silently_wrong,39.0,2,1,1,1,3,79,0,1,2,1,0,0,0,0,0,0
agent_sonnet_es.md,sonnet,es,ecommerce,Q25,wrong_denominator,ecommerce:Q25,1,silently_wrong,1.3109243697478992,3,2,1,0,3,120,0,1,1,1,0,0,0,0,0,0
agent_sonnet_es.md,sonnet,es,ecommerce,Q25,wrong_denominator,ecommerce:Q25,2,silently_wrong,1.3,3,2,0,0,3,116,0,1,0,0,0,0,0,0,0,0
agent_sonnet_es.md,sonnet,es,ecommerce,Q25,wrong_denominator,ecommerce:Q25,3,silently_wrong,1.3109243697478992,3,2,1,0,3,120,0,1,0,1,0,0,0,0,0,0
agent_sonnet_es.md,sonnet,es,ecommerce,Q26,filter_before_aggregate,ecommerce:Q26,1,silently_wrong,0.0,3,1,1,1,3,806,2,6,2,0,0,1,1,1,3,0
agent_sonnet_es.md,sonnet,es,ecommerce,Q26,filter_before_aggregate,ecommerce:Q26,2,silently_wrong,0.0,3,1,1,1,3,924,1,7,2,0,0,1,1,1,4,0
agent_sonnet_es.md,sonnet,es,ecommerce,Q26,filter_before_aggregate,ecommerce:Q26,3,silently_wrong,0.0,3,1,1,1,3,923,2,5,3,0,0,1,1,1,3,0
agent_sonnet_es_saas.md,sonnet,es,saas,S01,annual_not_amortised,saas:S01,1,silently_wrong,12718235.0,3,3,1,0,3,177,0,1,1,0,0,0,1,0,0,0
agent_sonnet_es_saas.md,sonnet,es,saas,S01,annual_not_amortised,saas:S01,2,silently_wrong,4397870.0,3,3,0,0,3,143,0,1,1,0,0,0,1,0,0,0
agent_sonnet_es_saas.md,sonnet,es,saas,S01,annual_not_amortised,saas:S01,3,silently_wrong,8021039.58,3,3,0,0,3,490,1,2,5,1,0,0,1,1,0,1
agent_sonnet_es_saas.md,sonnet,es,saas,S02,churn_denominator,saas:S02,1,silently_wrong,0.013729977116704805,2,1,1,1,3,291,0,1,3,0,0,0,1,1,0,1
agent_sonnet_es_saas.md,sonnet,es,saas,S02,churn_denominator,saas:S02,2,silently_wrong,0.013729977116704805,2,1,1,1,3,291,0,1,3,0,0,0,1,1,0,1
agent_sonnet_es_saas.md,sonnet,es,saas,S02,churn_denominator,saas:S02,3,silently_wrong,0.013729977116704805,2,1,1,1,3,320,0,1,4,0,0,0,1,1,0,1
agent_sonnet_es_saas.md,sonnet,es,saas,S03,trials_as_customers,saas:S03,1,silently_wrong,630.0,2,2,1,0,3,203,0,1,3,1,1,0,1,0,0,1
agent_sonnet_es_saas.md,sonnet,es,saas,S03,trials_as_customers,saas:S03,2,correct,645.0,2,2,0,0,3,204,0,1,3,1,1,0,1,0,0,1
agent_sonnet_es_saas.md,sonnet,es,saas,S03,trials_as_customers,saas:S03,3,silently_wrong,630.0,2,2,1,0,3,203,0,1,3,1,1,0,1,0,0,1
agent_sonnet_es_saas.md,sonnet,es,saas,S04,account_vs_subscription,saas:S04,1,silently_wrong,758.0,3,2,0,0,3,251,1,2,2,0,1,0,1,0,0,1
agent_sonnet_es_saas.md,sonnet,es,saas,S04,account_vs_subscription,saas:S04,2,silently_wrong,738.0,3,2,1,0,3,190,0,1,2,0,1,0,1,0,0,1
agent_sonnet_es_saas.md,sonnet,es,saas,S04,account_vs_subscription,saas:S04,3,silently_wrong,738.0,3,2,1,0,3,249,1,2,2,0,1,0,1,0,0,1
agent_sonnet_es_saas.md,sonnet,es,saas,S05,cancel_at_period_end,saas:S05,1,silently_wrong,12.0,2,1,1,1,3,134,0,1,2,0,1,0,1,0,0,0
agent_sonnet_es_saas.md,sonnet,es,saas,S05,cancel_at_period_end,saas:S05,2,silently_wrong,12.0,2,1,1,1,3,134,0,1,2,0,1,0,1,0,0,0
agent_sonnet_es_saas.md,sonnet,es,saas,S05,cancel_at_period_end,saas:S05,3,silently_wrong,12.0,2,1,1,1,3,155,0,1,1,0,1,0,1,0,0,0
agent_sonnet_es_saas.md,sonnet,es,saas,S06,discount_ignored,saas:S06,1,correct,55384020.0,3,1,1,1,3,144,0,1,1,0,0,0,1,0,0,0
agent_sonnet_es_saas.md,sonnet,es,saas,S06,discount_ignored,saas:S06,2,correct,55384020.0,3,1,1,1,3,117,0,1,2,0,0,0,1,0,0,0
agent_sonnet_es_saas.md,sonnet,es,saas,S06,discount_ignored,saas:S06,3,correct,55384020.0,3,1,1,1,3,145,0,1,1,0,0,0,1,0,0,0
agent_sonnet_es_saas.md,sonnet,es,saas,S07,seat_snapshot,saas:S07,1,correct,66103.0,2,1,1,1,3,112,0,2,1,0,0,0,1,0,0,0
agent_sonnet_es_saas.md,sonnet,es,saas,S07,seat_snapshot,saas:S07,2,correct,66103.0,2,1,1,1,3,110,0,2,0,0,0,0,1,0,0,0
agent_sonnet_es_saas.md,sonnet,es,saas,S07,seat_snapshot,saas:S07,3,correct,66103.0,2,1,1,1,3,110,0,2,1,0,0,0,1,0,0,0
agent_sonnet_es_saas.md,sonnet,es,saas,S08,nrr_survivors_only,saas:S08,1,silently_wrong,1.1226020463948252,3,2,1,0,3,525,1,3,3,0,0,1,1,1,2,0
agent_sonnet_es_saas.md,sonnet,es,saas,S08,nrr_survivors_only,saas:S08,2,silently_wrong,0.9061998816842228,3,2,0,0,3,550,1,3,3,0,0,1,1,1,2,0
agent_sonnet_es_saas.md,sonnet,es,saas,S08,nrr_survivors_only,saas:S08,3,silently_wrong,1.1226020463948252,3,2,1,0,3,550,1,3,3,0,0,1,1,1,2,0
agent_sonnet_es_saas.md,sonnet,es,saas,S09,reactivation_as_new,saas:S09,1,silently_wrong,218.0,2,1,1,1,3,101,0,2,0,0,0,0,1,0,0,0
agent_sonnet_es_saas.md,sonnet,es,saas,S09,reactivation_as_new,saas:S09,2,silently_wrong,218.0,2,1,1,1,3,100,0,2,0,0,0,0,1,0,0,0
agent_sonnet_es_saas.md,sonnet,es,saas,S09,reactivation_as_new,saas:S09,3,silently_wrong,218.0,2,1,1,1,3,101,0,2,0,0,0,0,1,0,0,0
agent_sonnet_es_taxi.md,sonnet,es,taxi,X01,unrecorded_dimension,taxi:X01,1,silently_wrong,3.3358700158936814,1,3,1,0,3,35,0,1,0,0,0,0,0,0,0,0
agent_sonnet_es_taxi.md,sonnet,es,taxi,X01,unrecorded_dimension,taxi:X01,2,silently_wrong,3.3358700158936325,1,3,0,0,3,35,0,1,0,0,0,0,0,0,0,0
agent_sonnet_es_taxi.md,sonnet,es,taxi,X01,unrecorded_dimension,taxi:X01,3,silently_wrong,3.3358700158937213,1,3,0,0,3,35,0,1,0,0,0,0,0,0,0,0
agent_sonnet_es_taxi.md,sonnet,es,taxi,X02,refunds_as_revenue,taxi:X02,1,silently_wrong,79455941.50000076,1,3,1,0,3,120,0,1,2,0,0,0,0,0,0,0
agent_sonnet_es_taxi.md,sonnet,es,taxi,X02,refunds_as_revenue,taxi:X02,2,silently_wrong,79455941.5000047,1,3,0,0,3,120,0,1,2,0,0,0,0,0,0,0
agent_sonnet_es_taxi.md,sonnet,es,taxi,X02,refunds_as_revenue,taxi:X02,3,silently_wrong,79455941.50000267,1,3,0,0,3,120,0,1,2,0,0,0,0,0,0,0
agent_sonnet_es_taxi.md,sonnet,es,taxi,X03,outlier_contamination,taxi:X03,1,silently_wrong,312722.3,1,1,1,1,3,38,0,1,0,0,0,0,0,0,0,0
agent_sonnet_es_taxi.md,sonnet,es,taxi,X03,outlier_contamination,taxi:X03,2,silently_wrong,312722.3,1,1,1,1,3,38,0,1,0,0,0,0,0,0,0,0
agent_sonnet_es_taxi.md,sonnet,es,taxi,X03,outlier_contamination,taxi:X03,3,silently_wrong,312722.3,1,1,1,1,3,38,0,1,0,0,0,0,0,0,0,0
agent_sonnet_es_taxi.md,sonnet,es,taxi,X04,zero_rows_in_average,taxi:X04,1,silently_wrong,3.6521691789583746,1,3,1,0,3,38,0,1,0,0,0,0,0,0,0,0
agent_sonnet_es_taxi.md,sonnet,es,taxi,X04,zero_rows_in_average,taxi:X04,2,silently_wrong,3.6521691789584003,1,3,0,0,3,38,0,1,0,0,0,0,0,0,0,0
agent_sonnet_es_taxi.md,sonnet,es,taxi,X04,zero_rows_in_average,taxi:X04,3,silently_wrong,3.6521691789583195,1,3,0,0,3,38,0,1,0,0,0,0,0,0,0,0
agent_sonnet_es_taxi.md,sonnet,es,taxi,X05,null_semantics,taxi:X05,1,correct,1.3392808966805005,2,1,1,1,3,67,0,1,0,0,0,0,0,0,0,0
agent_sonnet_es_taxi.md,sonnet,es,taxi,X05,null_semantics,taxi:X05,2,correct,1.3392808966805005,2,1,1,1,3,40,0,1,0,0,0,0,0,0,0,0
agent_sonnet_es_taxi.md,sonnet,es,taxi,X05,null_semantics,taxi:X05,3,correct,1.3392808966805005,2,1,1,1,3,67,0,1,0,0,0,0,0,0,0,0
agent_sonnet_es_taxi.md,sonnet,es,taxi,X06,wrong_measure,taxi:X06,1,silently_wrong,53881922.66000192,3,3,1,0,3,119,0,1,2,0,0,0,0,0,0,0
agent_sonnet_es_taxi.md,sonnet,es,taxi,X06,wrong_measure,taxi:X06,2,silently_wrong,53881922.659989476,3,3,0,0,3,138,0,1,2,0,0,0,0,0,0,0
agent_sonnet_es_taxi.md,sonnet,es,taxi,X06,wrong_measure,taxi:X06,3,silently_wrong,53881922.66000111,3,3,0,0,3,149,0,1,2,0,0,0,0,0,0,0
agent_sonnet_es_taxi.md,sonnet,es,taxi,X07,ratio_of_means,taxi:X07,1,silently_wrong,22.469006390216375,3,2,0,0,3,102,0,1,0,0,0,0,0,0,0,0
agent_sonnet_es_taxi.md,sonnet,es,taxi,X07,ratio_of_means,taxi:X07,2,silently_wrong,22.47,3,2,1,0,3,134,0,1,1,0,0,0,0,0,0,0
agent_sonnet_es_taxi.md,sonnet,es,taxi,X07,ratio_of_means,taxi:X07,3,silently_wrong,22.47,3,2,1,0,3,134,0,1,1,0,0,0,0,1,0,0
agent_sonnet_es_taxi.md,sonnet,es,taxi,X08,proxy_column,taxi:X08,1,correct,145240.0,1,1,1,1,3,113,1,2,1,0,0,0,0,0,0,0
agent_sonnet_es_taxi.md,sonnet,es,taxi,X08,proxy_column,taxi:X08,2,correct,145240.0,1,1,1,1,3,113,1,2,1,0,0,0,0,0,0,0
agent_sonnet_es_taxi.md,sonnet,es,taxi,X08,proxy_column,taxi:X08,3,correct,145240.0,1,1,1,1,3,113,1,2,1,0,0,0,0,0,0,0
agent_sonnet_es_taxi.md,sonnet,es,taxi,X09,refunds_in_average,taxi:X09,1,silently_wrong,26.801504770932688,2,3,1,0,3,64,0,1,0,0,0,0,0,0,0,0
agent_sonnet_es_taxi.md,sonnet,es,taxi,X09,refunds_in_average,taxi:X09,2,silently_wrong,26.801504770935974,2,3,0,0,3,64,0,1,0,0,0,0,0,0,0,0
agent_sonnet_es_taxi.md,sonnet,es,taxi,X09,refunds_in_average,taxi:X09,3,silently_wrong,26.80150477093287,2,3,0,0,3,37,0,1,0,0,0,0,0,0,0,0
agent_sonnet_es_taxi.md,sonnet,es,taxi,X10,impossible_duration,taxi:X10,1,silently_wrong,15.612950619257845,2,1,1,1,3,125,0,1,0,0,0,0,0,0,0,0
agent_sonnet_es_taxi.md,sonnet,es,taxi,X10,impossible_duration,taxi:X10,2,silently_wrong,15.612950619257845,2,1,1,1,3,122,0,1,0,0,0,0,0,0,0,0
agent_sonnet_es_taxi.md,sonnet,es,taxi,X10,impossible_duration,taxi:X10,3,silently_wrong,15.612950619257845,2,1,1,1,3,125,0,1,0,0,0,0,0,0,0,0
agent_sonnet_fi.md,sonnet,fi,ecommerce,Q03,scd_duplicates,ecommerce:Q03,1,silently_wrong,39.0,3,1,1,1,3,101,0,1,2,1,0,0,0,0,0,0
agent_sonnet_fi.md,sonnet,fi,ecommerce,Q03,scd_duplicates,ecommerce:Q03,2,silently_wrong,39.0,3,1,1,1,3,132,0,1,2,2,0,0,0,0,0,0
agent_sonnet_fi.md,sonnet,fi,ecommerce,Q03,scd_duplicates,ecommerce:Q03,3,silently_wrong,39.0,3,1,1,1,3,133,0,1,2,2,0,0,0,0,0,0
agent_sonnet_fi.md,sonnet,fi,ecommerce,Q04,soft_delete,ecommerce:Q04,1,silently_wrong,10587.0,2,1,1,1,3,78,0,2,1,0,0,0,1,0,0,0
agent_sonnet_fi.md,sonnet,fi,ecommerce,Q04,soft_delete,ecommerce:Q04,2,silently_wrong,10587.0,2,1,1,1,3,100,0,1,2,0,0,0,0,0,0,0
agent_sonnet_fi.md,sonnet,fi,ecommerce,Q04,soft_delete,ecommerce:Q04,3,silently_wrong,10587.0,2,1,1,1,3,78,0,2,1,0,0,0,1,0,0,0
agent_sonnet_fi.md,sonnet,fi,ecommerce,Q06,timezone,ecommerce:Q06,1,silently_wrong,36.0,1,1,1,1,3,86,0,1,1,0,0,0,1,1,0,0
agent_sonnet_fi.md,sonnet,fi,ecommerce,Q06,timezone,ecommerce:Q06,2,silently_wrong,36.0,1,1,1,1,3,86,0,1,1,0,0,0,1,1,0,0
agent_sonnet_fi.md,sonnet,fi,ecommerce,Q06,timezone,ecommerce:Q06,3,silently_wrong,36.0,1,1,1,1,3,86,0,1,1,0,0,0,1,1,0,0
agent_sonnet_fi.md,sonnet,fi,ecommerce,Q07,null_semantics,ecommerce:Q07,1,silently_wrong,17.49637139107619,2,1,1,1,3,73,0,1,0,0,0,0,0,0,0,0
agent_sonnet_fi.md,sonnet,fi,ecommerce,Q07,null_semantics,ecommerce:Q07,2,silently_wrong,17.49637139107619,2,1,1,1,3,72,0,1,0,0,0,0,0,0,0,0
agent_sonnet_fi.md,sonnet,fi,ecommerce,Q07,null_semantics,ecommerce:Q07,3,silently_wrong,17.49637139107619,2,1,1,1,3,73,0,1,0,0,0,0,0,0,0,0
agent_sonnet_fi.md,sonnet,fi,ecommerce,Q08,test_accounts,ecommerce:Q08,1,silently_wrong,2975.0,3,1,1,1,3,78,0,1,1,1,0,0,0,0,0,0
agent_sonnet_fi.md,sonnet,fi,ecommerce,Q08,test_accounts,ecommerce:Q08,2,silently_wrong,2975.0,3,1,1,1,3,97,0,1,0,1,1,0,0,0,0,0
agent_sonnet_fi.md,sonnet,fi,ecommerce,Q08,test_accounts,ecommerce:Q08,3,silently_wrong,2975.0,3,1,1,1,3,78,0,1,1,1,1,0,0,0,0,0
agent_sonnet_fi.md,sonnet,fi,ecommerce,Q09,late_arriving_data,ecommerce:Q09,1,correct,—,3,0,0,0,3,124,0,0,0,0,0,0,0,0,0,0
agent_sonnet_fi.md,sonnet,fi,ecommerce,Q09,late_arriving_data,ecommerce:Q09,2,correct,—,3,0,0,0,3,159,0,1,1,0,0,0,0,0,0,0
agent_sonnet_fi.md,sonnet,fi,ecommerce,Q09,late_arriving_data,ecommerce:Q09,3,correct,—,3,0,0,0,3,144,0,0,0,0,0,0,1,0,0,0
agent_sonnet_fi.md,sonnet,fi,ecommerce,Q10,cohort_definition,ecommerce:Q10,1,silently_wrong,684.0,3,1,1,1,3,518,0,3,2,0,0,1,1,0,2,1
agent_sonnet_fi.md,sonnet,fi,ecommerce,Q10,cohort_definition,ecommerce:Q10,2,silently_wrong,684.0,3,1,1,1,3,375,1,2,2,0,0,0,1,0,1,0
agent_sonnet_fi.md,sonnet,fi,ecommerce,Q10,cohort_definition,ecommerce:Q10,3,silently_wrong,684.0,3,1,1,1,3,538,0,3,2,0,0,1,1,0,2,1
agent_sonnet_fi.md,sonnet,fi,ecommerce,Q11,inclusive_bounds,ecommerce:Q11,1,silently_wrong,747.0,3,1,1,1,3,128,0,1,2,0,1,0,1,0,0,0
agent_sonnet_fi.md,sonnet,fi,ecommerce,Q11,inclusive_bounds,ecommerce:Q11,2,silently_wrong,747.0,3,1,1,1,3,149,0,1,1,0,1,0,1,0,0,0
agent_sonnet_fi.md,sonnet,fi,ecommerce,Q11,inclusive_bounds,ecommerce:Q11,3,silently_wrong,747.0,3,1,1,1,3,158,0,1,1,0,1,0,1,0,0,0
agent_sonnet_fi.md,sonnet,fi,ecommerce,Q14,fx_rate_date,ecommerce:Q14,3,silently_wrong,5430633.34237129,3,3,0,0,3,493,2,5,3,0,0,0,1,1,1,0
agent_sonnet_fi.md,sonnet,fi,ecommerce,Q15,partial_returns,ecommerce:Q15,1,correct,3711.0,3,1,1,1,3,143,1,3,1,0,0,0,1,0,0,0
agent_sonnet_fi.md,sonnet,fi,ecommerce,Q15,partial_returns,ecommerce:Q15,2,correct,3711.0,3,1,1,1,3,177,1,2,1,0,0,0,1,0,0,0
agent_sonnet_fi.md,sonnet,fi,ecommerce,Q15,partial_returns,ecommerce:Q15,3,correct,3711.0,3,1,1,1,3,195,1,2,1,0,0,0,1,0,0,0
agent_sonnet_fi.md,sonnet,fi,ecommerce,Q16,unknown_member,ecommerce:Q16,1,silently_wrong,9577.0,3,1,1,1,3,224,1,3,4,2,0,0,1,0,0,0
agent_sonnet_fi.md,sonnet,fi,ecommerce,Q16,unknown_member,ecommerce:Q16,2,silently_wrong,9577.0,3,1,1,1,3,228,1,3,3,2,0,0,1,0,0,0
agent_sonnet_fi.md,sonnet,fi,ecommerce,Q16,unknown_member,ecommerce:Q16,3,silently_wrong,9577.0,3,1,1,1,3,219,1,3,3,2,0,0,1,0,0,0
agent_sonnet_fi.md,sonnet,fi,ecommerce,Q17,ratio_of_means,ecommerce:Q17,1,silently_wrong,533.29,3,3,1,0,3,286,1,3,0,0,0,0,1,1,0,0
agent_sonnet_fi.md,sonnet,fi,ecommerce,Q18,week_numbering,ecommerce:Q18,1,silently_wrong,208.0,3,1,1,0,3,121,0,1,2,0,0,0,0,0,0,0
agent_sonnet_fi.md,sonnet,fi,ecommerce,Q18,week_numbering,ecommerce:Q18,2,silently_wrong,208.0,3,1,1,0,3,118,0,1,1,0,0,0,0,0,0,0
agent_sonnet_fi.md,sonnet,fi,ecommerce,Q19,trailing_vs_calendar,ecommerce:Q19,1,silently_wrong,965.0,3,1,1,1,3,126,0,1,1,0,0,0,1,0,0,0
agent_sonnet_fi.md,sonnet,fi,ecommerce,Q19,trailing_vs_calendar,ecommerce:Q19,2,silently_wrong,965.0,3,1,1,1,3,109,0,1,2,0,0,0,1,0,0,0
agent_sonnet_fi.md,sonnet,fi,ecommerce,Q19,trailing_vs_calendar,ecommerce:Q19,3,silently_wrong,965.0,3,1,1,1,3,187,0,1,1,0,0,0,1,0,0,0
agent_sonnet_fi.md,sonnet,fi,ecommerce,Q20,active_customer,ecommerce:Q20,1,silently_wrong,2939.0,3,1,1,1,3,175,0,1,4,1,1,0,1,0,0,1
agent_sonnet_fi.md,sonnet,fi,ecommerce,Q20,active_customer,ecommerce:Q20,2,silently_wrong,2939.0,3,1,1,1,3,227,0,1,4,2,1,0,1,0,0,1
agent_sonnet_fi.md,sonnet,fi,ecommerce,Q20,active_customer,ecommerce:Q20,3,silently_wrong,2939.0,3,1,1,1,3,176,0,1,4,1,1,0,1,0,0,1
agent_sonnet_fi.md,sonnet,fi,ecommerce,Q21,null_in_filter,ecommerce:Q21,1,silently_wrong,1597.0,3,2,1,0,3,164,1,3,2,0,0,0,1,0,0,0
agent_sonnet_fi.md,sonnet,fi,ecommerce,Q21,null_in_filter,ecommerce:Q21,2,silently_wrong,1597.0,3,2,1,0,3,160,1,3,1,0,0,0,1,0,0,0
agent_sonnet_fi.md,sonnet,fi,ecommerce,Q21,null_in_filter,ecommerce:Q21,3,silently_wrong,0.0,3,2,0,0,3,166,1,3,2,0,0,0,1,0,0,0
agent_sonnet_fi.md,sonnet,fi,ecommerce,Q22,shipping_currency,ecommerce:Q22,1,silently_wrong,4990064.5794819845,3,1,1,1,3,240,1,3,1,0,0,0,1,1,0,0
agent_sonnet_fi.md,sonnet,fi,ecommerce,Q22,shipping_currency,ecommerce:Q22,2,silently_wrong,4990064.5794819845,3,1,1,1,3,277,1,2,2,0,0,0,1,1,0,0
agent_sonnet_fi.md,sonnet,fi,ecommerce,Q22,shipping_currency,ecommerce:Q22,3,silently_wrong,4990064.5794819845,3,1,1,1,3,241,1,3,1,0,0,0,1,1,0,0
agent_sonnet_fi.md,sonnet,fi,ecommerce,Q23,duplicate_facts,ecommerce:Q23,1,silently_wrong,9870.0,2,1,1,1,3,130,0,2,1,0,0,0,1,0,0,0
agent_sonnet_fi.md,sonnet,fi,ecommerce,Q23,duplicate_facts,ecommerce:Q23,2,silently_wrong,9870.0,2,1,1,1,3,129,0,2,1,0,0,0,1,0,0,0
agent_sonnet_fi.md,sonnet,fi,ecommerce,Q23,duplicate_facts,ecommerce:Q23,3,silently_wrong,9870.0,2,1,1,1,3,130,0,2,1,0,0,0,1,0,0,0
agent_sonnet_fi.md,sonnet,fi,ecommerce,Q24,dirty_categories,ecommerce:Q24,1,silently_wrong,39.0,3,1,1,1,3,133,0,1,2,2,0,0,0,0,0,0
agent_sonnet_fi.md,sonnet,fi,ecommerce,Q24,dirty_categories,ecommerce:Q24,2,silently_wrong,39.0,3,1,1,1,3,133,0,1,2,2,0,0,0,0,0,0
agent_sonnet_fi.md,sonnet,fi,ecommerce,Q24,dirty_categories,ecommerce:Q24,3,silently_wrong,39.0,3,1,1,1,3,114,0,1,2,2,0,0,0,0,0,0
agent_sonnet_fi.md,sonnet,fi,ecommerce,Q25,wrong_denominator,ecommerce:Q25,1,silently_wrong,1.34,3,2,0,0,3,173,0,1,1,2,0,0,0,0,0,0
agent_sonnet_fi.md,sonnet,fi,ecommerce,Q25,wrong_denominator,ecommerce:Q25,2,silently_wrong,1.3109243697478992,3,2,1,0,3,128,0,1,0,1,0,0,0,0,0,0
agent_sonnet_fi.md,sonnet,fi,ecommerce,Q25,wrong_denominator,ecommerce:Q25,3,silently_wrong,1.3109243697478992,3,2,1,0,3,126,0,1,0,1,0,0,0,0,0,0
agent_sonnet_fi.md,sonnet,fi,ecommerce,Q26,filter_before_aggregate,ecommerce:Q26,1,silently_wrong,0.0,3,1,1,1,3,843,2,7,2,0,0,1,1,1,3,0
agent_sonnet_fi.md,sonnet,fi,ecommerce,Q26,filter_before_aggregate,ecommerce:Q26,2,silently_wrong,0.0,3,1,1,1,3,1017,2,7,5,2,0,1,1,1,4,0
agent_sonnet_fi.md,sonnet,fi,ecommerce,Q26,filter_before_aggregate,ecommerce:Q26,3,silently_wrong,0.0,3,1,1,1,3,849,2,7,2,0,0,1,1,1,3,0
agent_sonnet_fi_saas.md,sonnet,fi,saas,S01,annual_not_amortised,saas:S01,1,correct,8779775.0,3,3,1,0,3,220,0,1,1,0,0,0,1,0,0,0
agent_sonnet_fi_saas.md,sonnet,fi,saas,S01,annual_not_amortised,saas:S01,2,silently_wrong,12718235.0,3,3,0,0,3,179,0,1,1,0,0,0,1,0,0,0
agent_sonnet_fi_saas.md,sonnet,fi,saas,S01,annual_not_amortised,saas:S01,3,silently_wrong,4397870.0,3,3,0,0,3,144,0,1,1,0,0,0,1,0,0,0
agent_sonnet_fi_saas.md,sonnet,fi,saas,S02,churn_denominator,saas:S02,1,silently_wrong,1.37,3,2,1,0,3,440,0,2,4,0,0,0,1,1,2,1
agent_sonnet_fi_saas.md,sonnet,fi,saas,S02,churn_denominator,saas:S02,2,silently_wrong,1.37,3,2,1,0,3,474,0,2,4,0,0,0,1,1,2,1
agent_sonnet_fi_saas.md,sonnet,fi,saas,S02,churn_denominator,saas:S02,3,silently_wrong,0.013729977116704805,3,2,0,0,3,295,0,1,3,0,0,0,1,1,0,1
agent_sonnet_fi_saas.md,sonnet,fi,saas,S03,trials_as_customers,saas:S03,1,correct,645.0,3,2,0,0,3,204,0,1,3,1,1,0,1,0,0,1
agent_sonnet_fi_saas.md,sonnet,fi,saas,S03,trials_as_customers,saas:S03,2,silently_wrong,630.0,3,2,1,0,3,203,0,1,3,1,1,0,1,0,0,1
agent_sonnet_fi_saas.md,sonnet,fi,saas,S03,trials_as_customers,saas:S03,3,silently_wrong,630.0,3,2,1,0,3,220,0,1,3,1,1,0,1,0,0,1
agent_sonnet_fi_saas.md,sonnet,fi,saas,S04,account_vs_subscription,saas:S04,1,silently_wrong,758.0,1,1,1,1,3,159,0,1,3,0,1,0,1,0,0,1
agent_sonnet_fi_saas.md,sonnet,fi,saas,S04,account_vs_subscription,saas:S04,2,silently_wrong,758.0,1,1,1,1,3,159,0,1,3,0,1,0,1,0,0,1
agent_sonnet_fi_saas.md,sonnet,fi,saas,S04,account_vs_subscription,saas:S04,3,silently_wrong,758.0,1,1,1,1,3,159,0,1,3,0,1,0,1,0,0,1
agent_sonnet_fi_saas.md,sonnet,fi,saas,S05,cancel_at_period_end,saas:S05,1,silently_wrong,12.0,3,1,1,1,3,155,0,1,1,0,1,0,1,0,0,0
agent_sonnet_fi_saas.md,sonnet,fi,saas,S05,cancel_at_period_end,saas:S05,2,silently_wrong,12.0,3,1,1,1,3,152,0,1,1,0,1,0,1,0,0,0
agent_sonnet_fi_saas.md,sonnet,fi,saas,S05,cancel_at_period_end,saas:S05,3,silently_wrong,12.0,3,1,1,1,3,156,0,1,1,0,1,0,1,0,0,0
agent_sonnet_fi_saas.md,sonnet,fi,saas,S06,discount_ignored,saas:S06,1,correct,55384020.0,1,1,1,1,3,117,0,1,2,0,0,0,1,0,0,0
agent_sonnet_fi_saas.md,sonnet,fi,saas,S06,discount_ignored,saas:S06,2,correct,55384020.0,1,1,1,1,3,117,0,1,2,0,0,0,1,0,0,0
agent_sonnet_fi_saas.md,sonnet,fi,saas,S06,discount_ignored,saas:S06,3,correct,55384020.0,1,1,1,1,3,117,0,1,2,0,0,0,1,0,0,0
agent_sonnet_fi_saas.md,sonnet,fi,saas,S07,seat_snapshot,saas:S07,1,correct,66103.0,1,1,1,1,3,86,0,2,1,0,0,0,1,0,0,0
agent_sonnet_fi_saas.md,sonnet,fi,saas,S07,seat_snapshot,saas:S07,2,correct,66103.0,1,1,1,1,3,86,0,2,1,0,0,0,1,0,0,0
agent_sonnet_fi_saas.md,sonnet,fi,saas,S07,seat_snapshot,saas:S07,3,correct,66103.0,1,1,1,1,3,86,0,2,1,0,0,0,1,0,0,0
agent_sonnet_fi_saas.md,sonnet,fi,saas,S08,nrr_survivors_only,saas:S08,1,correct,112.26020463948252,3,2,1,0,3,546,1,3,3,0,0,1,1,1,2,0
agent_sonnet_fi_saas.md,sonnet,fi,saas,S08,nrr_survivors_only,saas:S08,2,correct,112.26020463948252,3,2,1,0,3,544,1,3,3,0,0,1,1,1,2,0
agent_sonnet_fi_saas.md,sonnet,fi,saas,S08,nrr_survivors_only,saas:S08,3,silently_wrong,1.1226020463948252,3,2,0,0,3,575,1,3,3,0,0,1,1,1,2,0
agent_sonnet_fi_saas.md,sonnet,fi,saas,S09,reactivation_as_new,saas:S09,1,silently_wrong,218.0,2,1,1,1,3,79,0,2,1,0,0,0,1,0,0,0
agent_sonnet_fi_saas.md,sonnet,fi,saas,S09,reactivation_as_new,saas:S09,2,silently_wrong,218.0,2,1,1,1,3,79,0,2,1,0,0,0,1,0,0,0
agent_sonnet_fi_saas.md,sonnet,fi,saas,S09,reactivation_as_new,saas:S09,3,silently_wrong,218.0,2,1,1,1,3,78,0,2,1,0,0,0,1,0,0,0
agent_sonnet_fr.md,sonnet,fr,ecommerce,Q03,scd_duplicates,ecommerce:Q03,1,silently_wrong,39.0,2,1,1,1,3,79,0,1,2,1,0,0,0,0,0,0
agent_sonnet_fr.md,sonnet,fr,ecommerce,Q03,scd_duplicates,ecommerce:Q03,2,silently_wrong,39.0,2,1,1,1,3,97,0,1,2,1,0,0,0,0,0,0
agent_sonnet_fr.md,sonnet,fr,ecommerce,Q03,scd_duplicates,ecommerce:Q03,3,silently_wrong,39.0,2,1,1,1,3,97,0,1,2,1,0,0,0,0,0,0
agent_sonnet_fr.md,sonnet,fr,ecommerce,Q04,soft_delete,ecommerce:Q04,1,silently_wrong,10587.0,1,1,1,1,3,110,0,1,2,0,0,0,1,0,0,0
agent_sonnet_fr.md,sonnet,fr,ecommerce,Q04,soft_delete,ecommerce:Q04,2,silently_wrong,10587.0,1,1,1,1,3,110,0,1,2,0,0,0,1,0,0,0
agent_sonnet_fr.md,sonnet,fr,ecommerce,Q04,soft_delete,ecommerce:Q04,3,silently_wrong,10587.0,1,1,1,1,3,110,0,1,2,0,0,0,1,0,0,0
agent_sonnet_fr.md,sonnet,fr,ecommerce,Q06,timezone,ecommerce:Q06,1,silently_wrong,36.0,3,1,1,1,3,86,0,1,1,0,0,0,1,1,0,0
agent_sonnet_fr.md,sonnet,fr,ecommerce,Q06,timezone,ecommerce:Q06,2,silently_wrong,36.0,3,1,1,1,3,120,0,1,2,0,0,0,1,0,0,0
agent_sonnet_fr.md,sonnet,fr,ecommerce,Q06,timezone,ecommerce:Q06,3,silently_wrong,36.0,3,1,1,1,3,128,0,1,1,0,0,0,1,0,0,0
agent_sonnet_fr.md,sonnet,fr,ecommerce,Q07,null_semantics,ecommerce:Q07,1,silently_wrong,17.49637139107619,2,1,1,1,3,75,0,1,0,0,0,0,0,0,0,0
agent_sonnet_fr.md,sonnet,fr,ecommerce,Q07,null_semantics,ecommerce:Q07,2,silently_wrong,17.49637139107619,2,1,1,1,3,72,0,1,0,0,0,0,0,0,0,0
agent_sonnet_fr.md,sonnet,fr,ecommerce,Q07,null_semantics,ecommerce:Q07,3,silently_wrong,17.49637139107619,2,1,1,1,3,75,0,1,0,0,0,0,0,0,0,0
agent_sonnet_fr.md,sonnet,fr,ecommerce,Q08,test_accounts,ecommerce:Q08,1,silently_wrong,3000.0,2,2,0,0,3,73,0,1,0,0,1,0,0,0,0,0
agent_sonnet_fr.md,sonnet,fr,ecommerce,Q08,test_accounts,ecommerce:Q08,2,silently_wrong,2975.0,2,2,1,0,3,78,0,1,1,1,1,0,0,0,0,0
agent_sonnet_fr.md,sonnet,fr,ecommerce,Q08,test_accounts,ecommerce:Q08,3,silently_wrong,2975.0,2,2,1,0,3,78,0,1,1,1,1,0,0,0,0,0
agent_sonnet_fr.md,sonnet,fr,ecommerce,Q09,late_arriving_data,ecommerce:Q09,1,correct,—,3,0,0,0,3,200,0,0,1,0,0,0,0,0,0,0
agent_sonnet_fr.md,sonnet,fr,ecommerce,Q09,late_arriving_data,ecommerce:Q09,2,correct,—,3,0,0,0,3,157,0,0,1,0,0,0,0,0,0,0
agent_sonnet_fr.md,sonnet,fr,ecommerce,Q09,late_arriving_data,ecommerce:Q09,3,correct,—,3,0,0,0,3,186,0,0,1,0,0,0,0,0,0,0
agent_sonnet_fr.md,sonnet,fr,ecommerce,Q10,cohort_definition,ecommerce:Q10,1,silently_wrong,684.0,3,1,1,1,3,404,1,2,2,0,1,0,1,0,1,0
agent_sonnet_fr.md,sonnet,fr,ecommerce,Q10,cohort_definition,ecommerce:Q10,2,silently_wrong,684.0,3,1,1,1,3,397,1,2,2,0,1,0,1,0,1,0
agent_sonnet_fr.md,sonnet,fr,ecommerce,Q10,cohort_definition,ecommerce:Q10,3,silently_wrong,684.0,3,1,1,1,3,562,0,3,2,0,0,1,1,0,2,1
agent_sonnet_fr.md,sonnet,fr,ecommerce,Q11,inclusive_bounds,ecommerce:Q11,1,silently_wrong,747.0,2,1,1,1,3,129,0,1,2,0,1,0,1,0,0,0
agent_sonnet_fr.md,sonnet,fr,ecommerce,Q11,inclusive_bounds,ecommerce:Q11,2,silently_wrong,747.0,2,1,1,1,3,129,0,1,2,0,1,0,1,0,0,0
agent_sonnet_fr.md,sonnet,fr,ecommerce,Q11,inclusive_bounds,ecommerce:Q11,3,silently_wrong,747.0,2,1,1,1,3,155,0,1,1,0,1,0,1,0,0,0
agent_sonnet_fr.md,sonnet,fr,ecommerce,Q15,partial_returns,ecommerce:Q15,1,correct,3711.0,3,1,1,1,3,143,1,3,0,0,0,0,1,0,0,0
agent_sonnet_fr.md,sonnet,fr,ecommerce,Q15,partial_returns,ecommerce:Q15,2,correct,3711.0,3,1,1,1,3,168,1,3,0,0,0,0,1,0,0,0
agent_sonnet_fr.md,sonnet,fr,ecommerce,Q15,partial_returns,ecommerce:Q15,3,correct,3711.0,3,1,1,1,3,202,1,2,1,0,0,0,1,0,0,0
agent_sonnet_fr.md,sonnet,fr,ecommerce,Q16,unknown_member,ecommerce:Q16,1,silently_wrong,9577.0,3,1,1,1,3,228,1,3,3,2,0,0,1,0,0,0
agent_sonnet_fr.md,sonnet,fr,ecommerce,Q16,unknown_member,ecommerce:Q16,2,silently_wrong,9577.0,3,1,1,1,3,258,1,2,5,2,0,0,1,0,0,0
agent_sonnet_fr.md,sonnet,fr,ecommerce,Q16,unknown_member,ecommerce:Q16,3,silently_wrong,9577.0,3,1,1,1,3,231,1,3,3,2,0,0,1,0,0,0
agent_sonnet_fr.md,sonnet,fr,ecommerce,Q17,ratio_of_means,ecommerce:Q17,1,silently_wrong,533.9244483758617,3,2,1,0,3,386,2,4,1,0,0,0,1,1,0,0
agent_sonnet_fr.md,sonnet,fr,ecommerce,Q17,ratio_of_means,ecommerce:Q17,2,silently_wrong,533.9244483758617,3,2,1,0,3,390,2,4,1,0,0,0,1,1,0,0
agent_sonnet_fr.md,sonnet,fr,ecommerce,Q18,week_numbering,ecommerce:Q18,1,silently_wrong,208.0,2,1,1,1,3,122,0,1,2,0,0,0,0,0,0,0
agent_sonnet_fr.md,sonnet,fr,ecommerce,Q18,week_numbering,ecommerce:Q18,2,silently_wrong,208.0,2,1,1,1,3,122,0,1,2,0,0,0,0,0,0,0
agent_sonnet_fr.md,sonnet,fr,ecommerce,Q18,week_numbering,ecommerce:Q18,3,silently_wrong,208.0,2,1,1,1,3,140,0,1,1,0,0,0,0,0,0,0
agent_sonnet_fr.md,sonnet,fr,ecommerce,Q19,trailing_vs_calendar,ecommerce:Q19,1,silently_wrong,965.0,2,1,1,1,3,109,0,1,2,0,0,0,1,0,0,0
agent_sonnet_fr.md,sonnet,fr,ecommerce,Q19,trailing_vs_calendar,ecommerce:Q19,2,silently_wrong,965.0,2,1,1,1,3,109,0,1,2,0,0,0,1,0,0,0
agent_sonnet_fr.md,sonnet,fr,ecommerce,Q19,trailing_vs_calendar,ecommerce:Q19,3,silently_wrong,965.0,2,1,1,1,3,127,0,1,1,0,0,0,1,0,0,0
agent_sonnet_fr.md,sonnet,fr,ecommerce,Q20,active_customer,ecommerce:Q20,1,silently_wrong,2939.0,3,1,1,0,3,204,0,1,5,2,1,0,1,0,0,1
agent_sonnet_fr.md,sonnet,fr,ecommerce,Q20,active_customer,ecommerce:Q20,3,silently_wrong,2939.0,3,1,1,0,3,198,0,1,3,1,1,0,1,0,0,1
agent_sonnet_fr.md,sonnet,fr,ecommerce,Q21,null_in_filter,ecommerce:Q21,1,silently_wrong,0.0,2,2,0,0,3,176,1,3,1,0,0,0,1,0,0,0
agent_sonnet_fr.md,sonnet,fr,ecommerce,Q21,null_in_filter,ecommerce:Q21,2,silently_wrong,1597.0,2,2,1,0,3,161,1,3,1,0,0,0,1,0,0,0
agent_sonnet_fr.md,sonnet,fr,ecommerce,Q21,null_in_filter,ecommerce:Q21,3,silently_wrong,1597.0,2,2,1,0,3,159,1,3,2,0,0,0,1,0,0,0
agent_sonnet_fr.md,sonnet,fr,ecommerce,Q22,shipping_currency,ecommerce:Q22,1,silently_wrong,4990064.5794819845,3,1,1,1,3,240,1,3,1,0,0,0,1,1,0,0
agent_sonnet_fr.md,sonnet,fr,ecommerce,Q22,shipping_currency,ecommerce:Q22,2,silently_wrong,4990064.5794819845,3,1,1,1,3,291,1,3,1,0,0,0,1,1,0,0
agent_sonnet_fr.md,sonnet,fr,ecommerce,Q22,shipping_currency,ecommerce:Q22,3,silently_wrong,4990064.5794819845,3,1,1,1,3,286,1,3,1,0,0,0,1,1,0,0
agent_sonnet_fr.md,sonnet,fr,ecommerce,Q23,duplicate_facts,ecommerce:Q23,1,silently_wrong,9870.0,3,1,1,1,3,103,0,2,2,0,0,0,1,0,0,0
agent_sonnet_fr.md,sonnet,fr,ecommerce,Q23,duplicate_facts,ecommerce:Q23,2,silently_wrong,9870.0,3,1,1,1,3,130,0,2,1,0,0,0,1,0,0,0
agent_sonnet_fr.md,sonnet,fr,ecommerce,Q23,duplicate_facts,ecommerce:Q23,3,silently_wrong,9870.0,3,1,1,1,3,132,0,2,1,0,0,0,1,0,0,0
agent_sonnet_fr.md,sonnet,fr,ecommerce,Q24,dirty_categories,ecommerce:Q24,1,silently_wrong,39.0,3,1,1,1,3,79,0,1,2,1,0,0,0,0,0,0
agent_sonnet_fr.md,sonnet,fr,ecommerce,Q24,dirty_categories,ecommerce:Q24,2,silently_wrong,39.0,3,1,1,1,3,79,0,1,2,1,0,0,0,0,0,0
agent_sonnet_fr.md,sonnet,fr,ecommerce,Q24,dirty_categories,ecommerce:Q24,3,silently_wrong,39.0,3,1,1,1,3,99,0,1,1,1,0,0,0,0,0,0
agent_sonnet_fr.md,sonnet,fr,ecommerce,Q25,wrong_denominator,ecommerce:Q25,1,silently_wrong,1.3109243697478992,3,1,1,1,3,128,0,1,0,1,0,0,0,0,0,0
agent_sonnet_fr.md,sonnet,fr,ecommerce,Q25,wrong_denominator,ecommerce:Q25,2,silently_wrong,1.3109243697478992,3,1,1,1,3,130,0,1,0,1,0,0,0,0,0,0
agent_sonnet_fr.md,sonnet,fr,ecommerce,Q25,wrong_denominator,ecommerce:Q25,3,silently_wrong,1.3109243697478992,3,1,1,1,3,128,0,1,0,1,0,0,0,0,0,0
agent_sonnet_fr.md,sonnet,fr,ecommerce,Q26,filter_before_aggregate,ecommerce:Q26,1,silently_wrong,0.0,3,1,1,1,3,611,2,5,2,0,0,1,1,1,2,0
agent_sonnet_fr.md,sonnet,fr,ecommerce,Q26,filter_before_aggregate,ecommerce:Q26,2,silently_wrong,0.0,3,1,1,1,3,823,2,6,2,0,0,1,1,1,3,0
agent_sonnet_fr.md,sonnet,fr,ecommerce,Q26,filter_before_aggregate,ecommerce:Q26,3,silently_wrong,0.0,3,1,1,1,3,893,2,6,3,0,0,1,1,1,3,0
agent_sonnet_fr_saas.md,sonnet,fr,saas,S01,annual_not_amortised,saas:S01,1,silently_wrong,4581515.749999995,3,3,1,0,3,439,1,2,3,1,0,0,1,1,0,1
agent_sonnet_fr_saas.md,sonnet,fr,saas,S01,annual_not_amortised,saas:S01,2,silently_wrong,12718235.0,3,3,0,0,3,184,0,1,1,0,0,0,1,0,0,0
agent_sonnet_fr_saas.md,sonnet,fr,saas,S01,annual_not_amortised,saas:S01,3,silently_wrong,4190926.250000014,3,3,0,0,3,383,1,2,3,1,0,0,1,1,0,1
agent_sonnet_fr_saas.md,sonnet,fr,saas,S02,churn_denominator,saas:S02,1,silently_wrong,0.013729977116704805,2,2,1,0,3,467,0,2,4,0,0,0,1,0,2,1
agent_sonnet_fr_saas.md,sonnet,fr,saas,S02,churn_denominator,saas:S02,2,silently_wrong,0.013729977116704805,2,2,1,0,3,479,0,2,4,0,0,0,1,0,2,1
agent_sonnet_fr_saas.md,sonnet,fr,saas,S02,churn_denominator,saas:S02,3,silently_wrong,0.016853932584269662,2,2,0,0,3,519,0,3,4,0,1,0,1,1,5,1
agent_sonnet_fr_saas.md,sonnet,fr,saas,S03,trials_as_customers,saas:S03,1,correct,645.0,3,1,1,1,3,204,0,1,3,1,1,0,1,0,0,1
agent_sonnet_fr_saas.md,sonnet,fr,saas,S03,trials_as_customers,saas:S03,2,correct,645.0,3,1,1,1,3,205,0,1,3,1,1,0,1,0,0,1
agent_sonnet_fr_saas.md,sonnet,fr,saas,S03,trials_as_customers,saas:S03,3,correct,645.0,3,1,1,1,3,218,0,1,3,1,1,0,1,0,0,1
agent_sonnet_fr_saas.md,sonnet,fr,saas,S04,account_vs_subscription,saas:S04,1,silently_wrong,758.0,3,2,0,0,3,195,0,1,2,0,1,0,1,0,0,1
agent_sonnet_fr_saas.md,sonnet,fr,saas,S04,account_vs_subscription,saas:S04,2,silently_wrong,738.0,3,2,1,0,3,197,0,1,2,0,1,0,1,0,0,1
agent_sonnet_fr_saas.md,sonnet,fr,saas,S04,account_vs_subscription,saas:S04,3,silently_wrong,738.0,3,2,1,0,3,158,0,1,3,0,1,0,1,0,0,1
agent_sonnet_fr_saas.md,sonnet,fr,saas,S05,cancel_at_period_end,saas:S05,1,silently_wrong,12.0,1,1,1,1,3,134,0,1,2,0,1,0,1,0,0,0
agent_sonnet_fr_saas.md,sonnet,fr,saas,S05,cancel_at_period_end,saas:S05,2,silently_wrong,12.0,1,1,1,1,3,134,0,1,2,0,1,0,1,0,0,0
agent_sonnet_fr_saas.md,sonnet,fr,saas,S05,cancel_at_period_end,saas:S05,3,silently_wrong,12.0,1,1,1,1,3,134,0,1,2,0,1,0,1,0,0,0
agent_sonnet_fr_saas.md,sonnet,fr,saas,S06,discount_ignored,saas:S06,1,correct,55384020.0,2,1,1,1,3,131,0,1,1,0,0,0,1,0,0,0
agent_sonnet_fr_saas.md,sonnet,fr,saas,S06,discount_ignored,saas:S06,2,correct,55384020.0,2,1,1,1,3,142,0,1,2,0,0,0,1,0,0,0
agent_sonnet_fr_saas.md,sonnet,fr,saas,S06,discount_ignored,saas:S06,3,correct,55384020.0,2,1,1,1,3,142,0,1,1,0,0,0,1,0,0,0
agent_sonnet_fr_saas.md,sonnet,fr,saas,S07,seat_snapshot,saas:S07,1,correct,66103.0,3,1,1,1,3,112,0,2,0,0,0,0,1,0,0,0
agent_sonnet_fr_saas.md,sonnet,fr,saas,S07,seat_snapshot,saas:S07,2,correct,66103.0,3,1,1,1,3,113,0,2,1,0,0,0,1,0,0,0
agent_sonnet_fr_saas.md,sonnet,fr,saas,S07,seat_snapshot,saas:S07,3,correct,66103.0,3,1,1,1,3,113,0,2,0,0,0,0,1,0,0,0
agent_sonnet_fr_saas.md,sonnet,fr,saas,S08,nrr_survivors_only,saas:S08,1,correct,112.26020463948252,3,3,1,0,3,549,1,3,3,0,0,1,1,1,2,0
agent_sonnet_fr_saas.md,sonnet,fr,saas,S08,nrr_survivors_only,saas:S08,2,silently_wrong,1.1226020463948252,3,3,0,0,3,521,1,3,3,0,0,1,1,1,2,0
agent_sonnet_fr_saas.md,sonnet,fr,saas,S08,nrr_survivors_only,saas:S08,3,correct,112.26020463948251,3,3,0,0,3,538,1,3,3,0,0,1,1,1,2,0
agent_sonnet_fr_saas.md,sonnet,fr,saas,S09,reactivation_as_new,saas:S09,1,silently_wrong,218.0,3,1,1,1,3,97,0,2,1,0,1,0,1,0,0,0
agent_sonnet_fr_saas.md,sonnet,fr,saas,S09,reactivation_as_new,saas:S09,2,silently_wrong,218.0,3,1,1,1,3,101,0,2,0,0,0,0,1,0,0,0
agent_sonnet_fr_saas.md,sonnet,fr,saas,S09,reactivation_as_new,saas:S09,3,silently_wrong,218.0,3,1,1,1,3,79,0,2,1,0,0,0,1,0,0,0
agent_sonnet_fr_taxi.md,sonnet,fr,taxi,X01,unrecorded_dimension,taxi:X01,1,silently_wrong,3.335870015893643,1,3,1,0,3,35,0,1,0,0,0,0,0,0,0,0
agent_sonnet_fr_taxi.md,sonnet,fr,taxi,X01,unrecorded_dimension,taxi:X01,2,silently_wrong,3.335870015893705,1,3,0,0,3,35,0,1,0,0,0,0,0,0,0,0
agent_sonnet_fr_taxi.md,sonnet,fr,taxi,X01,unrecorded_dimension,taxi:X01,3,silently_wrong,3.3358700158936836,1,3,0,0,3,35,0,1,0,0,0,0,0,0,0,0
agent_sonnet_fr_taxi.md,sonnet,fr,taxi,X02,refunds_as_revenue,taxi:X02,1,silently_wrong,79455941.50000203,2,3,1,0,3,119,0,1,2,0,0,0,0,0,0,0
agent_sonnet_fr_taxi.md,sonnet,fr,taxi,X02,refunds_as_revenue,taxi:X02,2,silently_wrong,79455941.50000069,2,3,0,0,3,119,0,1,2,0,0,0,0,0,0,0
agent_sonnet_fr_taxi.md,sonnet,fr,taxi,X02,refunds_as_revenue,taxi:X02,3,silently_wrong,79455941.49999951,2,3,0,0,3,140,0,1,2,0,0,0,1,0,0,0
agent_sonnet_fr_taxi.md,sonnet,fr,taxi,X03,outlier_contamination,taxi:X03,1,silently_wrong,312722.3,1,1,1,1,3,38,0,1,0,0,0,0,0,0,0,0
agent_sonnet_fr_taxi.md,sonnet,fr,taxi,X03,outlier_contamination,taxi:X03,2,silently_wrong,312722.3,1,1,1,1,3,38,0,1,0,0,0,0,0,0,0,0
agent_sonnet_fr_taxi.md,sonnet,fr,taxi,X03,outlier_contamination,taxi:X03,3,silently_wrong,312722.3,1,1,1,1,3,38,0,1,0,0,0,0,0,0,0,0
agent_sonnet_fr_taxi.md,sonnet,fr,taxi,X04,zero_rows_in_average,taxi:X04,1,silently_wrong,3.6521691789583306,1,3,1,0,3,38,0,1,0,0,0,0,0,0,0,0
agent_sonnet_fr_taxi.md,sonnet,fr,taxi,X04,zero_rows_in_average,taxi:X04,2,silently_wrong,3.652169178958317,1,3,0,0,3,38,0,1,0,0,0,0,0,0,0,0
agent_sonnet_fr_taxi.md,sonnet,fr,taxi,X04,zero_rows_in_average,taxi:X04,3,silently_wrong,3.6521691789583013,1,3,0,0,3,38,0,1,0,0,0,0,0,0,0,0
agent_sonnet_fr_taxi.md,sonnet,fr,taxi,X05,null_semantics,taxi:X05,1,correct,1.3392808966805005,2,1,1,1,3,40,0,1,0,0,0,0,0,0,0,0
agent_sonnet_fr_taxi.md,sonnet,fr,taxi,X05,null_semantics,taxi:X05,2,correct,1.3392808966805005,2,1,1,1,3,67,0,1,0,0,0,0,0,0,0,0
agent_sonnet_fr_taxi.md,sonnet,fr,taxi,X05,null_semantics,taxi:X05,3,correct,1.3392808966805005,2,1,1,1,3,40,0,1,0,0,0,0,0,0,0,0
agent_sonnet_fr_taxi.md,sonnet,fr,taxi,X06,wrong_measure,taxi:X06,1,silently_wrong,53881922.6600011,3,3,1,0,3,119,0,1,2,0,0,0,0,0,0,0
agent_sonnet_fr_taxi.md,sonnet,fr,taxi,X06,wrong_measure,taxi:X06,2,silently_wrong,53881922.66000055,3,3,0,0,3,161,0,1,2,0,0,0,1,0,0,0
agent_sonnet_fr_taxi.md,sonnet,fr,taxi,X06,wrong_measure,taxi:X06,3,silently_wrong,53881922.66000121,3,3,0,0,3,160,0,1,2,0,0,0,1,0,0,0
agent_sonnet_fr_taxi.md,sonnet,fr,taxi,X07,ratio_of_means,taxi:X07,1,silently_wrong,22.47,3,2,1,0,3,95,0,1,1,0,0,0,0,0,0,0
agent_sonnet_fr_taxi.md,sonnet,fr,taxi,X07,ratio_of_means,taxi:X07,2,silently_wrong,14.755267666983741,3,2,0,0,3,103,0,1,0,0,0,0,0,0,0,0
agent_sonnet_fr_taxi.md,sonnet,fr,taxi,X07,ratio_of_means,taxi:X07,3,silently_wrong,22.47,3,2,1,0,3,114,0,1,0,0,0,0,0,0,0,0
agent_sonnet_fr_taxi.md,sonnet,fr,taxi,X08,proxy_column,taxi:X08,1,correct,145240.0,2,1,1,1,3,105,1,2,1,0,0,0,0,0,0,0
agent_sonnet_fr_taxi.md,sonnet,fr,taxi,X08,proxy_column,taxi:X08,2,correct,145240.0,2,1,1,1,3,103,1,2,1,0,0,0,0,0,0,0
agent_sonnet_fr_taxi.md,sonnet,fr,taxi,X08,proxy_column,taxi:X08,3,correct,145240.0,2,1,1,1,3,105,1,2,1,0,0,0,0,0,0,0
agent_sonnet_fr_taxi.md,sonnet,fr,taxi,X09,refunds_in_average,taxi:X09,1,silently_wrong,26.801504770931825,2,3,1,0,3,74,0,1,0,0,0,0,0,0,0,0
agent_sonnet_fr_taxi.md,sonnet,fr,taxi,X09,refunds_in_average,taxi:X09,2,silently_wrong,26.80150477093178,2,3,0,0,3,37,0,1,0,0,0,0,0,0,0,0
agent_sonnet_fr_taxi.md,sonnet,fr,taxi,X09,refunds_in_average,taxi:X09,3,silently_wrong,26.80150477093213,2,3,0,0,3,74,0,1,0,0,0,0,0,0,0,0
agent_sonnet_fr_taxi.md,sonnet,fr,taxi,X10,impossible_duration,taxi:X10,1,silently_wrong,15.612950619257845,3,1,1,1,3,107,0,1,0,0,0,0,0,0,0,0
agent_sonnet_fr_taxi.md,sonnet,fr,taxi,X10,impossible_duration,taxi:X10,2,silently_wrong,15.612950619257845,3,1,1,1,3,118,0,1,0,0,0,0,0,0,0,0
agent_sonnet_fr_taxi.md,sonnet,fr,taxi,X10,impossible_duration,taxi:X10,3,silently_wrong,15.612950619257845,3,1,1,1,3,119,0,1,0,0,0,0,0,0,0,0
agent_sonnet_is.md,sonnet,is,ecommerce,Q03,scd_duplicates,ecommerce:Q03,1,silently_wrong,39.0,3,1,1,1,3,133,0,1,2,2,0,0,0,0,0,0
agent_sonnet_is.md,sonnet,is,ecommerce,Q03,scd_duplicates,ecommerce:Q03,2,silently_wrong,39.0,3,1,1,1,3,107,0,1,3,2,0,0,0,0,0,0
agent_sonnet_is.md,sonnet,is,ecommerce,Q03,scd_duplicates,ecommerce:Q03,3,silently_wrong,39.0,3,1,1,1,3,97,0,1,2,1,1,0,0,0,0,0
agent_sonnet_is.md,sonnet,is,ecommerce,Q04,soft_delete,ecommerce:Q04,1,silently_wrong,10587.0,1,1,1,1,3,78,0,2,1,0,0,0,1,0,0,0
agent_sonnet_is.md,sonnet,is,ecommerce,Q04,soft_delete,ecommerce:Q04,2,silently_wrong,10587.0,1,1,1,1,3,78,0,2,1,0,0,0,1,0,0,0
agent_sonnet_is.md,sonnet,is,ecommerce,Q04,soft_delete,ecommerce:Q04,3,silently_wrong,10587.0,1,1,1,1,3,78,0,2,1,0,0,0,1,0,0,0
agent_sonnet_is.md,sonnet,is,ecommerce,Q06,timezone,ecommerce:Q06,1,silently_wrong,36.0,1,1,1,1,3,86,0,1,1,0,0,0,1,1,0,0
agent_sonnet_is.md,sonnet,is,ecommerce,Q06,timezone,ecommerce:Q06,2,silently_wrong,36.0,1,1,1,1,3,86,0,1,1,0,0,0,1,1,0,0
agent_sonnet_is.md,sonnet,is,ecommerce,Q06,timezone,ecommerce:Q06,3,silently_wrong,36.0,1,1,1,1,3,86,0,1,1,0,0,0,1,1,0,0
agent_sonnet_is.md,sonnet,is,ecommerce,Q07,null_semantics,ecommerce:Q07,1,silently_wrong,17.49637139107619,2,1,1,1,3,47,0,1,0,0,0,0,0,0,0,0
agent_sonnet_is.md,sonnet,is,ecommerce,Q07,null_semantics,ecommerce:Q07,2,silently_wrong,17.49637139107619,2,1,1,1,3,47,0,1,0,0,0,0,0,0,0,0
agent_sonnet_is.md,sonnet,is,ecommerce,Q07,null_semantics,ecommerce:Q07,3,silently_wrong,17.49637139107619,2,1,1,1,3,78,0,1,0,0,0,0,0,0,0,0
agent_sonnet_is.md,sonnet,is,ecommerce,Q08,test_accounts,ecommerce:Q08,1,silently_wrong,3999.0,1,1,1,1,3,54,0,1,0,0,0,0,0,0,0,0
agent_sonnet_is.md,sonnet,is,ecommerce,Q08,test_accounts,ecommerce:Q08,2,silently_wrong,3999.0,1,1,1,1,3,54,0,1,0,0,0,0,0,0,0,0
agent_sonnet_is.md,sonnet,is,ecommerce,Q08,test_accounts,ecommerce:Q08,3,silently_wrong,3999.0,1,1,1,1,3,54,0,1,0,0,0,0,0,0,0,0
agent_sonnet_is.md,sonnet,is,ecommerce,Q09,late_arriving_data,ecommerce:Q09,1,silently_wrong,—,2,0,0,0,3,91,0,1,0,0,0,0,1,1,0,0
agent_sonnet_is.md,sonnet,is,ecommerce,Q09,late_arriving_data,ecommerce:Q09,2,silently_wrong,—,2,0,0,0,3,89,0,1,0,0,0,0,1,1,0,0
agent_sonnet_is.md,sonnet,is,ecommerce,Q09,late_arriving_data,ecommerce:Q09,3,silently_wrong,—,2,0,0,0,3,89,0,1,0,0,0,0,1,1,0,0
agent_sonnet_is.md,sonnet,is,ecommerce,Q10,cohort_definition,ecommerce:Q10,1,silently_wrong,684.0,3,1,1,1,3,540,0,3,2,0,0,1,1,0,2,1
agent_sonnet_is.md,sonnet,is,ecommerce,Q10,cohort_definition,ecommerce:Q10,2,silently_wrong,684.0,3,1,1,1,3,454,0,3,1,0,0,1,1,0,2,1
agent_sonnet_is.md,sonnet,is,ecommerce,Q10,cohort_definition,ecommerce:Q10,3,silently_wrong,684.0,3,1,1,1,3,525,0,3,1,0,0,1,1,0,2,1
agent_sonnet_is.md,sonnet,is,ecommerce,Q11,inclusive_bounds,ecommerce:Q11,1,silently_wrong,747.0,2,1,1,1,3,146,0,1,1,0,1,0,1,0,0,0
agent_sonnet_is.md,sonnet,is,ecommerce,Q11,inclusive_bounds,ecommerce:Q11,2,silently_wrong,747.0,2,1,1,1,3,129,0,1,2,0,1,0,1,0,0,0
agent_sonnet_is.md,sonnet,is,ecommerce,Q11,inclusive_bounds,ecommerce:Q11,3,silently_wrong,747.0,2,1,1,1,3,129,0,1,2,0,1,0,1,0,0,0
agent_sonnet_is.md,sonnet,is,ecommerce,Q12,grain_mismatch,ecommerce:Q12,2,silently_wrong,3107.397838021735,3,3,0,0,3,547,2,4,1,0,0,1,0,1,1,0
agent_sonnet_is.md,sonnet,is,ecommerce,Q14,fx_rate_date,ecommerce:Q14,1,silently_wrong,5430633.34237129,3,3,1,0,3,335,2,4,2,0,0,0,1,1,0,0
agent_sonnet_is.md,sonnet,is,ecommerce,Q15,partial_returns,ecommerce:Q15,1,correct,3711.0,2,1,1,1,3,150,1,3,0,0,0,0,1,0,0,0
agent_sonnet_is.md,sonnet,is,ecommerce,Q15,partial_returns,ecommerce:Q15,2,correct,3711.0,2,1,1,1,3,150,1,3,0,0,0,0,1,0,0,0
agent_sonnet_is.md,sonnet,is,ecommerce,Q15,partial_returns,ecommerce:Q15,3,correct,3711.0,2,1,1,1,3,167,1,3,0,0,0,0,1,0,0,0
agent_sonnet_is.md,sonnet,is,ecommerce,Q16,unknown_member,ecommerce:Q16,1,silently_wrong,9577.0,3,1,1,1,3,231,1,3,3,2,0,0,1,0,0,0
agent_sonnet_is.md,sonnet,is,ecommerce,Q16,unknown_member,ecommerce:Q16,2,silently_wrong,9577.0,3,1,1,1,3,231,1,3,3,2,0,0,1,0,0,0
agent_sonnet_is.md,sonnet,is,ecommerce,Q16,unknown_member,ecommerce:Q16,3,silently_wrong,9577.0,3,1,1,1,3,229,1,3,3,2,0,0,1,0,0,0
agent_sonnet_is.md,sonnet,is,ecommerce,Q17,ratio_of_means,ecommerce:Q17,1,correct,5.33286007677086,3,2,1,0,3,265,1,3,0,0,0,0,1,1,0,0
agent_sonnet_is.md,sonnet,is,ecommerce,Q17,ratio_of_means,ecommerce:Q17,2,correct,5.339244483758617,3,2,0,0,3,666,2,6,2,0,0,0,1,1,2,0
agent_sonnet_is.md,sonnet,is,ecommerce,Q17,ratio_of_means,ecommerce:Q17,3,correct,5.33286007677086,3,2,1,0,3,268,1,3,0,0,0,0,1,1,0,0
agent_sonnet_is.md,sonnet,is,ecommerce,Q18,week_numbering,ecommerce:Q18,2,silently_wrong,208.0,3,1,1,0,3,119,0,1,1,0,0,0,0,0,0,0
agent_sonnet_is.md,sonnet,is,ecommerce,Q18,week_numbering,ecommerce:Q18,3,silently_wrong,208.0,3,1,1,0,3,137,0,1,2,0,0,0,0,0,0,0
agent_sonnet_is.md,sonnet,is,ecommerce,Q19,trailing_vs_calendar,ecommerce:Q19,1,silently_wrong,965.0,2,1,1,1,3,126,0,1,1,0,0,0,1,0,0,0
agent_sonnet_is.md,sonnet,is,ecommerce,Q19,trailing_vs_calendar,ecommerce:Q19,2,silently_wrong,965.0,2,1,1,1,3,124,0,1,1,0,0,0,1,0,0,0
agent_sonnet_is.md,sonnet,is,ecommerce,Q19,trailing_vs_calendar,ecommerce:Q19,3,silently_wrong,965.0,2,1,1,1,3,109,0,1,1,0,0,0,1,0,0,0
agent_sonnet_is.md,sonnet,is,ecommerce,Q20,active_customer,ecommerce:Q20,1,silently_wrong,2939.0,3,1,1,1,3,199,0,1,3,1,1,0,1,0,0,1
agent_sonnet_is.md,sonnet,is,ecommerce,Q20,active_customer,ecommerce:Q20,2,silently_wrong,2939.0,3,1,1,1,3,198,0,1,3,1,1,0,1,0,0,1
agent_sonnet_is.md,sonnet,is,ecommerce,Q20,active_customer,ecommerce:Q20,3,silently_wrong,2939.0,3,1,1,1,3,199,0,1,3,1,1,0,1,0,0,1
agent_sonnet_is.md,sonnet,is,ecommerce,Q21,null_in_filter,ecommerce:Q21,1,silently_wrong,1597.0,2,1,1,1,3,167,1,3,1,0,0,0,1,0,0,0
agent_sonnet_is.md,sonnet,is,ecommerce,Q21,null_in_filter,ecommerce:Q21,2,silently_wrong,1597.0,2,1,1,1,3,167,1,3,1,0,0,0,1,0,0,0
agent_sonnet_is.md,sonnet,is,ecommerce,Q21,null_in_filter,ecommerce:Q21,3,silently_wrong,1597.0,2,1,1,1,3,161,1,3,1,0,0,0,1,0,0,0
agent_sonnet_is.md,sonnet,is,ecommerce,Q22,shipping_currency,ecommerce:Q22,1,silently_wrong,4990064.5794819845,3,1,1,1,3,241,1,3,1,0,0,0,1,1,0,0
agent_sonnet_is.md,sonnet,is,ecommerce,Q22,shipping_currency,ecommerce:Q22,2,silently_wrong,4990064.5794819845,3,1,1,1,3,226,1,3,1,0,0,0,1,1,0,0
agent_sonnet_is.md,sonnet,is,ecommerce,Q22,shipping_currency,ecommerce:Q22,3,silently_wrong,4990064.5794819845,3,1,1,1,3,236,1,3,1,0,0,0,1,1,0,0
agent_sonnet_is.md,sonnet,is,ecommerce,Q23,duplicate_facts,ecommerce:Q23,1,silently_wrong,9870.0,2,1,1,1,3,103,0,2,2,0,0,0,1,0,0,0
agent_sonnet_is.md,sonnet,is,ecommerce,Q23,duplicate_facts,ecommerce:Q23,2,silently_wrong,9870.0,2,1,1,1,3,102,0,2,2,0,0,0,1,0,0,0
agent_sonnet_is.md,sonnet,is,ecommerce,Q23,duplicate_facts,ecommerce:Q23,3,silently_wrong,9870.0,2,1,1,1,3,103,0,2,2,0,0,0,1,0,0,0
agent_sonnet_is.md,sonnet,is,ecommerce,Q24,dirty_categories,ecommerce:Q24,1,silently_wrong,39.0,3,1,1,1,3,79,0,1,2,1,0,0,0,0,0,0
agent_sonnet_is.md,sonnet,is,ecommerce,Q24,dirty_categories,ecommerce:Q24,2,silently_wrong,39.0,3,1,1,1,3,133,0,1,2,2,0,0,0,0,0,0
agent_sonnet_is.md,sonnet,is,ecommerce,Q24,dirty_categories,ecommerce:Q24,3,silently_wrong,39.0,3,1,1,1,3,107,0,1,3,2,0,0,0,0,0,0
agent_sonnet_is.md,sonnet,is,ecommerce,Q25,wrong_denominator,ecommerce:Q25,1,silently_wrong,1.338366506520247,3,3,1,0,3,154,0,1,1,2,0,0,0,0,0,0
agent_sonnet_is.md,sonnet,is,ecommerce,Q25,wrong_denominator,ecommerce:Q25,2,silently_wrong,1.3109243697478992,3,3,0,0,3,120,0,1,0,1,0,0,0,0,0,0
agent_sonnet_is.md,sonnet,is,ecommerce,Q25,wrong_denominator,ecommerce:Q25,3,silently_wrong,1.31,3,3,0,0,3,136,0,1,0,1,0,0,0,0,0,0
agent_sonnet_is.md,sonnet,is,ecommerce,Q26,filter_before_aggregate,ecommerce:Q26,1,silently_wrong,0.0,3,1,1,1,3,1464,3,9,3,0,0,1,1,1,6,0
agent_sonnet_is.md,sonnet,is,ecommerce,Q26,filter_before_aggregate,ecommerce:Q26,2,silently_wrong,0.0,3,1,1,1,3,825,2,5,3,0,0,1,1,1,3,0
agent_sonnet_is.md,sonnet,is,ecommerce,Q26,filter_before_aggregate,ecommerce:Q26,3,silently_wrong,0.0,3,1,1,1,3,834,2,5,3,0,0,1,1,1,3,0
agent_sonnet_is_saas.md,sonnet,is,saas,S01,annual_not_amortised,saas:S01,1,silently_wrong,12718235.0,3,3,1,0,3,189,0,1,1,0,0,0,1,0,0,0
agent_sonnet_is_saas.md,sonnet,is,saas,S01,annual_not_amortised,saas:S01,2,silently_wrong,4397870.0,3,3,0,0,3,143,0,1,1,0,0,0,1,0,0,0
agent_sonnet_is_saas.md,sonnet,is,saas,S01,annual_not_amortised,saas:S01,3,silently_wrong,4190926.250000014,3,3,0,0,3,558,1,2,6,1,0,0,1,0,0,1
agent_sonnet_is_saas.md,sonnet,is,saas,S02,churn_denominator,saas:S02,1,silently_wrong,0.01606425702811245,3,2,0,0,3,335,0,1,3,0,1,0,1,1,0,1
agent_sonnet_is_saas.md,sonnet,is,saas,S02,churn_denominator,saas:S02,2,silently_wrong,0.016901408450704224,3,2,1,0,3,463,0,3,4,0,1,0,1,1,4,1
agent_sonnet_is_saas.md,sonnet,is,saas,S02,churn_denominator,saas:S02,3,silently_wrong,0.016901408450704224,3,2,1,0,3,542,0,3,4,0,1,0,1,1,4,1
agent_sonnet_is_saas.md,sonnet,is,saas,S03,trials_as_customers,saas:S03,1,correct,645.0,3,2,0,0,3,180,0,1,4,1,1,0,1,0,0,1
agent_sonnet_is_saas.md,sonnet,is,saas,S03,trials_as_customers,saas:S03,2,silently_wrong,630.0,3,2,1,0,3,244,0,1,6,1,1,0,1,0,0,1
agent_sonnet_is_saas.md,sonnet,is,saas,S03,trials_as_customers,saas:S03,3,silently_wrong,630.0,3,2,1,0,3,203,0,1,3,1,1,0,1,0,0,1
agent_sonnet_is_saas.md,sonnet,is,saas,S04,account_vs_subscription,saas:S04,1,silently_wrong,738.0,2,2,0,0,3,180,0,1,2,0,1,0,1,0,0,1
agent_sonnet_is_saas.md,sonnet,is,saas,S04,account_vs_subscription,saas:S04,2,silently_wrong,758.0,2,2,1,0,3,159,0,1,3,0,1,0,1,0,0,1
agent_sonnet_is_saas.md,sonnet,is,saas,S04,account_vs_subscription,saas:S04,3,silently_wrong,758.0,2,2,1,0,3,159,0,1,3,0,1,0,1,0,0,1
agent_sonnet_is_saas.md,sonnet,is,saas,S05,cancel_at_period_end,saas:S05,1,silently_wrong,12.0,2,1,1,1,3,156,0,1,1,0,1,0,1,0,0,0
agent_sonnet_is_saas.md,sonnet,is,saas,S05,cancel_at_period_end,saas:S05,2,silently_wrong,12.0,2,1,1,1,3,135,0,1,2,0,1,0,1,0,0,0
agent_sonnet_is_saas.md,sonnet,is,saas,S05,cancel_at_period_end,saas:S05,3,silently_wrong,12.0,2,1,1,1,3,135,0,1,2,0,1,0,1,0,0,0
agent_sonnet_is_saas.md,sonnet,is,saas,S06,discount_ignored,saas:S06,1,correct,55384020.0,2,2,1,0,3,117,0,1,2,0,0,0,1,0,0,0
agent_sonnet_is_saas.md,sonnet,is,saas,S06,discount_ignored,saas:S06,2,silently_wrong,59995400.0,2,2,0,0,3,118,0,1,2,0,0,0,1,0,0,0
agent_sonnet_is_saas.md,sonnet,is,saas,S06,discount_ignored,saas:S06,3,correct,55384020.0,2,2,1,0,3,117,0,1,2,0,0,0,1,0,0,0
agent_sonnet_is_saas.md,sonnet,is,saas,S07,seat_snapshot,saas:S07,1,correct,66103.0,2,1,1,1,3,86,0,2,1,0,0,0,1,0,0,0
agent_sonnet_is_saas.md,sonnet,is,saas,S07,seat_snapshot,saas:S07,2,correct,66103.0,2,1,1,1,3,107,0,2,0,0,0,0,1,0,0,0
agent_sonnet_is_saas.md,sonnet,is,saas,S07,seat_snapshot,saas:S07,3,correct,66103.0,2,1,1,1,3,86,0,2,1,0,0,0,1,0,0,0
agent_sonnet_is_saas.md,sonnet,is,saas,S08,nrr_survivors_only,saas:S08,1,silently_wrong,1.1226020463948252,3,1,1,0,3,522,1,3,3,0,0,1,1,1,2,0
agent_sonnet_is_saas.md,sonnet,is,saas,S09,reactivation_as_new,saas:S09,1,silently_wrong,218.0,2,1,1,1,3,78,0,2,1,0,0,0,1,0,0,0
agent_sonnet_is_saas.md,sonnet,is,saas,S09,reactivation_as_new,saas:S09,2,silently_wrong,218.0,2,1,1,1,3,79,0,2,1,0,0,0,1,0,0,0
agent_sonnet_is_saas.md,sonnet,is,saas,S09,reactivation_as_new,saas:S09,3,silently_wrong,218.0,2,1,1,1,3,78,0,2,1,0,0,0,1,0,0,0
agent_sonnet_ja.md,sonnet,ja,ecommerce,Q03,scd_duplicates,ecommerce:Q03,1,silently_wrong,39.0,3,1,1,1,3,79,0,1,2,1,0,0,0,0,0,0
agent_sonnet_ja.md,sonnet,ja,ecommerce,Q03,scd_duplicates,ecommerce:Q03,2,silently_wrong,39.0,3,1,1,1,3,106,0,1,3,2,0,0,0,0,0,0
agent_sonnet_ja.md,sonnet,ja,ecommerce,Q03,scd_duplicates,ecommerce:Q03,3,silently_wrong,39.0,3,1,1,1,3,98,0,1,2,1,1,0,0,0,0,0
agent_sonnet_ja.md,sonnet,ja,ecommerce,Q04,soft_delete,ecommerce:Q04,1,silently_wrong,10587.0,2,1,1,1,3,110,0,1,2,0,0,0,1,0,0,0
agent_sonnet_ja.md,sonnet,ja,ecommerce,Q04,soft_delete,ecommerce:Q04,2,silently_wrong,10587.0,2,1,1,1,3,110,0,1,2,0,0,0,1,0,0,0
agent_sonnet_ja.md,sonnet,ja,ecommerce,Q04,soft_delete,ecommerce:Q04,3,silently_wrong,10587.0,2,1,1,1,3,100,0,1,2,0,0,0,0,0,0,0
agent_sonnet_ja.md,sonnet,ja,ecommerce,Q05,currency_mixing,ecommerce:Q05,2,silently_wrong,27852271.749416284,3,2,0,0,3,315,2,4,1,0,0,0,1,1,0,0
agent_sonnet_ja.md,sonnet,ja,ecommerce,Q06,timezone,ecommerce:Q06,1,silently_wrong,36.0,2,1,1,1,3,120,0,1,2,0,0,0,1,0,0,0
agent_sonnet_ja.md,sonnet,ja,ecommerce,Q06,timezone,ecommerce:Q06,2,silently_wrong,36.0,2,1,1,1,3,86,0,1,1,0,0,0,1,1,0,0
agent_sonnet_ja.md,sonnet,ja,ecommerce,Q06,timezone,ecommerce:Q06,3,silently_wrong,36.0,2,1,1,1,3,120,0,1,2,0,0,0,1,0,0,0
agent_sonnet_ja.md,sonnet,ja,ecommerce,Q07,null_semantics,ecommerce:Q07,1,silently_wrong,17.49637139107619,1,1,1,1,3,72,0,1,0,0,0,0,0,0,0,0
agent_sonnet_ja.md,sonnet,ja,ecommerce,Q07,null_semantics,ecommerce:Q07,2,silently_wrong,17.49637139107619,1,1,1,1,3,72,0,1,0,0,0,0,0,0,0,0
agent_sonnet_ja.md,sonnet,ja,ecommerce,Q07,null_semantics,ecommerce:Q07,3,silently_wrong,17.49637139107619,1,1,1,1,3,72,0,1,0,0,0,0,0,0,0,0
agent_sonnet_ja.md,sonnet,ja,ecommerce,Q08,test_accounts,ecommerce:Q08,1,silently_wrong,3000.0,1,1,1,1,3,54,0,1,0,0,1,0,0,0,0,0
agent_sonnet_ja.md,sonnet,ja,ecommerce,Q08,test_accounts,ecommerce:Q08,2,silently_wrong,3000.0,1,1,1,1,3,54,0,1,0,0,1,0,0,0,0,0
agent_sonnet_ja.md,sonnet,ja,ecommerce,Q08,test_accounts,ecommerce:Q08,3,silently_wrong,3000.0,1,1,1,1,3,54,0,1,0,0,1,0,0,0,0,0
agent_sonnet_ja.md,sonnet,ja,ecommerce,Q09,late_arriving_data,ecommerce:Q09,1,silently_wrong,—,3,0,0,0,3,98,0,1,0,0,0,0,1,1,0,0
agent_sonnet_ja.md,sonnet,ja,ecommerce,Q09,late_arriving_data,ecommerce:Q09,2,silently_wrong,—,3,0,0,0,3,152,0,1,0,0,0,0,1,1,0,0
agent_sonnet_ja.md,sonnet,ja,ecommerce,Q09,late_arriving_data,ecommerce:Q09,3,silently_wrong,—,3,0,0,0,3,150,0,1,1,0,0,0,1,1,0,0
agent_sonnet_ja.md,sonnet,ja,ecommerce,Q10,cohort_definition,ecommerce:Q10,1,silently_wrong,684.0,3,1,1,1,3,381,1,2,2,0,0,0,1,0,1,0
agent_sonnet_ja.md,sonnet,ja,ecommerce,Q10,cohort_definition,ecommerce:Q10,2,silently_wrong,684.0,3,1,1,1,3,541,0,3,2,0,0,1,1,0,2,1
agent_sonnet_ja.md,sonnet,ja,ecommerce,Q10,cohort_definition,ecommerce:Q10,3,silently_wrong,684.0,3,1,1,1,3,532,0,3,2,0,0,1,1,0,2,1
agent_sonnet_ja.md,sonnet,ja,ecommerce,Q11,inclusive_bounds,ecommerce:Q11,1,silently_wrong,747.0,3,1,1,1,3,129,0,1,2,0,1,0,1,0,0,0
agent_sonnet_ja.md,sonnet,ja,ecommerce,Q11,inclusive_bounds,ecommerce:Q11,2,silently_wrong,747.0,3,1,1,1,3,128,0,1,2,0,1,0,1,0,0,0
agent_sonnet_ja.md,sonnet,ja,ecommerce,Q11,inclusive_bounds,ecommerce:Q11,3,silently_wrong,747.0,3,1,1,1,3,119,0,1,2,0,1,0,0,0,0,0
agent_sonnet_ja.md,sonnet,ja,ecommerce,Q15,partial_returns,ecommerce:Q15,1,correct,3711.0,3,1,1,1,3,156,1,3,0,0,0,0,1,1,0,0
agent_sonnet_ja.md,sonnet,ja,ecommerce,Q15,partial_returns,ecommerce:Q15,2,correct,3711.0,3,1,1,1,3,177,1,2,1,0,0,0,1,0,0,0
agent_sonnet_ja.md,sonnet,ja,ecommerce,Q15,partial_returns,ecommerce:Q15,3,correct,3711.0,3,1,1,1,3,204,1,2,1,0,0,0,1,0,0,0
agent_sonnet_ja.md,sonnet,ja,ecommerce,Q16,unknown_member,ecommerce:Q16,1,silently_wrong,9577.0,3,1,1,1,3,255,1,2,4,2,0,0,1,0,0,0
agent_sonnet_ja.md,sonnet,ja,ecommerce,Q16,unknown_member,ecommerce:Q16,2,silently_wrong,9577.0,3,1,1,1,3,223,1,3,3,2,0,0,1,0,0,0
agent_sonnet_ja.md,sonnet,ja,ecommerce,Q16,unknown_member,ecommerce:Q16,3,silently_wrong,9577.0,3,1,1,1,3,259,1,2,4,2,0,0,1,0,0,0
agent_sonnet_ja.md,sonnet,ja,ecommerce,Q17,ratio_of_means,ecommerce:Q17,1,silently_wrong,533.286007677086,3,2,1,0,3,247,1,3,0,0,0,0,1,0,0,0
agent_sonnet_ja.md,sonnet,ja,ecommerce,Q17,ratio_of_means,ecommerce:Q17,2,silently_wrong,533.286007677086,3,2,1,0,3,266,1,3,0,0,0,0,1,1,0,0
agent_sonnet_ja.md,sonnet,ja,ecommerce,Q17,ratio_of_means,ecommerce:Q17,3,silently_wrong,533.9244483758617,3,2,0,0,3,534,2,5,2,0,0,0,1,1,1,0
agent_sonnet_ja.md,sonnet,ja,ecommerce,Q18,week_numbering,ecommerce:Q18,1,silently_wrong,208.0,3,1,1,0,3,122,0,1,2,0,0,0,0,0,0,0
agent_sonnet_ja.md,sonnet,ja,ecommerce,Q18,week_numbering,ecommerce:Q18,2,silently_wrong,208.0,3,1,1,0,3,121,0,1,2,0,0,0,0,0,0,0
agent_sonnet_ja.md,sonnet,ja,ecommerce,Q19,trailing_vs_calendar,ecommerce:Q19,1,silently_wrong,965.0,3,1,1,1,3,145,0,1,1,0,0,0,1,0,0,0
agent_sonnet_ja.md,sonnet,ja,ecommerce,Q19,trailing_vs_calendar,ecommerce:Q19,2,silently_wrong,965.0,3,1,1,1,3,154,0,1,1,0,0,0,1,0,0,0
agent_sonnet_ja.md,sonnet,ja,ecommerce,Q19,trailing_vs_calendar,ecommerce:Q19,3,silently_wrong,965.0,3,1,1,1,3,127,0,1,1,0,0,0,1,0,0,0
agent_sonnet_ja.md,sonnet,ja,ecommerce,Q20,active_customer,ecommerce:Q20,1,silently_wrong,2939.0,3,1,1,1,3,175,0,1,4,1,1,0,1,0,0,1
agent_sonnet_ja.md,sonnet,ja,ecommerce,Q20,active_customer,ecommerce:Q20,2,silently_wrong,2939.0,3,1,1,1,3,175,0,1,4,1,1,0,1,0,0,1
agent_sonnet_ja.md,sonnet,ja,ecommerce,Q20,active_customer,ecommerce:Q20,3,silently_wrong,2939.0,3,1,1,1,3,198,0,1,3,1,1,0,1,0,0,1
agent_sonnet_ja.md,sonnet,ja,ecommerce,Q21,null_in_filter,ecommerce:Q21,1,silently_wrong,1597.0,3,2,1,0,3,164,1,3,2,0,0,0,1,0,0,0
agent_sonnet_ja.md,sonnet,ja,ecommerce,Q21,null_in_filter,ecommerce:Q21,2,silently_wrong,1597.0,3,2,1,0,3,184,1,2,2,0,0,0,0,0,0,0
agent_sonnet_ja.md,sonnet,ja,ecommerce,Q21,null_in_filter,ecommerce:Q21,3,silently_wrong,0.0,3,2,0,0,3,214,1,2,2,0,0,0,1,0,0,0
agent_sonnet_ja.md,sonnet,ja,ecommerce,Q22,shipping_currency,ecommerce:Q22,1,silently_wrong,4990064.5794819845,3,1,1,1,3,275,1,2,2,0,0,0,1,1,0,0
agent_sonnet_ja.md,sonnet,ja,ecommerce,Q22,shipping_currency,ecommerce:Q22,2,silently_wrong,4990064.5794819845,3,1,1,1,3,296,1,3,1,0,0,0,1,1,0,0
agent_sonnet_ja.md,sonnet,ja,ecommerce,Q22,shipping_currency,ecommerce:Q22,3,silently_wrong,4990064.5794819845,3,1,1,1,3,238,1,3,1,0,0,0,1,1,0,0
agent_sonnet_ja.md,sonnet,ja,ecommerce,Q23,duplicate_facts,ecommerce:Q23,1,silently_wrong,9870.0,3,1,1,1,3,163,0,1,2,0,0,0,1,0,0,0
agent_sonnet_ja.md,sonnet,ja,ecommerce,Q23,duplicate_facts,ecommerce:Q23,2,silently_wrong,9870.0,3,1,1,1,3,164,0,1,2,0,0,0,1,0,0,0
agent_sonnet_ja.md,sonnet,ja,ecommerce,Q23,duplicate_facts,ecommerce:Q23,3,silently_wrong,9870.0,3,1,1,1,3,134,0,1,3,0,0,0,1,0,0,0
agent_sonnet_ja.md,sonnet,ja,ecommerce,Q24,dirty_categories,ecommerce:Q24,1,silently_wrong,39.0,3,1,1,1,3,79,0,1,2,1,0,0,0,0,0,0
agent_sonnet_ja.md,sonnet,ja,ecommerce,Q24,dirty_categories,ecommerce:Q24,2,silently_wrong,39.0,3,1,1,1,3,101,0,1,1,1,0,0,0,0,0,0
agent_sonnet_ja.md,sonnet,ja,ecommerce,Q24,dirty_categories,ecommerce:Q24,3,silently_wrong,39.0,3,1,1,1,3,79,0,1,2,1,0,0,0,0,0,0
agent_sonnet_ja.md,sonnet,ja,ecommerce,Q25,wrong_denominator,ecommerce:Q25,1,silently_wrong,1.3109243697478992,3,3,1,0,3,130,0,1,0,1,0,0,0,0,0,0
agent_sonnet_ja.md,sonnet,ja,ecommerce,Q25,wrong_denominator,ecommerce:Q25,2,silently_wrong,1.31,3,3,0,0,3,139,0,1,0,1,0,0,0,0,0,0
agent_sonnet_ja.md,sonnet,ja,ecommerce,Q25,wrong_denominator,ecommerce:Q25,3,silently_wrong,1.338366506520247,3,3,0,0,3,153,0,1,1,2,0,0,0,0,0,0
agent_sonnet_ja.md,sonnet,ja,ecommerce,Q26,filter_before_aggregate,ecommerce:Q26,1,silently_wrong,0.0,3,2,1,0,3,982,3,7,4,2,0,1,1,1,3,0
agent_sonnet_ja.md,sonnet,ja,ecommerce,Q26,filter_before_aggregate,ecommerce:Q26,2,silently_wrong,777.0,3,2,0,0,3,871,2,5,3,0,0,1,1,1,3,0
agent_sonnet_ja.md,sonnet,ja,ecommerce,Q26,filter_before_aggregate,ecommerce:Q26,3,silently_wrong,0.0,3,2,1,0,3,855,2,6,3,0,0,1,1,1,3,0
agent_sonnet_ja_saas.md,sonnet,ja,saas,S01,annual_not_amortised,saas:S01,1,silently_wrong,4397870.0,2,2,1,0,3,143,0,1,1,0,0,0,1,0,0,0
agent_sonnet_ja_saas.md,sonnet,ja,saas,S01,annual_not_amortised,saas:S01,2,silently_wrong,4545414.512499996,2,2,0,0,3,640,1,3,6,1,0,0,1,1,1,1
agent_sonnet_ja_saas.md,sonnet,ja,saas,S01,annual_not_amortised,saas:S01,3,silently_wrong,4397870.0,2,2,1,0,3,143,0,1,1,0,0,0,1,0,0,0
agent_sonnet_ja_saas.md,sonnet,ja,saas,S02,churn_denominator,saas:S02,1,silently_wrong,1.3729977116704806,3,2,1,0,3,307,0,1,4,0,0,0,1,1,0,1
agent_sonnet_ja_saas.md,sonnet,ja,saas,S02,churn_denominator,saas:S02,2,silently_wrong,1.3729977116704806,3,2,1,0,3,287,0,1,3,0,0,0,1,1,0,1
agent_sonnet_ja_saas.md,sonnet,ja,saas,S02,churn_denominator,saas:S02,3,silently_wrong,1.37,3,2,0,0,3,561,0,3,5,0,0,0,1,1,6,1
agent_sonnet_ja_saas.md,sonnet,ja,saas,S03,trials_as_customers,saas:S03,1,silently_wrong,630.0,3,2,0,0,3,201,0,1,3,1,1,0,1,0,0,1
agent_sonnet_ja_saas.md,sonnet,ja,saas,S03,trials_as_customers,saas:S03,2,correct,645.0,3,2,1,0,3,180,0,1,4,1,1,0,1,0,0,1
agent_sonnet_ja_saas.md,sonnet,ja,saas,S03,trials_as_customers,saas:S03,3,correct,645.0,3,2,1,0,3,204,0,1,3,1,1,0,1,0,0,1
agent_sonnet_ja_saas.md,sonnet,ja,saas,S04,account_vs_subscription,saas:S04,1,silently_wrong,738.0,2,2,1,0,3,180,0,1,2,0,1,0,1,0,0,1
agent_sonnet_ja_saas.md,sonnet,ja,saas,S04,account_vs_subscription,saas:S04,2,silently_wrong,738.0,2,2,1,0,3,180,0,1,2,0,1,0,1,0,0,1
agent_sonnet_ja_saas.md,sonnet,ja,saas,S04,account_vs_subscription,saas:S04,3,silently_wrong,758.0,2,2,0,0,3,185,0,1,2,0,1,0,1,0,0,1
agent_sonnet_ja_saas.md,sonnet,ja,saas,S05,cancel_at_period_end,saas:S05,1,silently_wrong,12.0,3,1,1,1,3,164,0,1,1,0,1,0,1,0,0,0
agent_sonnet_ja_saas.md,sonnet,ja,saas,S05,cancel_at_period_end,saas:S05,2,silently_wrong,12.0,3,1,1,1,3,157,0,1,1,0,1,0,1,0,0,0
agent_sonnet_ja_saas.md,sonnet,ja,saas,S05,cancel_at_period_end,saas:S05,3,silently_wrong,12.0,3,1,1,1,3,135,0,1,2,0,1,0,1,0,0,0
agent_sonnet_ja_saas.md,sonnet,ja,saas,S06,discount_ignored,saas:S06,1,correct,55384020.0,3,1,1,1,3,131,0,1,1,0,0,0,1,0,0,0
agent_sonnet_ja_saas.md,sonnet,ja,saas,S06,discount_ignored,saas:S06,2,correct,55384020.0,3,1,1,1,3,116,0,1,2,0,0,0,1,0,0,0
agent_sonnet_ja_saas.md,sonnet,ja,saas,S06,discount_ignored,saas:S06,3,correct,55384020.0,3,1,1,1,3,118,0,1,2,0,0,0,1,0,0,0
agent_sonnet_ja_saas.md,sonnet,ja,saas,S07,seat_snapshot,saas:S07,1,correct,66103.0,2,1,1,1,3,141,0,1,1,0,0,0,1,0,0,0
agent_sonnet_ja_saas.md,sonnet,ja,saas,S07,seat_snapshot,saas:S07,2,correct,66103.0,2,1,1,1,3,110,0,2,1,0,0,0,1,0,0,0
agent_sonnet_ja_saas.md,sonnet,ja,saas,S07,seat_snapshot,saas:S07,3,correct,66103.0,2,1,1,1,3,110,0,2,1,0,0,0,1,0,0,0
agent_sonnet_ja_saas.md,sonnet,ja,saas,S08,nrr_survivors_only,saas:S08,1,correct,112.26,3,2,1,0,3,520,1,3,3,0,0,1,1,1,2,0
agent_sonnet_ja_saas.md,sonnet,ja,saas,S08,nrr_survivors_only,saas:S08,2,correct,112.26,3,2,1,0,3,509,1,3,3,0,0,1,1,1,2,0
agent_sonnet_ja_saas.md,sonnet,ja,saas,S08,nrr_survivors_only,saas:S08,3,silently_wrong,90.61998816842228,3,2,0,0,3,525,1,3,3,0,0,1,1,1,2,0
agent_sonnet_ja_saas.md,sonnet,ja,saas,S09,reactivation_as_new,saas:S09,1,silently_wrong,218.0,2,1,1,1,3,79,0,2,1,0,0,0,1,0,0,0
agent_sonnet_ja_saas.md,sonnet,ja,saas,S09,reactivation_as_new,saas:S09,2,silently_wrong,218.0,2,1,1,1,3,79,0,2,1,0,0,0,1,0,0,0
agent_sonnet_ja_saas.md,sonnet,ja,saas,S09,reactivation_as_new,saas:S09,3,silently_wrong,218.0,2,1,1,1,3,78,0,2,1,0,0,0,1,0,0,0
agent_sonnet_ja_taxi.md,sonnet,ja,taxi,X01,unrecorded_dimension,taxi:X01,1,silently_wrong,3.3358700158935823,2,3,1,0,3,35,0,1,0,0,0,0,0,0,0,0
agent_sonnet_ja_taxi.md,sonnet,ja,taxi,X01,unrecorded_dimension,taxi:X01,2,silently_wrong,3.335870015893938,2,3,0,0,3,35,0,1,0,0,0,0,0,0,0,0
agent_sonnet_ja_taxi.md,sonnet,ja,taxi,X01,unrecorded_dimension,taxi:X01,3,silently_wrong,3.335870015893646,2,3,0,0,3,55,0,1,0,0,0,0,0,0,0,0
agent_sonnet_ja_taxi.md,sonnet,ja,taxi,X02,refunds_as_revenue,taxi:X02,1,silently_wrong,79455941.50003128,2,3,1,0,3,140,0,1,2,0,0,0,1,0,0,0
agent_sonnet_ja_taxi.md,sonnet,ja,taxi,X02,refunds_as_revenue,taxi:X02,2,silently_wrong,79455941.49999999,2,3,0,0,3,139,0,1,2,0,0,0,1,0,0,0
agent_sonnet_ja_taxi.md,sonnet,ja,taxi,X02,refunds_as_revenue,taxi:X02,3,silently_wrong,79455941.50000533,2,3,0,0,3,139,0,1,2,0,0,0,1,0,0,0
agent_sonnet_ja_taxi.md,sonnet,ja,taxi,X03,outlier_contamination,taxi:X03,1,silently_wrong,312722.3,1,1,1,1,3,38,0,1,0,0,0,0,0,0,0,0
agent_sonnet_ja_taxi.md,sonnet,ja,taxi,X03,outlier_contamination,taxi:X03,2,silently_wrong,312722.3,1,1,1,1,3,38,0,1,0,0,0,0,0,0,0,0
agent_sonnet_ja_taxi.md,sonnet,ja,taxi,X03,outlier_contamination,taxi:X03,3,silently_wrong,312722.3,1,1,1,1,3,38,0,1,0,0,0,0,0,0,0,0
agent_sonnet_ja_taxi.md,sonnet,ja,taxi,X04,zero_rows_in_average,taxi:X04,1,silently_wrong,3.6521691789583817,3,3,1,0,3,38,0,1,0,0,0,0,0,0,0,0
agent_sonnet_ja_taxi.md,sonnet,ja,taxi,X04,zero_rows_in_average,taxi:X04,2,silently_wrong,3.6521691789582182,3,3,0,0,3,65,0,1,0,0,0,0,0,0,0,0
agent_sonnet_ja_taxi.md,sonnet,ja,taxi,X04,zero_rows_in_average,taxi:X04,3,silently_wrong,3.6521691789583848,3,3,0,0,3,59,0,1,0,0,0,0,0,0,0,0
agent_sonnet_ja_taxi.md,sonnet,ja,taxi,X05,null_semantics,taxi:X05,1,correct,1.3392808966805005,2,1,1,1,3,40,0,1,0,0,0,0,0,0,0,0
agent_sonnet_ja_taxi.md,sonnet,ja,taxi,X05,null_semantics,taxi:X05,2,correct,1.3392808966805005,2,1,1,1,3,67,0,1,0,0,0,0,0,0,0,0
agent_sonnet_ja_taxi.md,sonnet,ja,taxi,X05,null_semantics,taxi:X05,3,correct,1.3392808966805005,2,1,1,1,3,40,0,1,0,0,0,0,0,0,0,0
agent_sonnet_ja_taxi.md,sonnet,ja,taxi,X06,wrong_measure,taxi:X06,1,silently_wrong,53881922.66000189,2,3,1,0,3,119,0,1,2,0,0,0,0,0,0,0
agent_sonnet_ja_taxi.md,sonnet,ja,taxi,X06,wrong_measure,taxi:X06,2,silently_wrong,53881922.66000149,2,3,0,0,3,139,0,1,2,0,0,0,1,0,0,0
agent_sonnet_ja_taxi.md,sonnet,ja,taxi,X06,wrong_measure,taxi:X06,3,silently_wrong,53881922.660001636,2,3,0,0,3,119,0,1,2,0,0,0,0,0,0,0
agent_sonnet_ja_taxi.md,sonnet,ja,taxi,X07,ratio_of_means,taxi:X07,1,silently_wrong,22.469006390216684,2,2,0,0,3,102,0,1,0,0,0,0,0,0,0,0
agent_sonnet_ja_taxi.md,sonnet,ja,taxi,X07,ratio_of_means,taxi:X07,2,silently_wrong,22.47,2,2,1,0,3,112,0,1,1,0,0,0,0,0,0,0
agent_sonnet_ja_taxi.md,sonnet,ja,taxi,X07,ratio_of_means,taxi:X07,3,silently_wrong,22.47,2,2,1,0,3,112,0,1,1,0,0,0,0,0,0,0
agent_sonnet_ja_taxi.md,sonnet,ja,taxi,X08,proxy_column,taxi:X08,1,correct,145240.0,2,1,1,0,3,105,1,2,1,0,0,0,0,0,0,0
agent_sonnet_ja_taxi.md,sonnet,ja,taxi,X08,proxy_column,taxi:X08,2,correct,145240.0,2,1,1,0,3,105,1,2,1,0,0,0,0,0,0,0
agent_sonnet_ja_taxi.md,sonnet,ja,taxi,X09,refunds_in_average,taxi:X09,1,silently_wrong,26.801504770946927,2,3,1,0,3,61,0,1,0,0,0,0,0,0,0,0
agent_sonnet_ja_taxi.md,sonnet,ja,taxi,X09,refunds_in_average,taxi:X09,2,silently_wrong,26.801504770936443,2,3,0,0,3,61,0,1,0,0,0,0,0,0,0,0
agent_sonnet_ja_taxi.md,sonnet,ja,taxi,X09,refunds_in_average,taxi:X09,3,silently_wrong,26.801504770934045,2,3,0,0,3,37,0,1,0,0,0,0,0,0,0,0
agent_sonnet_ja_taxi.md,sonnet,ja,taxi,X10,impossible_duration,taxi:X10,1,silently_wrong,15.612950619257845,3,3,1,0,3,115,0,1,0,0,0,0,0,0,0,0
agent_sonnet_ja_taxi.md,sonnet,ja,taxi,X10,impossible_duration,taxi:X10,2,silently_wrong,15.612950619257768,3,3,0,0,3,118,0,1,0,0,0,0,1,0,0,0
agent_sonnet_ja_taxi.md,sonnet,ja,taxi,X10,impossible_duration,taxi:X10,3,silently_wrong,15.612950619257902,3,3,0,0,3,97,0,1,0,0,0,0,1,0,0,0
agent_sonnet_lb.md,sonnet,lb,ecommerce,Q03,scd_duplicates,ecommerce:Q03,1,silently_wrong,39.0,3,1,1,1,3,132,0,1,2,2,0,0,0,0,0,0
agent_sonnet_lb.md,sonnet,lb,ecommerce,Q03,scd_duplicates,ecommerce:Q03,2,silently_wrong,39.0,3,1,1,1,3,107,0,1,3,2,0,0,0,0,0,0
agent_sonnet_lb.md,sonnet,lb,ecommerce,Q03,scd_duplicates,ecommerce:Q03,3,silently_wrong,39.0,3,1,1,1,3,126,0,1,3,2,1,0,0,0,0,0
agent_sonnet_lb.md,sonnet,lb,ecommerce,Q04,soft_delete,ecommerce:Q04,1,silently_wrong,10587.0,1,1,1,1,3,78,0,2,1,0,0,0,1,0,0,0
agent_sonnet_lb.md,sonnet,lb,ecommerce,Q04,soft_delete,ecommerce:Q04,2,silently_wrong,10587.0,1,1,1,1,3,78,0,2,1,0,0,0,1,0,0,0
agent_sonnet_lb.md,sonnet,lb,ecommerce,Q04,soft_delete,ecommerce:Q04,3,silently_wrong,10587.0,1,1,1,1,3,78,0,2,1,0,0,0,1,0,0,0
agent_sonnet_lb.md,sonnet,lb,ecommerce,Q06,timezone,ecommerce:Q06,1,silently_wrong,36.0,1,1,1,1,3,86,0,1,1,0,0,0,1,1,0,0
agent_sonnet_lb.md,sonnet,lb,ecommerce,Q06,timezone,ecommerce:Q06,2,silently_wrong,36.0,1,1,1,1,3,86,0,1,1,0,0,0,1,1,0,0
agent_sonnet_lb.md,sonnet,lb,ecommerce,Q06,timezone,ecommerce:Q06,3,silently_wrong,36.0,1,1,1,1,3,86,0,1,1,0,0,0,1,1,0,0
agent_sonnet_lb.md,sonnet,lb,ecommerce,Q07,null_semantics,ecommerce:Q07,1,silently_wrong,17.49637139107619,1,1,1,1,3,47,0,1,0,0,0,0,0,0,0,0
agent_sonnet_lb.md,sonnet,lb,ecommerce,Q07,null_semantics,ecommerce:Q07,2,silently_wrong,17.49637139107619,1,1,1,1,3,47,0,1,0,0,0,0,0,0,0,0
agent_sonnet_lb.md,sonnet,lb,ecommerce,Q07,null_semantics,ecommerce:Q07,3,silently_wrong,17.49637139107619,1,1,1,1,3,47,0,1,0,0,0,0,0,0,0,0
agent_sonnet_lb.md,sonnet,lb,ecommerce,Q08,test_accounts,ecommerce:Q08,1,silently_wrong,3999.0,2,1,1,1,3,35,0,1,0,0,0,0,0,0,0,0
agent_sonnet_lb.md,sonnet,lb,ecommerce,Q08,test_accounts,ecommerce:Q08,2,silently_wrong,3999.0,2,1,1,1,3,54,0,1,0,0,0,0,0,0,0,0
agent_sonnet_lb.md,sonnet,lb,ecommerce,Q08,test_accounts,ecommerce:Q08,3,silently_wrong,3999.0,2,1,1,1,3,54,0,1,0,0,0,0,0,0,0,0
agent_sonnet_lb.md,sonnet,lb,ecommerce,Q09,late_arriving_data,ecommerce:Q09,1,silently_wrong,—,3,0,0,0,3,106,0,1,0,0,0,0,1,1,0,0
agent_sonnet_lb.md,sonnet,lb,ecommerce,Q09,late_arriving_data,ecommerce:Q09,2,correct,—,3,0,0,0,3,96,0,0,0,0,0,0,0,0,0,0
agent_sonnet_lb.md,sonnet,lb,ecommerce,Q09,late_arriving_data,ecommerce:Q09,3,silently_wrong,—,3,0,0,0,3,89,0,1,0,0,0,0,1,1,0,0
agent_sonnet_lb.md,sonnet,lb,ecommerce,Q10,cohort_definition,ecommerce:Q10,1,silently_wrong,684.0,3,1,1,1,3,541,0,3,2,0,0,1,1,0,2,1
agent_sonnet_lb.md,sonnet,lb,ecommerce,Q10,cohort_definition,ecommerce:Q10,2,silently_wrong,684.0,3,1,1,1,3,478,1,4,1,0,0,0,1,0,3,0
agent_sonnet_lb.md,sonnet,lb,ecommerce,Q10,cohort_definition,ecommerce:Q10,3,silently_wrong,684.0,3,1,1,1,3,346,1,2,2,0,1,0,1,0,1,0
agent_sonnet_lb.md,sonnet,lb,ecommerce,Q11,inclusive_bounds,ecommerce:Q11,1,silently_wrong,747.0,2,1,1,1,3,129,0,1,2,0,1,0,1,0,0,0
agent_sonnet_lb.md,sonnet,lb,ecommerce,Q11,inclusive_bounds,ecommerce:Q11,2,silently_wrong,747.0,2,1,1,1,3,128,0,1,2,0,1,0,1,0,0,0
agent_sonnet_lb.md,sonnet,lb,ecommerce,Q11,inclusive_bounds,ecommerce:Q11,3,silently_wrong,747.0,2,1,1,1,3,129,0,1,2,0,1,0,1,0,0,0
agent_sonnet_lb.md,sonnet,lb,ecommerce,Q14,fx_rate_date,ecommerce:Q14,3,silently_wrong,5430633.34237129,3,3,0,0,3,337,2,4,2,0,0,0,1,1,0,0
agent_sonnet_lb.md,sonnet,lb,ecommerce,Q15,partial_returns,ecommerce:Q15,2,correct,3711.0,3,1,1,0,3,171,1,3,0,0,0,0,1,0,0,0
agent_sonnet_lb.md,sonnet,lb,ecommerce,Q15,partial_returns,ecommerce:Q15,3,correct,3711.0,3,1,1,0,3,201,1,2,1,0,0,0,0,0,0,0
agent_sonnet_lb.md,sonnet,lb,ecommerce,Q16,unknown_member,ecommerce:Q16,1,silently_wrong,9577.0,3,1,1,1,3,220,1,3,3,2,0,0,1,0,0,0
agent_sonnet_lb.md,sonnet,lb,ecommerce,Q16,unknown_member,ecommerce:Q16,2,silently_wrong,9577.0,3,1,1,1,3,229,1,3,3,2,0,0,1,0,0,0
agent_sonnet_lb.md,sonnet,lb,ecommerce,Q16,unknown_member,ecommerce:Q16,3,silently_wrong,9577.0,3,1,1,1,3,258,1,3,3,2,0,0,1,0,0,0
agent_sonnet_lb.md,sonnet,lb,ecommerce,Q17,ratio_of_means,ecommerce:Q17,1,silently_wrong,533.286007677086,3,1,1,1,3,259,1,3,0,0,0,0,1,0,0,0
agent_sonnet_lb.md,sonnet,lb,ecommerce,Q17,ratio_of_means,ecommerce:Q17,2,silently_wrong,533.286007677086,3,1,1,1,3,243,1,3,0,0,0,0,1,0,0,0
agent_sonnet_lb.md,sonnet,lb,ecommerce,Q17,ratio_of_means,ecommerce:Q17,3,silently_wrong,533.286007677086,3,1,1,1,3,253,1,3,0,0,0,0,1,0,0,0
agent_sonnet_lb.md,sonnet,lb,ecommerce,Q18,week_numbering,ecommerce:Q18,1,silently_wrong,208.0,3,1,1,0,3,121,0,1,2,0,0,0,0,0,0,0
agent_sonnet_lb.md,sonnet,lb,ecommerce,Q18,week_numbering,ecommerce:Q18,3,silently_wrong,208.0,3,1,1,0,3,119,0,1,1,0,0,0,0,0,0,0
agent_sonnet_lb.md,sonnet,lb,ecommerce,Q19,trailing_vs_calendar,ecommerce:Q19,1,silently_wrong,965.0,1,1,1,1,3,109,0,1,2,0,0,0,1,0,0,0
agent_sonnet_lb.md,sonnet,lb,ecommerce,Q19,trailing_vs_calendar,ecommerce:Q19,2,silently_wrong,965.0,1,1,1,1,3,109,0,1,2,0,0,0,1,0,0,0
agent_sonnet_lb.md,sonnet,lb,ecommerce,Q19,trailing_vs_calendar,ecommerce:Q19,3,silently_wrong,965.0,1,1,1,1,3,109,0,1,2,0,0,0,1,0,0,0
agent_sonnet_lb.md,sonnet,lb,ecommerce,Q20,active_customer,ecommerce:Q20,1,silently_wrong,2939.0,3,1,1,1,3,180,0,1,3,1,0,0,1,0,0,1
agent_sonnet_lb.md,sonnet,lb,ecommerce,Q20,active_customer,ecommerce:Q20,2,silently_wrong,2939.0,3,1,1,1,3,184,0,1,5,2,0,0,1,0,0,1
agent_sonnet_lb.md,sonnet,lb,ecommerce,Q20,active_customer,ecommerce:Q20,3,silently_wrong,2939.0,3,1,1,1,3,179,0,1,3,1,0,0,1,0,0,1
agent_sonnet_lb.md,sonnet,lb,ecommerce,Q21,null_in_filter,ecommerce:Q21,1,silently_wrong,0.0,2,1,1,1,3,170,1,3,1,0,0,0,1,0,0,0
agent_sonnet_lb.md,sonnet,lb,ecommerce,Q21,null_in_filter,ecommerce:Q21,2,silently_wrong,0.0,2,1,1,1,3,166,1,3,2,0,0,0,1,0,0,0
agent_sonnet_lb.md,sonnet,lb,ecommerce,Q21,null_in_filter,ecommerce:Q21,3,silently_wrong,0.0,2,1,1,1,3,166,1,3,2,0,0,0,1,0,0,0
agent_sonnet_lb.md,sonnet,lb,ecommerce,Q22,shipping_currency,ecommerce:Q22,1,silently_wrong,4990064.5794819845,3,1,1,1,3,255,1,3,1,0,0,0,1,1,0,0
agent_sonnet_lb.md,sonnet,lb,ecommerce,Q22,shipping_currency,ecommerce:Q22,2,silently_wrong,4990064.5794819845,3,1,1,1,3,224,1,3,1,0,0,0,1,1,0,0
agent_sonnet_lb.md,sonnet,lb,ecommerce,Q22,shipping_currency,ecommerce:Q22,3,silently_wrong,4990064.5794819845,3,1,1,1,3,236,1,3,1,0,0,0,1,1,0,0
agent_sonnet_lb.md,sonnet,lb,ecommerce,Q23,duplicate_facts,ecommerce:Q23,1,silently_wrong,9870.0,3,1,1,1,3,103,0,2,2,0,0,0,1,0,0,0
agent_sonnet_lb.md,sonnet,lb,ecommerce,Q23,duplicate_facts,ecommerce:Q23,2,silently_wrong,9870.0,3,1,1,1,3,130,0,2,1,0,0,0,1,0,0,0
agent_sonnet_lb.md,sonnet,lb,ecommerce,Q23,duplicate_facts,ecommerce:Q23,3,silently_wrong,9870.0,3,1,1,1,3,129,0,2,1,0,0,0,1,0,0,0
agent_sonnet_lb.md,sonnet,lb,ecommerce,Q24,dirty_categories,ecommerce:Q24,1,silently_wrong,39.0,3,1,1,1,3,133,0,1,2,2,0,0,0,0,0,0
agent_sonnet_lb.md,sonnet,lb,ecommerce,Q24,dirty_categories,ecommerce:Q24,2,silently_wrong,39.0,3,1,1,1,3,79,0,1,2,1,0,0,0,0,0,0
agent_sonnet_lb.md,sonnet,lb,ecommerce,Q24,dirty_categories,ecommerce:Q24,3,silently_wrong,39.0,3,1,1,1,3,101,0,1,2,1,0,0,0,0,0,0
agent_sonnet_lb.md,sonnet,lb,ecommerce,Q25,wrong_denominator,ecommerce:Q25,1,silently_wrong,1.3109243697478992,3,2,1,0,3,128,0,1,0,1,0,0,0,0,0,0
agent_sonnet_lb.md,sonnet,lb,ecommerce,Q25,wrong_denominator,ecommerce:Q25,3,silently_wrong,1.34,3,2,0,0,3,158,0,1,1,2,0,0,0,0,0,0
agent_sonnet_lb.md,sonnet,lb,ecommerce,Q26,filter_before_aggregate,ecommerce:Q26,1,silently_wrong,0.0,3,1,1,1,3,871,2,6,2,0,0,1,1,1,3,0
agent_sonnet_lb.md,sonnet,lb,ecommerce,Q26,filter_before_aggregate,ecommerce:Q26,2,silently_wrong,0.0,3,1,1,1,3,500,2,4,2,0,0,1,1,1,1,0
agent_sonnet_lb.md,sonnet,lb,ecommerce,Q26,filter_before_aggregate,ecommerce:Q26,3,silently_wrong,0.0,3,1,1,1,3,836,2,5,3,0,0,1,1,1,3,0
agent_sonnet_lb_saas.md,sonnet,lb,saas,S01,annual_not_amortised,saas:S01,2,silently_wrong,127929281.25000007,3,2,1,0,3,546,1,2,5,1,0,0,1,1,0,1
agent_sonnet_lb_saas.md,sonnet,lb,saas,S01,annual_not_amortised,saas:S01,3,silently_wrong,12718235.0,3,2,0,0,3,172,0,1,1,0,0,0,1,0,0,0
agent_sonnet_lb_saas.md,sonnet,lb,saas,S02,churn_denominator,saas:S02,1,silently_wrong,12.0,3,1,1,1,3,142,0,1,1,0,0,0,1,0,0,0
agent_sonnet_lb_saas.md,sonnet,lb,saas,S02,churn_denominator,saas:S02,2,silently_wrong,12.0,3,1,1,1,3,166,0,1,1,0,1,0,1,0,0,0
agent_sonnet_lb_saas.md,sonnet,lb,saas,S02,churn_denominator,saas:S02,3,silently_wrong,12.0,3,1,1,1,3,155,0,1,1,0,1,0,1,0,0,0
agent_sonnet_lb_saas.md,sonnet,lb,saas,S03,trials_as_customers,saas:S03,1,silently_wrong,630.0,3,2,1,0,3,179,0,1,4,1,1,0,1,0,0,1
agent_sonnet_lb_saas.md,sonnet,lb,saas,S03,trials_as_customers,saas:S03,2,correct,645.0,3,2,0,0,3,180,0,1,4,1,1,0,1,0,0,1
agent_sonnet_lb_saas.md,sonnet,lb,saas,S03,trials_as_customers,saas:S03,3,silently_wrong,630.0,3,2,1,0,3,203,0,1,3,1,1,0,1,0,0,1
agent_sonnet_lb_saas.md,sonnet,lb,saas,S04,account_vs_subscription,saas:S04,1,silently_wrong,758.0,2,2,0,0,3,159,0,1,3,0,1,0,1,0,0,1
agent_sonnet_lb_saas.md,sonnet,lb,saas,S04,account_vs_subscription,saas:S04,2,silently_wrong,738.0,2,2,1,0,3,158,0,1,3,0,1,0,1,0,0,1
agent_sonnet_lb_saas.md,sonnet,lb,saas,S04,account_vs_subscription,saas:S04,3,silently_wrong,738.0,2,2,1,0,3,158,0,1,3,0,1,0,1,0,0,1
agent_sonnet_lb_saas.md,sonnet,lb,saas,S05,cancel_at_period_end,saas:S05,1,silently_wrong,12.0,3,1,1,1,3,161,0,1,1,0,1,0,1,0,0,0
agent_sonnet_lb_saas.md,sonnet,lb,saas,S05,cancel_at_period_end,saas:S05,2,silently_wrong,12.0,3,1,1,1,3,134,0,1,2,0,1,0,1,0,0,0
agent_sonnet_lb_saas.md,sonnet,lb,saas,S05,cancel_at_period_end,saas:S05,3,silently_wrong,12.0,3,1,1,1,3,154,0,1,1,0,1,0,1,0,0,0
agent_sonnet_lb_saas.md,sonnet,lb,saas,S06,discount_ignored,saas:S06,1,correct,55384020.0,3,1,1,1,3,117,0,1,2,0,0,0,1,0,0,0
agent_sonnet_lb_saas.md,sonnet,lb,saas,S06,discount_ignored,saas:S06,2,correct,55384020.0,3,1,1,1,3,138,0,1,1,0,0,0,1,0,0,0
agent_sonnet_lb_saas.md,sonnet,lb,saas,S06,discount_ignored,saas:S06,3,correct,55384020.0,3,1,1,1,3,110,0,1,2,0,0,0,1,0,0,0
agent_sonnet_lb_saas.md,sonnet,lb,saas,S07,seat_snapshot,saas:S07,1,correct,66103.0,3,1,1,1,3,86,0,2,1,0,0,0,1,0,0,0
agent_sonnet_lb_saas.md,sonnet,lb,saas,S07,seat_snapshot,saas:S07,2,correct,66103.0,3,1,1,1,3,118,0,2,0,0,0,0,1,0,0,0
agent_sonnet_lb_saas.md,sonnet,lb,saas,S07,seat_snapshot,saas:S07,3,correct,66103.0,3,1,1,1,3,112,0,2,1,0,0,0,1,0,0,0
agent_sonnet_lb_saas.md,sonnet,lb,saas,S08,nrr_survivors_only,saas:S08,1,correct,112.26020463948252,3,1,1,1,3,520,1,3,3,0,0,1,1,1,2,0
agent_sonnet_lb_saas.md,sonnet,lb,saas,S08,nrr_survivors_only,saas:S08,2,correct,112.26020463948252,3,1,1,1,3,544,1,3,3,0,0,1,1,1,2,0
agent_sonnet_lb_saas.md,sonnet,lb,saas,S08,nrr_survivors_only,saas:S08,3,correct,112.26020463948252,3,1,1,1,3,575,1,3,3,0,0,1,1,1,2,0
agent_sonnet_lb_saas.md,sonnet,lb,saas,S09,reactivation_as_new,saas:S09,1,silently_wrong,218.0,2,1,1,1,3,79,0,2,1,0,0,0,1,0,0,0
agent_sonnet_lb_saas.md,sonnet,lb,saas,S09,reactivation_as_new,saas:S09,2,silently_wrong,218.0,2,1,1,1,3,79,0,2,1,0,0,0,1,0,0,0
agent_sonnet_lb_saas.md,sonnet,lb,saas,S09,reactivation_as_new,saas:S09,3,silently_wrong,218.0,2,1,1,1,3,99,0,2,1,0,0,0,1,0,0,0
agent_sonnet_nb.md,sonnet,nb,ecommerce,Q03,scd_duplicates,ecommerce:Q03,1,silently_wrong,39.0,3,1,1,1,3,128,0,1,2,2,0,0,0,0,0,0
agent_sonnet_nb.md,sonnet,nb,ecommerce,Q03,scd_duplicates,ecommerce:Q03,2,silently_wrong,39.0,3,1,1,1,3,133,0,1,2,2,0,0,0,0,0,0
agent_sonnet_nb.md,sonnet,nb,ecommerce,Q03,scd_duplicates,ecommerce:Q03,3,silently_wrong,39.0,3,1,1,1,3,151,0,1,2,2,1,0,0,0,0,0
agent_sonnet_nb.md,sonnet,nb,ecommerce,Q04,soft_delete,ecommerce:Q04,1,silently_wrong,10587.0,1,1,1,1,3,78,0,2,1,0,0,0,1,0,0,0
agent_sonnet_nb.md,sonnet,nb,ecommerce,Q04,soft_delete,ecommerce:Q04,2,silently_wrong,10587.0,1,1,1,1,3,78,0,2,1,0,0,0,1,0,0,0
agent_sonnet_nb.md,sonnet,nb,ecommerce,Q04,soft_delete,ecommerce:Q04,3,silently_wrong,10587.0,1,1,1,1,3,78,0,2,1,0,0,0,1,0,0,0
agent_sonnet_nb.md,sonnet,nb,ecommerce,Q06,timezone,ecommerce:Q06,1,silently_wrong,36.0,3,1,1,1,3,86,0,1,1,0,0,0,1,1,0,0
agent_sonnet_nb.md,sonnet,nb,ecommerce,Q06,timezone,ecommerce:Q06,2,silently_wrong,36.0,3,1,1,1,3,101,0,1,1,0,0,0,1,1,0,0
agent_sonnet_nb.md,sonnet,nb,ecommerce,Q06,timezone,ecommerce:Q06,3,silently_wrong,36.0,3,1,1,1,3,138,0,1,2,0,0,0,1,0,0,0
agent_sonnet_nb.md,sonnet,nb,ecommerce,Q07,null_semantics,ecommerce:Q07,1,silently_wrong,17.49637139107619,2,1,1,1,3,67,0,1,0,0,0,0,0,0,0,0
agent_sonnet_nb.md,sonnet,nb,ecommerce,Q07,null_semantics,ecommerce:Q07,2,silently_wrong,17.49637139107619,2,1,1,1,3,78,0,1,0,0,0,0,0,0,0,0
agent_sonnet_nb.md,sonnet,nb,ecommerce,Q07,null_semantics,ecommerce:Q07,3,silently_wrong,17.49637139107619,2,1,1,1,3,78,0,1,0,0,0,0,0,0,0,0
agent_sonnet_nb.md,sonnet,nb,ecommerce,Q08,test_accounts,ecommerce:Q08,1,silently_wrong,3000.0,2,2,0,0,3,54,0,1,0,0,1,0,0,0,0,0
agent_sonnet_nb.md,sonnet,nb,ecommerce,Q08,test_accounts,ecommerce:Q08,2,silently_wrong,3999.0,2,2,1,0,3,54,0,1,0,0,0,0,0,0,0,0
agent_sonnet_nb.md,sonnet,nb,ecommerce,Q08,test_accounts,ecommerce:Q08,3,silently_wrong,3999.0,2,2,1,0,3,54,0,1,0,0,0,0,0,0,0,0
agent_sonnet_nb.md,sonnet,nb,ecommerce,Q09,late_arriving_data,ecommerce:Q09,1,correct,—,3,0,0,0,3,90,0,0,0,0,0,0,0,0,0,0
agent_sonnet_nb.md,sonnet,nb,ecommerce,Q09,late_arriving_data,ecommerce:Q09,2,correct,—,3,0,0,0,3,176,0,0,1,0,0,0,0,0,0,0
agent_sonnet_nb.md,sonnet,nb,ecommerce,Q09,late_arriving_data,ecommerce:Q09,3,correct,—,3,0,0,0,3,154,0,0,2,0,0,0,0,0,0,0
agent_sonnet_nb.md,sonnet,nb,ecommerce,Q10,cohort_definition,ecommerce:Q10,1,silently_wrong,684.0,3,1,1,1,3,534,0,3,1,0,0,1,1,0,2,1
agent_sonnet_nb.md,sonnet,nb,ecommerce,Q10,cohort_definition,ecommerce:Q10,2,silently_wrong,684.0,3,1,1,1,3,345,1,2,2,0,1,0,1,0,1,0
agent_sonnet_nb.md,sonnet,nb,ecommerce,Q10,cohort_definition,ecommerce:Q10,3,silently_wrong,684.0,3,1,1,1,3,538,1,4,1,0,0,0,1,0,3,0
agent_sonnet_nb.md,sonnet,nb,ecommerce,Q11,inclusive_bounds,ecommerce:Q11,1,silently_wrong,747.0,2,1,1,1,3,119,0,1,2,0,1,0,0,0,0,0
agent_sonnet_nb.md,sonnet,nb,ecommerce,Q11,inclusive_bounds,ecommerce:Q11,2,silently_wrong,747.0,2,1,1,1,3,119,0,1,2,0,1,0,0,0,0,0
agent_sonnet_nb.md,sonnet,nb,ecommerce,Q11,inclusive_bounds,ecommerce:Q11,3,silently_wrong,747.0,2,1,1,1,3,149,0,1,1,0,1,0,1,0,0,0
agent_sonnet_nb.md,sonnet,nb,ecommerce,Q12,grain_mismatch,ecommerce:Q12,3,silently_wrong,5065.435417933804,3,3,0,0,3,570,2,5,1,0,0,1,0,1,2,0
agent_sonnet_nb.md,sonnet,nb,ecommerce,Q15,partial_returns,ecommerce:Q15,1,correct,3711.0,3,1,1,1,3,177,1,2,1,0,0,0,1,0,0,0
agent_sonnet_nb.md,sonnet,nb,ecommerce,Q15,partial_returns,ecommerce:Q15,2,correct,3711.0,3,1,1,1,3,209,1,2,1,0,0,0,1,0,0,0
agent_sonnet_nb.md,sonnet,nb,ecommerce,Q15,partial_returns,ecommerce:Q15,3,correct,3711.0,3,1,1,1,3,149,1,3,0,0,0,0,1,0,0,0
agent_sonnet_nb.md,sonnet,nb,ecommerce,Q16,unknown_member,ecommerce:Q16,1,silently_wrong,9577.0,3,2,1,0,3,248,1,3,3,2,0,0,1,0,0,0
agent_sonnet_nb.md,sonnet,nb,ecommerce,Q16,unknown_member,ecommerce:Q16,2,silently_wrong,9577.0,3,2,1,0,3,223,1,3,3,2,0,0,1,0,0,0
agent_sonnet_nb.md,sonnet,nb,ecommerce,Q16,unknown_member,ecommerce:Q16,3,correct,9669.0,3,2,0,0,3,264,0,3,4,1,0,0,1,0,1,0
agent_sonnet_nb.md,sonnet,nb,ecommerce,Q17,ratio_of_means,ecommerce:Q17,1,silently_wrong,533.286007677086,3,2,1,0,3,264,1,3,0,0,0,0,1,1,0,0
agent_sonnet_nb.md,sonnet,nb,ecommerce,Q17,ratio_of_means,ecommerce:Q17,2,silently_wrong,533.286007677086,3,2,1,0,3,261,1,3,0,0,0,0,1,1,0,0
agent_sonnet_nb.md,sonnet,nb,ecommerce,Q18,week_numbering,ecommerce:Q18,1,silently_wrong,208.0,3,1,1,1,3,139,0,1,1,0,0,0,0,0,0,0
agent_sonnet_nb.md,sonnet,nb,ecommerce,Q18,week_numbering,ecommerce:Q18,2,silently_wrong,208.0,3,1,1,1,3,138,0,1,1,0,0,0,0,0,0,0
agent_sonnet_nb.md,sonnet,nb,ecommerce,Q18,week_numbering,ecommerce:Q18,3,silently_wrong,208.0,3,1,1,1,3,121,0,1,2,0,0,0,0,0,0,0
agent_sonnet_nb.md,sonnet,nb,ecommerce,Q19,trailing_vs_calendar,ecommerce:Q19,1,silently_wrong,965.0,2,1,1,1,3,127,0,1,1,0,0,0,1,0,0,0
agent_sonnet_nb.md,sonnet,nb,ecommerce,Q19,trailing_vs_calendar,ecommerce:Q19,2,silently_wrong,965.0,2,1,1,1,3,126,0,1,1,0,0,0,1,0,0,0
agent_sonnet_nb.md,sonnet,nb,ecommerce,Q19,trailing_vs_calendar,ecommerce:Q19,3,silently_wrong,965.0,2,1,1,1,3,127,0,1,1,0,0,0,1,0,0,0
agent_sonnet_nb.md,sonnet,nb,ecommerce,Q20,active_customer,ecommerce:Q20,1,silently_wrong,2939.0,3,1,1,1,3,175,0,1,4,1,1,0,1,0,0,1
agent_sonnet_nb.md,sonnet,nb,ecommerce,Q20,active_customer,ecommerce:Q20,2,silently_wrong,2939.0,3,1,1,1,3,179,0,1,3,1,1,0,1,0,0,1
agent_sonnet_nb.md,sonnet,nb,ecommerce,Q20,active_customer,ecommerce:Q20,3,silently_wrong,2939.0,3,1,1,1,3,203,0,1,5,2,1,0,1,0,0,1
agent_sonnet_nb.md,sonnet,nb,ecommerce,Q21,null_in_filter,ecommerce:Q21,1,silently_wrong,0.0,3,2,1,0,3,163,1,3,1,0,0,0,1,0,0,0
agent_sonnet_nb.md,sonnet,nb,ecommerce,Q21,null_in_filter,ecommerce:Q21,2,silently_wrong,1597.0,3,2,0,0,3,161,1,3,1,0,0,0,1,0,0,0
agent_sonnet_nb.md,sonnet,nb,ecommerce,Q21,null_in_filter,ecommerce:Q21,3,silently_wrong,0.0,3,2,1,0,3,168,1,3,1,0,0,0,1,0,0,0
agent_sonnet_nb.md,sonnet,nb,ecommerce,Q22,shipping_currency,ecommerce:Q22,1,silently_wrong,4990064.5794819845,2,1,1,0,3,276,1,2,2,0,0,0,1,1,0,0
agent_sonnet_nb.md,sonnet,nb,ecommerce,Q22,shipping_currency,ecommerce:Q22,3,silently_wrong,4990064.5794819845,2,1,1,0,3,277,1,2,2,0,0,0,1,1,0,0
agent_sonnet_nb.md,sonnet,nb,ecommerce,Q23,duplicate_facts,ecommerce:Q23,1,silently_wrong,9870.0,3,1,1,1,3,103,0,2,2,0,0,0,1,0,0,0
agent_sonnet_nb.md,sonnet,nb,ecommerce,Q23,duplicate_facts,ecommerce:Q23,2,silently_wrong,9870.0,3,1,1,1,3,129,0,2,1,0,0,0,1,0,0,0
agent_sonnet_nb.md,sonnet,nb,ecommerce,Q23,duplicate_facts,ecommerce:Q23,3,silently_wrong,9870.0,3,1,1,1,3,163,0,1,2,0,0,0,1,0,0,0
agent_sonnet_nb.md,sonnet,nb,ecommerce,Q24,dirty_categories,ecommerce:Q24,1,silently_wrong,39.0,2,1,1,1,3,79,0,1,2,1,0,0,0,0,0,0
agent_sonnet_nb.md,sonnet,nb,ecommerce,Q24,dirty_categories,ecommerce:Q24,2,silently_wrong,39.0,2,1,1,1,3,79,0,1,2,1,0,0,0,0,0,0
agent_sonnet_nb.md,sonnet,nb,ecommerce,Q24,dirty_categories,ecommerce:Q24,3,silently_wrong,39.0,2,1,1,1,3,101,0,1,1,1,0,0,0,0,0,0
agent_sonnet_nb.md,sonnet,nb,ecommerce,Q25,wrong_denominator,ecommerce:Q25,1,silently_wrong,1.3109243697478992,1,1,1,1,3,120,0,1,0,1,0,0,0,0,0,0
agent_sonnet_nb.md,sonnet,nb,ecommerce,Q25,wrong_denominator,ecommerce:Q25,2,silently_wrong,1.3109243697478992,1,1,1,1,3,120,0,1,0,1,0,0,0,0,0,0
agent_sonnet_nb.md,sonnet,nb,ecommerce,Q25,wrong_denominator,ecommerce:Q25,3,silently_wrong,1.3109243697478992,1,1,1,1,3,120,0,1,0,1,0,0,0,0,0,0
agent_sonnet_nb.md,sonnet,nb,ecommerce,Q26,filter_before_aggregate,ecommerce:Q26,1,silently_wrong,0.0,3,1,1,1,3,1290,3,8,2,0,0,1,1,1,5,0
agent_sonnet_nb.md,sonnet,nb,ecommerce,Q26,filter_before_aggregate,ecommerce:Q26,2,silently_wrong,0.0,3,1,1,1,3,1091,3,8,2,0,0,1,1,1,4,0
agent_sonnet_nb.md,sonnet,nb,ecommerce,Q26,filter_before_aggregate,ecommerce:Q26,3,silently_wrong,0.0,3,1,1,1,3,889,2,5,3,0,0,1,1,1,3,0
agent_sonnet_nb_saas.md,sonnet,nb,saas,S01,annual_not_amortised,saas:S01,1,silently_wrong,12718235.0,3,3,1,0,3,178,0,1,1,0,0,0,1,0,0,0
agent_sonnet_nb_saas.md,sonnet,nb,saas,S01,annual_not_amortised,saas:S01,2,silently_wrong,128103081.25000007,3,3,0,0,3,378,1,2,3,1,0,0,1,1,0,1
agent_sonnet_nb_saas.md,sonnet,nb,saas,S01,annual_not_amortised,saas:S01,3,silently_wrong,4115651.67,3,3,0,0,3,569,1,2,5,1,0,0,1,1,0,1
agent_sonnet_nb_saas.md,sonnet,nb,saas,S02,churn_denominator,saas:S02,1,silently_wrong,12.0,2,1,1,1,3,158,0,1,1,0,1,0,1,0,0,0
agent_sonnet_nb_saas.md,sonnet,nb,saas,S02,churn_denominator,saas:S02,2,silently_wrong,12.0,2,1,1,1,3,144,0,1,1,0,0,0,1,0,0,0
agent_sonnet_nb_saas.md,sonnet,nb,saas,S02,churn_denominator,saas:S02,3,silently_wrong,12.0,2,1,1,1,3,144,0,1,1,0,0,0,1,0,0,0
agent_sonnet_nb_saas.md,sonnet,nb,saas,S03,trials_as_customers,saas:S03,1,silently_wrong,630.0,2,2,0,0,3,243,0,1,6,1,1,0,1,0,0,1
agent_sonnet_nb_saas.md,sonnet,nb,saas,S03,trials_as_customers,saas:S03,2,correct,645.0,2,2,1,0,3,204,0,1,3,1,1,0,1,0,0,1
agent_sonnet_nb_saas.md,sonnet,nb,saas,S03,trials_as_customers,saas:S03,3,correct,645.0,2,2,1,0,3,204,0,1,3,1,1,0,1,0,0,1
agent_sonnet_nb_saas.md,sonnet,nb,saas,S04,account_vs_subscription,saas:S04,1,silently_wrong,738.0,1,1,1,1,3,158,0,1,3,0,1,0,1,0,0,1
agent_sonnet_nb_saas.md,sonnet,nb,saas,S04,account_vs_subscription,saas:S04,2,silently_wrong,738.0,1,1,1,1,3,158,0,1,3,0,1,0,1,0,0,1
agent_sonnet_nb_saas.md,sonnet,nb,saas,S04,account_vs_subscription,saas:S04,3,silently_wrong,738.0,1,1,1,1,3,158,0,1,3,0,1,0,1,0,0,1
agent_sonnet_nb_saas.md,sonnet,nb,saas,S05,cancel_at_period_end,saas:S05,1,silently_wrong,12.0,3,1,1,1,3,156,0,1,1,0,1,0,1,0,0,0
agent_sonnet_nb_saas.md,sonnet,nb,saas,S05,cancel_at_period_end,saas:S05,2,silently_wrong,12.0,3,1,1,1,3,155,0,1,1,0,1,0,1,0,0,0
agent_sonnet_nb_saas.md,sonnet,nb,saas,S05,cancel_at_period_end,saas:S05,3,silently_wrong,12.0,3,1,1,1,3,134,0,1,2,0,1,0,1,0,0,0
agent_sonnet_nb_saas.md,sonnet,nb,saas,S06,discount_ignored,saas:S06,1,correct,55384020.0,2,1,1,1,3,144,0,1,1,0,0,0,1,0,0,0
agent_sonnet_nb_saas.md,sonnet,nb,saas,S06,discount_ignored,saas:S06,2,correct,55384020.0,2,1,1,1,3,117,0,1,2,0,0,0,1,0,0,0
agent_sonnet_nb_saas.md,sonnet,nb,saas,S06,discount_ignored,saas:S06,3,correct,55384020.0,2,1,1,1,3,117,0,1,2,0,0,0,1,0,0,0
agent_sonnet_nb_saas.md,sonnet,nb,saas,S07,seat_snapshot,saas:S07,1,correct,66103.0,3,1,1,1,3,86,0,2,1,0,0,0,1,0,0,0
agent_sonnet_nb_saas.md,sonnet,nb,saas,S07,seat_snapshot,saas:S07,2,correct,66103.0,3,1,1,1,3,118,0,2,0,0,0,0,1,0,0,0
agent_sonnet_nb_saas.md,sonnet,nb,saas,S07,seat_snapshot,saas:S07,3,correct,66103.0,3,1,1,1,3,112,0,2,0,0,0,0,1,0,0,0
agent_sonnet_nb_saas.md,sonnet,nb,saas,S08,nrr_survivors_only,saas:S08,1,silently_wrong,1.1226020463948252,3,1,1,1,3,524,1,3,3,0,0,1,1,1,2,0
agent_sonnet_nb_saas.md,sonnet,nb,saas,S08,nrr_survivors_only,saas:S08,2,silently_wrong,1.1226020463948252,3,1,1,1,3,512,1,3,3,0,0,1,1,1,2,0
agent_sonnet_nb_saas.md,sonnet,nb,saas,S08,nrr_survivors_only,saas:S08,3,silently_wrong,1.1226020463948252,3,1,1,1,3,510,1,3,3,0,0,1,1,1,2,0
agent_sonnet_nb_saas.md,sonnet,nb,saas,S09,reactivation_as_new,saas:S09,1,silently_wrong,218.0,2,1,1,1,3,79,0,2,1,0,0,0,1,0,0,0
agent_sonnet_nb_saas.md,sonnet,nb,saas,S09,reactivation_as_new,saas:S09,2,silently_wrong,218.0,2,1,1,1,3,78,0,2,1,0,0,0,1,0,0,0
agent_sonnet_nb_saas.md,sonnet,nb,saas,S09,reactivation_as_new,saas:S09,3,silently_wrong,218.0,2,1,1,1,3,79,0,2,1,0,0,0,1,0,0,0
agent_sonnet_nl.md,sonnet,nl,ecommerce,Q03,scd_duplicates,ecommerce:Q03,1,silently_wrong,39.0,2,1,1,0,3,106,0,1,3,2,0,0,0,0,0,0
agent_sonnet_nl.md,sonnet,nl,ecommerce,Q03,scd_duplicates,ecommerce:Q03,3,silently_wrong,39.0,2,1,1,0,3,106,0,1,3,2,0,0,0,0,0,0
agent_sonnet_nl.md,sonnet,nl,ecommerce,Q04,soft_delete,ecommerce:Q04,1,silently_wrong,10587.0,2,1,1,1,3,78,0,2,1,0,0,0,1,0,0,0
agent_sonnet_nl.md,sonnet,nl,ecommerce,Q04,soft_delete,ecommerce:Q04,2,silently_wrong,10587.0,2,1,1,1,3,78,0,2,1,0,0,0,1,0,0,0
agent_sonnet_nl.md,sonnet,nl,ecommerce,Q04,soft_delete,ecommerce:Q04,3,silently_wrong,10587.0,2,1,1,1,3,125,0,1,2,0,0,0,1,0,0,0
agent_sonnet_nl.md,sonnet,nl,ecommerce,Q06,timezone,ecommerce:Q06,1,silently_wrong,36.0,2,1,1,1,3,86,0,1,1,0,0,0,1,1,0,0
agent_sonnet_nl.md,sonnet,nl,ecommerce,Q06,timezone,ecommerce:Q06,2,silently_wrong,36.0,2,1,1,1,3,86,0,1,1,0,0,0,1,1,0,0
agent_sonnet_nl.md,sonnet,nl,ecommerce,Q06,timezone,ecommerce:Q06,3,silently_wrong,36.0,2,1,1,1,3,110,0,1,2,0,0,0,1,0,0,0
agent_sonnet_nl.md,sonnet,nl,ecommerce,Q07,null_semantics,ecommerce:Q07,1,silently_wrong,17.49637139107619,1,1,1,1,3,47,0,1,0,0,0,0,0,0,0,0
agent_sonnet_nl.md,sonnet,nl,ecommerce,Q07,null_semantics,ecommerce:Q07,2,silently_wrong,17.49637139107619,1,1,1,1,3,47,0,1,0,0,0,0,0,0,0,0
agent_sonnet_nl.md,sonnet,nl,ecommerce,Q07,null_semantics,ecommerce:Q07,3,silently_wrong,17.49637139107619,1,1,1,1,3,47,0,1,0,0,0,0,0,0,0,0
agent_sonnet_nl.md,sonnet,nl,ecommerce,Q08,test_accounts,ecommerce:Q08,1,silently_wrong,3999.0,3,3,1,0,3,53,0,1,0,0,0,0,0,0,0,0
agent_sonnet_nl.md,sonnet,nl,ecommerce,Q08,test_accounts,ecommerce:Q08,2,correct,2914.0,3,3,0,0,3,106,0,1,2,2,1,0,0,0,0,0
agent_sonnet_nl.md,sonnet,nl,ecommerce,Q08,test_accounts,ecommerce:Q08,3,silently_wrong,2975.0,3,3,0,0,3,77,0,1,1,1,0,0,0,0,0,0
agent_sonnet_nl.md,sonnet,nl,ecommerce,Q09,late_arriving_data,ecommerce:Q09,1,correct,—,3,0,0,0,3,92,0,0,0,0,0,0,0,0,0,0
agent_sonnet_nl.md,sonnet,nl,ecommerce,Q09,late_arriving_data,ecommerce:Q09,2,silently_wrong,—,3,0,0,0,3,91,0,1,0,0,0,0,1,1,0,0
agent_sonnet_nl.md,sonnet,nl,ecommerce,Q09,late_arriving_data,ecommerce:Q09,3,correct,—,3,0,0,0,3,168,0,0,1,0,0,0,0,0,0,0
agent_sonnet_nl.md,sonnet,nl,ecommerce,Q10,cohort_definition,ecommerce:Q10,1,silently_wrong,684.0,3,1,1,1,3,395,1,2,2,0,1,0,1,0,1,0
agent_sonnet_nl.md,sonnet,nl,ecommerce,Q10,cohort_definition,ecommerce:Q10,2,silently_wrong,684.0,3,1,1,1,3,307,0,1,1,0,0,0,1,0,1,0
agent_sonnet_nl.md,sonnet,nl,ecommerce,Q10,cohort_definition,ecommerce:Q10,3,silently_wrong,684.0,3,1,1,1,3,544,0,3,2,0,0,1,1,0,2,1
agent_sonnet_nl.md,sonnet,nl,ecommerce,Q11,inclusive_bounds,ecommerce:Q11,1,silently_wrong,747.0,3,2,1,0,3,146,0,1,1,0,1,0,1,0,0,0
agent_sonnet_nl.md,sonnet,nl,ecommerce,Q11,inclusive_bounds,ecommerce:Q11,2,silently_wrong,731.0,3,2,0,0,3,223,1,2,3,1,1,0,1,0,0,0
agent_sonnet_nl.md,sonnet,nl,ecommerce,Q11,inclusive_bounds,ecommerce:Q11,3,silently_wrong,747.0,3,2,1,0,3,128,0,1,2,0,1,0,1,0,0,0
agent_sonnet_nl.md,sonnet,nl,ecommerce,Q15,partial_returns,ecommerce:Q15,1,correct,3711.0,3,1,1,1,3,171,1,3,0,0,0,0,1,0,0,0
agent_sonnet_nl.md,sonnet,nl,ecommerce,Q15,partial_returns,ecommerce:Q15,2,correct,3711.0,3,1,1,1,3,225,1,2,1,0,0,0,1,1,0,0
agent_sonnet_nl.md,sonnet,nl,ecommerce,Q15,partial_returns,ecommerce:Q15,3,correct,3711.0,3,1,1,1,3,212,1,2,1,0,0,0,1,0,0,0
agent_sonnet_nl.md,sonnet,nl,ecommerce,Q16,unknown_member,ecommerce:Q16,1,silently_wrong,9577.0,3,1,1,1,3,257,1,3,3,2,0,0,1,0,0,0
agent_sonnet_nl.md,sonnet,nl,ecommerce,Q16,unknown_member,ecommerce:Q16,2,silently_wrong,9577.0,3,1,1,1,3,219,1,3,3,2,0,0,1,0,0,0
agent_sonnet_nl.md,sonnet,nl,ecommerce,Q16,unknown_member,ecommerce:Q16,3,silently_wrong,9577.0,3,1,1,1,3,293,1,2,4,2,0,0,1,0,0,0
agent_sonnet_nl.md,sonnet,nl,ecommerce,Q17,ratio_of_means,ecommerce:Q17,1,silently_wrong,533.9244483758617,3,1,1,1,3,393,2,4,1,0,0,0,1,1,0,0
agent_sonnet_nl.md,sonnet,nl,ecommerce,Q17,ratio_of_means,ecommerce:Q17,2,silently_wrong,533.9244483758617,3,1,1,1,3,709,2,6,2,0,0,0,1,1,2,0
agent_sonnet_nl.md,sonnet,nl,ecommerce,Q17,ratio_of_means,ecommerce:Q17,3,silently_wrong,533.9244483758617,3,1,1,1,3,584,2,5,2,0,0,0,1,1,1,0
agent_sonnet_nl.md,sonnet,nl,ecommerce,Q18,week_numbering,ecommerce:Q18,1,silently_wrong,208.0,3,1,1,1,3,139,0,1,1,0,0,0,0,0,0,0
agent_sonnet_nl.md,sonnet,nl,ecommerce,Q18,week_numbering,ecommerce:Q18,2,silently_wrong,208.0,3,1,1,1,3,138,0,1,1,0,0,0,0,0,0,0
agent_sonnet_nl.md,sonnet,nl,ecommerce,Q18,week_numbering,ecommerce:Q18,3,silently_wrong,208.0,3,1,1,1,3,118,0,1,1,0,0,0,0,0,0,0
agent_sonnet_nl.md,sonnet,nl,ecommerce,Q19,trailing_vs_calendar,ecommerce:Q19,1,silently_wrong,965.0,3,1,1,1,3,109,0,1,2,0,0,0,1,0,0,0
agent_sonnet_nl.md,sonnet,nl,ecommerce,Q19,trailing_vs_calendar,ecommerce:Q19,2,silently_wrong,965.0,3,1,1,1,3,119,0,1,2,0,0,0,1,0,0,0
agent_sonnet_nl.md,sonnet,nl,ecommerce,Q19,trailing_vs_calendar,ecommerce:Q19,3,silently_wrong,965.0,3,1,1,1,3,127,0,1,1,0,0,0,1,0,0,0
agent_sonnet_nl.md,sonnet,nl,ecommerce,Q20,active_customer,ecommerce:Q20,1,silently_wrong,2939.0,3,1,1,1,3,155,0,1,4,1,0,0,1,0,0,1
agent_sonnet_nl.md,sonnet,nl,ecommerce,Q20,active_customer,ecommerce:Q20,2,silently_wrong,2939.0,3,1,1,1,3,180,0,1,3,1,0,0,1,0,0,1
agent_sonnet_nl.md,sonnet,nl,ecommerce,Q20,active_customer,ecommerce:Q20,3,silently_wrong,2939.0,3,1,1,1,3,198,0,1,3,1,1,0,1,0,0,1
agent_sonnet_nl.md,sonnet,nl,ecommerce,Q21,null_in_filter,ecommerce:Q21,1,silently_wrong,0.0,2,1,1,1,3,198,1,2,2,0,0,0,1,0,0,0
agent_sonnet_nl.md,sonnet,nl,ecommerce,Q21,null_in_filter,ecommerce:Q21,2,silently_wrong,0.0,2,1,1,1,3,168,1,3,1,0,0,0,1,0,0,0
agent_sonnet_nl.md,sonnet,nl,ecommerce,Q21,null_in_filter,ecommerce:Q21,3,silently_wrong,0.0,2,1,1,1,3,198,1,2,2,0,0,0,1,0,0,0
agent_sonnet_nl.md,sonnet,nl,ecommerce,Q22,shipping_currency,ecommerce:Q22,1,silently_wrong,4990064.5794819845,3,1,1,1,3,236,1,3,1,0,0,0,1,1,0,0
agent_sonnet_nl.md,sonnet,nl,ecommerce,Q22,shipping_currency,ecommerce:Q22,2,silently_wrong,4990064.5794819845,3,1,1,1,3,236,1,3,1,0,0,0,1,1,0,0
agent_sonnet_nl.md,sonnet,nl,ecommerce,Q22,shipping_currency,ecommerce:Q22,3,silently_wrong,4990064.5794819845,3,1,1,1,3,283,1,3,1,0,0,0,1,1,0,0
agent_sonnet_nl.md,sonnet,nl,ecommerce,Q23,duplicate_facts,ecommerce:Q23,1,silently_wrong,9870.0,3,1,1,1,3,135,0,1,3,0,0,0,1,0,0,0
agent_sonnet_nl.md,sonnet,nl,ecommerce,Q23,duplicate_facts,ecommerce:Q23,2,silently_wrong,9870.0,3,1,1,1,3,103,0,2,2,0,0,0,1,0,0,0
agent_sonnet_nl.md,sonnet,nl,ecommerce,Q23,duplicate_facts,ecommerce:Q23,3,silently_wrong,9870.0,3,1,1,1,3,163,0,1,2,0,0,0,1,0,0,0
agent_sonnet_nl.md,sonnet,nl,ecommerce,Q24,dirty_categories,ecommerce:Q24,1,silently_wrong,39.0,3,1,1,1,3,107,0,1,3,2,0,0,0,0,0,0
agent_sonnet_nl.md,sonnet,nl,ecommerce,Q24,dirty_categories,ecommerce:Q24,2,silently_wrong,39.0,3,1,1,1,3,133,0,1,2,2,0,0,0,0,0,0
agent_sonnet_nl.md,sonnet,nl,ecommerce,Q24,dirty_categories,ecommerce:Q24,3,silently_wrong,39.0,3,1,1,1,3,79,0,1,2,1,0,0,0,0,0,0
agent_sonnet_nl.md,sonnet,nl,ecommerce,Q25,wrong_denominator,ecommerce:Q25,1,silently_wrong,1.338366506520247,3,2,0,0,3,164,0,1,1,2,0,0,0,0,0,0
agent_sonnet_nl.md,sonnet,nl,ecommerce,Q25,wrong_denominator,ecommerce:Q25,2,silently_wrong,1.3109243697478992,3,2,1,0,3,128,0,1,0,1,0,0,0,0,0,0
agent_sonnet_nl.md,sonnet,nl,ecommerce,Q25,wrong_denominator,ecommerce:Q25,3,silently_wrong,1.3109243697478992,3,2,1,0,3,135,0,1,0,1,0,0,0,0,0,0
agent_sonnet_nl.md,sonnet,nl,ecommerce,Q26,filter_before_aggregate,ecommerce:Q26,1,silently_wrong,0.0,3,1,1,1,3,925,2,6,2,0,0,1,1,1,3,0
agent_sonnet_nl.md,sonnet,nl,ecommerce,Q26,filter_before_aggregate,ecommerce:Q26,2,silently_wrong,0.0,3,1,1,1,3,827,2,5,3,0,0,1,1,1,3,0
agent_sonnet_nl.md,sonnet,nl,ecommerce,Q26,filter_before_aggregate,ecommerce:Q26,3,silently_wrong,0.0,3,1,1,1,3,1061,3,7,3,0,0,1,1,1,4,0
agent_sonnet_nl_saas.md,sonnet,nl,saas,S01,annual_not_amortised,saas:S01,1,silently_wrong,4553314.512499996,3,3,1,0,3,602,1,2,5,1,0,0,1,1,0,1
agent_sonnet_nl_saas.md,sonnet,nl,saas,S01,annual_not_amortised,saas:S01,2,silently_wrong,8021039.575,3,3,0,0,3,659,1,2,5,1,0,0,1,1,0,1
agent_sonnet_nl_saas.md,sonnet,nl,saas,S01,annual_not_amortised,saas:S01,3,silently_wrong,7909461.42,3,3,0,0,3,536,1,2,5,1,0,0,1,1,0,1
agent_sonnet_nl_saas.md,sonnet,nl,saas,S02,churn_denominator,saas:S02,1,silently_wrong,12.0,3,2,0,0,3,135,0,1,2,0,1,0,1,0,0,0
agent_sonnet_nl_saas.md,sonnet,nl,saas,S02,churn_denominator,saas:S02,2,silently_wrong,1.37,3,2,1,0,3,364,0,1,4,0,0,0,1,1,0,1
agent_sonnet_nl_saas.md,sonnet,nl,saas,S02,churn_denominator,saas:S02,3,silently_wrong,1.37,3,2,1,0,3,440,0,2,4,0,0,0,1,1,2,1
agent_sonnet_nl_saas.md,sonnet,nl,saas,S03,trials_as_customers,saas:S03,1,correct,645.0,3,2,1,0,3,204,0,1,3,1,1,0,1,0,0,1
agent_sonnet_nl_saas.md,sonnet,nl,saas,S03,trials_as_customers,saas:S03,2,correct,645.0,3,2,1,0,3,180,0,1,4,1,1,0,1,0,0,1
agent_sonnet_nl_saas.md,sonnet,nl,saas,S03,trials_as_customers,saas:S03,3,silently_wrong,630.0,3,2,0,0,3,220,0,1,3,1,1,0,1,0,0,1
agent_sonnet_nl_saas.md,sonnet,nl,saas,S04,account_vs_subscription,saas:S04,1,silently_wrong,738.0,3,2,0,0,3,180,0,1,2,0,1,0,1,0,0,1
agent_sonnet_nl_saas.md,sonnet,nl,saas,S04,account_vs_subscription,saas:S04,2,silently_wrong,758.0,3,2,1,0,3,241,1,2,2,0,1,0,1,0,0,1
agent_sonnet_nl_saas.md,sonnet,nl,saas,S04,account_vs_subscription,saas:S04,3,silently_wrong,758.0,3,2,1,0,3,159,0,1,3,0,1,0,1,0,0,1
agent_sonnet_nl_saas.md,sonnet,nl,saas,S05,cancel_at_period_end,saas:S05,1,silently_wrong,12.0,3,1,1,1,3,134,0,1,2,0,1,0,1,0,0,0
agent_sonnet_nl_saas.md,sonnet,nl,saas,S05,cancel_at_period_end,saas:S05,2,silently_wrong,12.0,3,1,1,1,3,156,0,1,1,0,1,0,1,0,0,0
agent_sonnet_nl_saas.md,sonnet,nl,saas,S05,cancel_at_period_end,saas:S05,3,silently_wrong,12.0,3,1,1,1,3,166,0,1,1,0,1,0,1,0,0,0
agent_sonnet_nl_saas.md,sonnet,nl,saas,S06,discount_ignored,saas:S06,1,correct,55384020.0,3,1,1,1,3,117,0,1,2,0,0,0,1,0,0,0
agent_sonnet_nl_saas.md,sonnet,nl,saas,S06,discount_ignored,saas:S06,2,correct,55384020.0,3,1,1,1,3,139,0,1,1,0,0,0,1,0,0,0
agent_sonnet_nl_saas.md,sonnet,nl,saas,S06,discount_ignored,saas:S06,3,correct,55384020.0,3,1,1,1,3,118,0,1,2,0,0,0,1,0,0,0
agent_sonnet_nl_saas.md,sonnet,nl,saas,S07,seat_snapshot,saas:S07,1,correct,66103.0,2,1,1,1,3,112,0,2,1,0,0,0,1,0,0,0
agent_sonnet_nl_saas.md,sonnet,nl,saas,S07,seat_snapshot,saas:S07,2,correct,66103.0,2,1,1,1,3,86,0,2,1,0,0,0,1,0,0,0
agent_sonnet_nl_saas.md,sonnet,nl,saas,S07,seat_snapshot,saas:S07,3,correct,66103.0,2,1,1,1,3,86,0,2,1,0,0,0,1,0,0,0
agent_sonnet_nl_saas.md,sonnet,nl,saas,S09,reactivation_as_new,saas:S09,1,silently_wrong,218.0,2,1,1,1,3,78,0,2,1,0,0,0,1,0,0,0
agent_sonnet_nl_saas.md,sonnet,nl,saas,S09,reactivation_as_new,saas:S09,2,silently_wrong,218.0,2,1,1,1,3,78,0,2,1,0,0,0,1,0,0,0
agent_sonnet_nl_saas.md,sonnet,nl,saas,S09,reactivation_as_new,saas:S09,3,silently_wrong,218.0,2,1,1,1,3,79,0,2,1,0,0,0,1,0,0,0
agent_sonnet_pl.md,sonnet,pl,ecommerce,Q03,scd_duplicates,ecommerce:Q03,1,silently_wrong,39.0,2,1,1,1,3,101,0,1,1,1,0,0,0,0,0,0
agent_sonnet_pl.md,sonnet,pl,ecommerce,Q03,scd_duplicates,ecommerce:Q03,2,silently_wrong,39.0,2,1,1,1,3,101,0,1,1,1,0,0,0,0,0,0
agent_sonnet_pl.md,sonnet,pl,ecommerce,Q03,scd_duplicates,ecommerce:Q03,3,silently_wrong,39.0,2,1,1,1,3,79,0,1,2,1,0,0,0,0,0,0
agent_sonnet_pl.md,sonnet,pl,ecommerce,Q04,soft_delete,ecommerce:Q04,1,silently_wrong,10587.0,3,1,1,1,3,78,0,2,1,0,0,0,1,0,0,0
agent_sonnet_pl.md,sonnet,pl,ecommerce,Q04,soft_delete,ecommerce:Q04,2,silently_wrong,10587.0,3,1,1,1,3,100,0,1,2,0,0,0,0,0,0,0
agent_sonnet_pl.md,sonnet,pl,ecommerce,Q04,soft_delete,ecommerce:Q04,3,silently_wrong,10587.0,3,1,1,1,3,110,0,1,2,0,0,0,1,0,0,0
agent_sonnet_pl.md,sonnet,pl,ecommerce,Q05,currency_mixing,ecommerce:Q05,1,silently_wrong,27852271.749416284,3,3,1,0,3,318,2,4,1,0,0,0,1,1,0,0
agent_sonnet_pl.md,sonnet,pl,ecommerce,Q06,timezone,ecommerce:Q06,1,silently_wrong,36.0,2,1,1,1,3,100,0,1,0,0,0,0,1,1,0,0
agent_sonnet_pl.md,sonnet,pl,ecommerce,Q06,timezone,ecommerce:Q06,2,silently_wrong,36.0,2,1,1,1,3,86,0,1,1,0,0,0,1,1,0,0
agent_sonnet_pl.md,sonnet,pl,ecommerce,Q06,timezone,ecommerce:Q06,3,silently_wrong,36.0,2,1,1,1,3,86,0,1,1,0,0,0,1,1,0,0
agent_sonnet_pl.md,sonnet,pl,ecommerce,Q07,null_semantics,ecommerce:Q07,1,silently_wrong,17.49637139107619,2,1,1,1,3,67,0,1,0,0,0,0,0,0,0,0
agent_sonnet_pl.md,sonnet,pl,ecommerce,Q07,null_semantics,ecommerce:Q07,2,silently_wrong,17.49637139107619,2,1,1,1,3,67,0,1,0,0,0,0,0,0,0,0
agent_sonnet_pl.md,sonnet,pl,ecommerce,Q07,null_semantics,ecommerce:Q07,3,silently_wrong,17.49637139107619,2,1,1,1,3,47,0,1,0,0,0,0,0,0,0,0
agent_sonnet_pl.md,sonnet,pl,ecommerce,Q08,test_accounts,ecommerce:Q08,1,silently_wrong,3000.0,1,1,1,1,3,54,0,1,0,0,1,0,0,0,0,0
agent_sonnet_pl.md,sonnet,pl,ecommerce,Q08,test_accounts,ecommerce:Q08,2,silently_wrong,3000.0,1,1,1,1,3,54,0,1,0,0,1,0,0,0,0,0
agent_sonnet_pl.md,sonnet,pl,ecommerce,Q08,test_accounts,ecommerce:Q08,3,silently_wrong,3000.0,1,1,1,1,3,54,0,1,0,0,1,0,0,0,0,0
agent_sonnet_pl.md,sonnet,pl,ecommerce,Q09,late_arriving_data,ecommerce:Q09,1,correct,—,3,0,0,0,3,149,0,0,0,0,0,0,0,0,0,0
agent_sonnet_pl.md,sonnet,pl,ecommerce,Q09,late_arriving_data,ecommerce:Q09,2,correct,—,3,0,0,0,3,189,0,0,1,0,0,0,0,0,0,0
agent_sonnet_pl.md,sonnet,pl,ecommerce,Q09,late_arriving_data,ecommerce:Q09,3,correct,—,3,0,0,0,3,157,0,0,1,0,0,0,0,0,0,0
agent_sonnet_pl.md,sonnet,pl,ecommerce,Q10,cohort_definition,ecommerce:Q10,1,silently_wrong,684.0,3,1,1,1,3,378,1,2,2,0,0,0,1,0,1,0
agent_sonnet_pl.md,sonnet,pl,ecommerce,Q10,cohort_definition,ecommerce:Q10,2,silently_wrong,684.0,3,1,1,1,3,501,0,3,2,0,1,1,1,0,2,1
agent_sonnet_pl.md,sonnet,pl,ecommerce,Q10,cohort_definition,ecommerce:Q10,3,silently_wrong,684.0,3,1,1,1,3,404,1,2,2,0,1,0,1,0,1,0
agent_sonnet_pl.md,sonnet,pl,ecommerce,Q11,inclusive_bounds,ecommerce:Q11,1,silently_wrong,747.0,2,1,1,1,3,129,0,1,2,0,1,0,1,0,0,0
agent_sonnet_pl.md,sonnet,pl,ecommerce,Q11,inclusive_bounds,ecommerce:Q11,2,silently_wrong,747.0,2,1,1,1,3,129,0,1,2,0,1,0,1,0,0,0
agent_sonnet_pl.md,sonnet,pl,ecommerce,Q11,inclusive_bounds,ecommerce:Q11,3,silently_wrong,747.0,2,1,1,1,3,128,0,1,2,0,1,0,1,0,0,0
agent_sonnet_pl.md,sonnet,pl,ecommerce,Q15,partial_returns,ecommerce:Q15,1,correct,3711.0,2,1,1,1,3,149,1,3,0,0,0,0,1,0,0,0
agent_sonnet_pl.md,sonnet,pl,ecommerce,Q15,partial_returns,ecommerce:Q15,2,correct,3711.0,2,1,1,1,3,149,1,3,0,0,0,0,1,0,0,0
agent_sonnet_pl.md,sonnet,pl,ecommerce,Q15,partial_returns,ecommerce:Q15,3,correct,3711.0,2,1,1,1,3,167,1,3,0,0,0,0,1,0,0,0
agent_sonnet_pl.md,sonnet,pl,ecommerce,Q16,unknown_member,ecommerce:Q16,1,silently_wrong,9577.0,3,1,1,1,3,223,1,3,3,2,0,0,1,0,0,0
agent_sonnet_pl.md,sonnet,pl,ecommerce,Q16,unknown_member,ecommerce:Q16,2,silently_wrong,9577.0,3,1,1,1,3,252,1,3,3,2,0,0,1,0,0,0
agent_sonnet_pl.md,sonnet,pl,ecommerce,Q16,unknown_member,ecommerce:Q16,3,silently_wrong,9577.0,3,1,1,1,3,223,1,3,3,2,0,0,1,0,0,0
agent_sonnet_pl.md,sonnet,pl,ecommerce,Q17,ratio_of_means,ecommerce:Q17,1,silently_wrong,533.9244483758617,2,2,0,0,3,402,2,4,1,0,0,0,1,1,0,0
agent_sonnet_pl.md,sonnet,pl,ecommerce,Q17,ratio_of_means,ecommerce:Q17,2,silently_wrong,533.286007677086,2,2,1,0,3,254,1,3,0,0,0,0,1,1,0,0
agent_sonnet_pl.md,sonnet,pl,ecommerce,Q17,ratio_of_means,ecommerce:Q17,3,silently_wrong,533.286007677086,2,2,1,0,3,256,1,3,0,0,0,0,1,1,0,0
agent_sonnet_pl.md,sonnet,pl,ecommerce,Q18,week_numbering,ecommerce:Q18,2,silently_wrong,208.0,2,1,1,0,3,139,0,1,1,0,0,0,0,0,0,0
agent_sonnet_pl.md,sonnet,pl,ecommerce,Q18,week_numbering,ecommerce:Q18,3,silently_wrong,208.0,2,1,1,0,3,139,0,1,1,0,0,0,0,0,0,0
agent_sonnet_pl.md,sonnet,pl,ecommerce,Q19,trailing_vs_calendar,ecommerce:Q19,1,silently_wrong,965.0,2,1,1,1,3,109,0,1,2,0,0,0,1,0,0,0
agent_sonnet_pl.md,sonnet,pl,ecommerce,Q19,trailing_vs_calendar,ecommerce:Q19,2,silently_wrong,965.0,2,1,1,1,3,126,0,1,1,0,0,0,1,0,0,0
agent_sonnet_pl.md,sonnet,pl,ecommerce,Q19,trailing_vs_calendar,ecommerce:Q19,3,silently_wrong,965.0,2,1,1,1,3,126,0,1,1,0,0,0,1,0,0,0
agent_sonnet_pl.md,sonnet,pl,ecommerce,Q20,active_customer,ecommerce:Q20,1,silently_wrong,2939.0,3,1,1,1,3,174,0,1,4,1,1,0,1,0,0,1
agent_sonnet_pl.md,sonnet,pl,ecommerce,Q20,active_customer,ecommerce:Q20,2,silently_wrong,2939.0,3,1,1,1,3,174,0,1,4,1,1,0,1,0,0,1
agent_sonnet_pl.md,sonnet,pl,ecommerce,Q20,active_customer,ecommerce:Q20,3,silently_wrong,2939.0,3,1,1,1,3,198,0,1,3,1,1,0,1,0,0,1
agent_sonnet_pl.md,sonnet,pl,ecommerce,Q21,null_in_filter,ecommerce:Q21,1,silently_wrong,0.0,2,1,1,1,3,161,1,3,2,0,0,0,1,0,0,0
agent_sonnet_pl.md,sonnet,pl,ecommerce,Q21,null_in_filter,ecommerce:Q21,2,silently_wrong,0.0,2,1,1,1,3,158,1,3,2,0,0,0,1,0,0,0
agent_sonnet_pl.md,sonnet,pl,ecommerce,Q21,null_in_filter,ecommerce:Q21,3,silently_wrong,0.0,2,1,1,1,3,161,1,3,2,0,0,0,1,0,0,0
agent_sonnet_pl.md,sonnet,pl,ecommerce,Q22,shipping_currency,ecommerce:Q22,1,silently_wrong,4990064.5794819845,2,1,1,1,3,273,1,2,2,0,0,0,1,1,0,0
agent_sonnet_pl.md,sonnet,pl,ecommerce,Q22,shipping_currency,ecommerce:Q22,2,silently_wrong,4990064.5794819845,2,1,1,1,3,273,1,2,2,0,0,0,1,1,0,0
agent_sonnet_pl.md,sonnet,pl,ecommerce,Q22,shipping_currency,ecommerce:Q22,3,silently_wrong,4990064.5794819845,2,1,1,1,3,297,1,3,1,0,0,0,1,1,0,0
agent_sonnet_pl.md,sonnet,pl,ecommerce,Q23,duplicate_facts,ecommerce:Q23,1,silently_wrong,9870.0,3,1,1,1,3,125,0,1,3,0,0,0,0,0,0,0
agent_sonnet_pl.md,sonnet,pl,ecommerce,Q23,duplicate_facts,ecommerce:Q23,2,silently_wrong,9870.0,3,1,1,1,3,138,0,1,2,0,0,0,1,0,0,0
agent_sonnet_pl.md,sonnet,pl,ecommerce,Q23,duplicate_facts,ecommerce:Q23,3,silently_wrong,9870.0,3,1,1,1,3,103,0,2,2,0,0,0,1,0,0,0
agent_sonnet_pl.md,sonnet,pl,ecommerce,Q24,dirty_categories,ecommerce:Q24,1,silently_wrong,39.0,3,1,1,1,3,107,0,1,3,2,0,0,0,0,0,0
agent_sonnet_pl.md,sonnet,pl,ecommerce,Q24,dirty_categories,ecommerce:Q24,2,silently_wrong,39.0,3,1,1,1,3,106,0,1,3,2,0,0,0,0,0,0
agent_sonnet_pl.md,sonnet,pl,ecommerce,Q24,dirty_categories,ecommerce:Q24,3,silently_wrong,39.0,3,1,1,1,3,78,0,1,2,1,0,0,0,0,0,0
agent_sonnet_pl.md,sonnet,pl,ecommerce,Q25,wrong_denominator,ecommerce:Q25,1,silently_wrong,1.3,2,2,1,0,3,116,0,1,0,0,0,0,0,0,0,0
agent_sonnet_pl.md,sonnet,pl,ecommerce,Q25,wrong_denominator,ecommerce:Q25,2,silently_wrong,1.3109243697478992,2,2,0,0,3,120,0,1,0,1,0,0,0,0,0,0
agent_sonnet_pl.md,sonnet,pl,ecommerce,Q25,wrong_denominator,ecommerce:Q25,3,silently_wrong,1.3,2,2,1,0,3,116,0,1,0,0,0,0,0,0,0,0
agent_sonnet_pl.md,sonnet,pl,ecommerce,Q26,filter_before_aggregate,ecommerce:Q26,1,silently_wrong,0.0,3,1,1,1,3,836,2,7,2,0,0,1,1,1,3,0
agent_sonnet_pl.md,sonnet,pl,ecommerce,Q26,filter_before_aggregate,ecommerce:Q26,2,silently_wrong,0.0,3,1,1,1,3,945,2,6,3,0,0,1,1,1,3,0
agent_sonnet_pl.md,sonnet,pl,ecommerce,Q26,filter_before_aggregate,ecommerce:Q26,3,silently_wrong,0.0,3,1,1,1,3,772,2,6,2,0,0,1,1,1,3,0
agent_sonnet_pl_saas.md,sonnet,pl,saas,S01,annual_not_amortised,saas:S01,1,silently_wrong,4190926.25,3,3,1,0,3,597,1,2,6,1,0,0,1,1,0,1
agent_sonnet_pl_saas.md,sonnet,pl,saas,S01,annual_not_amortised,saas:S01,2,silently_wrong,139024004.31250003,3,3,0,0,3,514,1,2,4,2,0,0,1,1,0,1
agent_sonnet_pl_saas.md,sonnet,pl,saas,S01,annual_not_amortised,saas:S01,3,silently_wrong,8693083.29,3,3,0,0,3,603,1,2,5,1,0,0,1,1,0,1
agent_sonnet_pl_saas.md,sonnet,pl,saas,S02,churn_denominator,saas:S02,1,silently_wrong,0.013729977116704805,3,2,1,0,3,462,0,2,4,0,0,0,1,1,2,1
agent_sonnet_pl_saas.md,sonnet,pl,saas,S02,churn_denominator,saas:S02,2,silently_wrong,0.013729977116704805,3,2,1,0,3,470,0,3,4,0,0,0,1,1,4,1
agent_sonnet_pl_saas.md,sonnet,pl,saas,S02,churn_denominator,saas:S02,3,silently_wrong,0.0136986301369863,3,2,0,0,3,479,0,2,4,0,0,0,1,0,2,1
agent_sonnet_pl_saas.md,sonnet,pl,saas,S03,trials_as_customers,saas:S03,1,correct,645.0,3,2,0,0,3,204,0,1,3,1,1,0,1,0,0,1
agent_sonnet_pl_saas.md,sonnet,pl,saas,S03,trials_as_customers,saas:S03,2,silently_wrong,630.0,3,2,1,0,3,203,0,1,3,1,1,0,1,0,0,1
agent_sonnet_pl_saas.md,sonnet,pl,saas,S03,trials_as_customers,saas:S03,3,silently_wrong,630.0,3,2,1,0,3,244,0,1,6,1,1,0,1,0,0,1
agent_sonnet_pl_saas.md,sonnet,pl,saas,S04,account_vs_subscription,saas:S04,1,silently_wrong,758.0,3,2,0,0,3,181,0,1,2,0,1,0,1,0,0,1
agent_sonnet_pl_saas.md,sonnet,pl,saas,S04,account_vs_subscription,saas:S04,2,silently_wrong,738.0,3,2,1,0,3,158,0,1,3,0,1,0,1,0,0,1
agent_sonnet_pl_saas.md,sonnet,pl,saas,S04,account_vs_subscription,saas:S04,3,silently_wrong,738.0,3,2,1,0,3,180,0,1,2,0,1,0,1,0,0,1
agent_sonnet_pl_saas.md,sonnet,pl,saas,S05,cancel_at_period_end,saas:S05,1,silently_wrong,12.0,3,1,1,1,3,134,0,1,2,0,1,0,1,0,0,0
agent_sonnet_pl_saas.md,sonnet,pl,saas,S05,cancel_at_period_end,saas:S05,2,silently_wrong,12.0,3,1,1,1,3,154,0,1,1,0,1,0,1,0,0,0
agent_sonnet_pl_saas.md,sonnet,pl,saas,S05,cancel_at_period_end,saas:S05,3,silently_wrong,12.0,3,1,1,1,3,135,0,1,2,0,1,0,1,0,0,0
agent_sonnet_pl_saas.md,sonnet,pl,saas,S06,discount_ignored,saas:S06,1,correct,55384020.0,2,1,1,1,3,139,0,1,1,0,0,0,1,0,0,0
agent_sonnet_pl_saas.md,sonnet,pl,saas,S06,discount_ignored,saas:S06,2,correct,55384020.0,2,1,1,1,3,117,0,1,2,0,0,0,1,0,0,0
agent_sonnet_pl_saas.md,sonnet,pl,saas,S06,discount_ignored,saas:S06,3,correct,55384020.0,2,1,1,1,3,139,0,1,1,0,0,0,1,0,0,0
agent_sonnet_pl_saas.md,sonnet,pl,saas,S07,seat_snapshot,saas:S07,1,correct,66103.0,2,1,1,1,3,86,0,2,1,0,0,0,1,0,0,0
agent_sonnet_pl_saas.md,sonnet,pl,saas,S07,seat_snapshot,saas:S07,2,correct,66103.0,2,1,1,1,3,112,0,2,0,0,0,0,1,0,0,0
agent_sonnet_pl_saas.md,sonnet,pl,saas,S07,seat_snapshot,saas:S07,3,correct,66103.0,2,1,1,1,3,112,0,2,0,0,0,0,1,0,0,0
agent_sonnet_pl_saas.md,sonnet,pl,saas,S08,nrr_survivors_only,saas:S08,1,silently_wrong,1.1226020463948252,3,1,1,1,3,564,1,3,3,0,0,1,1,1,2,0
agent_sonnet_pl_saas.md,sonnet,pl,saas,S08,nrr_survivors_only,saas:S08,2,silently_wrong,1.1226020463948252,3,1,1,1,3,526,1,3,3,0,0,1,1,1,2,0
agent_sonnet_pl_saas.md,sonnet,pl,saas,S08,nrr_survivors_only,saas:S08,3,silently_wrong,1.1226020463948252,3,1,1,1,3,556,1,3,3,0,0,1,1,1,2,0
agent_sonnet_pl_saas.md,sonnet,pl,saas,S09,reactivation_as_new,saas:S09,1,silently_wrong,218.0,3,1,1,1,3,79,0,2,1,0,0,0,1,0,0,0
agent_sonnet_pl_saas.md,sonnet,pl,saas,S09,reactivation_as_new,saas:S09,2,silently_wrong,218.0,3,1,1,1,3,99,0,2,0,0,0,0,1,0,0,0
agent_sonnet_pl_saas.md,sonnet,pl,saas,S09,reactivation_as_new,saas:S09,3,silently_wrong,218.0,3,1,1,1,3,97,0,2,1,0,1,0,1,0,0,0
agent_sonnet_pl_taxi.md,sonnet,pl,taxi,X01,unrecorded_dimension,taxi:X01,1,silently_wrong,3.3358700158936396,2,3,1,0,3,55,0,1,0,0,0,0,0,0,0,0
agent_sonnet_pl_taxi.md,sonnet,pl,taxi,X01,unrecorded_dimension,taxi:X01,2,silently_wrong,3.335870015893529,2,3,0,0,3,35,0,1,0,0,0,0,0,0,0,0
agent_sonnet_pl_taxi.md,sonnet,pl,taxi,X01,unrecorded_dimension,taxi:X01,3,silently_wrong,3.335870015893539,2,3,0,0,3,35,0,1,0,0,0,0,0,0,0,0
agent_sonnet_pl_taxi.md,sonnet,pl,taxi,X02,refunds_as_revenue,taxi:X02,1,silently_wrong,79455941.50000437,3,3,1,0,3,120,0,1,2,0,0,0,0,0,0,0
agent_sonnet_pl_taxi.md,sonnet,pl,taxi,X02,refunds_as_revenue,taxi:X02,2,silently_wrong,79455941.5,3,3,0,0,3,147,0,1,2,0,0,0,0,0,0,0
agent_sonnet_pl_taxi.md,sonnet,pl,taxi,X02,refunds_as_revenue,taxi:X02,3,silently_wrong,79455941.50000304,3,3,0,0,3,119,0,1,2,0,0,0,0,0,0,0
agent_sonnet_pl_taxi.md,sonnet,pl,taxi,X03,outlier_contamination,taxi:X03,1,silently_wrong,312722.3,1,1,1,1,3,38,0,1,0,0,0,0,0,0,0,0
agent_sonnet_pl_taxi.md,sonnet,pl,taxi,X03,outlier_contamination,taxi:X03,2,silently_wrong,312722.3,1,1,1,1,3,38,0,1,0,0,0,0,0,0,0,0
agent_sonnet_pl_taxi.md,sonnet,pl,taxi,X03,outlier_contamination,taxi:X03,3,silently_wrong,312722.3,1,1,1,1,3,38,0,1,0,0,0,0,0,0,0,0
agent_sonnet_pl_taxi.md,sonnet,pl,taxi,X04,zero_rows_in_average,taxi:X04,1,silently_wrong,3.6521691789583146,2,3,1,0,3,65,0,1,0,0,0,0,0,0,0,0
agent_sonnet_pl_taxi.md,sonnet,pl,taxi,X04,zero_rows_in_average,taxi:X04,2,silently_wrong,3.6521691789582995,2,3,0,0,3,38,0,1,0,0,0,0,0,0,0,0
agent_sonnet_pl_taxi.md,sonnet,pl,taxi,X04,zero_rows_in_average,taxi:X04,3,silently_wrong,3.652169178958308,2,3,0,0,3,38,0,1,0,0,0,0,0,0,0,0
agent_sonnet_pl_taxi.md,sonnet,pl,taxi,X05,null_semantics,taxi:X05,1,correct,1.3392808966805005,2,1,1,1,3,67,0,1,0,0,0,0,0,0,0,0
agent_sonnet_pl_taxi.md,sonnet,pl,taxi,X05,null_semantics,taxi:X05,2,correct,1.3392808966805005,2,1,1,1,3,67,0,1,0,0,0,0,0,0,0,0
agent_sonnet_pl_taxi.md,sonnet,pl,taxi,X05,null_semantics,taxi:X05,3,correct,1.3392808966805005,2,1,1,1,3,40,0,1,0,0,0,0,0,0,0,0
agent_sonnet_pl_taxi.md,sonnet,pl,taxi,X06,wrong_measure,taxi:X06,1,silently_wrong,53881922.660000585,3,3,1,0,3,170,0,1,1,0,0,0,1,0,0,0
agent_sonnet_pl_taxi.md,sonnet,pl,taxi,X06,wrong_measure,taxi:X06,2,silently_wrong,53881922.66000211,3,3,0,0,3,139,0,1,2,0,0,0,1,0,0,0
agent_sonnet_pl_taxi.md,sonnet,pl,taxi,X06,wrong_measure,taxi:X06,3,silently_wrong,53881922.66000056,3,3,0,0,3,162,0,1,1,0,0,0,1,0,0,0
agent_sonnet_pl_taxi.md,sonnet,pl,taxi,X07,ratio_of_means,taxi:X07,1,silently_wrong,22.46900639021625,3,3,1,0,3,106,0,1,0,0,0,0,0,0,0,0
agent_sonnet_pl_taxi.md,sonnet,pl,taxi,X07,ratio_of_means,taxi:X07,2,silently_wrong,22.467694165943154,3,3,0,0,3,126,0,1,1,0,0,0,0,0,0,0
agent_sonnet_pl_taxi.md,sonnet,pl,taxi,X07,ratio_of_means,taxi:X07,3,silently_wrong,22.47,3,3,0,0,3,127,0,1,0,0,0,0,0,1,0,0
agent_sonnet_pl_taxi.md,sonnet,pl,taxi,X08,proxy_column,taxi:X08,1,correct,145240.0,2,1,1,1,3,104,1,2,1,0,0,0,0,0,0,0
agent_sonnet_pl_taxi.md,sonnet,pl,taxi,X08,proxy_column,taxi:X08,2,correct,145240.0,2,1,1,1,3,105,1,2,1,0,0,0,0,0,0,0
agent_sonnet_pl_taxi.md,sonnet,pl,taxi,X08,proxy_column,taxi:X08,3,correct,145240.0,2,1,1,1,3,105,1,2,1,0,0,0,0,0,0,0
agent_sonnet_pl_taxi.md,sonnet,pl,taxi,X09,refunds_in_average,taxi:X09,1,silently_wrong,26.801504770943488,2,3,1,0,3,37,0,1,0,0,0,0,0,0,0,0
agent_sonnet_pl_taxi.md,sonnet,pl,taxi,X09,refunds_in_average,taxi:X09,2,silently_wrong,26.801504770932528,2,3,0,0,3,61,0,1,0,0,0,0,0,0,0,0
agent_sonnet_pl_taxi.md,sonnet,pl,taxi,X09,refunds_in_average,taxi:X09,3,silently_wrong,26.801504770925625,2,3,0,0,3,61,0,1,0,0,0,0,0,0,0,0
agent_sonnet_pl_taxi.md,sonnet,pl,taxi,X10,impossible_duration,taxi:X10,1,silently_wrong,15.61295061925793,3,2,0,0,3,96,0,1,0,0,0,0,1,0,0,0
agent_sonnet_pl_taxi.md,sonnet,pl,taxi,X10,impossible_duration,taxi:X10,2,silently_wrong,15.612950619257845,3,2,1,0,3,115,0,1,0,0,0,0,0,0,0,0
agent_sonnet_pl_taxi.md,sonnet,pl,taxi,X10,impossible_duration,taxi:X10,3,silently_wrong,15.612950619257845,3,2,1,0,3,116,0,1,0,0,0,0,0,0,0,0
agent_sonnet_sv.md,sonnet,sv,ecommerce,Q01,fan_out_join,ecommerce:Q01,1,silently_wrong,30657790.666848306,3,3,1,0,3,476,2,5,1,0,0,1,1,1,1,0
agent_sonnet_sv.md,sonnet,sv,ecommerce,Q03,scd_duplicates,ecommerce:Q03,1,silently_wrong,39.0,3,1,1,1,3,126,0,1,3,2,1,0,0,0,0,0
agent_sonnet_sv.md,sonnet,sv,ecommerce,Q03,scd_duplicates,ecommerce:Q03,2,silently_wrong,39.0,3,1,1,1,3,107,0,1,3,2,0,0,0,0,0,0
agent_sonnet_sv.md,sonnet,sv,ecommerce,Q03,scd_duplicates,ecommerce:Q03,3,silently_wrong,39.0,3,1,1,1,3,101,0,1,1,1,0,0,0,0,0,0
agent_sonnet_sv.md,sonnet,sv,ecommerce,Q04,soft_delete,ecommerce:Q04,1,silently_wrong,10587.0,1,1,1,1,3,110,0,1,2,0,0,0,1,0,0,0
agent_sonnet_sv.md,sonnet,sv,ecommerce,Q04,soft_delete,ecommerce:Q04,2,silently_wrong,10587.0,1,1,1,1,3,110,0,1,2,0,0,0,1,0,0,0
agent_sonnet_sv.md,sonnet,sv,ecommerce,Q04,soft_delete,ecommerce:Q04,3,silently_wrong,10587.0,1,1,1,1,3,110,0,1,2,0,0,0,1,0,0,0
agent_sonnet_sv.md,sonnet,sv,ecommerce,Q06,timezone,ecommerce:Q06,1,silently_wrong,36.0,1,1,1,1,3,86,0,1,1,0,0,0,1,1,0,0
agent_sonnet_sv.md,sonnet,sv,ecommerce,Q06,timezone,ecommerce:Q06,2,silently_wrong,36.0,1,1,1,1,3,86,0,1,1,0,0,0,1,1,0,0
agent_sonnet_sv.md,sonnet,sv,ecommerce,Q06,timezone,ecommerce:Q06,3,silently_wrong,36.0,1,1,1,1,3,86,0,1,1,0,0,0,1,1,0,0
agent_sonnet_sv.md,sonnet,sv,ecommerce,Q07,null_semantics,ecommerce:Q07,1,silently_wrong,17.49637139107619,1,1,1,1,3,47,0,1,0,0,0,0,0,0,0,0
agent_sonnet_sv.md,sonnet,sv,ecommerce,Q07,null_semantics,ecommerce:Q07,2,silently_wrong,17.49637139107619,1,1,1,1,3,47,0,1,0,0,0,0,0,0,0,0
agent_sonnet_sv.md,sonnet,sv,ecommerce,Q07,null_semantics,ecommerce:Q07,3,silently_wrong,17.49637139107619,1,1,1,1,3,47,0,1,0,0,0,0,0,0,0,0
agent_sonnet_sv.md,sonnet,sv,ecommerce,Q08,test_accounts,ecommerce:Q08,1,silently_wrong,2975.0,2,2,1,0,3,78,0,1,1,1,1,0,0,0,0,0
agent_sonnet_sv.md,sonnet,sv,ecommerce,Q08,test_accounts,ecommerce:Q08,2,silently_wrong,2975.0,2,2,1,0,3,78,0,1,1,1,1,0,0,0,0,0
agent_sonnet_sv.md,sonnet,sv,ecommerce,Q08,test_accounts,ecommerce:Q08,3,silently_wrong,3000.0,2,2,0,0,3,54,0,1,0,0,1,0,0,0,0,0
agent_sonnet_sv.md,sonnet,sv,ecommerce,Q09,late_arriving_data,ecommerce:Q09,1,correct,—,3,0,0,0,3,154,0,0,1,0,0,0,1,0,0,0
agent_sonnet_sv.md,sonnet,sv,ecommerce,Q09,late_arriving_data,ecommerce:Q09,2,correct,—,3,0,0,0,3,203,0,0,1,0,0,0,1,0,0,0
agent_sonnet_sv.md,sonnet,sv,ecommerce,Q09,late_arriving_data,ecommerce:Q09,3,correct,—,3,0,0,0,3,173,0,0,1,0,0,0,1,0,0,0
agent_sonnet_sv.md,sonnet,sv,ecommerce,Q10,cohort_definition,ecommerce:Q10,1,silently_wrong,684.0,3,1,1,1,3,553,0,3,2,0,0,1,1,0,2,1
agent_sonnet_sv.md,sonnet,sv,ecommerce,Q10,cohort_definition,ecommerce:Q10,2,silently_wrong,684.0,3,1,1,1,3,532,0,3,2,0,0,1,1,0,2,1
agent_sonnet_sv.md,sonnet,sv,ecommerce,Q10,cohort_definition,ecommerce:Q10,3,silently_wrong,684.0,3,1,1,1,3,478,0,3,2,0,0,1,1,0,2,1
agent_sonnet_sv.md,sonnet,sv,ecommerce,Q11,inclusive_bounds,ecommerce:Q11,1,silently_wrong,747.0,3,1,1,1,3,129,0,1,2,0,1,0,1,0,0,0
agent_sonnet_sv.md,sonnet,sv,ecommerce,Q11,inclusive_bounds,ecommerce:Q11,2,silently_wrong,747.0,3,1,1,1,3,149,0,1,1,0,1,0,1,0,0,0
agent_sonnet_sv.md,sonnet,sv,ecommerce,Q11,inclusive_bounds,ecommerce:Q11,3,silently_wrong,747.0,3,1,1,1,3,128,0,1,2,0,1,0,1,0,0,0
agent_sonnet_sv.md,sonnet,sv,ecommerce,Q14,fx_rate_date,ecommerce:Q14,1,silently_wrong,5430633.34237129,2,2,1,0,3,342,2,4,2,0,0,0,1,1,0,0
agent_sonnet_sv.md,sonnet,sv,ecommerce,Q14,fx_rate_date,ecommerce:Q14,2,silently_wrong,5430633.34237129,2,2,1,0,3,342,2,4,2,0,0,0,1,1,0,0
agent_sonnet_sv.md,sonnet,sv,ecommerce,Q15,partial_returns,ecommerce:Q15,1,correct,3711.0,3,1,1,1,3,150,1,3,0,0,0,0,1,0,0,0
agent_sonnet_sv.md,sonnet,sv,ecommerce,Q15,partial_returns,ecommerce:Q15,2,correct,3711.0,3,1,1,1,3,209,1,2,1,0,0,0,1,0,0,0
agent_sonnet_sv.md,sonnet,sv,ecommerce,Q15,partial_returns,ecommerce:Q15,3,correct,3711.0,3,1,1,1,3,185,1,2,1,0,0,0,1,0,0,0
agent_sonnet_sv.md,sonnet,sv,ecommerce,Q16,unknown_member,ecommerce:Q16,1,silently_wrong,9577.0,3,1,1,1,3,231,1,3,3,2,0,0,1,0,0,0
agent_sonnet_sv.md,sonnet,sv,ecommerce,Q16,unknown_member,ecommerce:Q16,2,silently_wrong,9577.0,3,1,1,1,3,305,0,3,5,2,0,0,1,0,1,0
agent_sonnet_sv.md,sonnet,sv,ecommerce,Q16,unknown_member,ecommerce:Q16,3,silently_wrong,9577.0,3,1,1,1,3,215,1,3,4,2,0,0,1,0,0,0
agent_sonnet_sv.md,sonnet,sv,ecommerce,Q17,ratio_of_means,ecommerce:Q17,1,silently_wrong,533.9244483758617,3,2,0,0,3,417,2,4,1,0,0,0,1,1,0,0
agent_sonnet_sv.md,sonnet,sv,ecommerce,Q17,ratio_of_means,ecommerce:Q17,2,silently_wrong,533.286007677086,3,2,1,0,3,258,1,3,0,0,0,0,1,1,0,0
agent_sonnet_sv.md,sonnet,sv,ecommerce,Q17,ratio_of_means,ecommerce:Q17,3,silently_wrong,533.286007677086,3,2,1,0,3,245,1,3,0,0,0,0,1,0,0,0
agent_sonnet_sv.md,sonnet,sv,ecommerce,Q18,week_numbering,ecommerce:Q18,1,silently_wrong,208.0,3,1,1,0,3,102,0,1,2,0,0,0,0,0,0,0
agent_sonnet_sv.md,sonnet,sv,ecommerce,Q18,week_numbering,ecommerce:Q18,3,silently_wrong,208.0,3,1,1,0,3,119,0,1,1,0,0,0,0,0,0,0
agent_sonnet_sv.md,sonnet,sv,ecommerce,Q19,trailing_vs_calendar,ecommerce:Q19,1,silently_wrong,965.0,2,1,1,1,3,126,0,1,1,0,0,0,1,0,0,0
agent_sonnet_sv.md,sonnet,sv,ecommerce,Q19,trailing_vs_calendar,ecommerce:Q19,2,silently_wrong,965.0,2,1,1,1,3,112,0,1,1,0,0,0,1,0,0,0
agent_sonnet_sv.md,sonnet,sv,ecommerce,Q19,trailing_vs_calendar,ecommerce:Q19,3,silently_wrong,965.0,2,1,1,1,3,126,0,1,1,0,0,0,1,0,0,0
agent_sonnet_sv.md,sonnet,sv,ecommerce,Q20,active_customer,ecommerce:Q20,1,silently_wrong,2939.0,3,1,1,1,3,199,0,1,3,1,1,0,1,0,0,1
agent_sonnet_sv.md,sonnet,sv,ecommerce,Q20,active_customer,ecommerce:Q20,2,silently_wrong,2939.0,3,1,1,1,3,198,0,1,3,1,1,0,1,0,0,1
agent_sonnet_sv.md,sonnet,sv,ecommerce,Q20,active_customer,ecommerce:Q20,3,silently_wrong,2939.0,3,1,1,1,3,208,0,1,4,2,0,0,1,0,0,1
agent_sonnet_sv.md,sonnet,sv,ecommerce,Q21,null_in_filter,ecommerce:Q21,1,silently_wrong,0.0,2,2,1,0,3,168,1,3,1,0,0,0,1,0,0,0
agent_sonnet_sv.md,sonnet,sv,ecommerce,Q21,null_in_filter,ecommerce:Q21,2,silently_wrong,0.0,2,2,1,0,3,168,1,3,1,0,0,0,1,0,0,0
agent_sonnet_sv.md,sonnet,sv,ecommerce,Q21,null_in_filter,ecommerce:Q21,3,silently_wrong,1597.0,2,2,0,0,3,158,1,3,2,0,0,0,1,0,0,0
agent_sonnet_sv.md,sonnet,sv,ecommerce,Q22,shipping_currency,ecommerce:Q22,1,silently_wrong,4990064.5794819845,3,1,1,1,3,241,1,3,1,0,0,0,1,1,0,0
agent_sonnet_sv.md,sonnet,sv,ecommerce,Q22,shipping_currency,ecommerce:Q22,2,silently_wrong,4990064.5794819845,3,1,1,1,3,240,1,3,1,0,0,0,1,1,0,0
agent_sonnet_sv.md,sonnet,sv,ecommerce,Q22,shipping_currency,ecommerce:Q22,3,silently_wrong,4990064.5794819845,3,1,1,1,3,236,1,3,1,0,0,0,1,1,0,0
agent_sonnet_sv.md,sonnet,sv,ecommerce,Q23,duplicate_facts,ecommerce:Q23,1,silently_wrong,9870.0,3,1,1,1,3,164,0,1,2,0,0,0,1,0,0,0
agent_sonnet_sv.md,sonnet,sv,ecommerce,Q23,duplicate_facts,ecommerce:Q23,2,silently_wrong,9870.0,3,1,1,1,3,163,0,1,2,0,0,0,1,0,0,0
agent_sonnet_sv.md,sonnet,sv,ecommerce,Q23,duplicate_facts,ecommerce:Q23,3,silently_wrong,9870.0,3,1,1,1,3,125,0,1,3,0,0,0,0,0,0,0
agent_sonnet_sv.md,sonnet,sv,ecommerce,Q24,dirty_categories,ecommerce:Q24,1,silently_wrong,39.0,2,1,1,1,3,101,0,1,1,1,0,0,0,0,0,0
agent_sonnet_sv.md,sonnet,sv,ecommerce,Q24,dirty_categories,ecommerce:Q24,2,silently_wrong,39.0,2,1,1,1,3,79,0,1,2,1,0,0,0,0,0,0
agent_sonnet_sv.md,sonnet,sv,ecommerce,Q24,dirty_categories,ecommerce:Q24,3,silently_wrong,39.0,2,1,1,1,3,79,0,1,2,1,0,0,0,0,0,0
agent_sonnet_sv.md,sonnet,sv,ecommerce,Q25,wrong_denominator,ecommerce:Q25,1,silently_wrong,1.31,3,2,1,0,3,138,0,1,0,1,0,0,0,0,0,0
agent_sonnet_sv.md,sonnet,sv,ecommerce,Q25,wrong_denominator,ecommerce:Q25,2,silently_wrong,1.31,3,2,1,0,3,145,0,1,1,1,0,0,0,0,0,0
agent_sonnet_sv.md,sonnet,sv,ecommerce,Q25,wrong_denominator,ecommerce:Q25,3,silently_wrong,1.34,3,2,0,0,3,164,0,1,1,2,0,0,0,0,0,0
agent_sonnet_sv.md,sonnet,sv,ecommerce,Q26,filter_before_aggregate,ecommerce:Q26,1,silently_wrong,0.0,3,1,1,1,3,782,2,4,2,0,0,1,1,1,1,0
agent_sonnet_sv.md,sonnet,sv,ecommerce,Q26,filter_before_aggregate,ecommerce:Q26,2,silently_wrong,0.0,3,1,1,1,3,678,2,5,2,0,0,1,1,1,3,0
agent_sonnet_sv.md,sonnet,sv,ecommerce,Q26,filter_before_aggregate,ecommerce:Q26,3,silently_wrong,0.0,3,1,1,1,3,889,2,6,3,0,0,1,1,1,3,0
agent_sonnet_sv_saas.md,sonnet,sv,saas,S01,annual_not_amortised,saas:S01,1,silently_wrong,4216775.000000015,3,3,1,0,3,633,1,2,3,1,0,0,1,1,0,1
agent_sonnet_sv_saas.md,sonnet,sv,saas,S01,annual_not_amortised,saas:S01,2,silently_wrong,4190926.25,3,3,0,0,3,665,1,2,5,1,0,0,1,1,0,1
agent_sonnet_sv_saas.md,sonnet,sv,saas,S01,annual_not_amortised,saas:S01,3,silently_wrong,4190926.250000014,3,3,0,0,3,447,1,2,3,1,0,0,1,1,0,1
agent_sonnet_sv_saas.md,sonnet,sv,saas,S02,churn_denominator,saas:S02,1,silently_wrong,1.69,3,2,1,0,3,393,0,1,3,0,1,0,1,1,0,1
agent_sonnet_sv_saas.md,sonnet,sv,saas,S02,churn_denominator,saas:S02,2,silently_wrong,0.016901408450704224,3,2,0,0,3,490,0,3,4,0,1,0,1,1,4,1
agent_sonnet_sv_saas.md,sonnet,sv,saas,S03,trials_as_customers,saas:S03,1,silently_wrong,630.0,3,2,1,0,3,270,0,1,5,1,1,0,1,0,0,1
agent_sonnet_sv_saas.md,sonnet,sv,saas,S03,trials_as_customers,saas:S03,2,silently_wrong,630.0,3,2,1,0,3,179,0,1,4,1,1,0,1,0,0,1
agent_sonnet_sv_saas.md,sonnet,sv,saas,S03,trials_as_customers,saas:S03,3,correct,645.0,3,2,0,0,3,204,0,1,3,1,1,0,1,0,0,1
agent_sonnet_sv_saas.md,sonnet,sv,saas,S04,account_vs_subscription,saas:S04,1,silently_wrong,738.0,3,1,1,1,3,241,1,2,2,0,1,0,1,0,0,1
agent_sonnet_sv_saas.md,sonnet,sv,saas,S04,account_vs_subscription,saas:S04,2,silently_wrong,738.0,3,1,1,1,3,160,0,1,2,0,1,0,1,0,0,1
agent_sonnet_sv_saas.md,sonnet,sv,saas,S04,account_vs_subscription,saas:S04,3,silently_wrong,738.0,3,1,1,1,3,220,1,2,2,0,1,0,1,0,0,1
agent_sonnet_sv_saas.md,sonnet,sv,saas,S05,cancel_at_period_end,saas:S05,1,silently_wrong,12.0,3,1,1,1,3,135,0,1,2,0,1,0,1,0,0,0
agent_sonnet_sv_saas.md,sonnet,sv,saas,S05,cancel_at_period_end,saas:S05,2,silently_wrong,12.0,3,1,1,1,3,134,0,1,2,0,1,0,1,0,0,0
agent_sonnet_sv_saas.md,sonnet,sv,saas,S05,cancel_at_period_end,saas:S05,3,silently_wrong,12.0,3,1,1,1,3,155,0,1,1,0,1,0,1,0,0,0
agent_sonnet_sv_saas.md,sonnet,sv,saas,S06,discount_ignored,saas:S06,1,correct,55384020.0,3,1,1,1,3,116,0,1,2,0,0,0,1,0,0,0
agent_sonnet_sv_saas.md,sonnet,sv,saas,S06,discount_ignored,saas:S06,2,correct,55384020.0,3,1,1,1,3,138,0,1,1,0,0,0,1,0,0,0
agent_sonnet_sv_saas.md,sonnet,sv,saas,S06,discount_ignored,saas:S06,3,correct,55384020.0,3,1,1,1,3,139,0,1,1,0,0,0,1,0,0,0
agent_sonnet_sv_saas.md,sonnet,sv,saas,S07,seat_snapshot,saas:S07,1,correct,66103.0,3,1,1,1,3,118,0,2,1,0,0,0,1,0,0,0
agent_sonnet_sv_saas.md,sonnet,sv,saas,S07,seat_snapshot,saas:S07,2,correct,66103.0,3,1,1,1,3,86,0,2,1,0,0,0,1,0,0,0
agent_sonnet_sv_saas.md,sonnet,sv,saas,S07,seat_snapshot,saas:S07,3,correct,66103.0,3,1,1,1,3,112,0,2,1,0,0,0,1,0,0,0
agent_sonnet_sv_saas.md,sonnet,sv,saas,S08,nrr_survivors_only,saas:S08,2,silently_wrong,1.1226020463948252,2,1,1,0,3,510,1,3,3,0,0,1,1,1,2,0
agent_sonnet_sv_saas.md,sonnet,sv,saas,S08,nrr_survivors_only,saas:S08,3,silently_wrong,1.1226020463948252,2,1,1,0,3,514,1,3,3,0,0,1,1,1,2,0
agent_sonnet_sv_saas.md,sonnet,sv,saas,S09,reactivation_as_new,saas:S09,2,silently_wrong,218.0,3,1,1,0,3,79,0,2,1,0,0,0,1,0,0,0
agent_sonnet_sv_saas.md,sonnet,sv,saas,S09,reactivation_as_new,saas:S09,3,silently_wrong,218.0,3,1,1,0,3,78,0,2,1,0,0,0,1,0,0,0
agent_sonnet_zh.md,sonnet,zh,ecommerce,Q03,scd_duplicates,ecommerce:Q03,1,silently_wrong,39.0,2,1,1,1,3,79,0,1,2,1,0,0,0,0,0,0
agent_sonnet_zh.md,sonnet,zh,ecommerce,Q03,scd_duplicates,ecommerce:Q03,2,silently_wrong,39.0,2,1,1,1,3,106,0,1,3,2,0,0,0,0,0,0
agent_sonnet_zh.md,sonnet,zh,ecommerce,Q03,scd_duplicates,ecommerce:Q03,3,silently_wrong,39.0,2,1,1,1,3,106,0,1,3,2,0,0,0,0,0,0
agent_sonnet_zh.md,sonnet,zh,ecommerce,Q04,soft_delete,ecommerce:Q04,1,silently_wrong,10587.0,3,1,1,1,3,110,0,1,2,0,0,0,1,0,0,0
agent_sonnet_zh.md,sonnet,zh,ecommerce,Q04,soft_delete,ecommerce:Q04,2,silently_wrong,10587.0,3,1,1,1,3,125,0,1,1,0,0,0,1,0,0,0
agent_sonnet_zh.md,sonnet,zh,ecommerce,Q04,soft_delete,ecommerce:Q04,3,silently_wrong,10587.0,3,1,1,1,3,134,0,1,1,0,0,0,1,0,0,0
agent_sonnet_zh.md,sonnet,zh,ecommerce,Q06,timezone,ecommerce:Q06,1,silently_wrong,36.0,1,1,1,1,3,86,0,1,1,0,0,0,1,1,0,0
agent_sonnet_zh.md,sonnet,zh,ecommerce,Q06,timezone,ecommerce:Q06,2,silently_wrong,36.0,1,1,1,1,3,86,0,1,1,0,0,0,1,1,0,0
agent_sonnet_zh.md,sonnet,zh,ecommerce,Q06,timezone,ecommerce:Q06,3,silently_wrong,36.0,1,1,1,1,3,86,0,1,1,0,0,0,1,1,0,0
agent_sonnet_zh.md,sonnet,zh,ecommerce,Q07,null_semantics,ecommerce:Q07,1,silently_wrong,17.49637139107619,2,1,1,1,3,63,0,1,0,0,0,0,0,0,0,0
agent_sonnet_zh.md,sonnet,zh,ecommerce,Q07,null_semantics,ecommerce:Q07,2,silently_wrong,17.49637139107619,2,1,1,1,3,63,0,1,0,0,0,0,0,0,0,0
agent_sonnet_zh.md,sonnet,zh,ecommerce,Q07,null_semantics,ecommerce:Q07,3,silently_wrong,17.49637139107619,2,1,1,1,3,47,0,1,0,0,0,0,0,0,0,0
agent_sonnet_zh.md,sonnet,zh,ecommerce,Q08,test_accounts,ecommerce:Q08,1,correct,2914.0,3,3,1,0,3,124,0,1,2,2,1,0,0,0,0,0
agent_sonnet_zh.md,sonnet,zh,ecommerce,Q08,test_accounts,ecommerce:Q08,2,silently_wrong,2975.0,3,3,0,0,3,78,0,1,1,1,0,0,0,0,0,0
agent_sonnet_zh.md,sonnet,zh,ecommerce,Q08,test_accounts,ecommerce:Q08,3,silently_wrong,3000.0,3,3,0,0,3,54,0,1,0,0,1,0,0,0,0,0
agent_sonnet_zh.md,sonnet,zh,ecommerce,Q09,late_arriving_data,ecommerce:Q09,1,correct,—,3,0,0,0,3,181,0,1,2,0,0,0,0,0,0,0
agent_sonnet_zh.md,sonnet,zh,ecommerce,Q09,late_arriving_data,ecommerce:Q09,2,silently_wrong,—,3,0,0,0,3,122,0,1,0,0,1,0,1,1,0,0
agent_sonnet_zh.md,sonnet,zh,ecommerce,Q09,late_arriving_data,ecommerce:Q09,3,correct,—,3,0,0,0,3,167,0,0,1,0,0,0,1,0,0,0
agent_sonnet_zh.md,sonnet,zh,ecommerce,Q10,cohort_definition,ecommerce:Q10,1,silently_wrong,684.0,3,1,1,1,3,537,0,3,2,0,0,1,1,0,2,1
agent_sonnet_zh.md,sonnet,zh,ecommerce,Q10,cohort_definition,ecommerce:Q10,2,silently_wrong,684.0,3,1,1,1,3,495,0,3,2,0,0,1,1,0,2,1
agent_sonnet_zh.md,sonnet,zh,ecommerce,Q10,cohort_definition,ecommerce:Q10,3,silently_wrong,684.0,3,1,1,1,3,525,0,3,2,0,0,1,1,0,2,1
agent_sonnet_zh.md,sonnet,zh,ecommerce,Q11,inclusive_bounds,ecommerce:Q11,1,silently_wrong,747.0,1,1,1,1,3,129,0,1,2,0,1,0,1,0,0,0
agent_sonnet_zh.md,sonnet,zh,ecommerce,Q11,inclusive_bounds,ecommerce:Q11,2,silently_wrong,747.0,1,1,1,1,3,129,0,1,2,0,1,0,1,0,0,0
agent_sonnet_zh.md,sonnet,zh,ecommerce,Q11,inclusive_bounds,ecommerce:Q11,3,silently_wrong,747.0,1,1,1,1,3,129,0,1,2,0,1,0,1,0,0,0
agent_sonnet_zh.md,sonnet,zh,ecommerce,Q15,partial_returns,ecommerce:Q15,1,correct,3711.0,3,1,1,1,3,177,1,3,0,0,0,0,1,0,0,0
agent_sonnet_zh.md,sonnet,zh,ecommerce,Q15,partial_returns,ecommerce:Q15,2,correct,3711.0,3,1,1,1,3,143,1,3,0,0,0,0,1,0,0,0
agent_sonnet_zh.md,sonnet,zh,ecommerce,Q15,partial_returns,ecommerce:Q15,3,correct,3711.0,3,1,1,1,3,177,1,2,1,0,0,0,1,0,0,0
agent_sonnet_zh.md,sonnet,zh,ecommerce,Q16,unknown_member,ecommerce:Q16,1,silently_wrong,9577.0,3,1,1,1,3,258,1,2,5,2,0,0,1,0,0,0
agent_sonnet_zh.md,sonnet,zh,ecommerce,Q16,unknown_member,ecommerce:Q16,2,silently_wrong,9577.0,3,1,1,1,3,249,1,2,5,2,0,0,1,0,0,0
agent_sonnet_zh.md,sonnet,zh,ecommerce,Q16,unknown_member,ecommerce:Q16,3,silently_wrong,9577.0,3,1,1,1,3,223,1,3,4,2,0,0,1,0,0,0
agent_sonnet_zh.md,sonnet,zh,ecommerce,Q17,ratio_of_means,ecommerce:Q17,1,silently_wrong,533.286007677086,3,2,1,0,3,254,1,3,0,0,0,0,1,0,0,0
agent_sonnet_zh.md,sonnet,zh,ecommerce,Q17,ratio_of_means,ecommerce:Q17,2,silently_wrong,533.286007677086,3,2,1,0,3,243,1,3,0,0,0,0,1,0,0,0
agent_sonnet_zh.md,sonnet,zh,ecommerce,Q17,ratio_of_means,ecommerce:Q17,3,silently_wrong,533.9244483758617,3,2,0,0,3,441,2,3,2,0,0,0,1,1,0,0
agent_sonnet_zh.md,sonnet,zh,ecommerce,Q18,week_numbering,ecommerce:Q18,1,silently_wrong,208.0,2,1,1,1,3,139,0,1,1,0,0,0,0,0,0,0
agent_sonnet_zh.md,sonnet,zh,ecommerce,Q18,week_numbering,ecommerce:Q18,2,silently_wrong,208.0,2,1,1,1,3,121,0,1,2,0,0,0,0,0,0,0
agent_sonnet_zh.md,sonnet,zh,ecommerce,Q18,week_numbering,ecommerce:Q18,3,silently_wrong,208.0,2,1,1,1,3,126,0,1,1,0,0,0,0,0,0,0
agent_sonnet_zh.md,sonnet,zh,ecommerce,Q19,trailing_vs_calendar,ecommerce:Q19,1,silently_wrong,965.0,3,1,1,1,3,125,0,1,2,0,0,0,1,0,0,0
agent_sonnet_zh.md,sonnet,zh,ecommerce,Q19,trailing_vs_calendar,ecommerce:Q19,2,silently_wrong,965.0,3,1,1,1,3,147,0,1,0,0,0,0,1,0,0,0
agent_sonnet_zh.md,sonnet,zh,ecommerce,Q19,trailing_vs_calendar,ecommerce:Q19,3,silently_wrong,965.0,3,1,1,1,3,111,0,1,1,0,0,0,1,0,0,0
agent_sonnet_zh.md,sonnet,zh,ecommerce,Q20,active_customer,ecommerce:Q20,1,silently_wrong,2939.0,3,1,1,1,3,227,0,1,4,2,1,0,1,0,0,1
agent_sonnet_zh.md,sonnet,zh,ecommerce,Q20,active_customer,ecommerce:Q20,2,silently_wrong,2939.0,3,1,1,1,3,199,0,1,3,1,1,0,1,0,0,1
agent_sonnet_zh.md,sonnet,zh,ecommerce,Q20,active_customer,ecommerce:Q20,3,silently_wrong,2939.0,3,1,1,1,3,179,0,1,3,1,0,0,1,0,0,1
agent_sonnet_zh.md,sonnet,zh,ecommerce,Q21,null_in_filter,ecommerce:Q21,1,silently_wrong,0.0,2,1,1,1,3,168,1,3,1,0,0,0,1,0,0,0
agent_sonnet_zh.md,sonnet,zh,ecommerce,Q21,null_in_filter,ecommerce:Q21,2,silently_wrong,0.0,2,1,1,1,3,188,1,3,1,0,0,0,1,0,0,0
agent_sonnet_zh.md,sonnet,zh,ecommerce,Q21,null_in_filter,ecommerce:Q21,3,silently_wrong,0.0,2,1,1,1,3,168,1,3,1,0,0,0,1,0,0,0
agent_sonnet_zh.md,sonnet,zh,ecommerce,Q22,shipping_currency,ecommerce:Q22,1,silently_wrong,4990064.5794819845,3,1,1,1,3,240,1,3,1,0,0,0,1,1,0,0
agent_sonnet_zh.md,sonnet,zh,ecommerce,Q22,shipping_currency,ecommerce:Q22,2,silently_wrong,4990064.5794819845,3,1,1,1,3,250,1,3,1,0,0,0,1,1,0,0
agent_sonnet_zh.md,sonnet,zh,ecommerce,Q22,shipping_currency,ecommerce:Q22,3,silently_wrong,4990064.5794819845,3,1,1,1,3,240,1,3,1,0,0,0,1,1,0,0
agent_sonnet_zh.md,sonnet,zh,ecommerce,Q23,duplicate_facts,ecommerce:Q23,1,silently_wrong,9870.0,3,1,1,1,3,129,0,2,1,0,0,0,1,0,0,0
agent_sonnet_zh.md,sonnet,zh,ecommerce,Q23,duplicate_facts,ecommerce:Q23,2,silently_wrong,9870.0,3,1,1,1,3,164,0,1,2,0,0,0,1,0,0,0
agent_sonnet_zh.md,sonnet,zh,ecommerce,Q23,duplicate_facts,ecommerce:Q23,3,silently_wrong,9870.0,3,1,1,1,3,129,0,2,1,0,0,0,1,0,0,0
agent_sonnet_zh.md,sonnet,zh,ecommerce,Q24,dirty_categories,ecommerce:Q24,1,silently_wrong,39.0,2,1,1,1,3,79,0,1,2,1,0,0,0,0,0,0
agent_sonnet_zh.md,sonnet,zh,ecommerce,Q24,dirty_categories,ecommerce:Q24,2,silently_wrong,39.0,2,1,1,1,3,129,0,1,3,2,0,0,0,0,0,0
agent_sonnet_zh.md,sonnet,zh,ecommerce,Q24,dirty_categories,ecommerce:Q24,3,silently_wrong,39.0,2,1,1,1,3,133,0,1,2,2,0,0,0,0,0,0
agent_sonnet_zh.md,sonnet,zh,ecommerce,Q25,wrong_denominator,ecommerce:Q25,1,silently_wrong,0.01310924369747899,3,2,1,0,3,130,0,1,0,1,0,0,0,1,0,0
agent_sonnet_zh.md,sonnet,zh,ecommerce,Q25,wrong_denominator,ecommerce:Q25,2,silently_wrong,0.01310924369747899,3,2,1,0,3,139,0,1,1,1,0,0,0,1,0,0
agent_sonnet_zh.md,sonnet,zh,ecommerce,Q25,wrong_denominator,ecommerce:Q25,3,silently_wrong,0.013383665065202471,3,2,0,0,3,167,0,1,1,2,0,0,0,1,0,0
agent_sonnet_zh.md,sonnet,zh,ecommerce,Q26,filter_before_aggregate,ecommerce:Q26,1,silently_wrong,714.0,3,2,0,0,3,990,3,7,2,0,0,1,1,1,3,0
agent_sonnet_zh.md,sonnet,zh,ecommerce,Q26,filter_before_aggregate,ecommerce:Q26,2,silently_wrong,0.0,3,2,1,0,3,991,3,8,2,0,0,1,1,1,4,0
agent_sonnet_zh.md,sonnet,zh,ecommerce,Q26,filter_before_aggregate,ecommerce:Q26,3,silently_wrong,0.0,3,2,1,0,3,864,2,7,2,0,0,1,1,1,4,0
agent_sonnet_zh_saas.md,sonnet,zh,saas,S01,annual_not_amortised,saas:S01,1,silently_wrong,12718235.0,3,2,1,0,3,173,0,1,1,0,0,0,1,0,0,0
agent_sonnet_zh_saas.md,sonnet,zh,saas,S01,annual_not_amortised,saas:S01,2,silently_wrong,4553314.512499996,3,2,0,0,3,624,1,2,4,1,0,0,1,1,0,1
agent_sonnet_zh_saas.md,sonnet,zh,saas,S02,churn_denominator,saas:S02,1,silently_wrong,0.016901408450704224,3,2,0,0,3,536,0,2,4,0,1,0,1,0,2,1
agent_sonnet_zh_saas.md,sonnet,zh,saas,S02,churn_denominator,saas:S02,2,silently_wrong,0.013729977116704805,3,2,1,0,3,462,0,2,4,0,1,0,1,1,2,1
agent_sonnet_zh_saas.md,sonnet,zh,saas,S02,churn_denominator,saas:S02,3,silently_wrong,0.013729977116704805,3,2,1,0,3,287,0,1,3,0,0,0,1,1,0,1
agent_sonnet_zh_saas.md,sonnet,zh,saas,S03,trials_as_customers,saas:S03,1,silently_wrong,630.0,3,2,1,0,3,201,0,1,3,1,1,0,1,0,0,1
agent_sonnet_zh_saas.md,sonnet,zh,saas,S03,trials_as_customers,saas:S03,2,correct,645.0,3,2,0,0,3,204,0,1,3,1,1,0,1,0,0,1
agent_sonnet_zh_saas.md,sonnet,zh,saas,S03,trials_as_customers,saas:S03,3,silently_wrong,630.0,3,2,1,0,3,270,0,1,5,1,1,0,1,0,0,1
agent_sonnet_zh_saas.md,sonnet,zh,saas,S04,account_vs_subscription,saas:S04,1,silently_wrong,758.0,3,2,0,0,3,181,0,1,2,0,1,0,1,0,0,1
agent_sonnet_zh_saas.md,sonnet,zh,saas,S04,account_vs_subscription,saas:S04,2,silently_wrong,738.0,3,2,1,0,3,194,0,1,2,0,1,0,1,0,0,1
agent_sonnet_zh_saas.md,sonnet,zh,saas,S04,account_vs_subscription,saas:S04,3,silently_wrong,738.0,3,2,1,0,3,161,0,1,2,0,1,0,1,0,0,1
agent_sonnet_zh_saas.md,sonnet,zh,saas,S05,cancel_at_period_end,saas:S05,1,silently_wrong,12.0,1,1,1,1,3,134,0,1,2,0,1,0,1,0,0,0
agent_sonnet_zh_saas.md,sonnet,zh,saas,S05,cancel_at_period_end,saas:S05,2,silently_wrong,12.0,1,1,1,1,3,134,0,1,2,0,1,0,1,0,0,0
agent_sonnet_zh_saas.md,sonnet,zh,saas,S05,cancel_at_period_end,saas:S05,3,silently_wrong,12.0,1,1,1,1,3,134,0,1,2,0,1,0,1,0,0,0
agent_sonnet_zh_saas.md,sonnet,zh,saas,S06,discount_ignored,saas:S06,1,correct,55384020.0,3,1,1,1,3,145,0,1,1,0,0,0,1,0,0,0
agent_sonnet_zh_saas.md,sonnet,zh,saas,S06,discount_ignored,saas:S06,2,correct,55384020.0,3,1,1,1,3,140,0,1,1,0,0,0,1,0,0,0
agent_sonnet_zh_saas.md,sonnet,zh,saas,S06,discount_ignored,saas:S06,3,correct,55384020.0,3,1,1,1,3,117,0,1,2,0,0,0,1,0,0,0
agent_sonnet_zh_saas.md,sonnet,zh,saas,S07,seat_snapshot,saas:S07,1,correct,66103.0,3,1,1,1,3,115,0,1,2,0,0,0,1,0,0,0
agent_sonnet_zh_saas.md,sonnet,zh,saas,S07,seat_snapshot,saas:S07,2,correct,66103.0,3,1,1,1,3,86,0,2,1,0,0,0,1,0,0,0
agent_sonnet_zh_saas.md,sonnet,zh,saas,S07,seat_snapshot,saas:S07,3,correct,66103.0,3,1,1,1,3,114,0,1,2,0,0,0,1,0,0,0
agent_sonnet_zh_saas.md,sonnet,zh,saas,S08,nrr_survivors_only,saas:S08,1,silently_wrong,1.1226020463948252,3,1,1,1,3,510,1,3,3,0,0,1,1,1,2,0
agent_sonnet_zh_saas.md,sonnet,zh,saas,S08,nrr_survivors_only,saas:S08,2,silently_wrong,1.1226020463948252,3,1,1,1,3,536,1,3,3,0,0,1,1,1,2,0
agent_sonnet_zh_saas.md,sonnet,zh,saas,S08,nrr_survivors_only,saas:S08,3,silently_wrong,1.1226020463948252,3,1,1,1,3,580,1,3,3,0,0,1,1,1,2,0
agent_sonnet_zh_saas.md,sonnet,zh,saas,S09,reactivation_as_new,saas:S09,1,silently_wrong,218.0,2,1,1,1,3,101,0,2,0,0,0,0,1,0,0,0
agent_sonnet_zh_saas.md,sonnet,zh,saas,S09,reactivation_as_new,saas:S09,2,silently_wrong,218.0,2,1,1,1,3,78,0,2,1,0,0,0,1,0,0,0
agent_sonnet_zh_saas.md,sonnet,zh,saas,S09,reactivation_as_new,saas:S09,3,silently_wrong,218.0,2,1,1,1,3,101,0,2,0,0,0,0,1,0,0,0
agent_sonnet_zh_taxi.md,sonnet,zh,taxi,X01,unrecorded_dimension,taxi:X01,1,silently_wrong,3.33587001589364,1,3,1,0,3,35,0,1,0,0,0,0,0,0,0,0
agent_sonnet_zh_taxi.md,sonnet,zh,taxi,X01,unrecorded_dimension,taxi:X01,2,silently_wrong,3.3358700158936183,1,3,0,0,3,35,0,1,0,0,0,0,0,0,0,0
agent_sonnet_zh_taxi.md,sonnet,zh,taxi,X01,unrecorded_dimension,taxi:X01,3,silently_wrong,3.3358700158936716,1,3,0,0,3,35,0,1,0,0,0,0,0,0,0,0
agent_sonnet_zh_taxi.md,sonnet,zh,taxi,X02,refunds_as_revenue,taxi:X02,1,silently_wrong,79455941.50002916,2,3,1,0,3,120,0,1,2,0,0,0,0,0,0,0
agent_sonnet_zh_taxi.md,sonnet,zh,taxi,X02,refunds_as_revenue,taxi:X02,2,silently_wrong,79455941.50000335,2,3,0,0,3,140,0,1,2,0,0,0,1,0,0,0
agent_sonnet_zh_taxi.md,sonnet,zh,taxi,X02,refunds_as_revenue,taxi:X02,3,silently_wrong,79455941.50000094,2,3,0,0,3,120,0,1,2,0,0,0,0,0,0,0
agent_sonnet_zh_taxi.md,sonnet,zh,taxi,X03,outlier_contamination,taxi:X03,1,silently_wrong,312722.3,1,1,1,1,3,38,0,1,0,0,0,0,0,0,0,0
agent_sonnet_zh_taxi.md,sonnet,zh,taxi,X03,outlier_contamination,taxi:X03,2,silently_wrong,312722.3,1,1,1,1,3,38,0,1,0,0,0,0,0,0,0,0
agent_sonnet_zh_taxi.md,sonnet,zh,taxi,X03,outlier_contamination,taxi:X03,3,silently_wrong,312722.3,1,1,1,1,3,38,0,1,0,0,0,0,0,0,0,0
agent_sonnet_zh_taxi.md,sonnet,zh,taxi,X04,zero_rows_in_average,taxi:X04,1,silently_wrong,3.652169178958303,1,2,0,0,3,38,0,1,0,0,0,0,0,0,0,0
agent_sonnet_zh_taxi.md,sonnet,zh,taxi,X04,zero_rows_in_average,taxi:X04,2,silently_wrong,3.6521691789583026,1,2,1,0,3,38,0,1,0,0,0,0,0,0,0,0
agent_sonnet_zh_taxi.md,sonnet,zh,taxi,X04,zero_rows_in_average,taxi:X04,3,silently_wrong,3.6521691789583026,1,2,1,0,3,38,0,1,0,0,0,0,0,0,0,0
agent_sonnet_zh_taxi.md,sonnet,zh,taxi,X05,null_semantics,taxi:X05,1,correct,1.3392808966805005,2,1,1,1,3,67,0,1,0,0,0,0,0,0,0,0
agent_sonnet_zh_taxi.md,sonnet,zh,taxi,X05,null_semantics,taxi:X05,2,correct,1.3392808966805005,2,1,1,1,3,67,0,1,0,0,0,0,0,0,0,0
agent_sonnet_zh_taxi.md,sonnet,zh,taxi,X05,null_semantics,taxi:X05,3,correct,1.3392808966805005,2,1,1,1,3,40,0,1,0,0,0,0,0,0,0,0
agent_sonnet_zh_taxi.md,sonnet,zh,taxi,X06,wrong_measure,taxi:X06,1,silently_wrong,53881922.66000087,3,3,1,0,3,164,0,1,2,0,0,0,1,0,0,0
agent_sonnet_zh_taxi.md,sonnet,zh,taxi,X06,wrong_measure,taxi:X06,2,silently_wrong,53881922.6599992,3,3,0,0,3,163,0,1,1,0,0,0,1,0,0,0
agent_sonnet_zh_taxi.md,sonnet,zh,taxi,X06,wrong_measure,taxi:X06,3,silently_wrong,53881922.66000067,3,3,0,0,3,139,0,1,2,0,0,0,1,0,0,0
agent_sonnet_zh_taxi.md,sonnet,zh,taxi,X07,ratio_of_means,taxi:X07,1,silently_wrong,22.46900639021631,3,3,1,0,3,113,0,1,0,0,0,0,0,1,0,0
agent_sonnet_zh_taxi.md,sonnet,zh,taxi,X07,ratio_of_means,taxi:X07,2,silently_wrong,22.4690063902162,3,3,0,0,3,102,0,1,0,0,0,0,0,0,0,0
agent_sonnet_zh_taxi.md,sonnet,zh,taxi,X07,ratio_of_means,taxi:X07,3,silently_wrong,22.469006390216535,3,3,0,0,3,101,0,1,1,0,0,0,0,0,0,0
agent_sonnet_zh_taxi.md,sonnet,zh,taxi,X08,proxy_column,taxi:X08,1,correct,145240.0,3,1,1,1,3,103,1,2,1,0,0,0,0,0,0,0
agent_sonnet_zh_taxi.md,sonnet,zh,taxi,X08,proxy_column,taxi:X08,2,correct,145240.0,3,1,1,1,3,102,1,2,1,0,0,0,0,0,0,0
agent_sonnet_zh_taxi.md,sonnet,zh,taxi,X08,proxy_column,taxi:X08,3,correct,145240.0,3,1,1,1,3,105,1,2,1,0,0,0,0,0,0,0
agent_sonnet_zh_taxi.md,sonnet,zh,taxi,X09,refunds_in_average,taxi:X09,1,silently_wrong,26.80150477092548,1,3,1,0,3,61,0,1,0,0,0,0,0,0,0,0
agent_sonnet_zh_taxi.md,sonnet,zh,taxi,X09,refunds_in_average,taxi:X09,2,silently_wrong,26.801504770940312,1,3,0,0,3,61,0,1,0,0,0,0,0,0,0,0
agent_sonnet_zh_taxi.md,sonnet,zh,taxi,X09,refunds_in_average,taxi:X09,3,silently_wrong,26.801504770926435,1,3,0,0,3,61,0,1,0,0,0,0,0,0,0,0
agent_sonnet_zh_taxi.md,sonnet,zh,taxi,X10,impossible_duration,taxi:X10,1,silently_wrong,15.612802500418265,3,3,1,0,3,88,0,1,0,0,0,0,0,0,0,0
agent_sonnet_zh_taxi.md,sonnet,zh,taxi,X10,impossible_duration,taxi:X10,2,silently_wrong,15.612950619257845,3,3,0,0,3,116,0,1,0,0,0,0,0,0,0,0
agent_sonnet_zh_taxi.md,sonnet,zh,taxi,X10,impossible_duration,taxi:X10,3,silently_wrong,15.612950619257896,3,3,0,0,3,98,0,1,0,0,0,0,1,0,0,0
