country,week,days,total_streams,hs_streams,hs_rows,top3_streams,y1_share,y2_songs,y3_share_top3,first_show,g,week_start
Argentina,1,5,35464673.0,0.0,0.0,0.0,0.0,0.0,0.0,2018-05-23,65,2017-02-27
Argentina,2,7,47445758.0,0.0,0.0,0.0,0.0,0.0,0.0,2018-05-23,65,2017-03-06
Argentina,3,7,46233930.0,0.0,0.0,0.0,0.0,0.0,0.0,2018-05-23,65,2017-03-13
Argentina,4,7,46728965.0,0.0,0.0,0.0,0.0,0.0,0.0,2018-05-23,65,2017-03-20
Argentina,5,7,45876364.0,0.0,0.0,0.0,0.0,0.0,0.0,2018-05-23,65,2017-03-27
Argentina,6,7,45263907.0,110515.0,3.0,110515.0,0.0024415700571318337,0.42857142857142855,0.0024415700571318337,2018-05-23,65,2017-04-03
Argentina,7,7,45011038.0,189572.0,7.0,189572.0,0.0042116780332859685,1.0,0.0042116780332859685,2018-05-23,65,2017-04-10
Argentina,8,7,48231002.0,160091.0,7.0,160091.0,0.0033192551131324207,1.0,0.0033192551131324207,2018-05-23,65,2017-04-17
Argentina,9,7,48895291.0,159104.0,7.0,159104.0,0.0032539738847244004,1.0,0.0032539738847244004,2018-05-23,65,2017-04-24
Argentina,10,7,49836855.0,220261.0,10.0,220261.0,0.0044196408461167945,1.4285714285714286,0.0044196408461167945,2018-05-23,65,2017-05-01
Argentina,11,7,48478270.0,647326.0,29.0,354365.0,0.013352910489586365,4.142857142857143,0.007309769923720463,2018-05-23,65,2017-05-08
Argentina,12,7,48763657.0,443044.0,15.0,431863.0,0.009085536796389163,2.142857142857143,0.008856247184250352,2018-05-23,65,2017-05-15
Argentina,13,7,47805809.0,417159.0,12.0,417159.0,0.008726115271890912,1.7142857142857142,0.008726115271890912,2018-05-23,65,2017-05-22
Argentina,14,4,26425109.0,199083.0,5.0,199083.0,0.007533857287021976,1.25,0.007533857287021976,2018-05-23,65,2017-05-29
Argentina,15,7,47062466.0,345551.0,7.0,345551.0,0.007342390430624694,1.0,0.007342390430624694,2018-05-23,65,2017-06-05
Argentina,16,7,47611067.0,344950.0,7.0,344950.0,0.007245164238810275,1.0,0.007245164238810275,2018-05-23,65,2017-06-12
Argentina,17,7,46449492.0,322719.0,7.0,322719.0,0.006947740138901842,1.0,0.006947740138901842,2018-05-23,65,2017-06-19
Argentina,18,7,47558124.0,308910.0,7.0,308910.0,0.006495420214640931,1.0,0.006495420214640931,2018-05-23,65,2017-06-26
Argentina,19,7,48558418.0,258845.0,7.0,258845.0,0.005330589641532391,1.0,0.005330589641532391,2018-05-23,65,2017-07-03
Argentina,20,7,49786479.0,174639.0,7.0,174639.0,0.0035077596067799852,1.0,0.0035077596067799852,2018-05-23,65,2017-07-10
Argentina,21,7,50693819.0,155720.0,7.0,155720.0,0.003071774884429204,1.0,0.003071774884429204,2018-05-23,65,2017-07-17
Argentina,22,7,51213674.0,155148.0,7.0,155148.0,0.0030294253054369813,1.0,0.0030294253054369813,2018-05-23,65,2017-07-24
Argentina,23,7,51335536.0,153159.0,7.0,153159.0,0.0029834888643219776,1.0,0.0029834888643219776,2018-05-23,65,2017-07-31
Argentina,24,7,51807618.0,141621.0,7.0,141621.0,0.002733594121235221,1.0,0.002733594121235221,2018-05-23,65,2017-08-07
Argentina,25,7,55142864.0,128876.0,7.0,128876.0,0.002337129243051286,1.0,0.002337129243051286,2018-05-23,65,2017-08-14
Argentina,26,7,52689855.0,121634.0,7.0,121634.0,0.002308489936060746,1.0,0.002308489936060746,2018-05-23,65,2017-08-21
Argentina,27,7,53565060.0,135255.0,7.0,135255.0,0.002525060179154098,1.0,0.002525060179154098,2018-05-23,65,2017-08-28
Argentina,28,7,52834341.0,135616.0,7.0,135616.0,0.002566815397583931,1.0,0.002566815397583931,2018-05-23,65,2017-09-04
Argentina,29,7,56118868.0,132982.0,7.0,132982.0,0.0023696486536399844,1.0,0.0023696486536399844,2018-05-23,65,2017-09-11
Argentina,30,7,57667322.0,126432.0,7.0,126432.0,0.0021924375125309268,1.0,0.0021924375125309268,2018-05-23,65,2017-09-18
Argentina,31,7,54824220.0,124020.0,7.0,124020.0,0.0022621388867912757,1.0,0.0022621388867912757,2018-05-23,65,2017-09-25
Argentina,32,7,57019238.0,124382.0,7.0,124382.0,0.002181404107855668,1.0,0.002181404107855668,2018-05-23,65,2017-10-02
Argentina,33,7,56586933.0,123701.0,7.0,123701.0,0.002186034715823881,1.0,0.002186034715823881,2018-05-23,65,2017-10-09
Argentina,34,7,57374490.0,119063.0,7.0,119063.0,0.0020751905594280666,1.0,0.0020751905594280666,2018-05-23,65,2017-10-16
Argentina,35,7,57715982.0,101219.0,6.0,101219.0,0.0017537430100383635,0.8571428571428571,0.0017537430100383635,2018-05-23,65,2017-10-23
Argentina,36,7,56910351.0,115074.0,7.0,115074.0,0.0020220223206846855,1.0,0.0020220223206846855,2018-05-23,65,2017-10-30
Argentina,37,7,58374197.0,85019.0,5.0,85019.0,0.0014564483002652696,0.7142857142857143,0.0014564483002652696,2018-05-23,65,2017-11-06
Argentina,38,7,59377210.0,80486.0,5.0,80486.0,0.0013555032309534247,0.7142857142857143,0.0013555032309534247,2018-05-23,65,2017-11-13
Argentina,39,7,58956232.0,77440.0,5.0,77440.0,0.0013135167797019322,0.7142857142857143,0.0013135167797019322,2018-05-23,65,2017-11-20
Argentina,40,7,60673212.0,47835.0,3.0,47835.0,0.0007884039500002076,0.42857142857142855,0.0007884039500002076,2018-05-23,65,2017-11-27
Argentina,41,7,63812564.0,67364.0,4.0,67364.0,0.0010556541812048173,0.5714285714285714,0.0010556541812048173,2018-05-23,65,2017-12-04
Argentina,42,7,61483203.0,63456.0,4.0,63456.0,0.0010320867635994827,0.5714285714285714,0.0010320867635994827,2018-05-23,65,2017-12-11
Argentina,43,7,66251586.0,46518.0,3.0,46518.0,0.0007021416815591404,0.42857142857142855,0.0007021416815591404,2018-05-23,65,2017-12-18
Argentina,44,7,73227906.0,50223.0,3.0,50223.0,0.0006858450929895497,0.42857142857142855,0.0006858450929895497,2018-05-23,65,2017-12-25
Argentina,45,7,69138784.0,86799.0,5.0,86799.0,0.001255431394338668,0.7142857142857143,0.001255431394338668,2018-05-23,65,2018-01-01
Argentina,46,7,66184260.0,100661.0,6.0,100661.0,0.001520920533069343,0.8571428571428571,0.001520920533069343,2018-05-23,65,2018-01-08
Argentina,47,7,69105784.0,88819.0,5.0,88819.0,0.0012852614478695444,0.7142857142857143,0.0012852614478695444,2018-05-23,65,2018-01-15
Argentina,48,7,67094097.0,84961.0,5.0,84961.0,0.0012662961989040556,0.7142857142857143,0.0012662961989040556,2018-05-23,65,2018-01-22
Argentina,49,7,69870600.0,84672.0,5.0,84672.0,0.0012118401731200247,0.7142857142857143,0.0012118401731200247,2018-05-23,65,2018-01-29
Argentina,50,7,67005020.0,63917.0,4.0,63917.0,0.0009539136022942759,0.5714285714285714,0.0009539136022942759,2018-05-23,65,2018-02-05
Argentina,51,7,65455025.0,31328.0,2.0,31328.0,0.0004786187156753817,0.2857142857142857,0.0004786187156753817,2018-05-23,65,2018-02-12
Argentina,52,7,65968028.0,45905.0,3.0,45905.0,0.0006958673980674395,0.42857142857142855,0.0006958673980674395,2018-05-23,65,2018-02-19
Argentina,53,7,66372561.0,0.0,0.0,0.0,0.0,0.0,0.0,2018-05-23,65,2018-02-26
Argentina,54,7,60147867.0,0.0,0.0,0.0,0.0,0.0,0.0,2018-05-23,65,2018-03-05
Argentina,55,7,57680956.0,26243.0,2.0,26243.0,0.00045496818742047203,0.2857142857142857,0.00045496818742047203,2018-05-23,65,2018-03-12
Argentina,56,7,60815562.0,0.0,0.0,0.0,0.0,0.0,0.0,2018-05-23,65,2018-03-19
Argentina,57,7,61385548.0,0.0,0.0,0.0,0.0,0.0,0.0,2018-05-23,65,2018-03-26
Argentina,58,7,56596741.0,0.0,0.0,0.0,0.0,0.0,0.0,2018-05-23,65,2018-04-02
Argentina,59,7,58069668.0,0.0,0.0,0.0,0.0,0.0,0.0,2018-05-23,65,2018-04-09
Argentina,60,7,58420701.0,0.0,0.0,0.0,0.0,0.0,0.0,2018-05-23,65,2018-04-16
Argentina,61,7,56530452.0,0.0,0.0,0.0,0.0,0.0,0.0,2018-05-23,65,2018-04-23
Argentina,62,7,52165563.0,0.0,0.0,0.0,0.0,0.0,0.0,2018-05-23,65,2018-04-30
Argentina,63,7,55494881.0,0.0,0.0,0.0,0.0,0.0,0.0,2018-05-23,65,2018-05-07
Argentina,64,7,53732554.0,0.0,0.0,0.0,0.0,0.0,0.0,2018-05-23,65,2018-05-14
Argentina,65,7,54679289.0,32377.0,2.0,32377.0,0.0005921254755159673,0.2857142857142857,0.0005921254755159673,2018-05-23,65,2018-05-21
Argentina,66,7,53469308.0,0.0,0.0,0.0,0.0,0.0,0.0,2018-05-23,65,2018-05-28
Argentina,67,7,53141180.0,0.0,0.0,0.0,0.0,0.0,0.0,2018-05-23,65,2018-06-04
Argentina,68,7,49199011.0,0.0,0.0,0.0,0.0,0.0,0.0,2018-05-23,65,2018-06-11
Argentina,69,7,51194904.0,0.0,0.0,0.0,0.0,0.0,0.0,2018-05-23,65,2018-06-18
Argentina,70,7,50408683.0,0.0,0.0,0.0,0.0,0.0,0.0,2018-05-23,65,2018-06-25
Argentina,71,7,54276277.0,0.0,0.0,0.0,0.0,0.0,0.0,2018-05-23,65,2018-07-02
Argentina,72,7,56625804.0,0.0,0.0,0.0,0.0,0.0,0.0,2018-05-23,65,2018-07-09
Argentina,73,7,58010493.0,0.0,0.0,0.0,0.0,0.0,0.0,2018-05-23,65,2018-07-16
Argentina,74,7,56278052.0,0.0,0.0,0.0,0.0,0.0,0.0,2018-05-23,65,2018-07-23
Argentina,75,7,59394550.0,0.0,0.0,0.0,0.0,0.0,0.0,2018-05-23,65,2018-07-30
Argentina,76,7,59509012.0,0.0,0.0,0.0,0.0,0.0,0.0,2018-05-23,65,2018-08-06
Argentina,77,7,62071094.0,0.0,0.0,0.0,0.0,0.0,0.0,2018-05-23,65,2018-08-13
Argentina,78,7,59037727.0,0.0,0.0,0.0,0.0,0.0,0.0,2018-05-23,65,2018-08-20
Argentina,79,7,59091574.0,0.0,0.0,0.0,0.0,0.0,0.0,2018-05-23,65,2018-08-27
Argentina,80,7,62371710.0,0.0,0.0,0.0,0.0,0.0,0.0,2018-05-23,65,2018-09-03
Argentina,81,7,61179844.0,0.0,0.0,0.0,0.0,0.0,0.0,2018-05-23,65,2018-09-10
Argentina,82,7,63208109.0,0.0,0.0,0.0,0.0,0.0,0.0,2018-05-23,65,2018-09-17
Argentina,83,7,59678367.0,0.0,0.0,0.0,0.0,0.0,0.0,2018-05-23,65,2018-09-24
Argentina,84,7,62225782.0,0.0,0.0,0.0,0.0,0.0,0.0,2018-05-23,65,2018-10-01
Argentina,85,7,62569078.0,0.0,0.0,0.0,0.0,0.0,0.0,2018-05-23,65,2018-10-08
Argentina,86,7,61932981.0,0.0,0.0,0.0,0.0,0.0,0.0,2018-05-23,65,2018-10-15
Argentina,87,7,60529259.0,0.0,0.0,0.0,0.0,0.0,0.0,2018-05-23,65,2018-10-22
Argentina,88,7,60733371.0,0.0,0.0,0.0,0.0,0.0,0.0,2018-05-23,65,2018-10-29
Argentina,89,7,62054421.0,0.0,0.0,0.0,0.0,0.0,0.0,2018-05-23,65,2018-11-05
Argentina,90,7,64185023.0,0.0,0.0,0.0,0.0,0.0,0.0,2018-05-23,65,2018-11-12
Argentina,91,7,63321391.0,0.0,0.0,0.0,0.0,0.0,0.0,2018-05-23,65,2018-11-19
Argentina,92,7,61884179.0,0.0,0.0,0.0,0.0,0.0,0.0,2018-05-23,65,2018-11-26
Argentina,93,7,62906990.0,0.0,0.0,0.0,0.0,0.0,0.0,2018-05-23,65,2018-12-03
Argentina,94,7,60967764.0,0.0,0.0,0.0,0.0,0.0,0.0,2018-05-23,65,2018-12-10
Argentina,95,7,65734335.0,0.0,0.0,0.0,0.0,0.0,0.0,2018-05-23,65,2018-12-17
Argentina,96,7,73802246.0,0.0,0.0,0.0,0.0,0.0,0.0,2018-05-23,65,2018-12-24
Argentina,97,1,11713678.0,0.0,0.0,0.0,0.0,0.0,0.0,2018-05-23,65,2018-12-31
Australia,1,5,45802615.0,0.0,0.0,0.0,0.0,0.0,0.0,2017-11-26,39,2017-02-27
Australia,2,7,66612894.0,0.0,0.0,0.0,0.0,0.0,0.0,2017-11-26,39,2017-03-06
Australia,3,7,63605799.0,0.0,0.0,0.0,0.0,0.0,0.0,2017-11-26,39,2017-03-13
Australia,4,7,64356463.0,0.0,0.0,0.0,0.0,0.0,0.0,2017-11-26,39,2017-03-20
Australia,5,7,58397528.0,0.0,0.0,0.0,0.0,0.0,0.0,2017-11-26,39,2017-03-27
Australia,6,7,57604075.0,209597.0,3.0,209597.0,0.0036385793886977613,0.42857142857142855,0.0036385793886977613,2017-11-26,39,2017-04-03
Australia,7,7,56430909.0,713865.0,7.0,713865.0,0.012650248111367477,1.0,0.012650248111367477,2017-11-26,39,2017-04-10
Australia,8,7,57904698.0,663112.0,7.0,663112.0,0.011451782375240088,1.0,0.011451782375240088,2017-11-26,39,2017-04-17
Australia,9,7,55718369.0,586386.0,7.0,586386.0,0.010524105614074956,1.0,0.010524105614074956,2017-11-26,39,2017-04-24
Australia,10,7,57289034.0,750705.0,12.0,750705.0,0.013103816692039178,1.7142857142857142,0.013103816692039178,2017-11-26,39,2017-05-01
Australia,11,7,58599941.0,1888061.0,39.0,1091888.0,0.03221950342919287,5.571428571428571,0.018632919783997736,2017-11-26,39,2017-05-08
Australia,12,7,61053929.0,2598539.0,69.0,1463095.0,0.04256137225828661,9.857142857142858,0.023963977813778372,2017-11-26,39,2017-05-15
Australia,13,7,62250011.0,1940088.0,50.0,1357865.0,0.031166066781899846,7.142857142857143,0.021813088514956246,2017-11-26,39,2017-05-22
Australia,14,4,34495729.0,614119.0,12.0,598037.0,0.017802754654061666,3.0,0.017336552011989657,2017-11-26,39,2017-05-29
Australia,15,7,59793566.0,819271.0,14.0,819271.0,0.013701658134923748,2.0,0.013701658134923748,2017-11-26,39,2017-06-05
Australia,16,7,60180961.0,757046.0,14.0,757046.0,0.012579493371666165,2.0,0.012579493371666165,2017-11-26,39,2017-06-12
Australia,17,7,60689455.0,655363.0,14.0,655363.0,0.010798630503437542,2.0,0.010798630503437542,2017-11-26,39,2017-06-19
Australia,18,7,59353259.0,583905.0,14.0,583905.0,0.009837791720923025,2.0,0.009837791720923025,2017-11-26,39,2017-06-26
Australia,19,7,58430669.0,376471.0,12.0,376471.0,0.006443037645179109,1.7142857142857142,0.006443037645179109,2017-11-26,39,2017-07-03
Australia,20,7,57902684.0,232190.0,7.0,232190.0,0.0040100040958377684,1.0,0.0040100040958377684,2017-11-26,39,2017-07-10
Australia,21,7,58878289.0,220993.0,7.0,220993.0,0.0037533869233190523,1.0,0.0037533869233190523,2017-11-26,39,2017-07-17
Australia,22,7,61110768.0,214528.0,7.0,214528.0,0.003510477891555871,1.0,0.003510477891555871,2017-11-26,39,2017-07-24
Australia,23,7,64333247.0,205888.0,7.0,205888.0,0.0032003359009689035,1.0,0.0032003359009689035,2017-11-26,39,2017-07-31
Australia,24,7,65441553.0,199700.0,7.0,199700.0,0.0030515779477299386,1.0,0.0030515779477299386,2017-11-26,39,2017-08-07
Australia,25,7,65263919.0,187844.0,7.0,187844.0,0.0028782212726146585,1.0,0.0028782212726146585,2017-11-26,39,2017-08-14
Australia,26,7,67315769.0,162681.0,7.0,162681.0,0.0024166848632450446,1.0,0.0024166848632450446,2017-11-26,39,2017-08-21
Australia,27,7,70113048.0,151459.0,7.0,151459.0,0.0021602113204378165,1.0,0.0021602113204378165,2017-11-26,39,2017-08-28
Australia,28,7,69943974.0,144379.0,7.0,144379.0,0.002064209276985034,1.0,0.002064209276985034,2017-11-26,39,2017-09-04
Australia,29,7,70107857.0,141962.0,7.0,141962.0,0.00202490856338684,1.0,0.00202490856338684,2017-11-26,39,2017-09-11
Australia,30,7,70929938.0,138455.0,7.0,118221.0,0.0019519966308161724,1.0,0.0016667292166531993,2017-11-26,39,2017-09-18
Australia,31,7,68622496.0,95723.0,5.0,95723.0,0.001394921572074557,0.7142857142857143,0.001394921572074557,2017-11-26,39,2017-09-25
Australia,32,7,70287943.0,38721.0,2.0,38721.0,0.0005508910681878967,0.2857142857142857,0.0005508910681878967,2017-11-26,39,2017-10-02
Australia,33,7,71416138.0,0.0,0.0,0.0,0.0,0.0,0.0,2017-11-26,39,2017-10-09
Australia,34,7,71952251.0,0.0,0.0,0.0,0.0,0.0,0.0,2017-11-26,39,2017-10-16
Australia,35,7,72854757.0,0.0,0.0,0.0,0.0,0.0,0.0,2017-11-26,39,2017-10-23
Australia,36,7,72458053.0,0.0,0.0,0.0,0.0,0.0,0.0,2017-11-26,39,2017-10-30
Australia,37,7,72514244.0,0.0,0.0,0.0,0.0,0.0,0.0,2017-11-26,39,2017-11-06
Australia,38,7,70303320.0,0.0,0.0,0.0,0.0,0.0,0.0,2017-11-26,39,2017-11-13
Australia,39,7,69192021.0,215651.0,7.0,215651.0,0.0031167032973353965,1.0,0.0031167032973353965,2017-11-26,39,2017-11-20
Australia,40,7,68978410.0,303398.0,9.0,303398.0,0.004398448732001796,1.2857142857142858,0.004398448732001796,2017-11-26,39,2017-11-27
Australia,41,7,71503636.0,250729.0,7.0,250729.0,0.003506520983072805,1.0,0.003506520983072805,2017-11-26,39,2017-12-04
Australia,42,7,71892000.0,233816.0,7.0,233816.0,0.003252322928837701,1.0,0.003252322928837701,2017-11-26,39,2017-12-11
Australia,43,7,85083692.0,192566.0,6.0,192566.0,0.0022632539264986293,0.8571428571428571,0.0022632539264986293,2017-11-26,39,2017-12-18
Australia,44,7,76165654.0,56589.0,2.0,56589.0,0.0007429726789978065,0.2857142857142857,0.0007429726789978065,2017-11-26,39,2017-12-25
Australia,45,7,67359280.0,0.0,0.0,0.0,0.0,0.0,0.0,2017-11-26,39,2018-01-01
Australia,46,7,71167294.0,0.0,0.0,0.0,0.0,0.0,0.0,2017-11-26,39,2018-01-08
Australia,47,7,71387460.0,0.0,0.0,0.0,0.0,0.0,0.0,2017-11-26,39,2018-01-15
Australia,48,7,72567106.0,0.0,0.0,0.0,0.0,0.0,0.0,2017-11-26,39,2018-01-22
Australia,49,7,74887663.0,0.0,0.0,0.0,0.0,0.0,0.0,2017-11-26,39,2018-01-29
Australia,50,7,75751005.0,0.0,0.0,0.0,0.0,0.0,0.0,2017-11-26,39,2018-02-05
Australia,51,7,76455308.0,0.0,0.0,0.0,0.0,0.0,0.0,2017-11-26,39,2018-02-12
Australia,52,7,77870843.0,0.0,0.0,0.0,0.0,0.0,0.0,2017-11-26,39,2018-02-19
Australia,53,7,79646820.0,0.0,0.0,0.0,0.0,0.0,0.0,2017-11-26,39,2018-02-26
Australia,54,7,78131115.0,0.0,0.0,0.0,0.0,0.0,0.0,2017-11-26,39,2018-03-05
Australia,55,7,77734727.0,0.0,0.0,0.0,0.0,0.0,0.0,2017-11-26,39,2018-03-12
Australia,56,7,75533762.0,0.0,0.0,0.0,0.0,0.0,0.0,2017-11-26,39,2018-03-19
Australia,57,7,72453129.0,0.0,0.0,0.0,0.0,0.0,0.0,2017-11-26,39,2018-03-26
Australia,58,7,71321436.0,0.0,0.0,0.0,0.0,0.0,0.0,2017-11-26,39,2018-04-02
Australia,59,7,70679668.0,0.0,0.0,0.0,0.0,0.0,0.0,2017-11-26,39,2018-04-09
Australia,60,7,75384065.0,0.0,0.0,0.0,0.0,0.0,0.0,2017-11-26,39,2018-04-16
Australia,61,7,77005366.0,0.0,0.0,0.0,0.0,0.0,0.0,2017-11-26,39,2018-04-23
Australia,62,7,77279472.0,0.0,0.0,0.0,0.0,0.0,0.0,2017-11-26,39,2018-04-30
Australia,63,7,74634191.0,0.0,0.0,0.0,0.0,0.0,0.0,2017-11-26,39,2018-05-07
Australia,64,7,72916305.0,0.0,0.0,0.0,0.0,0.0,0.0,2017-11-26,39,2018-05-14
Australia,65,7,74266250.0,0.0,0.0,0.0,0.0,0.0,0.0,2017-11-26,39,2018-05-21
Australia,66,7,76053729.0,0.0,0.0,0.0,0.0,0.0,0.0,2017-11-26,39,2018-05-28
Australia,67,7,76265444.0,0.0,0.0,0.0,0.0,0.0,0.0,2017-11-26,39,2018-06-04
Australia,68,7,74907340.0,0.0,0.0,0.0,0.0,0.0,0.0,2017-11-26,39,2018-06-11
Australia,69,7,81353465.0,0.0,0.0,0.0,0.0,0.0,0.0,2017-11-26,39,2018-06-18
Australia,70,7,79902247.0,0.0,0.0,0.0,0.0,0.0,0.0,2017-11-26,39,2018-06-25
Australia,71,7,77375368.0,0.0,0.0,0.0,0.0,0.0,0.0,2017-11-26,39,2018-07-02
Australia,72,7,77652826.0,0.0,0.0,0.0,0.0,0.0,0.0,2017-11-26,39,2018-07-09
Australia,73,7,78980839.0,0.0,0.0,0.0,0.0,0.0,0.0,2017-11-26,39,2018-07-16
Australia,74,7,80253528.0,0.0,0.0,0.0,0.0,0.0,0.0,2017-11-26,39,2018-07-23
Australia,75,7,83450895.0,0.0,0.0,0.0,0.0,0.0,0.0,2017-11-26,39,2018-07-30
Australia,76,7,81776528.0,0.0,0.0,0.0,0.0,0.0,0.0,2017-11-26,39,2018-08-06
Australia,77,7,80664164.0,0.0,0.0,0.0,0.0,0.0,0.0,2017-11-26,39,2018-08-13
Australia,78,7,79931989.0,0.0,0.0,0.0,0.0,0.0,0.0,2017-11-26,39,2018-08-20
Australia,79,7,80946829.0,0.0,0.0,0.0,0.0,0.0,0.0,2017-11-26,39,2018-08-27
Australia,80,7,82631073.0,0.0,0.0,0.0,0.0,0.0,0.0,2017-11-26,39,2018-09-03
Australia,81,7,80118807.0,0.0,0.0,0.0,0.0,0.0,0.0,2017-11-26,39,2018-09-10
Australia,82,7,78930607.0,0.0,0.0,0.0,0.0,0.0,0.0,2017-11-26,39,2018-09-17
Australia,83,7,75026629.0,0.0,0.0,0.0,0.0,0.0,0.0,2017-11-26,39,2018-09-24
Australia,84,7,74142404.0,0.0,0.0,0.0,0.0,0.0,0.0,2017-11-26,39,2018-10-01
Australia,85,7,74827847.0,0.0,0.0,0.0,0.0,0.0,0.0,2017-11-26,39,2018-10-08
Australia,86,7,78160989.0,0.0,0.0,0.0,0.0,0.0,0.0,2017-11-26,39,2018-10-15
Australia,87,7,80460180.0,0.0,0.0,0.0,0.0,0.0,0.0,2017-11-26,39,2018-10-22
Australia,88,7,79623877.0,0.0,0.0,0.0,0.0,0.0,0.0,2017-11-26,39,2018-10-29
Australia,89,7,80884402.0,0.0,0.0,0.0,0.0,0.0,0.0,2017-11-26,39,2018-11-05
Australia,90,7,80858170.0,0.0,0.0,0.0,0.0,0.0,0.0,2017-11-26,39,2018-11-12
Australia,91,7,78275491.0,0.0,0.0,0.0,0.0,0.0,0.0,2017-11-26,39,2018-11-19
Australia,92,7,79956489.0,0.0,0.0,0.0,0.0,0.0,0.0,2017-11-26,39,2018-11-26
Australia,93,7,80022655.0,0.0,0.0,0.0,0.0,0.0,0.0,2017-11-26,39,2018-12-03
Australia,94,7,79745429.0,0.0,0.0,0.0,0.0,0.0,0.0,2017-11-26,39,2018-12-10
Australia,95,7,88283477.0,0.0,0.0,0.0,0.0,0.0,0.0,2017-11-26,39,2018-12-17
Australia,96,7,100784674.0,0.0,0.0,0.0,0.0,0.0,0.0,2017-11-26,39,2018-12-24
Australia,97,1,14175283.0,0.0,0.0,0.0,0.0,0.0,0.0,2017-11-26,39,2018-12-31
Austria,1,5,4701067.0,0.0,0.0,0.0,0.0,0.0,0.0,,0,2017-02-27
Austria,2,7,6474464.0,0.0,0.0,0.0,0.0,0.0,0.0,,0,2017-03-06
Austria,3,7,6246064.0,0.0,0.0,0.0,0.0,0.0,0.0,,0,2017-03-13
Austria,4,7,6131031.0,0.0,0.0,0.0,0.0,0.0,0.0,,0,2017-03-20
Austria,5,7,5970840.0,0.0,0.0,0.0,0.0,0.0,0.0,,0,2017-03-27
Austria,6,7,5884165.0,22468.0,3.0,22468.0,0.0038183837468867715,0.42857142857142855,0.0038183837468867715,,0,2017-04-03
Austria,7,7,5822980.0,57594.0,7.0,57594.0,0.009890811921043864,1.0,0.009890811921043864,,0,2017-04-10
Austria,8,7,5614344.0,53720.0,7.0,53720.0,0.009568348501623698,1.0,0.009568348501623698,,0,2017-04-17
Austria,9,7,5914905.0,57498.0,7.0,57498.0,0.009720866184663998,1.0,0.009720866184663998,,0,2017-04-24
Austria,10,7,5821694.0,71487.0,13.0,71487.0,0.012279415579039365,1.8571428571428572,0.012279415579039365,,0,2017-05-01
Austria,11,7,6013709.0,142418.0,37.0,91053.0,0.02368222339990179,5.285714285714286,0.0151409055542927,,0,2017-05-08
Austria,12,7,6324630.0,107697.0,20.0,100582.0,0.017028189791339573,2.857142857142857,0.01590322279722292,,0,2017-05-15
Austria,13,7,6586672.0,111124.0,18.0,109489.0,0.016871038970818646,2.5714285714285716,0.01662281042687415,,0,2017-05-22
Austria,14,4,3798815.0,47720.0,8.0,47720.0,0.012561812038754191,2.0,0.012561812038754191,,0,2017-05-29
Austria,15,7,6848333.0,73069.0,12.0,73069.0,0.01066960382913623,1.7142857142857142,0.01066960382913623,,0,2017-06-05
Austria,16,7,7069605.0,62136.0,9.0,62136.0,0.00878917563286775,1.2857142857142858,0.00878917563286775,,0,2017-06-12
Austria,17,7,7062079.0,52027.0,8.0,52027.0,0.007367094024295112,1.1428571428571428,0.007367094024295112,,0,2017-06-19
Austria,18,7,6976207.0,45133.0,7.0,45133.0,0.006469561468001164,1.0,0.006469561468001164,,0,2017-06-26
Austria,19,7,6980645.0,32139.0,7.0,32139.0,0.004604015818022547,1.0,0.004604015818022547,,0,2017-07-03
Austria,20,7,6884423.0,26873.0,7.0,26873.0,0.0039034498606491785,1.0,0.0039034498606491785,,0,2017-07-10
Austria,21,7,7130567.0,23931.0,7.0,23931.0,0.0033561145978994377,1.0,0.0033561145978994377,,0,2017-07-17
Austria,22,7,6717973.0,21331.0,7.0,21331.0,0.0031752137140176064,1.0,0.0031752137140176064,,0,2017-07-24
Austria,23,7,6336404.0,18467.0,7.0,18467.0,0.0029144290673385094,1.0,0.0029144290673385094,,0,2017-07-31
Austria,24,7,6251519.0,18401.0,7.0,18401.0,0.002943444625218287,1.0,0.002943444625218287,,0,2017-08-07
Austria,25,7,6187158.0,16919.0,7.0,16919.0,0.002734534983590204,1.0,0.002734534983590204,,0,2017-08-14
Austria,26,7,6499535.0,16941.0,7.0,16941.0,0.0026064941568896853,1.0,0.0026064941568896853,,0,2017-08-21
Austria,27,7,6560470.0,15936.0,7.0,15936.0,0.0024290942569663455,1.0,0.0024290942569663455,,0,2017-08-28
Austria,28,7,6353947.0,15449.0,7.0,15449.0,0.0024314020875528235,1.0,0.0024314020875528235,,0,2017-09-04
Austria,29,7,6282391.0,15045.0,7.0,15045.0,0.002394788863030015,1.0,0.002394788863030015,,0,2017-09-11
Austria,30,7,6307999.0,15034.0,7.0,15034.0,0.0023833231425686658,1.0,0.0023833231425686658,,0,2017-09-18
Austria,31,7,6480257.0,10581.0,5.0,10581.0,0.001632805612493455,0.7142857142857143,0.001632805612493455,,0,2017-09-25
Austria,32,7,6558672.0,6224.0,3.0,6224.0,0.0009489725968915659,0.42857142857142855,0.0009489725968915659,,0,2017-10-02
Austria,33,7,6497008.0,0.0,0.0,0.0,0.0,0.0,0.0,,0,2017-10-09
Austria,34,7,6605316.0,0.0,0.0,0.0,0.0,0.0,0.0,,0,2017-10-16
Austria,35,7,6592740.0,0.0,0.0,0.0,0.0,0.0,0.0,,0,2017-10-23
Austria,36,7,6631625.0,0.0,0.0,0.0,0.0,0.0,0.0,,0,2017-10-30
Austria,37,7,6535698.0,8708.0,4.0,8708.0,0.0013323749047156096,0.5714285714285714,0.0013323749047156096,,0,2017-11-06
Austria,38,7,6564370.0,8446.0,4.0,8446.0,0.0012866428918540545,0.5714285714285714,0.0012866428918540545,,0,2017-11-13
Austria,39,7,6636731.0,2048.0,1.0,2048.0,0.0003085856576076385,0.14285714285714285,0.0003085856576076385,,0,2017-11-20
Austria,40,7,6990668.0,0.0,0.0,0.0,0.0,0.0,0.0,,0,2017-11-27
Austria,41,7,7065737.0,0.0,0.0,0.0,0.0,0.0,0.0,,0,2017-12-04
Austria,42,7,7613690.0,0.0,0.0,0.0,0.0,0.0,0.0,,0,2017-12-11
Austria,43,7,10457166.0,0.0,0.0,0.0,0.0,0.0,0.0,,0,2017-12-18
Austria,44,7,7176861.0,0.0,0.0,0.0,0.0,0.0,0.0,,0,2017-12-25
Austria,45,7,6355296.0,0.0,0.0,0.0,0.0,0.0,0.0,,0,2018-01-01
Austria,46,7,6818046.0,0.0,0.0,0.0,0.0,0.0,0.0,,0,2018-01-08
Austria,47,7,6898469.0,0.0,0.0,0.0,0.0,0.0,0.0,,0,2018-01-15
Austria,48,7,6909357.0,0.0,0.0,0.0,0.0,0.0,0.0,,0,2018-01-22
Austria,49,7,6969768.0,0.0,0.0,0.0,0.0,0.0,0.0,,0,2018-01-29
Austria,50,7,6857831.0,0.0,0.0,0.0,0.0,0.0,0.0,,0,2018-02-05
Austria,51,7,6942800.0,0.0,0.0,0.0,0.0,0.0,0.0,,0,2018-02-12
Austria,52,7,7343589.0,0.0,0.0,0.0,0.0,0.0,0.0,,0,2018-02-19
Austria,53,7,7381350.0,0.0,0.0,0.0,0.0,0.0,0.0,,0,2018-02-26
Austria,54,7,7289421.0,0.0,0.0,0.0,0.0,0.0,0.0,,0,2018-03-05
Austria,55,7,7214791.0,0.0,0.0,0.0,0.0,0.0,0.0,,0,2018-03-12
Austria,56,7,7367370.0,0.0,0.0,0.0,0.0,0.0,0.0,,0,2018-03-19
Austria,57,7,7300342.0,0.0,0.0,0.0,0.0,0.0,0.0,,0,2018-03-26
Austria,58,7,7270528.0,0.0,0.0,0.0,0.0,0.0,0.0,,0,2018-04-02
Austria,59,7,7627131.0,0.0,0.0,0.0,0.0,0.0,0.0,,0,2018-04-09
Austria,60,7,8192154.0,0.0,0.0,0.0,0.0,0.0,0.0,,0,2018-04-16
Austria,61,7,8376739.0,0.0,0.0,0.0,0.0,0.0,0.0,,0,2018-04-23
Austria,62,7,7978245.0,0.0,0.0,0.0,0.0,0.0,0.0,,0,2018-04-30
Austria,63,7,7895809.0,0.0,0.0,0.0,0.0,0.0,0.0,,0,2018-05-07
Austria,64,7,7621476.0,0.0,0.0,0.0,0.0,0.0,0.0,,0,2018-05-14
Austria,65,7,7952564.0,0.0,0.0,0.0,0.0,0.0,0.0,,0,2018-05-21
Austria,66,7,8402429.0,0.0,0.0,0.0,0.0,0.0,0.0,,0,2018-05-28
Austria,67,7,8331146.0,0.0,0.0,0.0,0.0,0.0,0.0,,0,2018-06-04
Austria,68,7,8254967.0,0.0,0.0,0.0,0.0,0.0,0.0,,0,2018-06-11
Austria,69,7,9230867.0,0.0,0.0,0.0,0.0,0.0,0.0,,0,2018-06-18
Austria,70,7,9205219.0,0.0,0.0,0.0,0.0,0.0,0.0,,0,2018-06-25
Austria,71,7,8786001.0,0.0,0.0,0.0,0.0,0.0,0.0,,0,2018-07-02
Austria,72,7,8700448.0,0.0,0.0,0.0,0.0,0.0,0.0,,0,2018-07-09
Austria,73,7,8878773.0,0.0,0.0,0.0,0.0,0.0,0.0,,0,2018-07-16
Austria,74,7,8957334.0,0.0,0.0,0.0,0.0,0.0,0.0,,0,2018-07-23
Austria,75,7,9459201.0,0.0,0.0,0.0,0.0,0.0,0.0,,0,2018-07-30
Austria,76,7,9921562.0,0.0,0.0,0.0,0.0,0.0,0.0,,0,2018-08-06
Austria,77,7,9874166.0,0.0,0.0,0.0,0.0,0.0,0.0,,0,2018-08-13
Austria,78,7,9911062.0,0.0,0.0,0.0,0.0,0.0,0.0,,0,2018-08-20
Austria,79,7,9930237.0,0.0,0.0,0.0,0.0,0.0,0.0,,0,2018-08-27
Austria,80,7,9250738.0,0.0,0.0,0.0,0.0,0.0,0.0,,0,2018-09-03
Austria,81,7,10050011.0,0.0,0.0,0.0,0.0,0.0,0.0,,0,2018-09-10
Austria,82,7,9514862.0,0.0,0.0,0.0,0.0,0.0,0.0,,0,2018-09-17
Austria,83,7,9515494.0,0.0,0.0,0.0,0.0,0.0,0.0,,0,2018-09-24
Austria,84,7,10451698.0,0.0,0.0,0.0,0.0,0.0,0.0,,0,2018-10-01
Austria,85,7,10343302.0,0.0,0.0,0.0,0.0,0.0,0.0,,0,2018-10-08
Austria,86,7,9792570.0,0.0,0.0,0.0,0.0,0.0,0.0,,0,2018-10-15
Austria,87,7,9678477.0,0.0,0.0,0.0,0.0,0.0,0.0,,0,2018-10-22
Austria,88,7,9664158.0,0.0,0.0,0.0,0.0,0.0,0.0,,0,2018-10-29
Austria,89,7,9520691.0,0.0,0.0,0.0,0.0,0.0,0.0,,0,2018-11-05
Austria,90,7,9307214.0,0.0,0.0,0.0,0.0,0.0,0.0,,0,2018-11-12
Austria,91,7,9633766.0,0.0,0.0,0.0,0.0,0.0,0.0,,0,2018-11-19
Austria,92,7,10496217.0,0.0,0.0,0.0,0.0,0.0,0.0,,0,2018-11-26
Austria,93,7,10646412.0,0.0,0.0,0.0,0.0,0.0,0.0,,0,2018-12-03
Austria,94,7,10793633.0,0.0,0.0,0.0,0.0,0.0,0.0,,0,2018-12-10
Austria,95,7,12707275.0,0.0,0.0,0.0,0.0,0.0,0.0,,0,2018-12-17
Austria,96,7,12186237.0,0.0,0.0,0.0,0.0,0.0,0.0,,0,2018-12-24
Austria,97,1,1875671.0,0.0,0.0,0.0,0.0,0.0,0.0,,0,2018-12-31
Belgium,1,5,7699915.0,0.0,0.0,0.0,0.0,0.0,0.0,2018-03-16,55,2017-02-27
Belgium,2,7,10333120.0,0.0,0.0,0.0,0.0,0.0,0.0,2018-03-16,55,2017-03-06
Belgium,3,7,11188206.0,0.0,0.0,0.0,0.0,0.0,0.0,2018-03-16,55,2017-03-13
Belgium,4,7,11940604.0,0.0,0.0,0.0,0.0,0.0,0.0,2018-03-16,55,2017-03-20
Belgium,5,7,10861086.0,0.0,0.0,0.0,0.0,0.0,0.0,2018-03-16,55,2017-03-27
Belgium,6,7,10822816.0,26118.0,3.0,26118.0,0.0024132351506299284,0.42857142857142855,0.0024132351506299284,2018-03-16,55,2017-04-03
Belgium,7,7,10510127.0,92212.0,7.0,92212.0,0.008773633277694932,1.0,0.008773633277694932,2018-03-16,55,2017-04-10
Belgium,8,7,10031020.0,91205.0,7.0,91205.0,0.009092295698742502,1.0,0.009092295698742502,2018-03-16,55,2017-04-17
Belgium,9,7,10507295.0,91659.0,7.0,91659.0,0.008723367907725061,1.0,0.008723367907725061,2018-03-16,55,2017-04-24
Belgium,10,7,10696037.0,102162.0,11.0,102162.0,0.009551388051481124,1.5714285714285714,0.009551388051481124,2018-03-16,55,2017-05-01
Belgium,11,7,10846902.0,154706.0,20.0,130519.0,0.014262689936721102,2.857142857142857,0.012032836656955138,2018-03-16,55,2017-05-08
Belgium,12,7,11311192.0,146182.0,15.0,143502.0,0.012923660035122735,2.142857142857143,0.012686726562505525,2018-03-16,55,2017-05-15
Belgium,13,7,12301205.0,124073.0,9.0,124073.0,0.010086247648096264,1.2857142857142858,0.010086247648096264,2018-03-16,55,2017-05-22
Belgium,14,4,6517788.0,58029.0,4.0,58029.0,0.008903173898874895,1.0,0.008903173898874895,2018-03-16,55,2017-05-29
Belgium,15,7,11292457.0,102589.0,7.0,102589.0,0.009084736829194922,1.0,0.009084736829194922,2018-03-16,55,2017-06-05
Belgium,16,7,11621894.0,97348.0,7.0,97348.0,0.008376259497806468,1.0,0.008376259497806468,2018-03-16,55,2017-06-12
Belgium,17,7,11270337.0,74700.0,7.0,74700.0,0.006628018310366407,1.0,0.006628018310366407,2018-03-16,55,2017-06-19
Belgium,18,7,10968574.0,58873.0,7.0,58873.0,0.005367425154810462,1.0,0.005367425154810462,2018-03-16,55,2017-06-26
Belgium,19,7,10824840.0,48117.0,7.0,48117.0,0.00444505415322536,1.0,0.00444505415322536,2018-03-16,55,2017-07-03
Belgium,20,7,10573098.0,46337.0,7.0,46337.0,0.0043825376441228485,1.0,0.0043825376441228485,2018-03-16,55,2017-07-10
Belgium,21,7,10306788.0,44455.0,7.0,44455.0,0.004313176908266669,1.0,0.004313176908266669,2018-03-16,55,2017-07-17
Belgium,22,7,10233978.0,43652.0,7.0,43652.0,0.004265399046196894,1.0,0.004265399046196894,2018-03-16,55,2017-07-24
Belgium,23,7,10482635.0,44052.0,7.0,44052.0,0.0042023785050228305,1.0,0.0042023785050228305,2018-03-16,55,2017-07-31
Belgium,24,7,10438195.0,44593.0,7.0,44593.0,0.004272098768034129,1.0,0.004272098768034129,2018-03-16,55,2017-08-07
Belgium,25,7,10310601.0,42950.0,7.0,42950.0,0.004165615564019983,1.0,0.004165615564019983,2018-03-16,55,2017-08-14
Belgium,26,7,10617991.0,42990.0,7.0,42990.0,0.004048788513759336,1.0,0.004048788513759336,2018-03-16,55,2017-08-21
Belgium,27,7,10445357.0,39945.0,7.0,39945.0,0.0038241871484143626,1.0,0.0038241871484143626,2018-03-16,55,2017-08-28
Belgium,28,7,9999353.0,35911.0,7.0,35911.0,0.0035913323592036404,1.0,0.0035913323592036404,2018-03-16,55,2017-09-04
Belgium,29,7,10051894.0,37410.0,7.0,37410.0,0.0037216866791472333,1.0,0.0037216866791472333,2018-03-16,55,2017-09-11
Belgium,30,7,10564472.0,36942.0,7.0,36942.0,0.0034968146065416238,1.0,0.0034968146065416238,2018-03-16,55,2017-09-18
Belgium,31,7,10744212.0,34300.0,7.0,34300.0,0.0031924165308726223,1.0,0.0031924165308726223,2018-03-16,55,2017-09-25
Belgium,32,7,10593789.0,31693.0,7.0,31693.0,0.002991658602979538,1.0,0.002991658602979538,2018-03-16,55,2017-10-02
Belgium,33,7,10632867.0,30691.0,7.0,30691.0,0.0028864275270254016,1.0,0.0028864275270254016,2018-03-16,55,2017-10-09
Belgium,34,7,10842257.0,29266.0,7.0,29266.0,0.002699253485690295,1.0,0.002699253485690295,2018-03-16,55,2017-10-16
Belgium,35,7,11048183.0,29417.0,7.0,29417.0,0.0026626097703124577,1.0,0.0026626097703124577,2018-03-16,55,2017-10-23
Belgium,36,7,11093269.0,32384.0,7.0,32384.0,0.0029192476987621955,1.0,0.0029192476987621955,2018-03-16,55,2017-10-30
Belgium,37,7,10326003.0,30937.0,7.0,30937.0,0.0029960285698154457,1.0,0.0029960285698154457,2018-03-16,55,2017-11-06
Belgium,38,7,10461144.0,33126.0,7.0,33126.0,0.0031665752808679435,1.0,0.0031665752808679435,2018-03-16,55,2017-11-13
Belgium,39,7,10329994.0,38771.0,9.0,38771.0,0.00375324516161384,1.2857142857142858,0.00375324516161384,2018-03-16,55,2017-11-20
Belgium,40,7,10916120.0,48552.0,12.0,48552.0,0.004447734176612203,1.7142857142857142,0.004447734176612203,2018-03-16,55,2017-11-27
Belgium,41,7,11802287.0,38206.0,9.0,38206.0,0.003237169202884153,1.2857142857142858,0.003237169202884153,2018-03-16,55,2017-12-04
Belgium,42,7,11114615.0,20368.0,5.0,20368.0,0.0018325421078462906,0.7142857142857143,0.0018325421078462906,2018-03-16,55,2017-12-11
Belgium,43,7,13067243.0,20385.0,5.0,20385.0,0.0015600077231287426,0.7142857142857143,0.0015600077231287426,2018-03-16,55,2017-12-18
Belgium,44,7,11804997.0,27032.0,6.0,27032.0,0.0022898777526161166,0.8571428571428571,0.0022898777526161166,2018-03-16,55,2017-12-25
Belgium,45,7,9879944.0,28324.0,7.0,28324.0,0.0028668178686033037,1.0,0.0028668178686033037,2018-03-16,55,2018-01-01
Belgium,46,7,9992863.0,28804.0,7.0,28804.0,0.0028824572097105703,1.0,0.0028824572097105703,2018-03-16,55,2018-01-08
Belgium,47,7,10239764.0,28916.0,7.0,28916.0,0.002823893206913753,1.0,0.002823893206913753,2018-03-16,55,2018-01-15
Belgium,48,7,10578275.0,28311.0,7.0,28311.0,0.002676334279454826,1.0,0.002676334279454826,2018-03-16,55,2018-01-22
Belgium,49,7,10452560.0,27863.0,7.0,27863.0,0.002665662765867883,1.0,0.002665662765867883,2018-03-16,55,2018-01-29
Belgium,50,7,10296263.0,22195.0,6.0,22195.0,0.0021556364673280004,0.8571428571428571,0.0021556364673280004,2018-03-16,55,2018-02-05
Belgium,51,7,10871510.0,22774.0,6.0,22774.0,0.0020948331924452077,0.8571428571428571,0.0020948331924452077,2018-03-16,55,2018-02-12
Belgium,52,7,10758493.0,21435.0,6.0,21435.0,0.001992379415964671,0.8571428571428571,0.001992379415964671,2018-03-16,55,2018-02-19
Belgium,53,7,10876036.0,7354.0,2.0,7354.0,0.0006761654705813773,0.2857142857142857,0.0006761654705813773,2018-03-16,55,2018-02-26
Belgium,54,7,10957423.0,19058.0,5.0,19058.0,0.0017392775655370792,0.7142857142857143,0.0017392775655370792,2018-03-16,55,2018-03-05
Belgium,55,7,11093830.0,41353.0,8.0,41353.0,0.0037275674857105254,1.1428571428571428,0.0037275674857105254,2018-03-16,55,2018-03-12
Belgium,56,7,11498048.0,31738.0,7.0,31738.0,0.0027602946169645493,1.0,0.0027602946169645493,2018-03-16,55,2018-03-19
Belgium,57,7,11117300.0,19768.0,5.0,19768.0,0.0017781295818229247,0.7142857142857143,0.0017781295818229247,2018-03-16,55,2018-03-26
Belgium,58,7,11100589.0,23551.0,6.0,23551.0,0.0021215991331631143,0.8571428571428571,0.0021215991331631143,2018-03-16,55,2018-04-02
Belgium,59,7,11041570.0,7751.0,2.0,7751.0,0.0007019835041574703,0.2857142857142857,0.0007019835041574703,2018-03-16,55,2018-04-09
Belgium,60,7,12288228.0,0.0,0.0,0.0,0.0,0.0,0.0,2018-03-16,55,2018-04-16
Belgium,61,7,11881327.0,3826.0,1.0,3826.0,0.0003220179025457342,0.14285714285714285,0.0003220179025457342,2018-03-16,55,2018-04-23
Belgium,62,7,12138740.0,3931.0,1.0,3931.0,0.0003238392123070434,0.14285714285714285,0.0003238392123070434,2018-03-16,55,2018-04-30
Belgium,63,7,12166568.0,0.0,0.0,0.0,0.0,0.0,0.0,2018-03-16,55,2018-05-07
Belgium,64,7,11545967.0,0.0,0.0,0.0,0.0,0.0,0.0,2018-03-16,55,2018-05-14
Belgium,65,7,11725221.0,0.0,0.0,0.0,0.0,0.0,0.0,2018-03-16,55,2018-05-21
Belgium,66,7,11735359.0,0.0,0.0,0.0,0.0,0.0,0.0,2018-03-16,55,2018-05-28
Belgium,67,7,11926537.0,4628.0,1.0,4628.0,0.0003880422288548637,0.14285714285714285,0.0003880422288548637,2018-03-16,55,2018-06-04
Belgium,68,7,12769466.0,27035.0,6.0,27035.0,0.002117159793526213,0.8571428571428571,0.002117159793526213,2018-03-16,55,2018-06-11
Belgium,69,7,14007354.0,32394.0,7.0,32394.0,0.0023126423448711297,1.0,0.0023126423448711297,2018-03-16,55,2018-06-18
Belgium,70,7,13819909.0,28326.0,6.0,28326.0,0.002049651701758673,0.8571428571428571,0.002049651701758673,2018-03-16,55,2018-06-25
Belgium,71,7,11925352.0,27489.0,6.0,27489.0,0.0023050891914972406,0.8571428571428571,0.0023050891914972406,2018-03-16,55,2018-07-02
Belgium,72,7,12131555.0,31516.0,7.0,31516.0,0.002597853284265702,1.0,0.002597853284265702,2018-03-16,55,2018-07-09
Belgium,73,7,12524027.0,8704.0,2.0,8704.0,0.0006949841293060131,0.2857142857142857,0.0006949841293060131,2018-03-16,55,2018-07-16
Belgium,74,7,12206540.0,0.0,0.0,0.0,0.0,0.0,0.0,2018-03-16,55,2018-07-23
Belgium,75,7,13107245.0,0.0,0.0,0.0,0.0,0.0,0.0,2018-03-16,55,2018-07-30
Belgium,76,7,12571989.0,0.0,0.0,0.0,0.0,0.0,0.0,2018-03-16,55,2018-08-06
Belgium,77,7,12518432.0,0.0,0.0,0.0,0.0,0.0,0.0,2018-03-16,55,2018-08-13
Belgium,78,7,12313601.0,0.0,0.0,0.0,0.0,0.0,0.0,2018-03-16,55,2018-08-20
Belgium,79,7,12658318.0,0.0,0.0,0.0,0.0,0.0,0.0,2018-03-16,55,2018-08-27
Belgium,80,7,12284369.0,0.0,0.0,0.0,0.0,0.0,0.0,2018-03-16,55,2018-09-03
Belgium,81,7,12611133.0,0.0,0.0,0.0,0.0,0.0,0.0,2018-03-16,55,2018-09-10
Belgium,82,7,12893395.0,0.0,0.0,0.0,0.0,0.0,0.0,2018-03-16,55,2018-09-17
Belgium,83,7,12828509.0,0.0,0.0,0.0,0.0,0.0,0.0,2018-03-16,55,2018-09-24
Belgium,84,7,13171080.0,0.0,0.0,0.0,0.0,0.0,0.0,2018-03-16,55,2018-10-01
Belgium,85,7,13406562.0,0.0,0.0,0.0,0.0,0.0,0.0,2018-03-16,55,2018-10-08
Belgium,86,7,13320490.0,0.0,0.0,0.0,0.0,0.0,0.0,2018-03-16,55,2018-10-15
Belgium,87,7,12932449.0,0.0,0.0,0.0,0.0,0.0,0.0,2018-03-16,55,2018-10-22
Belgium,88,7,12802943.0,0.0,0.0,0.0,0.0,0.0,0.0,2018-03-16,55,2018-10-29
Belgium,89,7,12938394.0,0.0,0.0,0.0,0.0,0.0,0.0,2018-03-16,55,2018-11-05
Belgium,90,7,13112656.0,0.0,0.0,0.0,0.0,0.0,0.0,2018-03-16,55,2018-11-12
Belgium,91,7,13045618.0,0.0,0.0,0.0,0.0,0.0,0.0,2018-03-16,55,2018-11-19
Belgium,92,7,13504866.0,0.0,0.0,0.0,0.0,0.0,0.0,2018-03-16,55,2018-11-26
Belgium,93,7,14575373.0,0.0,0.0,0.0,0.0,0.0,0.0,2018-03-16,55,2018-12-03
Belgium,94,7,14267513.0,0.0,0.0,0.0,0.0,0.0,0.0,2018-03-16,55,2018-12-10
Belgium,95,7,15064298.0,0.0,0.0,0.0,0.0,0.0,0.0,2018-03-16,55,2018-12-17
Belgium,96,7,17035534.0,0.0,0.0,0.0,0.0,0.0,0.0,2018-03-16,55,2018-12-24
Belgium,97,1,2802069.0,0.0,0.0,0.0,0.0,0.0,0.0,2018-03-16,55,2018-12-31
Bolivia,1,5,1029821.0,0.0,0.0,0.0,0.0,0.0,0.0,,0,2017-02-27
Bolivia,2,7,1551830.0,0.0,0.0,0.0,0.0,0.0,0.0,,0,2017-03-06
Bolivia,3,7,1465180.0,0.0,0.0,0.0,0.0,0.0,0.0,,0,2017-03-13
Bolivia,4,7,1434285.0,0.0,0.0,0.0,0.0,0.0,0.0,,0,2017-03-20
Bolivia,5,7,1439552.0,0.0,0.0,0.0,0.0,0.0,0.0,,0,2017-03-27
Bolivia,6,7,1436459.0,6858.0,3.0,6858.0,0.004774239988750114,0.42857142857142855,0.004774239988750114,,0,2017-04-03
Bolivia,7,7,1345560.0,13695.0,7.0,13695.0,0.0101779184874699,1.0,0.0101779184874699,,0,2017-04-10
Bolivia,8,7,1452521.0,11611.0,7.0,11611.0,0.007993688215178988,1.0,0.007993688215178988,,0,2017-04-17
Bolivia,9,7,1540194.0,10407.0,7.0,10407.0,0.0067569410087300694,1.0,0.0067569410087300694,,0,2017-04-24
Bolivia,10,7,1643198.0,10936.0,7.0,10936.0,0.0066553148190297215,1.0,0.0066553148190297215,,0,2017-05-01
Bolivia,11,7,1672574.0,15930.0,9.0,14757.0,0.009524242275678087,1.2857142857142858,0.008822928013947365,,0,2017-05-08
Bolivia,12,7,1637455.0,16824.0,7.0,16824.0,0.010274480825427264,1.0,0.010274480825427264,,0,2017-05-15
Bolivia,13,7,1598414.0,15883.0,7.0,15883.0,0.009936724778436625,1.0,0.009936724778436625,,0,2017-05-22
Bolivia,14,4,929238.0,8624.0,4.0,8624.0,0.009280722484444243,1.0,0.009280722484444243,,0,2017-05-29
Bolivia,15,7,1718240.0,15043.0,7.0,15043.0,0.008754888723344819,1.0,0.008754888723344819,,0,2017-06-05
Bolivia,16,7,1712586.0,14656.0,7.0,14656.0,0.008557818410287132,1.0,0.008557818410287132,,0,2017-06-12
Bolivia,17,7,1637918.0,13164.0,7.0,13164.0,0.0080370323789103,1.0,0.0080370323789103,,0,2017-06-19
Bolivia,18,7,1698249.0,11227.0,7.0,11227.0,0.0066109269017676445,1.0,0.0066109269017676445,,0,2017-06-26
Bolivia,19,7,1890577.0,9888.0,7.0,9888.0,0.005230149314204077,1.0,0.005230149314204077,,0,2017-07-03
Bolivia,20,7,1732880.0,7651.0,6.0,7651.0,0.004415193204376529,0.8571428571428571,0.004415193204376529,,0,2017-07-10
Bolivia,21,7,1704914.0,7256.0,6.0,7256.0,0.004255933143841859,0.8571428571428571,0.004255933143841859,,0,2017-07-17
Bolivia,22,7,1869976.0,7134.0,6.0,7134.0,0.00381502222488417,0.8571428571428571,0.00381502222488417,,0,2017-07-24
Bolivia,23,7,1832402.0,6864.0,6.0,6864.0,0.003745902918682691,0.8571428571428571,0.003745902918682691,,0,2017-07-31
Bolivia,24,7,1812783.0,3206.0,3.0,3206.0,0.00176855144824284,0.42857142857142855,0.00176855144824284,,0,2017-08-07
Bolivia,25,7,1843795.0,0.0,0.0,0.0,0.0,0.0,0.0,,0,2017-08-14
Bolivia,26,7,1892683.0,0.0,0.0,0.0,0.0,0.0,0.0,,0,2017-08-21
Bolivia,27,7,2131104.0,2014.0,2.0,2014.0,0.0009450500773308107,0.2857142857142857,0.0009450500773308107,,0,2017-08-28
Bolivia,28,7,2295025.0,1059.0,1.0,1059.0,0.0004614328819947495,0.14285714285714285,0.0004614328819947495,,0,2017-09-04
Bolivia,29,7,2089207.0,0.0,0.0,0.0,0.0,0.0,0.0,,0,2017-09-11
Bolivia,30,7,2279891.0,0.0,0.0,0.0,0.0,0.0,0.0,,0,2017-09-18
Bolivia,31,7,2136163.0,0.0,0.0,0.0,0.0,0.0,0.0,,0,2017-09-25
Bolivia,32,7,2178341.0,0.0,0.0,0.0,0.0,0.0,0.0,,0,2017-10-02
Bolivia,33,7,2090854.0,0.0,0.0,0.0,0.0,0.0,0.0,,0,2017-10-09
Bolivia,34,7,2156680.0,0.0,0.0,0.0,0.0,0.0,0.0,,0,2017-10-16
Bolivia,35,7,2290143.0,0.0,0.0,0.0,0.0,0.0,0.0,,0,2017-10-23
Bolivia,36,7,2192545.0,0.0,0.0,0.0,0.0,0.0,0.0,,0,2017-10-30
Bolivia,37,7,2280770.0,0.0,0.0,0.0,0.0,0.0,0.0,,0,2017-11-06
Bolivia,38,7,2351786.0,0.0,0.0,0.0,0.0,0.0,0.0,,0,2017-11-13
Bolivia,39,7,2473806.0,0.0,0.0,0.0,0.0,0.0,0.0,,0,2017-11-20
Bolivia,40,7,2448229.0,0.0,0.0,0.0,0.0,0.0,0.0,,0,2017-11-27
Bolivia,41,7,2394537.0,0.0,0.0,0.0,0.0,0.0,0.0,,0,2017-12-04
Bolivia,42,7,2614094.0,0.0,0.0,0.0,0.0,0.0,0.0,,0,2017-12-11
Bolivia,43,7,2351291.0,0.0,0.0,0.0,0.0,0.0,0.0,,0,2017-12-18
Bolivia,44,7,2334977.0,0.0,0.0,0.0,0.0,0.0,0.0,,0,2017-12-25
Bolivia,45,7,2198286.0,0.0,0.0,0.0,0.0,0.0,0.0,,0,2018-01-01
Bolivia,46,7,2243671.0,0.0,0.0,0.0,0.0,0.0,0.0,,0,2018-01-08
Bolivia,47,7,2460241.0,0.0,0.0,0.0,0.0,0.0,0.0,,0,2018-01-15
Bolivia,48,7,2396812.0,0.0,0.0,0.0,0.0,0.0,0.0,,0,2018-01-22
Bolivia,49,7,2434428.0,0.0,0.0,0.0,0.0,0.0,0.0,,0,2018-01-29
Bolivia,50,7,2518613.0,0.0,0.0,0.0,0.0,0.0,0.0,,0,2018-02-05
Bolivia,51,7,2484532.0,0.0,0.0,0.0,0.0,0.0,0.0,,0,2018-02-12
Bolivia,52,7,2739372.0,0.0,0.0,0.0,0.0,0.0,0.0,,0,2018-02-19
Bolivia,53,7,2869806.0,0.0,0.0,0.0,0.0,0.0,0.0,,0,2018-02-26
Bolivia,54,7,2639137.0,0.0,0.0,0.0,0.0,0.0,0.0,,0,2018-03-05
Bolivia,55,7,2489478.0,0.0,0.0,0.0,0.0,0.0,0.0,,0,2018-03-12
Bolivia,56,7,2578595.0,0.0,0.0,0.0,0.0,0.0,0.0,,0,2018-03-19
Bolivia,57,7,2360349.0,0.0,0.0,0.0,0.0,0.0,0.0,,0,2018-03-26
Bolivia,58,7,2494710.0,0.0,0.0,0.0,0.0,0.0,0.0,,0,2018-04-02
Bolivia,59,7,2386766.0,0.0,0.0,0.0,0.0,0.0,0.0,,0,2018-04-09
Bolivia,60,7,2438228.0,0.0,0.0,0.0,0.0,0.0,0.0,,0,2018-04-16
Bolivia,61,7,2463302.0,0.0,0.0,0.0,0.0,0.0,0.0,,0,2018-04-23
Bolivia,62,7,2707452.0,0.0,0.0,0.0,0.0,0.0,0.0,,0,2018-04-30
Bolivia,63,7,2593634.0,0.0,0.0,0.0,0.0,0.0,0.0,,0,2018-05-07
Bolivia,64,7,2467441.0,0.0,0.0,0.0,0.0,0.0,0.0,,0,2018-05-14
Bolivia,65,7,2384724.0,0.0,0.0,0.0,0.0,0.0,0.0,,0,2018-05-21
Bolivia,66,7,2254705.0,0.0,0.0,0.0,0.0,0.0,0.0,,0,2018-05-28
Bolivia,67,7,2273160.0,0.0,0.0,0.0,0.0,0.0,0.0,,0,2018-06-04
Bolivia,68,7,2181015.0,0.0,0.0,0.0,0.0,0.0,0.0,,0,2018-06-11
Bolivia,69,7,2267345.0,0.0,0.0,0.0,0.0,0.0,0.0,,0,2018-06-18
Bolivia,70,7,2285388.0,0.0,0.0,0.0,0.0,0.0,0.0,,0,2018-06-25
Bolivia,71,7,2338349.0,0.0,0.0,0.0,0.0,0.0,0.0,,0,2018-07-02
Bolivia,72,7,2342114.0,0.0,0.0,0.0,0.0,0.0,0.0,,0,2018-07-09
Bolivia,73,7,2463978.0,0.0,0.0,0.0,0.0,0.0,0.0,,0,2018-07-16
Bolivia,74,7,2616170.0,0.0,0.0,0.0,0.0,0.0,0.0,,0,2018-07-23
Bolivia,75,7,2647795.0,0.0,0.0,0.0,0.0,0.0,0.0,,0,2018-07-30
Bolivia,76,7,2768805.0,0.0,0.0,0.0,0.0,0.0,0.0,,0,2018-08-06
Bolivia,77,7,3064525.0,0.0,0.0,0.0,0.0,0.0,0.0,,0,2018-08-13
Bolivia,78,7,2837615.0,0.0,0.0,0.0,0.0,0.0,0.0,,0,2018-08-20
Bolivia,79,7,3103532.0,0.0,0.0,0.0,0.0,0.0,0.0,,0,2018-08-27
Bolivia,80,7,3208366.0,0.0,0.0,0.0,0.0,0.0,0.0,,0,2018-09-03
Bolivia,81,7,3137779.0,0.0,0.0,0.0,0.0,0.0,0.0,,0,2018-09-10
Bolivia,82,7,3150964.0,0.0,0.0,0.0,0.0,0.0,0.0,,0,2018-09-17
Bolivia,83,7,3018342.0,0.0,0.0,0.0,0.0,0.0,0.0,,0,2018-09-24
Bolivia,84,7,3187921.0,0.0,0.0,0.0,0.0,0.0,0.0,,0,2018-10-01
Bolivia,85,7,3257417.0,0.0,0.0,0.0,0.0,0.0,0.0,,0,2018-10-08
Bolivia,86,7,3378004.0,0.0,0.0,0.0,0.0,0.0,0.0,,0,2018-10-15
Bolivia,87,7,3289532.0,0.0,0.0,0.0,0.0,0.0,0.0,,0,2018-10-22
Bolivia,88,7,3246474.0,0.0,0.0,0.0,0.0,0.0,0.0,,0,2018-10-29
Bolivia,89,7,3642313.0,0.0,0.0,0.0,0.0,0.0,0.0,,0,2018-11-05
Bolivia,90,7,3801230.0,0.0,0.0,0.0,0.0,0.0,0.0,,0,2018-11-12
Bolivia,91,7,3646840.0,0.0,0.0,0.0,0.0,0.0,0.0,,0,2018-11-19
Bolivia,92,7,3564890.0,0.0,0.0,0.0,0.0,0.0,0.0,,0,2018-11-26
Bolivia,93,7,3486752.0,0.0,0.0,0.0,0.0,0.0,0.0,,0,2018-12-03
Bolivia,94,7,3531647.0,0.0,0.0,0.0,0.0,0.0,0.0,,0,2018-12-10
Bolivia,95,7,3448035.0,0.0,0.0,0.0,0.0,0.0,0.0,,0,2018-12-17
Bolivia,96,7,3471423.0,0.0,0.0,0.0,0.0,0.0,0.0,,0,2018-12-24
Bolivia,97,1,523503.0,0.0,0.0,0.0,0.0,0.0,0.0,,0,2018-12-31
Brazil,1,5,77852234.0,0.0,0.0,0.0,0.0,0.0,0.0,2018-05-27,65,2017-02-27
Brazil,2,7,111031654.0,0.0,0.0,0.0,0.0,0.0,0.0,2018-05-27,65,2017-03-06
Brazil,3,7,107782276.0,0.0,0.0,0.0,0.0,0.0,0.0,2018-05-27,65,2017-03-13
Brazil,4,7,108145009.0,0.0,0.0,0.0,0.0,0.0,0.0,2018-05-27,65,2017-03-20
Brazil,5,7,108571930.0,0.0,0.0,0.0,0.0,0.0,0.0,2018-05-27,65,2017-03-27
Brazil,6,7,107580022.0,444581.0,3.0,444581.0,0.004132560969359162,0.42857142857142855,0.004132560969359162,2018-05-27,65,2017-04-03
Brazil,7,7,108119436.0,790574.0,7.0,790574.0,0.0073120433221645735,1.0,0.0073120433221645735,2018-05-27,65,2017-04-10
Brazil,8,7,113389961.0,599693.0,7.0,599693.0,0.005288766260357035,1.0,0.005288766260357035,2018-05-27,65,2017-04-17
Brazil,9,7,114053949.0,563299.0,7.0,563299.0,0.004938882037306748,1.0,0.004938882037306748,2018-05-27,65,2017-04-24
Brazil,10,7,114507518.0,909345.0,13.0,909345.0,0.007941356304657655,1.8571428571428572,0.007941356304657655,2018-05-27,65,2017-05-01
Brazil,11,7,118950070.0,2361346.0,33.0,1372399.0,0.019851573017149127,4.714285714285714,0.011537605652522945,2018-05-27,65,2017-05-08
Brazil,12,7,121141116.0,1398196.0,17.0,1275371.0,0.011541878151427959,2.4285714285714284,0.010527977965796518,2018-05-27,65,2017-05-15
Brazil,13,7,124253379.0,1013429.0,12.0,1013429.0,0.008156148413476949,1.7142857142857142,0.008156148413476949,2018-05-27,65,2017-05-22
Brazil,14,4,71014627.0,451202.0,6.0,451202.0,0.006353648805336963,1.5,0.006353648805336963,2018-05-27,65,2017-05-29
Brazil,15,7,126068031.0,679151.0,8.0,679151.0,0.005387178609936408,1.1428571428571428,0.005387178609936408,2018-05-27,65,2017-06-05
Brazil,16,7,127657357.0,591608.0,7.0,591608.0,0.0046343431659798505,1.0,0.0046343431659798505,2018-05-27,65,2017-06-12
Brazil,17,7,128033005.0,546155.0,7.0,546155.0,0.004265736010804402,1.0,0.004265736010804402,2018-05-27,65,2017-06-19
Brazil,18,7,129235731.0,519233.0,7.0,519233.0,0.004017720145831806,1.0,0.004017720145831806,2018-05-27,65,2017-06-26
Brazil,19,7,128882279.0,438815.0,7.0,438815.0,0.0034047737470564127,1.0,0.0034047737470564127,2018-05-27,65,2017-07-03
Brazil,20,7,136074186.0,423437.0,7.0,423437.0,0.003111809906399146,1.0,0.003111809906399146,2018-05-27,65,2017-07-10
Brazil,21,7,132911863.0,406449.0,7.0,406449.0,0.0030580340296637028,1.0,0.0030580340296637028,2018-05-27,65,2017-07-17
Brazil,22,7,137299498.0,403356.0,7.0,403356.0,0.0029377820449132306,1.0,0.0029377820449132306,2018-05-27,65,2017-07-24
Brazil,23,7,138104949.0,389779.0,7.0,389779.0,0.002822339118346874,1.0,0.002822339118346874,2018-05-27,65,2017-07-31
Brazil,24,7,141959114.0,183325.0,4.0,183325.0,0.0012913929569890103,0.5714285714285714,0.0012913929569890103,2018-05-27,65,2017-08-07
Brazil,25,7,140871697.0,181380.0,4.0,181380.0,0.00128755458947868,0.5714285714285714,0.00128755458947868,2018-05-27,65,2017-08-14
Brazil,26,7,145927511.0,124603.0,3.0,124603.0,0.0008538691515131784,0.42857142857142855,0.0008538691515131784,2018-05-27,65,2017-08-21
Brazil,27,7,146707921.0,43110.0,1.0,43110.0,0.00029384916442241725,0.14285714285714285,0.00029384916442241725,2018-05-27,65,2017-08-28
Brazil,28,7,148027503.0,40620.0,1.0,40620.0,0.0002744084658375951,0.14285714285714285,0.0002744084658375951,2018-05-27,65,2017-09-04
Brazil,29,7,140714227.0,0.0,0.0,0.0,0.0,0.0,0.0,2018-05-27,65,2017-09-11
Brazil,30,7,141697333.0,0.0,0.0,0.0,0.0,0.0,0.0,2018-05-27,65,2017-09-18
Brazil,31,7,138111545.0,0.0,0.0,0.0,0.0,0.0,0.0,2018-05-27,65,2017-09-25
Brazil,32,7,135463528.0,0.0,0.0,0.0,0.0,0.0,0.0,2018-05-27,65,2017-10-02
Brazil,33,7,140705955.0,0.0,0.0,0.0,0.0,0.0,0.0,2018-05-27,65,2017-10-09
Brazil,34,7,135736748.0,0.0,0.0,0.0,0.0,0.0,0.0,2018-05-27,65,2017-10-16
Brazil,35,7,137725696.0,0.0,0.0,0.0,0.0,0.0,0.0,2018-05-27,65,2017-10-23
Brazil,36,7,138750995.0,0.0,0.0,0.0,0.0,0.0,0.0,2018-05-27,65,2017-10-30
Brazil,37,7,139525993.0,0.0,0.0,0.0,0.0,0.0,0.0,2018-05-27,65,2017-11-06
Brazil,38,7,146640688.0,0.0,0.0,0.0,0.0,0.0,0.0,2018-05-27,65,2017-11-13
Brazil,39,7,149779677.0,0.0,0.0,0.0,0.0,0.0,0.0,2018-05-27,65,2017-11-20
Brazil,40,7,153929721.0,0.0,0.0,0.0,0.0,0.0,0.0,2018-05-27,65,2017-11-27
Brazil,41,7,156819929.0,0.0,0.0,0.0,0.0,0.0,0.0,2018-05-27,65,2017-12-04
Brazil,42,7,156890744.0,0.0,0.0,0.0,0.0,0.0,0.0,2018-05-27,65,2017-12-11
Brazil,43,7,186291248.0,0.0,0.0,0.0,0.0,0.0,0.0,2018-05-27,65,2017-12-18
Brazil,44,7,184647139.0,0.0,0.0,0.0,0.0,0.0,0.0,2018-05-27,65,2017-12-25
Brazil,45,7,167481268.0,0.0,0.0,0.0,0.0,0.0,0.0,2018-05-27,65,2018-01-01
Brazil,46,7,166630195.0,0.0,0.0,0.0,0.0,0.0,0.0,2018-05-27,65,2018-01-08
Brazil,47,7,169209089.0,0.0,0.0,0.0,0.0,0.0,0.0,2018-05-27,65,2018-01-15
Brazil,48,7,162389531.0,0.0,0.0,0.0,0.0,0.0,0.0,2018-05-27,65,2018-01-22
Brazil,49,7,158648941.0,0.0,0.0,0.0,0.0,0.0,0.0,2018-05-27,65,2018-01-29
Brazil,50,7,168827618.0,0.0,0.0,0.0,0.0,0.0,0.0,2018-05-27,65,2018-02-05
Brazil,51,7,152093346.0,0.0,0.0,0.0,0.0,0.0,0.0,2018-05-27,65,2018-02-12
Brazil,52,7,161961702.0,0.0,0.0,0.0,0.0,0.0,0.0,2018-05-27,65,2018-02-19
Brazil,53,7,169005891.0,0.0,0.0,0.0,0.0,0.0,0.0,2018-05-27,65,2018-02-26
Brazil,54,7,158540815.0,0.0,0.0,0.0,0.0,0.0,0.0,2018-05-27,65,2018-03-05
Brazil,55,7,157841328.0,0.0,0.0,0.0,0.0,0.0,0.0,2018-05-27,65,2018-03-12
Brazil,56,7,158668167.0,0.0,0.0,0.0,0.0,0.0,0.0,2018-05-27,65,2018-03-19
Brazil,57,7,162807348.0,0.0,0.0,0.0,0.0,0.0,0.0,2018-05-27,65,2018-03-26
Brazil,58,7,159271292.0,0.0,0.0,0.0,0.0,0.0,0.0,2018-05-27,65,2018-04-02
Brazil,59,7,165874976.0,0.0,0.0,0.0,0.0,0.0,0.0,2018-05-27,65,2018-04-09
Brazil,60,7,173360081.0,0.0,0.0,0.0,0.0,0.0,0.0,2018-05-27,65,2018-04-16
Brazil,61,7,175917770.0,0.0,0.0,0.0,0.0,0.0,0.0,2018-05-27,65,2018-04-23
Brazil,62,7,169281382.0,0.0,0.0,0.0,0.0,0.0,0.0,2018-05-27,65,2018-04-30
Brazil,63,7,169104347.0,0.0,0.0,0.0,0.0,0.0,0.0,2018-05-27,65,2018-05-07
Brazil,64,7,167603881.0,0.0,0.0,0.0,0.0,0.0,0.0,2018-05-27,65,2018-05-14
Brazil,65,7,165148069.0,0.0,0.0,0.0,0.0,0.0,0.0,2018-05-27,65,2018-05-21
Brazil,66,7,172114175.0,0.0,0.0,0.0,0.0,0.0,0.0,2018-05-27,65,2018-05-28
Brazil,67,7,168194675.0,0.0,0.0,0.0,0.0,0.0,0.0,2018-05-27,65,2018-06-04
Brazil,68,7,164543380.0,0.0,0.0,0.0,0.0,0.0,0.0,2018-05-27,65,2018-06-11
Brazil,69,7,167212012.0,0.0,0.0,0.0,0.0,0.0,0.0,2018-05-27,65,2018-06-18
Brazil,70,7,165376344.0,0.0,0.0,0.0,0.0,0.0,0.0,2018-05-27,65,2018-06-25
Brazil,71,7,164374915.0,0.0,0.0,0.0,0.0,0.0,0.0,2018-05-27,65,2018-07-02
Brazil,72,7,167183358.0,0.0,0.0,0.0,0.0,0.0,0.0,2018-05-27,65,2018-07-09
Brazil,73,7,183461753.0,0.0,0.0,0.0,0.0,0.0,0.0,2018-05-27,65,2018-07-16
Brazil,74,7,183535375.0,0.0,0.0,0.0,0.0,0.0,0.0,2018-05-27,65,2018-07-23
Brazil,75,7,174820484.0,0.0,0.0,0.0,0.0,0.0,0.0,2018-05-27,65,2018-07-30
Brazil,76,7,176734225.0,0.0,0.0,0.0,0.0,0.0,0.0,2018-05-27,65,2018-08-06
Brazil,77,7,178800324.0,0.0,0.0,0.0,0.0,0.0,0.0,2018-05-27,65,2018-08-13
Brazil,78,7,174242232.0,0.0,0.0,0.0,0.0,0.0,0.0,2018-05-27,65,2018-08-20
Brazil,79,7,175508641.0,0.0,0.0,0.0,0.0,0.0,0.0,2018-05-27,65,2018-08-27
Brazil,80,7,176207315.0,0.0,0.0,0.0,0.0,0.0,0.0,2018-05-27,65,2018-09-03
Brazil,81,7,173364820.0,0.0,0.0,0.0,0.0,0.0,0.0,2018-05-27,65,2018-09-10
Brazil,82,7,181528343.0,0.0,0.0,0.0,0.0,0.0,0.0,2018-05-27,65,2018-09-17
Brazil,83,7,181601718.0,0.0,0.0,0.0,0.0,0.0,0.0,2018-05-27,65,2018-09-24
Brazil,84,7,175262186.0,0.0,0.0,0.0,0.0,0.0,0.0,2018-05-27,65,2018-10-01
Brazil,85,7,180047638.0,0.0,0.0,0.0,0.0,0.0,0.0,2018-05-27,65,2018-10-08
Brazil,86,7,181758717.0,0.0,0.0,0.0,0.0,0.0,0.0,2018-05-27,65,2018-10-15
Brazil,87,7,184974957.0,0.0,0.0,0.0,0.0,0.0,0.0,2018-05-27,65,2018-10-22
Brazil,88,7,187233784.0,0.0,0.0,0.0,0.0,0.0,0.0,2018-05-27,65,2018-10-29
Brazil,89,7,187313880.0,0.0,0.0,0.0,0.0,0.0,0.0,2018-05-27,65,2018-11-05
Brazil,90,7,197239822.0,0.0,0.0,0.0,0.0,0.0,0.0,2018-05-27,65,2018-11-12
Brazil,91,7,180768217.0,0.0,0.0,0.0,0.0,0.0,0.0,2018-05-27,65,2018-11-19
Brazil,92,7,190791530.0,0.0,0.0,0.0,0.0,0.0,0.0,2018-05-27,65,2018-11-26
Brazil,93,7,193995159.0,0.0,0.0,0.0,0.0,0.0,0.0,2018-05-27,65,2018-12-03
Brazil,94,7,204160742.0,0.0,0.0,0.0,0.0,0.0,0.0,2018-05-27,65,2018-12-10
Brazil,95,7,210054835.0,0.0,0.0,0.0,0.0,0.0,0.0,2018-05-27,65,2018-12-17
Brazil,96,7,233464255.0,0.0,0.0,0.0,0.0,0.0,0.0,2018-05-27,65,2018-12-24
Brazil,97,1,38079712.0,0.0,0.0,0.0,0.0,0.0,0.0,2018-05-27,65,2018-12-31
Bulgaria,1,5,195941.0,0.0,0.0,0.0,0.0,0.0,0.0,,0,2017-02-27
Bulgaria,2,7,280337.0,0.0,0.0,0.0,0.0,0.0,0.0,,0,2017-03-06
Bulgaria,3,7,254895.0,0.0,0.0,0.0,0.0,0.0,0.0,,0,2017-03-13
Bulgaria,4,7,273666.0,0.0,0.0,0.0,0.0,0.0,0.0,,0,2017-03-20
Bulgaria,5,7,224945.0,0.0,0.0,0.0,0.0,0.0,0.0,,0,2017-03-27
Bulgaria,6,7,205101.0,1342.0,1.0,1342.0,0.006543117780995705,0.14285714285714285,0.006543117780995705,,0,2017-04-03
Bulgaria,7,7,218807.0,5141.0,4.0,5141.0,0.02349559200574022,0.5714285714285714,0.02349559200574022,,0,2017-04-10
Bulgaria,8,7,238691.0,3665.0,3.0,3665.0,0.015354579770498259,0.42857142857142855,0.015354579770498259,,0,2017-04-17
Bulgaria,9,7,191025.0,1035.0,1.0,1035.0,0.005418138987043581,0.14285714285714285,0.005418138987043581,,0,2017-04-24
Bulgaria,10,7,191175.0,0.0,0.0,0.0,0.0,0.0,0.0,,0,2017-05-01
Bulgaria,11,7,197503.0,3308.0,3.0,2256.0,0.016749112671706253,0.42857142857142855,0.011422611302106804,,0,2017-05-08
Bulgaria,12,7,237360.0,2096.0,2.0,2096.0,0.00883046848668689,0.2857142857142857,0.00883046848668689,,0,2017-05-15
Bulgaria,13,7,217464.0,1090.0,1.0,1090.0,0.005012323878894898,0.14285714285714285,0.005012323878894898,,0,2017-05-22
Bulgaria,14,4,116123.0,0.0,0.0,0.0,0.0,0.0,0.0,,0,2017-05-29
Bulgaria,15,7,224049.0,0.0,0.0,0.0,0.0,0.0,0.0,,0,2017-06-05
Bulgaria,16,7,263447.0,0.0,0.0,0.0,0.0,0.0,0.0,,0,2017-06-12
Bulgaria,17,7,291163.0,0.0,0.0,0.0,0.0,0.0,0.0,,0,2017-06-19
Bulgaria,18,7,278449.0,0.0,0.0,0.0,0.0,0.0,0.0,,0,2017-06-26
Bulgaria,19,7,274497.0,0.0,0.0,0.0,0.0,0.0,0.0,,0,2017-07-03
Bulgaria,20,7,293532.0,0.0,0.0,0.0,0.0,0.0,0.0,,0,2017-07-10
Bulgaria,21,7,309564.0,0.0,0.0,0.0,0.0,0.0,0.0,,0,2017-07-17
Bulgaria,22,7,272269.0,0.0,0.0,0.0,0.0,0.0,0.0,,0,2017-07-24
Bulgaria,23,7,271522.0,0.0,0.0,0.0,0.0,0.0,0.0,,0,2017-07-31
Bulgaria,26,1,49994.0,0.0,0.0,0.0,0.0,0.0,0.0,,0,2017-08-21
Bulgaria,70,1,111310.0,0.0,0.0,0.0,0.0,0.0,0.0,,0,2018-06-25
Bulgaria,75,1,108353.0,0.0,0.0,0.0,0.0,0.0,0.0,,0,2018-07-30
Bulgaria,84,1,77295.0,0.0,0.0,0.0,0.0,0.0,0.0,,0,2018-10-01
Bulgaria,85,1,85419.0,0.0,0.0,0.0,0.0,0.0,0.0,,0,2018-10-08
Bulgaria,86,1,76636.0,0.0,0.0,0.0,0.0,0.0,0.0,,0,2018-10-15
Bulgaria,88,1,74522.0,0.0,0.0,0.0,0.0,0.0,0.0,,0,2018-10-29
Bulgaria,89,2,203087.0,0.0,0.0,0.0,0.0,0.0,0.0,,0,2018-11-05
Bulgaria,90,5,386972.0,0.0,0.0,0.0,0.0,0.0,0.0,,0,2018-11-12
Bulgaria,93,1,85330.0,0.0,0.0,0.0,0.0,0.0,0.0,,0,2018-12-03
Bulgaria,94,1,73753.0,0.0,0.0,0.0,0.0,0.0,0.0,,0,2018-12-10
Bulgaria,95,2,189354.0,0.0,0.0,0.0,0.0,0.0,0.0,,0,2018-12-17
Bulgaria,96,1,121281.0,0.0,0.0,0.0,0.0,0.0,0.0,,0,2018-12-24
Canada,1,5,43236910.0,0.0,0.0,0.0,0.0,0.0,0.0,2017-10-04,32,2017-02-27
Canada,2,7,62317442.0,0.0,0.0,0.0,0.0,0.0,0.0,2017-10-04,32,2017-03-06
Canada,3,7,61051713.0,0.0,0.0,0.0,0.0,0.0,0.0,2017-10-04,32,2017-03-13
Canada,4,7,74415481.0,0.0,0.0,0.0,0.0,0.0,0.0,2017-10-04,32,2017-03-20
Canada,5,7,65234716.0,0.0,0.0,0.0,0.0,0.0,0.0,2017-10-04,32,2017-03-27
Canada,6,7,63012522.0,242144.0,3.0,242144.0,0.003842791754946739,0.42857142857142855,0.003842791754946739,2017-10-04,32,2017-04-03
Canada,7,7,63744548.0,656707.0,7.0,656707.0,0.010302167332020301,1.0,0.010302167332020301,2017-10-04,32,2017-04-10
Canada,8,7,64175980.0,549085.0,7.0,549085.0,0.008555926999478622,1.0,0.008555926999478622,2017-10-04,32,2017-04-17
Canada,9,7,62637126.0,505389.0,7.0,505389.0,0.008068521534656618,1.0,0.008068521534656618,2017-10-04,32,2017-04-24
Canada,10,7,61257594.0,598646.0,13.0,598646.0,0.009772600601975977,1.8571428571428572,0.009772600601975977,2017-10-04,32,2017-05-01
Canada,11,7,61619559.0,1554009.0,38.0,883515.0,0.025219411258688172,5.428571428571429,0.014338223355347285,2017-10-04,32,2017-05-08
Canada,12,7,63327736.0,1380467.0,38.0,951046.0,0.021798773921114123,5.428571428571429,0.015017843050634243,2017-10-04,32,2017-05-15
Canada,13,7,63224480.0,917915.0,21.0,859758.0,0.014518347956361206,3.0,0.013598498556255426,2017-10-04,32,2017-05-22
Canada,14,4,35427975.0,356621.0,8.0,356621.0,0.010066084781870824,2.0,0.010066084781870824,2017-10-04,32,2017-05-29
Canada,15,7,64154243.0,568969.0,12.0,568969.0,0.00886876648205482,1.7142857142857142,0.00886876648205482,2017-10-04,32,2017-06-05
Canada,16,7,62977471.0,430444.0,8.0,430444.0,0.006834888622313843,1.1428571428571428,0.006834888622313843,2017-10-04,32,2017-06-12
Canada,17,7,63434834.0,323564.0,7.0,323564.0,0.0051007306175026796,1.0,0.0051007306175026796,2017-10-04,32,2017-06-19
Canada,18,7,61559599.0,278545.0,7.0,278545.0,0.004524802054022476,1.0,0.004524802054022476,2017-10-04,32,2017-06-26
Canada,19,7,61098601.0,227665.0,7.0,227665.0,0.0037261900644828187,1.0,0.0037261900644828187,2017-10-04,32,2017-07-03
Canada,20,7,60957563.0,209546.0,7.0,209546.0,0.0034375718071275258,1.0,0.0034375718071275258,2017-10-04,32,2017-07-10
Canada,21,7,61495779.0,198916.0,7.0,198916.0,0.0032346285100315585,1.0,0.0032346285100315585,2017-10-04,32,2017-07-17
Canada,22,7,60652807.0,190088.0,7.0,190088.0,0.0031340346704811207,1.0,0.0031340346704811207,2017-10-04,32,2017-07-24
Canada,23,7,58097375.0,176032.0,7.0,176032.0,0.0030299475664778315,1.0,0.0030299475664778315,2017-10-04,32,2017-07-31
Canada,24,7,56643245.0,165088.0,7.0,165088.0,0.002914522287697324,1.0,0.002914522287697324,2017-10-04,32,2017-08-07
Canada,25,7,57457075.0,158875.0,7.0,158875.0,0.0027651076912634347,1.0,0.0027651076912634347,2017-10-04,32,2017-08-14
Canada,26,7,59792459.0,153409.0,7.0,153409.0,0.0025656914361056804,1.0,0.0025656914361056804,2017-10-04,32,2017-08-21
Canada,27,7,60917282.0,151367.0,7.0,151367.0,0.0024847956939378878,1.0,0.0024847956939378878,2017-10-04,32,2017-08-28
Canada,28,7,59869641.0,140777.0,7.0,140777.0,0.0023513920853475635,1.0,0.0023513920853475635,2017-10-04,32,2017-09-04
Canada,29,7,63627072.0,151592.0,7.0,151592.0,0.0023825078733781748,1.0,0.0023825078733781748,2017-10-04,32,2017-09-11
Canada,30,7,66123821.0,152897.0,7.0,152897.0,0.002312283193676905,1.0,0.002312283193676905,2017-10-04,32,2017-09-18
Canada,31,7,64605744.0,127872.0,6.0,127872.0,0.0019792667351683155,0.8571428571428571,0.0019792667351683155,2017-10-04,32,2017-09-25
Canada,32,7,62763847.0,62754.0,3.0,62754.0,0.000999843110317951,0.42857142857142855,0.000999843110317951,2017-10-04,32,2017-10-02
Canada,33,7,60008695.0,0.0,0.0,0.0,0.0,0.0,0.0,2017-10-04,32,2017-10-09
Canada,34,7,63039057.0,0.0,0.0,0.0,0.0,0.0,0.0,2017-10-04,32,2017-10-16
Canada,35,7,60894107.0,0.0,0.0,0.0,0.0,0.0,0.0,2017-10-04,32,2017-10-23
Canada,36,7,61882353.0,0.0,0.0,0.0,0.0,0.0,0.0,2017-10-04,32,2017-10-30
Canada,37,7,61685654.0,0.0,0.0,0.0,0.0,0.0,0.0,2017-10-04,32,2017-11-06
Canada,38,7,59648913.0,0.0,0.0,0.0,0.0,0.0,0.0,2017-10-04,32,2017-11-13
Canada,39,7,59776818.0,0.0,0.0,0.0,0.0,0.0,0.0,2017-10-04,32,2017-11-20
Canada,40,7,61745890.0,0.0,0.0,0.0,0.0,0.0,0.0,2017-10-04,32,2017-11-27
Canada,41,7,63643713.0,0.0,0.0,0.0,0.0,0.0,0.0,2017-10-04,32,2017-12-04
Canada,42,7,64218103.0,0.0,0.0,0.0,0.0,0.0,0.0,2017-10-04,32,2017-12-11
Canada,43,7,70923077.0,0.0,0.0,0.0,0.0,0.0,0.0,2017-10-04,32,2017-12-18
Canada,44,7,61582481.0,0.0,0.0,0.0,0.0,0.0,0.0,2017-10-04,32,2017-12-25
Canada,45,7,56933673.0,0.0,0.0,0.0,0.0,0.0,0.0,2017-10-04,32,2018-01-01
Canada,46,7,62227095.0,0.0,0.0,0.0,0.0,0.0,0.0,2017-10-04,32,2018-01-08
Canada,47,7,64484171.0,0.0,0.0,0.0,0.0,0.0,0.0,2017-10-04,32,2018-01-15
Canada,48,7,68506774.0,0.0,0.0,0.0,0.0,0.0,0.0,2017-10-04,32,2018-01-22
Canada,49,7,65151376.0,0.0,0.0,0.0,0.0,0.0,0.0,2017-10-04,32,2018-01-29
Canada,50,7,65223977.0,0.0,0.0,0.0,0.0,0.0,0.0,2017-10-04,32,2018-02-05
Canada,51,7,66525287.0,0.0,0.0,0.0,0.0,0.0,0.0,2017-10-04,32,2018-02-12
Canada,52,7,66591659.0,0.0,0.0,0.0,0.0,0.0,0.0,2017-10-04,32,2018-02-19
Canada,53,7,70617548.0,0.0,0.0,0.0,0.0,0.0,0.0,2017-10-04,32,2018-02-26
Canada,54,7,69180264.0,0.0,0.0,0.0,0.0,0.0,0.0,2017-10-04,32,2018-03-05
Canada,55,7,67647834.0,0.0,0.0,0.0,0.0,0.0,0.0,2017-10-04,32,2018-03-12
Canada,56,7,69651648.0,0.0,0.0,0.0,0.0,0.0,0.0,2017-10-04,32,2018-03-19
Canada,57,7,69996628.0,0.0,0.0,0.0,0.0,0.0,0.0,2017-10-04,32,2018-03-26
Canada,58,7,70980568.0,0.0,0.0,0.0,0.0,0.0,0.0,2017-10-04,32,2018-04-02
Canada,59,7,71801657.0,0.0,0.0,0.0,0.0,0.0,0.0,2017-10-04,32,2018-04-09
Canada,60,7,78907824.0,0.0,0.0,0.0,0.0,0.0,0.0,2017-10-04,32,2018-04-16
Canada,61,7,83806427.0,0.0,0.0,0.0,0.0,0.0,0.0,2017-10-04,32,2018-04-23
Canada,62,7,80627467.0,0.0,0.0,0.0,0.0,0.0,0.0,2017-10-04,32,2018-04-30
Canada,63,7,75832551.0,0.0,0.0,0.0,0.0,0.0,0.0,2017-10-04,32,2018-05-07
Canada,64,7,72467353.0,0.0,0.0,0.0,0.0,0.0,0.0,2017-10-04,32,2018-05-14
Canada,65,7,73125940.0,0.0,0.0,0.0,0.0,0.0,0.0,2017-10-04,32,2018-05-21
Canada,66,7,75334450.0,0.0,0.0,0.0,0.0,0.0,0.0,2017-10-04,32,2018-05-28
Canada,67,7,77220007.0,0.0,0.0,0.0,0.0,0.0,0.0,2017-10-04,32,2018-06-04
Canada,68,7,76431628.0,0.0,0.0,0.0,0.0,0.0,0.0,2017-10-04,32,2018-06-11
Canada,69,7,81308009.0,0.0,0.0,0.0,0.0,0.0,0.0,2017-10-04,32,2018-06-18
Canada,70,7,89489949.0,0.0,0.0,0.0,0.0,0.0,0.0,2017-10-04,32,2018-06-25
Canada,71,7,84146881.0,0.0,0.0,0.0,0.0,0.0,0.0,2017-10-04,32,2018-07-02
Canada,72,7,82363884.0,0.0,0.0,0.0,0.0,0.0,0.0,2017-10-04,32,2018-07-09
Canada,73,7,77768014.0,0.0,0.0,0.0,0.0,0.0,0.0,2017-10-04,32,2018-07-16
Canada,74,7,74087393.0,0.0,0.0,0.0,0.0,0.0,0.0,2017-10-04,32,2018-07-23
Canada,75,7,77993360.0,0.0,0.0,0.0,0.0,0.0,0.0,2017-10-04,32,2018-07-30
Canada,76,7,75109307.0,0.0,0.0,0.0,0.0,0.0,0.0,2017-10-04,32,2018-08-06
Canada,77,7,72145595.0,0.0,0.0,0.0,0.0,0.0,0.0,2017-10-04,32,2018-08-13
Canada,78,7,69481024.0,0.0,0.0,0.0,0.0,0.0,0.0,2017-10-04,32,2018-08-20
Canada,79,7,72331891.0,0.0,0.0,0.0,0.0,0.0,0.0,2017-10-04,32,2018-08-27
Canada,80,7,75590329.0,0.0,0.0,0.0,0.0,0.0,0.0,2017-10-04,32,2018-09-03
Canada,81,7,75559118.0,0.0,0.0,0.0,0.0,0.0,0.0,2017-10-04,32,2018-09-10
Canada,82,7,75734997.0,0.0,0.0,0.0,0.0,0.0,0.0,2017-10-04,32,2018-09-17
Canada,83,7,78239554.0,0.0,0.0,0.0,0.0,0.0,0.0,2017-10-04,32,2018-09-24
Canada,84,7,75662295.0,0.0,0.0,0.0,0.0,0.0,0.0,2017-10-04,32,2018-10-01
Canada,85,7,73094829.0,0.0,0.0,0.0,0.0,0.0,0.0,2017-10-04,32,2018-10-08
Canada,86,7,75783466.0,0.0,0.0,0.0,0.0,0.0,0.0,2017-10-04,32,2018-10-15
Canada,87,7,75095112.0,0.0,0.0,0.0,0.0,0.0,0.0,2017-10-04,32,2018-10-22
Canada,88,7,74203627.0,0.0,0.0,0.0,0.0,0.0,0.0,2017-10-04,32,2018-10-29
Canada,89,7,76791983.0,0.0,0.0,0.0,0.0,0.0,0.0,2017-10-04,32,2018-11-05
Canada,90,7,72380112.0,0.0,0.0,0.0,0.0,0.0,0.0,2017-10-04,32,2018-11-12
Canada,91,7,71537299.0,0.0,0.0,0.0,0.0,0.0,0.0,2017-10-04,32,2018-11-19
Canada,92,7,79507538.0,0.0,0.0,0.0,0.0,0.0,0.0,2017-10-04,32,2018-11-26
Canada,93,7,81382418.0,0.0,0.0,0.0,0.0,0.0,0.0,2017-10-04,32,2018-12-03
Canada,94,7,80064729.0,0.0,0.0,0.0,0.0,0.0,0.0,2017-10-04,32,2018-12-10
Canada,95,7,87239895.0,0.0,0.0,0.0,0.0,0.0,0.0,2017-10-04,32,2018-12-17
Canada,96,7,89148959.0,0.0,0.0,0.0,0.0,0.0,0.0,2017-10-04,32,2018-12-24
Canada,97,1,10553505.0,0.0,0.0,0.0,0.0,0.0,0.0,2017-10-04,32,2018-12-31
Chile,1,5,28041143.0,0.0,0.0,0.0,0.0,0.0,0.0,2018-05-25,65,2017-02-27
Chile,2,7,38929053.0,0.0,0.0,0.0,0.0,0.0,0.0,2018-05-25,65,2017-03-06
Chile,3,7,39200218.0,0.0,0.0,0.0,0.0,0.0,0.0,2018-05-25,65,2017-03-13
Chile,4,7,37808665.0,0.0,0.0,0.0,0.0,0.0,0.0,2018-05-25,65,2017-03-20
Chile,5,7,37517643.0,0.0,0.0,0.0,0.0,0.0,0.0,2018-05-25,65,2017-03-27
Chile,6,7,37321597.0,54926.0,3.0,54926.0,0.0014716947937678014,0.42857142857142855,0.0014716947937678014,2018-05-25,65,2017-04-03
Chile,7,7,36760418.0,105295.0,7.0,105295.0,0.0028643580712275907,1.0,0.0028643580712275907,2018-05-25,65,2017-04-10
Chile,8,7,36920186.0,90796.0,7.0,90796.0,0.002459250882430549,1.0,0.002459250882430549,2018-05-25,65,2017-04-17
Chile,9,7,37923095.0,97297.0,7.0,97297.0,0.002565639750658537,1.0,0.002565639750658537,2018-05-25,65,2017-04-24
Chile,10,7,37706250.0,105002.0,7.0,105002.0,0.0027847372783026685,1.0,0.0027847372783026685,2018-05-25,65,2017-05-01
Chile,11,7,38039572.0,171370.0,11.0,159192.0,0.004505045430058992,1.5714285714285714,0.004184905129847412,2018-05-25,65,2017-05-08
Chile,12,7,37887059.0,150192.0,8.0,150192.0,0.003964203186106369,1.1428571428571428,0.003964203186106369,2018-05-25,65,2017-05-15
Chile,13,7,37249101.0,137109.0,7.0,137109.0,0.0036808673583826894,1.0,0.0036808673583826894,2018-05-25,65,2017-05-22
Chile,14,4,20878776.0,68740.0,4.0,68740.0,0.0032923385930286333,1.0,0.0032923385930286333,2018-05-25,65,2017-05-29
Chile,15,7,36789251.0,131437.0,7.0,131437.0,0.0035727011675230898,1.0,0.0035727011675230898,2018-05-25,65,2017-06-05
Chile,16,7,35502055.0,130524.0,7.0,130524.0,0.0036765195704868353,1.0,0.0036765195704868353,2018-05-25,65,2017-06-12
Chile,17,7,35378919.0,125209.0,7.0,125209.0,0.003539084956213614,1.0,0.003539084956213614,2018-05-25,65,2017-06-19
Chile,18,7,35428075.0,116629.0,7.0,116629.0,0.0032919937083795833,1.0,0.0032919937083795833,2018-05-25,65,2017-06-26
Chile,19,7,39367185.0,110214.0,7.0,110214.0,0.00279964137644081,1.0,0.00279964137644081,2018-05-25,65,2017-07-03
Chile,20,7,39172033.0,100916.0,7.0,100916.0,0.0025762257475888473,1.0,0.0025762257475888473,2018-05-25,65,2017-07-10
Chile,21,7,39259787.0,96764.0,7.0,96764.0,0.0024647102644749447,1.0,0.0024647102644749447,2018-05-25,65,2017-07-17
Chile,22,7,39573197.0,98410.0,7.0,98410.0,0.0024867841736415687,1.0,0.0024867841736415687,2018-05-25,65,2017-07-24
Chile,23,7,40424949.0,100512.0,7.0,100512.0,0.002486385326051988,1.0,0.002486385326051988,2018-05-25,65,2017-07-31
Chile,24,7,41870411.0,96863.0,7.0,96863.0,0.002313399789650978,1.0,0.002313399789650978,2018-05-25,65,2017-08-07
Chile,25,7,43033843.0,85198.0,7.0,85198.0,0.001979790649884557,1.0,0.001979790649884557,2018-05-25,65,2017-08-14
Chile,26,7,44050113.0,89870.0,7.0,89870.0,0.0020401763782081556,1.0,0.0020401763782081556,2018-05-25,65,2017-08-21
Chile,27,7,44406218.0,88907.0,7.0,88907.0,0.0020021295215908726,1.0,0.0020021295215908726,2018-05-25,65,2017-08-28
Chile,28,7,44739582.0,65770.0,5.0,65770.0,0.0014700629076060657,0.7142857142857143,0.0014700629076060657,2018-05-25,65,2017-09-04
Chile,29,7,48346459.0,52320.0,4.0,52320.0,0.0010821888734395212,0.5714285714285714,0.0010821888734395212,2018-05-25,65,2017-09-11
Chile,30,7,43593566.0,25292.0,2.0,25292.0,0.0005801773592002086,0.2857142857142857,0.0005801773592002086,2018-05-25,65,2017-09-18
Chile,31,7,44083318.0,54014.0,4.0,54014.0,0.0012252707475421882,0.5714285714285714,0.0012252707475421882,2018-05-25,65,2017-09-25
Chile,32,7,45386140.0,39559.0,3.0,39559.0,0.0008716097028740492,0.42857142857142855,0.0008716097028740492,2018-05-25,65,2017-10-02
Chile,33,7,45282861.0,37022.0,3.0,37022.0,0.0008175720169271107,0.42857142857142855,0.0008175720169271107,2018-05-25,65,2017-10-09
Chile,34,7,46769700.0,39893.0,3.0,39893.0,0.0008529667712215387,0.42857142857142855,0.0008529667712215387,2018-05-25,65,2017-10-16
Chile,35,7,46390872.0,26488.0,2.0,26488.0,0.0005709743934108417,0.2857142857142857,0.0005709743934108417,2018-05-25,65,2017-10-23
Chile,36,7,44939617.0,25473.0,2.0,25473.0,0.0005668272606773663,0.2857142857142857,0.0005668272606773663,2018-05-25,65,2017-10-30
Chile,37,7,48428087.0,40304.0,3.0,40304.0,0.0008322443130987189,0.42857142857142855,0.0008322443130987189,2018-05-25,65,2017-11-06
Chile,38,7,49508643.0,39509.0,3.0,39509.0,0.000798022276635617,0.42857142857142855,0.000798022276635617,2018-05-25,65,2017-11-13
Chile,39,7,50771086.0,12827.0,1.0,12827.0,0.0002526437980861784,0.14285714285714285,0.0002526437980861784,2018-05-25,65,2017-11-20
Chile,40,7,49773786.0,12977.0,1.0,12977.0,0.0002607195683285977,0.14285714285714285,0.0002607195683285977,2018-05-25,65,2017-11-27
Chile,41,7,52225991.0,0.0,0.0,0.0,0.0,0.0,0.0,2018-05-25,65,2017-12-04
Chile,42,7,51202213.0,26244.0,2.0,26244.0,0.0005125559709694579,0.2857142857142857,0.0005125559709694579,2018-05-25,65,2017-12-11
Chile,43,7,52343206.0,0.0,0.0,0.0,0.0,0.0,0.0,2018-05-25,65,2017-12-18
Chile,44,7,53521116.0,40687.0,3.0,40687.0,0.0007602046265253512,0.42857142857142855,0.0007602046265253512,2018-05-25,65,2017-12-25
Chile,45,7,52009172.0,40597.0,3.0,40597.0,0.0007805738572419495,0.42857142857142855,0.0007805738572419495,2018-05-25,65,2018-01-01
Chile,46,7,53071999.0,53699.0,4.0,53699.0,0.0010118141583474178,0.5714285714285714,0.0010118141583474178,2018-05-25,65,2018-01-08
Chile,47,7,52616110.0,27291.0,2.0,27291.0,0.000518681445663695,0.2857142857142857,0.000518681445663695,2018-05-25,65,2018-01-15
Chile,48,7,53668641.0,41000.0,3.0,41000.0,0.0007639470505690651,0.42857142857142855,0.0007639470505690651,2018-05-25,65,2018-01-22
Chile,49,7,54246764.0,13525.0,1.0,13525.0,0.00024932362785732253,0.14285714285714285,0.00024932362785732253,2018-05-25,65,2018-01-29
Chile,50,7,55086687.0,39573.0,3.0,39573.0,0.0007183768375832804,0.42857142857142855,0.0007183768375832804,2018-05-25,65,2018-02-05
Chile,51,7,54829660.0,0.0,0.0,0.0,0.0,0.0,0.0,2018-05-25,65,2018-02-12
Chile,52,7,52773279.0,0.0,0.0,0.0,0.0,0.0,0.0,2018-05-25,65,2018-02-19
Chile,53,7,55625869.0,0.0,0.0,0.0,0.0,0.0,0.0,2018-05-25,65,2018-02-26
Chile,54,7,50696005.0,0.0,0.0,0.0,0.0,0.0,0.0,2018-05-25,65,2018-03-05
Chile,55,7,50102497.0,0.0,0.0,0.0,0.0,0.0,0.0,2018-05-25,65,2018-03-12
Chile,56,7,52751454.0,0.0,0.0,0.0,0.0,0.0,0.0,2018-05-25,65,2018-03-19
Chile,57,7,51689455.0,0.0,0.0,0.0,0.0,0.0,0.0,2018-05-25,65,2018-03-26
Chile,58,7,50488379.0,0.0,0.0,0.0,0.0,0.0,0.0,2018-05-25,65,2018-04-02
Chile,59,7,49659526.0,0.0,0.0,0.0,0.0,0.0,0.0,2018-05-25,65,2018-04-09
Chile,60,7,50190945.0,0.0,0.0,0.0,0.0,0.0,0.0,2018-05-25,65,2018-04-16
Chile,61,7,48798560.0,0.0,0.0,0.0,0.0,0.0,0.0,2018-05-25,65,2018-04-23
Chile,62,7,46437638.0,0.0,0.0,0.0,0.0,0.0,0.0,2018-05-25,65,2018-04-30
Chile,63,7,48957571.0,0.0,0.0,0.0,0.0,0.0,0.0,2018-05-25,65,2018-05-07
Chile,64,7,49343690.0,0.0,0.0,0.0,0.0,0.0,0.0,2018-05-25,65,2018-05-14
Chile,65,7,47056558.0,41477.0,3.0,41477.0,0.0008814286841804282,0.42857142857142855,0.0008814286841804282,2018-05-25,65,2018-05-21
Chile,66,7,47066436.0,12601.0,1.0,12601.0,0.00026772794098962584,0.14285714285714285,0.00026772794098962584,2018-05-25,65,2018-05-28
Chile,67,7,46711950.0,0.0,0.0,0.0,0.0,0.0,0.0,2018-05-25,65,2018-06-04
Chile,68,7,46604366.0,0.0,0.0,0.0,0.0,0.0,0.0,2018-05-25,65,2018-06-11
Chile,69,7,49883066.0,0.0,0.0,0.0,0.0,0.0,0.0,2018-05-25,65,2018-06-18
Chile,70,7,51292645.0,0.0,0.0,0.0,0.0,0.0,0.0,2018-05-25,65,2018-06-25
Chile,71,7,51542511.0,0.0,0.0,0.0,0.0,0.0,0.0,2018-05-25,65,2018-07-02
Chile,72,7,54744758.0,0.0,0.0,0.0,0.0,0.0,0.0,2018-05-25,65,2018-07-09
Chile,73,7,53279172.0,0.0,0.0,0.0,0.0,0.0,0.0,2018-05-25,65,2018-07-16
Chile,74,7,55192279.0,0.0,0.0,0.0,0.0,0.0,0.0,2018-05-25,65,2018-07-23
Chile,75,7,56437278.0,0.0,0.0,0.0,0.0,0.0,0.0,2018-05-25,65,2018-07-30
Chile,76,7,58318673.0,0.0,0.0,0.0,0.0,0.0,0.0,2018-05-25,65,2018-08-06
Chile,77,7,57035227.0,0.0,0.0,0.0,0.0,0.0,0.0,2018-05-25,65,2018-08-13
Chile,78,7,58246377.0,0.0,0.0,0.0,0.0,0.0,0.0,2018-05-25,65,2018-08-20
Chile,79,7,60346316.0,0.0,0.0,0.0,0.0,0.0,0.0,2018-05-25,65,2018-08-27
Chile,80,7,61615799.0,0.0,0.0,0.0,0.0,0.0,0.0,2018-05-25,65,2018-09-03
Chile,81,7,61684199.0,0.0,0.0,0.0,0.0,0.0,0.0,2018-05-25,65,2018-09-10
Chile,82,7,52440241.0,0.0,0.0,0.0,0.0,0.0,0.0,2018-05-25,65,2018-09-17
Chile,83,7,57919314.0,0.0,0.0,0.0,0.0,0.0,0.0,2018-05-25,65,2018-09-24
Chile,84,7,60561327.0,0.0,0.0,0.0,0.0,0.0,0.0,2018-05-25,65,2018-10-01
Chile,85,7,62263548.0,0.0,0.0,0.0,0.0,0.0,0.0,2018-05-25,65,2018-10-08
Chile,86,7,62148464.0,0.0,0.0,0.0,0.0,0.0,0.0,2018-05-25,65,2018-10-15
Chile,87,7,64702123.0,0.0,0.0,0.0,0.0,0.0,0.0,2018-05-25,65,2018-10-22
Chile,88,7,63059467.0,0.0,0.0,0.0,0.0,0.0,0.0,2018-05-25,65,2018-10-29
Chile,89,7,69665197.0,0.0,0.0,0.0,0.0,0.0,0.0,2018-05-25,65,2018-11-05
Chile,90,7,68962026.0,0.0,0.0,0.0,0.0,0.0,0.0,2018-05-25,65,2018-11-12
Chile,91,7,69071790.0,0.0,0.0,0.0,0.0,0.0,0.0,2018-05-25,65,2018-11-19
Chile,92,7,67502171.0,0.0,0.0,0.0,0.0,0.0,0.0,2018-05-25,65,2018-11-26
Chile,93,7,68003660.0,0.0,0.0,0.0,0.0,0.0,0.0,2018-05-25,65,2018-12-03
Chile,94,7,69266623.0,0.0,0.0,0.0,0.0,0.0,0.0,2018-05-25,65,2018-12-10
Chile,95,7,72276830.0,0.0,0.0,0.0,0.0,0.0,0.0,2018-05-25,65,2018-12-17
Chile,96,7,75090144.0,0.0,0.0,0.0,0.0,0.0,0.0,2018-05-25,65,2018-12-24
Chile,97,1,11315930.0,0.0,0.0,0.0,0.0,0.0,0.0,2018-05-25,65,2018-12-31
Colombia,1,5,12066436.0,0.0,0.0,0.0,0.0,0.0,0.0,,0,2017-02-27
Colombia,2,7,16678812.0,0.0,0.0,0.0,0.0,0.0,0.0,,0,2017-03-06
Colombia,3,7,16489271.0,0.0,0.0,0.0,0.0,0.0,0.0,,0,2017-03-13
Colombia,4,7,15393804.0,0.0,0.0,0.0,0.0,0.0,0.0,,0,2017-03-20
Colombia,5,7,15700451.0,0.0,0.0,0.0,0.0,0.0,0.0,,0,2017-03-27
Colombia,6,7,15579269.0,27852.0,3.0,27852.0,0.0017877603885008981,0.42857142857142855,0.0017877603885008981,,0,2017-04-03
Colombia,7,7,13792106.0,53196.0,7.0,53196.0,0.003856988918153616,1.0,0.003856988918153616,,0,2017-04-10
Colombia,8,7,15715503.0,53065.0,7.0,53065.0,0.0033766020724885484,1.0,0.0033766020724885484,,0,2017-04-17
Colombia,9,7,16138827.0,51957.0,7.0,51957.0,0.0032193789548645635,1.0,0.0032193789548645635,,0,2017-04-24
Colombia,10,7,15955106.0,60222.0,7.0,60222.0,0.003774465678886746,1.0,0.003774465678886746,,0,2017-05-01
Colombia,11,7,16199532.0,120679.0,15.0,94875.0,0.007449536196477775,2.142857142857143,0.005856650673612052,,0,2017-05-08
Colombia,12,7,16275155.0,122220.0,13.0,117713.0,0.007509605899298655,1.8571428571428572,0.007232680733301772,,0,2017-05-15
Colombia,13,7,16146862.0,103411.0,10.0,103411.0,0.006404402291912819,1.4285714285714286,0.006404402291912819,,0,2017-05-22
Colombia,14,4,8598912.0,40079.0,4.0,40079.0,0.004660938500126528,1.0,0.004660938500126528,,0,2017-05-29
Colombia,15,7,15229400.0,71147.0,7.0,71147.0,0.004671687656769144,1.0,0.004671687656769144,,0,2017-06-05
Colombia,16,7,15234318.0,70212.0,7.0,70212.0,0.004608804936328623,1.0,0.004608804936328623,,0,2017-06-12
Colombia,17,7,14496426.0,75155.0,7.0,75155.0,0.005184381308882617,1.0,0.005184381308882617,,0,2017-06-19
Colombia,18,7,14672306.0,70696.0,7.0,70696.0,0.0048183291706157165,1.0,0.0048183291706157165,,0,2017-06-26
Colombia,19,7,15592756.0,50778.0,7.0,50778.0,0.0032565121906608426,1.0,0.0032565121906608426,,0,2017-07-03
Colombia,20,7,16089174.0,46251.0,7.0,46251.0,0.00287466590889004,1.0,0.00287466590889004,,0,2017-07-10
Colombia,21,7,15539015.0,41674.0,7.0,41674.0,0.002681894573111616,1.0,0.002681894573111616,,0,2017-07-17
Colombia,22,7,15928433.0,40244.0,7.0,40244.0,0.0025265511051840443,1.0,0.0025265511051840443,,0,2017-07-24
Colombia,23,7,16508830.0,38928.0,7.0,38928.0,0.0023580108342020605,1.0,0.0023580108342020605,,0,2017-07-31
Colombia,24,7,16278835.0,35635.0,7.0,35635.0,0.002189038711922567,1.0,0.002189038711922567,,0,2017-08-07
Colombia,25,7,16740336.0,30580.0,6.0,30580.0,0.0018267255806574015,0.8571428571428571,0.0018267255806574015,,0,2017-08-14
Colombia,26,7,16147836.0,19195.0,4.0,19195.0,0.0011887041706393352,0.5714285714285714,0.0011887041706393352,,0,2017-08-21
Colombia,27,7,16184266.0,18664.0,4.0,18664.0,0.0011532188114060902,0.5714285714285714,0.0011532188114060902,,0,2017-08-28
Colombia,28,7,15281430.0,13617.0,3.0,13617.0,0.0008910815283648193,0.42857142857142855,0.0008910815283648193,,0,2017-09-04
Colombia,29,7,15918789.0,9460.0,2.0,9460.0,0.0005942663100817531,0.2857142857142857,0.0005942663100817531,,0,2017-09-11
Colombia,30,7,15793799.0,4506.0,1.0,4506.0,0.0002853018453634873,0.14285714285714285,0.0002853018453634873,,0,2017-09-18
Colombia,31,7,15771104.0,4800.0,1.0,4800.0,0.000304354089605902,0.14285714285714285,0.000304354089605902,,0,2017-09-25
Colombia,32,7,14965474.0,0.0,0.0,0.0,0.0,0.0,0.0,,0,2017-10-02
Colombia,33,7,15195962.0,0.0,0.0,0.0,0.0,0.0,0.0,,0,2017-10-09
Colombia,34,7,15153518.0,0.0,0.0,0.0,0.0,0.0,0.0,,0,2017-10-16
Colombia,35,7,15716636.0,0.0,0.0,0.0,0.0,0.0,0.0,,0,2017-10-23
Colombia,36,7,15970433.0,0.0,0.0,0.0,0.0,0.0,0.0,,0,2017-10-30
Colombia,37,7,16300972.0,0.0,0.0,0.0,0.0,0.0,0.0,,0,2017-11-06
Colombia,38,7,16108075.0,0.0,0.0,0.0,0.0,0.0,0.0,,0,2017-11-13
Colombia,39,7,16690192.0,0.0,0.0,0.0,0.0,0.0,0.0,,0,2017-11-20
Colombia,40,7,16613833.0,0.0,0.0,0.0,0.0,0.0,0.0,,0,2017-11-27
Colombia,41,7,16235120.0,0.0,0.0,0.0,0.0,0.0,0.0,,0,2017-12-04
Colombia,42,7,16335513.0,0.0,0.0,0.0,0.0,0.0,0.0,,0,2017-12-11
Colombia,43,7,16660578.0,0.0,0.0,0.0,0.0,0.0,0.0,,0,2017-12-18
Colombia,44,7,16204710.0,0.0,0.0,0.0,0.0,0.0,0.0,,0,2017-12-25
Colombia,45,7,15566164.0,0.0,0.0,0.0,0.0,0.0,0.0,,0,2018-01-01
Colombia,46,7,15976296.0,0.0,0.0,0.0,0.0,0.0,0.0,,0,2018-01-08
Colombia,47,7,16889578.0,0.0,0.0,0.0,0.0,0.0,0.0,,0,2018-01-15
Colombia,48,7,17462081.0,0.0,0.0,0.0,0.0,0.0,0.0,,0,2018-01-22
Colombia,49,7,17776055.0,0.0,0.0,0.0,0.0,0.0,0.0,,0,2018-01-29
Colombia,50,7,17976681.0,0.0,0.0,0.0,0.0,0.0,0.0,,0,2018-02-05
Colombia,51,7,18046891.0,0.0,0.0,0.0,0.0,0.0,0.0,,0,2018-02-12
Colombia,52,7,18711538.0,0.0,0.0,0.0,0.0,0.0,0.0,,0,2018-02-19
Colombia,53,7,19854910.0,0.0,0.0,0.0,0.0,0.0,0.0,,0,2018-02-26
Colombia,54,7,19356361.0,0.0,0.0,0.0,0.0,0.0,0.0,,0,2018-03-05
Colombia,55,7,18988703.0,0.0,0.0,0.0,0.0,0.0,0.0,,0,2018-03-12
Colombia,56,7,18536952.0,0.0,0.0,0.0,0.0,0.0,0.0,,0,2018-03-19
Colombia,57,7,16806951.0,0.0,0.0,0.0,0.0,0.0,0.0,,0,2018-03-26
Colombia,58,7,17590015.0,0.0,0.0,0.0,0.0,0.0,0.0,,0,2018-04-02
Colombia,59,7,17867426.0,0.0,0.0,0.0,0.0,0.0,0.0,,0,2018-04-09
Colombia,60,7,18808591.0,0.0,0.0,0.0,0.0,0.0,0.0,,0,2018-04-16
Colombia,61,7,17855569.0,0.0,0.0,0.0,0.0,0.0,0.0,,0,2018-04-23
Colombia,62,7,16862411.0,0.0,0.0,0.0,0.0,0.0,0.0,,0,2018-04-30
Colombia,63,7,17624008.0,0.0,0.0,0.0,0.0,0.0,0.0,,0,2018-05-07
Colombia,64,7,17259273.0,0.0,0.0,0.0,0.0,0.0,0.0,,0,2018-05-14
Colombia,65,7,17834834.0,0.0,0.0,0.0,0.0,0.0,0.0,,0,2018-05-21
Colombia,66,7,18313455.0,0.0,0.0,0.0,0.0,0.0,0.0,,0,2018-05-28
Colombia,67,7,17434103.0,0.0,0.0,0.0,0.0,0.0,0.0,,0,2018-06-04
Colombia,68,7,16133542.0,0.0,0.0,0.0,0.0,0.0,0.0,,0,2018-06-11
Colombia,69,7,16017754.0,0.0,0.0,0.0,0.0,0.0,0.0,,0,2018-06-18
Colombia,70,7,16288599.0,0.0,0.0,0.0,0.0,0.0,0.0,,0,2018-06-25
Colombia,71,7,16646590.0,0.0,0.0,0.0,0.0,0.0,0.0,,0,2018-07-02
Colombia,72,7,17761023.0,0.0,0.0,0.0,0.0,0.0,0.0,,0,2018-07-09
Colombia,73,7,18136949.0,0.0,0.0,0.0,0.0,0.0,0.0,,0,2018-07-16
Colombia,74,7,18416711.0,0.0,0.0,0.0,0.0,0.0,0.0,,0,2018-07-23
Colombia,75,7,18555082.0,0.0,0.0,0.0,0.0,0.0,0.0,,0,2018-07-30
Colombia,76,7,18357623.0,0.0,0.0,0.0,0.0,0.0,0.0,,0,2018-08-06
Colombia,77,7,19020544.0,0.0,0.0,0.0,0.0,0.0,0.0,,0,2018-08-13
Colombia,78,7,18926674.0,0.0,0.0,0.0,0.0,0.0,0.0,,0,2018-08-20
Colombia,79,7,19583130.0,0.0,0.0,0.0,0.0,0.0,0.0,,0,2018-08-27
Colombia,80,7,19176605.0,0.0,0.0,0.0,0.0,0.0,0.0,,0,2018-09-03
Colombia,81,7,19039799.0,0.0,0.0,0.0,0.0,0.0,0.0,,0,2018-09-10
Colombia,82,7,19228032.0,0.0,0.0,0.0,0.0,0.0,0.0,,0,2018-09-17
Colombia,83,7,19102236.0,0.0,0.0,0.0,0.0,0.0,0.0,,0,2018-09-24
Colombia,84,7,19025491.0,0.0,0.0,0.0,0.0,0.0,0.0,,0,2018-10-01
Colombia,85,7,19636446.0,0.0,0.0,0.0,0.0,0.0,0.0,,0,2018-10-08
Colombia,86,7,19688946.0,0.0,0.0,0.0,0.0,0.0,0.0,,0,2018-10-15
Colombia,87,7,20448611.0,0.0,0.0,0.0,0.0,0.0,0.0,,0,2018-10-22
Colombia,88,7,20500947.0,0.0,0.0,0.0,0.0,0.0,0.0,,0,2018-10-29
Colombia,89,7,20397969.0,0.0,0.0,0.0,0.0,0.0,0.0,,0,2018-11-05
Colombia,90,7,20281854.0,0.0,0.0,0.0,0.0,0.0,0.0,,0,2018-11-12
Colombia,91,7,20546081.0,0.0,0.0,0.0,0.0,0.0,0.0,,0,2018-11-19
Colombia,92,7,20076217.0,0.0,0.0,0.0,0.0,0.0,0.0,,0,2018-11-26
Colombia,93,7,20349642.0,0.0,0.0,0.0,0.0,0.0,0.0,,0,2018-12-03
Colombia,94,7,20300934.0,0.0,0.0,0.0,0.0,0.0,0.0,,0,2018-12-10
Colombia,95,7,20507149.0,0.0,0.0,0.0,0.0,0.0,0.0,,0,2018-12-17
Colombia,96,7,20926361.0,0.0,0.0,0.0,0.0,0.0,0.0,,0,2018-12-24
Colombia,97,1,2912655.0,0.0,0.0,0.0,0.0,0.0,0.0,,0,2018-12-31
Costa Rica,1,5,5156351.0,0.0,0.0,0.0,0.0,0.0,0.0,,0,2017-02-27
Costa Rica,2,7,7305324.0,0.0,0.0,0.0,0.0,0.0,0.0,,0,2017-03-06
Costa Rica,3,7,7024877.0,0.0,0.0,0.0,0.0,0.0,0.0,,0,2017-03-13
Costa Rica,4,7,6655858.0,0.0,0.0,0.0,0.0,0.0,0.0,,0,2017-03-20
Costa Rica,5,7,6803336.0,0.0,0.0,0.0,0.0,0.0,0.0,,0,2017-03-27
Costa Rica,6,7,6771329.0,15374.0,3.0,15374.0,0.0022704553271595575,0.42857142857142855,0.0022704553271595575,,0,2017-04-03
Costa Rica,7,7,5911856.0,28250.0,7.0,28250.0,0.004778533171308638,1.0,0.004778533171308638,,0,2017-04-10
Costa Rica,8,7,6718363.0,29714.0,7.0,29714.0,0.004422803590696126,1.0,0.004422803590696126,,0,2017-04-17
Costa Rica,9,7,6852590.0,28671.0,7.0,28671.0,0.004183965478745992,1.0,0.004183965478745992,,0,2017-04-24
Costa Rica,10,7,6537416.0,32446.0,7.0,32446.0,0.004963123044334336,1.0,0.004963123044334336,,0,2017-05-01
Costa Rica,11,7,6634455.0,65449.0,16.0,51618.0,0.009865015287615938,2.2857142857142856,0.007780292427938693,,0,2017-05-08
Costa Rica,12,7,6769341.0,71633.0,13.0,71633.0,0.010581975409423162,1.8571428571428572,0.010581975409423162,,0,2017-05-15
Costa Rica,13,7,6849852.0,73007.0,13.0,73007.0,0.01065818648344519,1.8571428571428572,0.01065818648344519,,0,2017-05-22
Costa Rica,14,4,3786562.0,32578.0,5.0,32578.0,0.008603582880723992,1.25,0.008603582880723992,,0,2017-05-29
Costa Rica,15,7,7002136.0,52903.0,7.0,52903.0,0.007555265993119814,1.0,0.007555265993119814,,0,2017-06-05
Costa Rica,16,7,6795353.0,53178.0,7.0,53178.0,0.00782564202330622,1.0,0.00782564202330622,,0,2017-06-12
Costa Rica,17,7,6784964.0,50919.0,7.0,50919.0,0.007504682412463795,1.0,0.007504682412463795,,0,2017-06-19
Costa Rica,18,7,6596141.0,48198.0,7.0,48198.0,0.0073069996532821235,1.0,0.0073069996532821235,,0,2017-06-26
Costa Rica,19,7,6812805.0,45146.0,7.0,45146.0,0.006626639100928326,1.0,0.006626639100928326,,0,2017-07-03
Costa Rica,20,7,6853823.0,44801.0,7.0,44801.0,0.0065366438555533165,1.0,0.0065366438555533165,,0,2017-07-10
Costa Rica,21,7,6895777.0,44173.0,7.0,44173.0,0.0064058045960592985,1.0,0.0064058045960592985,,0,2017-07-17
Costa Rica,22,7,6843438.0,41838.0,7.0,41838.0,0.006113593781371293,1.0,0.006113593781371293,,0,2017-07-24
Costa Rica,23,7,6840192.0,41686.0,7.0,41686.0,0.006094273377121578,1.0,0.006094273377121578,,0,2017-07-31
Costa Rica,24,7,7060866.0,35771.0,7.0,35771.0,0.0050660924594801825,1.0,0.0050660924594801825,,0,2017-08-07
Costa Rica,25,7,6982163.0,31116.0,7.0,31116.0,0.004456498652351714,1.0,0.004456498652351714,,0,2017-08-14
Costa Rica,26,7,7049264.0,30165.0,7.0,30165.0,0.004279170137478182,1.0,0.004279170137478182,,0,2017-08-21
Costa Rica,27,7,7062295.0,28755.0,7.0,28755.0,0.004071622609930625,1.0,0.004071622609930625,,0,2017-08-28
Costa Rica,28,7,7073309.0,27950.0,7.0,27950.0,0.003951474479624742,1.0,0.003951474479624742,,0,2017-09-04
Costa Rica,29,7,6905506.0,26754.0,7.0,26754.0,0.0038742997254654476,1.0,0.0038742997254654476,,0,2017-09-11
Costa Rica,30,7,7009961.0,27481.0,7.0,27481.0,0.003920278586428655,1.0,0.003920278586428655,,0,2017-09-18
Costa Rica,31,7,6969950.0,27078.0,7.0,27078.0,0.0038849633067669065,1.0,0.0038849633067669065,,0,2017-09-25
Costa Rica,32,7,6345253.0,24494.0,7.0,24494.0,0.0038602085685157076,1.0,0.0038602085685157076,,0,2017-10-02
Costa Rica,33,7,6836933.0,24711.0,7.0,24711.0,0.003614339938683032,1.0,0.003614339938683032,,0,2017-10-09
Costa Rica,34,7,7090357.0,24586.0,7.0,24586.0,0.0034675263883045663,1.0,0.0034675263883045663,,0,2017-10-16
Costa Rica,35,7,7217569.0,24668.0,7.0,24668.0,0.00341777127451085,1.0,0.00341777127451085,,0,2017-10-23
Costa Rica,36,7,7271931.0,23922.0,7.0,23922.0,0.0032896351739311056,1.0,0.0032896351739311056,,0,2017-10-30
Costa Rica,37,7,7322257.0,24646.0,7.0,24646.0,0.0033659020709051867,1.0,0.0033659020709051867,,0,2017-11-06
Costa Rica,38,7,7337602.0,23538.0,7.0,23538.0,0.0032078600065798065,1.0,0.0032078600065798065,,0,2017-11-13
Costa Rica,39,7,7291394.0,22969.0,7.0,22969.0,0.003150152083401336,1.0,0.003150152083401336,,0,2017-11-20
Costa Rica,40,7,7273861.0,21851.0,7.0,21851.0,0.0030040442070586723,1.0,0.0030040442070586723,,0,2017-11-27
Costa Rica,41,7,7452709.0,22228.0,7.0,22228.0,0.0029825396376002337,1.0,0.0029825396376002337,,0,2017-12-04
Costa Rica,42,7,7055454.0,22269.0,7.0,22269.0,0.0031562816510461267,1.0,0.0031562816510461267,,0,2017-12-11
Costa Rica,43,7,7313915.0,22182.0,7.0,22182.0,0.0030328490281880498,1.0,0.0030328490281880498,,0,2017-12-18
Costa Rica,44,7,7085004.0,20095.0,7.0,20095.0,0.002836272216642362,1.0,0.002836272216642362,,0,2017-12-25
Costa Rica,45,7,6897943.0,19476.0,7.0,19476.0,0.0028234504112312903,1.0,0.0028234504112312903,,0,2018-01-01
Costa Rica,46,7,7204250.0,21864.0,7.0,21864.0,0.003034875247249887,1.0,0.003034875247249887,,0,2018-01-08
Costa Rica,47,7,7218247.0,21657.0,7.0,21657.0,0.0030003129568716615,1.0,0.0030003129568716615,,0,2018-01-15
Costa Rica,48,7,7358782.0,21439.0,7.0,21439.0,0.002913389743030844,1.0,0.002913389743030844,,0,2018-01-22
Costa Rica,49,7,7189069.0,20107.0,7.0,20107.0,0.002796885104316011,1.0,0.002796885104316011,,0,2018-01-29
Costa Rica,50,7,7136930.0,20019.0,7.0,20019.0,0.002804987578692799,1.0,0.002804987578692799,,0,2018-02-05
Costa Rica,51,7,7633237.0,19855.0,7.0,19855.0,0.002601124529475503,1.0,0.002601124529475503,,0,2018-02-12
Costa Rica,52,7,8037797.0,20153.0,7.0,20153.0,0.002507279046733825,1.0,0.002507279046733825,,0,2018-02-19
Costa Rica,53,7,8025779.0,19291.0,7.0,19291.0,0.0024036296040546344,1.0,0.0024036296040546344,,0,2018-02-26
Costa Rica,54,7,7600922.0,17803.0,7.0,17803.0,0.0023422158522347684,1.0,0.0023422158522347684,,0,2018-03-05
Costa Rica,55,7,7482471.0,17384.0,7.0,17384.0,0.0023232966756570124,1.0,0.0023232966756570124,,0,2018-03-12
Costa Rica,56,7,7451970.0,17015.0,7.0,17015.0,0.002283288848452154,1.0,0.002283288848452154,,0,2018-03-19
Costa Rica,57,7,6785473.0,9090.0,4.0,9090.0,0.0013396265816693986,0.5714285714285714,0.0013396265816693986,,0,2018-03-26
Costa Rica,58,7,7063550.0,16717.0,7.0,16717.0,0.0023666569925887126,1.0,0.0023666569925887126,,0,2018-04-02
Costa Rica,59,7,6989270.0,9927.0,4.0,9927.0,0.001420320004807369,0.5714285714285714,0.001420320004807369,,0,2018-04-09
Costa Rica,60,7,7267776.0,9823.0,4.0,9823.0,0.0013515826574732079,0.5714285714285714,0.0013515826574732079,,0,2018-04-16
Costa Rica,61,7,7032316.0,6816.0,3.0,6816.0,0.0009692397213094519,0.42857142857142855,0.0009692397213094519,,0,2018-04-23
Costa Rica,62,7,6763885.0,4573.0,2.0,4573.0,0.0006760907377934427,0.2857142857142857,0.0006760907377934427,,0,2018-04-30
Costa Rica,63,7,6809795.0,6642.0,3.0,6642.0,0.0009753597575257405,0.42857142857142855,0.0009753597575257405,,0,2018-05-07
Costa Rica,64,7,6861535.0,0.0,0.0,0.0,0.0,0.0,0.0,,0,2018-05-14
Costa Rica,65,7,6874611.0,2088.0,1.0,2088.0,0.0003037262762940332,0.14285714285714285,0.0003037262762940332,,0,2018-05-21
Costa Rica,66,7,6894251.0,0.0,0.0,0.0,0.0,0.0,0.0,,0,2018-05-28
Costa Rica,67,7,6766194.0,0.0,0.0,0.0,0.0,0.0,0.0,,0,2018-06-04
Costa Rica,68,7,6415571.0,0.0,0.0,0.0,0.0,0.0,0.0,,0,2018-06-11
Costa Rica,69,7,6647031.0,0.0,0.0,0.0,0.0,0.0,0.0,,0,2018-06-18
Costa Rica,70,7,6971120.0,0.0,0.0,0.0,0.0,0.0,0.0,,0,2018-06-25
Costa Rica,71,7,6923517.0,0.0,0.0,0.0,0.0,0.0,0.0,,0,2018-07-02
Costa Rica,72,7,6834943.0,0.0,0.0,0.0,0.0,0.0,0.0,,0,2018-07-09
Costa Rica,73,7,7140682.0,0.0,0.0,0.0,0.0,0.0,0.0,,0,2018-07-16
Costa Rica,74,7,7066512.0,0.0,0.0,0.0,0.0,0.0,0.0,,0,2018-07-23
Costa Rica,75,7,7038640.0,0.0,0.0,0.0,0.0,0.0,0.0,,0,2018-07-30
Costa Rica,76,7,6892198.0,0.0,0.0,0.0,0.0,0.0,0.0,,0,2018-08-06
Costa Rica,77,7,6803417.0,0.0,0.0,0.0,0.0,0.0,0.0,,0,2018-08-13
Costa Rica,78,7,6943591.0,0.0,0.0,0.0,0.0,0.0,0.0,,0,2018-08-20
Costa Rica,79,7,6893725.0,0.0,0.0,0.0,0.0,0.0,0.0,,0,2018-08-27
Costa Rica,80,7,6820138.0,0.0,0.0,0.0,0.0,0.0,0.0,,0,2018-09-03
Costa Rica,81,7,6446004.0,0.0,0.0,0.0,0.0,0.0,0.0,,0,2018-09-10
Costa Rica,82,7,6424167.0,0.0,0.0,0.0,0.0,0.0,0.0,,0,2018-09-17
Costa Rica,83,7,6508481.0,0.0,0.0,0.0,0.0,0.0,0.0,,0,2018-09-24
Costa Rica,84,7,6512427.0,0.0,0.0,0.0,0.0,0.0,0.0,,0,2018-10-01
Costa Rica,85,7,6739839.0,0.0,0.0,0.0,0.0,0.0,0.0,,0,2018-10-08
Costa Rica,86,7,6667807.0,0.0,0.0,0.0,0.0,0.0,0.0,,0,2018-10-15
Costa Rica,87,7,6869496.0,0.0,0.0,0.0,0.0,0.0,0.0,,0,2018-10-22
Costa Rica,88,7,6865294.0,0.0,0.0,0.0,0.0,0.0,0.0,,0,2018-10-29
Costa Rica,89,7,7165714.0,0.0,0.0,0.0,0.0,0.0,0.0,,0,2018-11-05
Costa Rica,90,7,7171212.0,0.0,0.0,0.0,0.0,0.0,0.0,,0,2018-11-12
Costa Rica,91,7,7122887.0,0.0,0.0,0.0,0.0,0.0,0.0,,0,2018-11-19
Costa Rica,92,7,7021679.0,0.0,0.0,0.0,0.0,0.0,0.0,,0,2018-11-26
Costa Rica,93,7,6901851.0,0.0,0.0,0.0,0.0,0.0,0.0,,0,2018-12-03
Costa Rica,94,7,7005412.0,0.0,0.0,0.0,0.0,0.0,0.0,,0,2018-12-10
Costa Rica,95,7,7048937.0,0.0,0.0,0.0,0.0,0.0,0.0,,0,2018-12-17
Costa Rica,96,7,7055625.0,0.0,0.0,0.0,0.0,0.0,0.0,,0,2018-12-24
Costa Rica,97,1,1052505.0,0.0,0.0,0.0,0.0,0.0,0.0,,0,2018-12-31
Czech Republic,1,5,2956489.0,0.0,0.0,0.0,0.0,0.0,0.0,,0,2017-02-27
Czech Republic,2,7,4182774.0,0.0,0.0,0.0,0.0,0.0,0.0,,0,2017-03-06
Czech Republic,3,7,3968088.0,0.0,0.0,0.0,0.0,0.0,0.0,,0,2017-03-13
Czech Republic,4,7,3874711.0,0.0,0.0,0.0,0.0,0.0,0.0,,0,2017-03-20
Czech Republic,5,7,3791148.0,0.0,0.0,0.0,0.0,0.0,0.0,,0,2017-03-27
Czech Republic,6,7,3702812.0,17495.0,3.0,17495.0,0.004724787539848094,0.42857142857142855,0.004724787539848094,,0,2017-04-03
Czech Republic,7,7,3567650.0,47051.0,7.0,47051.0,0.013188233150673412,1.0,0.013188233150673412,,0,2017-04-10
Czech Republic,8,7,3528012.0,45171.0,7.0,45171.0,0.012803527879156874,1.0,0.012803527879156874,,0,2017-04-17
Czech Republic,9,7,3652244.0,41009.0,7.0,41009.0,0.01122843928280805,1.0,0.01122843928280805,,0,2017-04-24
Czech Republic,10,7,3595160.0,44353.0,13.0,44353.0,0.012336864006052582,1.8571428571428572,0.012336864006052582,,0,2017-05-01
Czech Republic,11,7,3582942.0,103372.0,38.0,61366.0,0.028851150814051693,5.428571428571429,0.017127265805586583,,0,2017-05-08
Czech Republic,12,7,3790971.0,94610.0,38.0,67360.0,0.02495666677481838,5.428571428571429,0.017768534763257224,,0,2017-05-15
Czech Republic,13,7,4137425.0,72239.0,24.0,66964.0,0.017459893532813284,3.4285714285714284,0.016184945950681887,,0,2017-05-22
Czech Republic,14,4,2217663.0,24973.0,6.0,24973.0,0.011260953535320741,1.5,0.011260953535320741,,0,2017-05-29
Czech Republic,15,7,3940750.0,36475.0,7.0,36475.0,0.009255852312377086,1.0,0.009255852312377086,,0,2017-06-05
Czech Republic,16,7,4014153.0,33028.0,7.0,33028.0,0.008227887676428876,1.0,0.008227887676428876,,0,2017-06-12
Czech Republic,17,7,4135814.0,24651.0,7.0,24651.0,0.005960374426896374,1.0,0.005960374426896374,,0,2017-06-19
Czech Republic,18,7,4175023.0,22319.0,7.0,22319.0,0.005345838813343064,1.0,0.005345838813343064,,0,2017-06-26
Czech Republic,19,7,3638875.0,16117.0,7.0,16117.0,0.004429116141664663,1.0,0.004429116141664663,,0,2017-07-03
Czech Republic,20,7,3920481.0,16746.0,7.0,16746.0,0.004271414655497629,1.0,0.004271414655497629,,0,2017-07-10
Czech Republic,21,7,4169679.0,15548.0,7.0,15548.0,0.003728824209249681,1.0,0.003728824209249681,,0,2017-07-17
Czech Republic,22,7,4179255.0,15697.0,7.0,15697.0,0.0037559325764998787,1.0,0.0037559325764998787,,0,2017-07-24
Czech Republic,23,7,3948665.0,14918.0,7.0,14918.0,0.003777985724289095,1.0,0.003777985724289095,,0,2017-07-31
Czech Republic,24,7,4101495.0,14159.0,7.0,14159.0,0.003452155860241205,1.0,0.003452155860241205,,0,2017-08-07
Czech Republic,25,7,4162401.0,13898.0,7.0,13898.0,0.0033389382714447743,1.0,0.0033389382714447743,,0,2017-08-14
Czech Republic,26,7,4214818.0,13368.0,7.0,13368.0,0.003171667198915825,1.0,0.003171667198915825,,0,2017-08-21
Czech Republic,27,7,4269294.0,13246.0,7.0,13246.0,0.003102620714338249,1.0,0.003102620714338249,,0,2017-08-28
Czech Republic,28,7,4165774.0,12830.0,7.0,12830.0,0.0030798598291698013,1.0,0.0030798598291698013,,0,2017-09-04
Czech Republic,29,7,4073125.0,13434.0,7.0,13434.0,0.0032982046954119996,1.0,0.0032982046954119996,,0,2017-09-11
Czech Republic,30,7,4109866.0,13399.0,7.0,13399.0,0.003260203617344215,1.0,0.003260203617344215,,0,2017-09-18
Czech Republic,31,7,3990984.0,12818.0,7.0,12818.0,0.0032117392602926996,1.0,0.0032117392602926996,,0,2017-09-25
Czech Republic,32,7,4006989.0,12654.0,7.0,12654.0,0.0031579822155738384,1.0,0.0031579822155738384,,0,2017-10-02
Czech Republic,33,7,4064330.0,12615.0,7.0,12615.0,0.003103832612017233,1.0,0.003103832612017233,,0,2017-10-09
Czech Republic,34,7,4067349.0,12604.0,7.0,12604.0,0.003098824320214469,1.0,0.003098824320214469,,0,2017-10-16
Czech Republic,35,7,4221762.0,12833.0,7.0,12833.0,0.0030397260669834066,1.0,0.0030397260669834066,,0,2017-10-23
Czech Republic,36,7,4219577.0,12412.0,7.0,12412.0,0.0029415270772402066,1.0,0.0029415270772402066,,0,2017-10-30
Czech Republic,37,7,4140424.0,13673.0,7.0,13673.0,0.0033023187963358343,1.0,0.0033023187963358343,,0,2017-11-06
Czech Republic,38,7,4144969.0,12953.0,7.0,12953.0,0.003124993214665779,1.0,0.003124993214665779,,0,2017-11-13
Czech Republic,39,7,4148695.0,12471.0,7.0,12471.0,0.0030060055029352602,1.0,0.0030060055029352602,,0,2017-11-20
Czech Republic,40,7,4256562.0,21682.0,13.0,21682.0,0.005093782259015609,1.8571428571428572,0.005093782259015609,,0,2017-11-27
Czech Republic,41,7,4448501.0,20865.0,12.0,20865.0,0.004690344005767336,1.7142857142857142,0.004690344005767336,,0,2017-12-04
Czech Republic,42,7,4602085.0,8575.0,5.0,8575.0,0.0018632858802042987,0.7142857142857143,0.0018632858802042987,,0,2017-12-11
Czech Republic,43,7,5629790.0,1827.0,1.0,1827.0,0.00032452365008286277,0.14285714285714285,0.00032452365008286277,,0,2017-12-18
Czech Republic,44,7,3757774.0,7986.0,5.0,7986.0,0.0021251943304733067,0.7142857142857143,0.0021251943304733067,,0,2017-12-25
Czech Republic,45,7,4061760.0,12352.0,7.0,12352.0,0.0030410462459623416,1.0,0.0030410462459623416,,0,2018-01-01
Czech Republic,46,7,4401494.0,13171.0,7.0,13171.0,0.0029923930374550095,1.0,0.0029923930374550095,,0,2018-01-08
Czech Republic,47,7,4429260.0,12936.0,7.0,12936.0,0.0029205781552674713,1.0,0.0029205781552674713,,0,2018-01-15
Czech Republic,48,7,4305630.0,12059.0,7.0,12059.0,0.0028007515741018153,1.0,0.0028007515741018153,,0,2018-01-22
Czech Republic,49,7,4399542.0,10419.0,6.0,10419.0,0.0023682010536551306,0.8571428571428571,0.0023682010536551306,,0,2018-01-29
Czech Republic,50,7,4227645.0,8163.0,5.0,8163.0,0.00193086221761761,0.7142857142857143,0.00193086221761761,,0,2018-02-05
Czech Republic,51,7,4279874.0,9304.0,6.0,9304.0,0.002173895773567166,0.8571428571428571,0.002173895773567166,,0,2018-02-12
Czech Republic,52,7,4353361.0,11517.0,7.0,11517.0,0.0026455421454825365,1.0,0.0026455421454825365,,0,2018-02-19
Czech Republic,53,7,4421959.0,10033.0,6.0,10033.0,0.0022689038953097483,0.8571428571428571,0.0022689038953097483,,0,2018-02-26
Czech Republic,54,7,4605128.0,6526.0,4.0,6526.0,0.0014171158760407962,0.5714285714285714,0.0014171158760407962,,0,2018-03-05
Czech Republic,55,7,4586168.0,5233.0,3.0,5233.0,0.0011410397525777511,0.42857142857142855,0.0011410397525777511,,0,2018-03-12
Czech Republic,56,7,4654215.0,12534.0,7.0,12534.0,0.002693042758016121,1.0,0.002693042758016121,,0,2018-03-19
Czech Republic,57,7,4492801.0,12962.0,7.0,12962.0,0.0028850598991586765,1.0,0.0028850598991586765,,0,2018-03-26
Czech Republic,58,7,4389511.0,10483.0,6.0,10483.0,0.0023881931267514763,0.8571428571428571,0.0023881931267514763,,0,2018-04-02
Czech Republic,59,7,4568528.0,5129.0,3.0,5129.0,0.001122681091152336,0.42857142857142855,0.001122681091152336,,0,2018-04-09
Czech Republic,60,7,5049631.0,3765.0,2.0,3765.0,0.000745599034860171,0.2857142857142857,0.000745599034860171,,0,2018-04-16
Czech Republic,61,7,4943321.0,0.0,0.0,0.0,0.0,0.0,0.0,,0,2018-04-23
Czech Republic,62,7,4971065.0,0.0,0.0,0.0,0.0,0.0,0.0,,0,2018-04-30
Czech Republic,63,7,4609125.0,0.0,0.0,0.0,0.0,0.0,0.0,,0,2018-05-07
Czech Republic,64,7,4540452.0,0.0,0.0,0.0,0.0,0.0,0.0,,0,2018-05-14
Czech Republic,65,7,4669646.0,0.0,0.0,0.0,0.0,0.0,0.0,,0,2018-05-21
Czech Republic,66,7,4580408.0,0.0,0.0,0.0,0.0,0.0,0.0,,0,2018-05-28
Czech Republic,67,7,4545304.0,0.0,0.0,0.0,0.0,0.0,0.0,,0,2018-06-04
Czech Republic,68,7,4505059.0,0.0,0.0,0.0,0.0,0.0,0.0,,0,2018-06-11
Czech Republic,69,7,5017555.0,0.0,0.0,0.0,0.0,0.0,0.0,,0,2018-06-18
Czech Republic,70,7,5096388.0,0.0,0.0,0.0,0.0,0.0,0.0,,0,2018-06-25
Czech Republic,71,7,4376935.0,0.0,0.0,0.0,0.0,0.0,0.0,,0,2018-07-02
Czech Republic,72,7,4688974.0,0.0,0.0,0.0,0.0,0.0,0.0,,0,2018-07-09
Czech Republic,73,7,4744581.0,0.0,0.0,0.0,0.0,0.0,0.0,,0,2018-07-16
Czech Republic,74,7,4830589.0,0.0,0.0,0.0,0.0,0.0,0.0,,0,2018-07-23
Czech Republic,75,7,4876444.0,0.0,0.0,0.0,0.0,0.0,0.0,,0,2018-07-30
Czech Republic,76,7,4841903.0,0.0,0.0,0.0,0.0,0.0,0.0,,0,2018-08-06
Czech Republic,77,7,4871332.0,0.0,0.0,0.0,0.0,0.0,0.0,,0,2018-08-13
Czech Republic,78,7,4796371.0,0.0,0.0,0.0,0.0,0.0,0.0,,0,2018-08-20
Czech Republic,79,7,4995219.0,0.0,0.0,0.0,0.0,0.0,0.0,,0,2018-08-27
Czech Republic,80,7,5138773.0,0.0,0.0,0.0,0.0,0.0,0.0,,0,2018-09-03
Czech Republic,81,7,5171529.0,0.0,0.0,0.0,0.0,0.0,0.0,,0,2018-09-10
Czech Republic,82,7,5385876.0,0.0,0.0,0.0,0.0,0.0,0.0,,0,2018-09-17
Czech Republic,83,7,5112393.0,0.0,0.0,0.0,0.0,0.0,0.0,,0,2018-09-24
Czech Republic,84,7,5217164.0,0.0,0.0,0.0,0.0,0.0,0.0,,0,2018-10-01
Czech Republic,85,7,5304479.0,0.0,0.0,0.0,0.0,0.0,0.0,,0,2018-10-08
Czech Republic,86,7,5366468.0,0.0,0.0,0.0,0.0,0.0,0.0,,0,2018-10-15
Czech Republic,87,7,5288107.0,0.0,0.0,0.0,0.0,0.0,0.0,,0,2018-10-22
Czech Republic,88,7,5295505.0,0.0,0.0,0.0,0.0,0.0,0.0,,0,2018-10-29
Czech Republic,89,7,5656139.0,0.0,0.0,0.0,0.0,0.0,0.0,,0,2018-11-05
Czech Republic,90,7,5668277.0,0.0,0.0,0.0,0.0,0.0,0.0,,0,2018-11-12
Czech Republic,91,7,5454923.0,0.0,0.0,0.0,0.0,0.0,0.0,,0,2018-11-19
Czech Republic,92,7,6074777.0,0.0,0.0,0.0,0.0,0.0,0.0,,0,2018-11-26
Czech Republic,93,7,6184339.0,0.0,0.0,0.0,0.0,0.0,0.0,,0,2018-12-03
Czech Republic,94,7,6126809.0,0.0,0.0,0.0,0.0,0.0,0.0,,0,2018-12-10
Czech Republic,95,7,7034473.0,0.0,0.0,0.0,0.0,0.0,0.0,,0,2018-12-17
Czech Republic,96,7,5885346.0,0.0,0.0,0.0,0.0,0.0,0.0,,0,2018-12-24
Czech Republic,97,1,848636.0,0.0,0.0,0.0,0.0,0.0,0.0,,0,2018-12-31
Denmark,1,5,22104245.0,0.0,0.0,0.0,0.0,0.0,0.0,2018-03-19,56,2017-02-27
Denmark,2,7,30970358.0,0.0,0.0,0.0,0.0,0.0,0.0,2018-03-19,56,2017-03-06
Denmark,3,7,30730324.0,0.0,0.0,0.0,0.0,0.0,0.0,2018-03-19,56,2017-03-13
Denmark,4,7,31871052.0,0.0,0.0,0.0,0.0,0.0,0.0,2018-03-19,56,2017-03-20
Denmark,5,7,30630025.0,0.0,0.0,0.0,0.0,0.0,0.0,2018-03-19,56,2017-03-27
Denmark,6,7,30976418.0,86127.0,3.0,86127.0,0.0027804054038785245,0.42857142857142855,0.0027804054038785245,2018-03-19,56,2017-04-03
Denmark,7,7,28561107.0,261440.0,7.0,261440.0,0.009153706822358111,1.0,0.009153706822358111,2018-03-19,56,2017-04-10
Denmark,8,7,28495248.0,232302.0,7.0,232302.0,0.00815230665828913,1.0,0.00815230665828913,2018-03-19,56,2017-04-17
Denmark,9,7,29531952.0,198017.0,7.0,198017.0,0.006705178174473533,1.0,0.006705178174473533,2018-03-19,56,2017-04-24
Denmark,10,7,31419754.0,211344.0,12.0,211344.0,0.006726468959623299,1.7142857142857142,0.006726468959623299,2018-03-19,56,2017-05-01
Denmark,11,7,30878861.0,312726.0,19.0,265434.0,0.01012751085605133,2.7142857142857144,0.008595977681948825,2018-03-19,56,2017-05-08
Denmark,12,7,32538593.0,317467.0,14.0,317467.0,0.009756629612104002,2.0,0.009756629612104002,2018-03-19,56,2017-05-15
Denmark,13,7,31808357.0,312717.0,14.0,312717.0,0.009831284275387125,2.0,0.009831284275387125,2018-03-19,56,2017-05-22
Denmark,14,4,17087434.0,140898.0,8.0,140898.0,0.00824570851305117,2.0,0.00824570851305117,2018-03-19,56,2017-05-29
Denmark,15,7,30081690.0,220102.0,14.0,220102.0,0.007316809660627445,2.0,0.007316809660627445,2018-03-19,56,2017-06-05
Denmark,16,7,31694338.0,179652.0,11.0,179652.0,0.005668267941106705,1.5714285714285714,0.005668267941106705,2018-03-19,56,2017-06-12
Denmark,17,7,30251077.0,113190.0,7.0,113190.0,0.003741684965464205,1.0,0.003741684965464205,2018-03-19,56,2017-06-19
Denmark,18,7,27654828.0,95901.0,7.0,95901.0,0.0034677850825902802,1.0,0.0034677850825902802,2018-03-19,56,2017-06-26
Denmark,19,7,27712955.0,81274.0,7.0,81274.0,0.002932707825636061,1.0,0.002932707825636061,2018-03-19,56,2017-07-03
Denmark,20,7,26994131.0,75611.0,7.0,75611.0,0.00280101626535042,1.0,0.00280101626535042,2018-03-19,56,2017-07-10
Denmark,21,7,25546178.0,69641.0,7.0,69641.0,0.0027260829389038157,1.0,0.0027260829389038157,2018-03-19,56,2017-07-17
Denmark,22,7,25151608.0,67014.0,7.0,67014.0,0.0026644022123754473,1.0,0.0026644022123754473,2018-03-19,56,2017-07-24
Denmark,23,7,25240428.0,62623.0,7.0,62623.0,0.002481059354461026,1.0,0.002481059354461026,2018-03-19,56,2017-07-31
Denmark,24,7,25036470.0,58131.0,7.0,58131.0,0.002321852881017172,1.0,0.002321852881017172,2018-03-19,56,2017-08-07
Denmark,25,7,25370739.0,46122.0,6.0,46122.0,0.001817921030995589,0.8571428571428571,0.001817921030995589,2018-03-19,56,2017-08-14
Denmark,26,7,26340766.0,36736.0,5.0,36736.0,0.001394644331907432,0.7142857142857143,0.001394644331907432,2018-03-19,56,2017-08-21
Denmark,27,7,27056355.0,0.0,0.0,0.0,0.0,0.0,0.0,2018-03-19,56,2017-08-28
Denmark,28,7,26908821.0,0.0,0.0,0.0,0.0,0.0,0.0,2018-03-19,56,2017-09-04
Denmark,29,7,27503251.0,0.0,0.0,0.0,0.0,0.0,0.0,2018-03-19,56,2017-09-11
Denmark,30,7,28005786.0,7232.0,1.0,7232.0,0.0002582323524146046,0.14285714285714285,0.0002582323524146046,2018-03-19,56,2017-09-18
Denmark,31,7,28464626.0,0.0,0.0,0.0,0.0,0.0,0.0,2018-03-19,56,2017-09-25
Denmark,32,7,27848927.0,0.0,0.0,0.0,0.0,0.0,0.0,2018-03-19,56,2017-10-02
Denmark,33,7,27243943.0,0.0,0.0,0.0,0.0,0.0,0.0,2018-03-19,56,2017-10-09
Denmark,34,7,25775915.0,0.0,0.0,0.0,0.0,0.0,0.0,2018-03-19,56,2017-10-16
Denmark,35,7,26391931.0,0.0,0.0,0.0,0.0,0.0,0.0,2018-03-19,56,2017-10-23
Denmark,36,7,26853029.0,0.0,0.0,0.0,0.0,0.0,0.0,2018-03-19,56,2017-10-30
Denmark,37,7,27051486.0,0.0,0.0,0.0,0.0,0.0,0.0,2018-03-19,56,2017-11-06
Denmark,38,7,27444183.0,0.0,0.0,0.0,0.0,0.0,0.0,2018-03-19,56,2017-11-13
Denmark,39,7,28086710.0,0.0,0.0,0.0,0.0,0.0,0.0,2018-03-19,56,2017-11-20
Denmark,40,7,33075547.0,0.0,0.0,0.0,0.0,0.0,0.0,2018-03-19,56,2017-11-27
Denmark,41,7,32364549.0,0.0,0.0,0.0,0.0,0.0,0.0,2018-03-19,56,2017-12-04
Denmark,42,7,30711971.0,0.0,0.0,0.0,0.0,0.0,0.0,2018-03-19,56,2017-12-11
Denmark,43,7,37305569.0,0.0,0.0,0.0,0.0,0.0,0.0,2018-03-19,56,2017-12-18
Denmark,44,7,26068731.0,0.0,0.0,0.0,0.0,0.0,0.0,2018-03-19,56,2017-12-25
Denmark,45,7,22788077.0,0.0,0.0,0.0,0.0,0.0,0.0,2018-03-19,56,2018-01-01
Denmark,46,7,24968352.0,0.0,0.0,0.0,0.0,0.0,0.0,2018-03-19,56,2018-01-08
Denmark,47,7,25302531.0,22172.0,2.0,22172.0,0.0008762759741308093,0.2857142857142857,0.0008762759741308093,2018-03-19,56,2018-01-15
Denmark,48,7,24724205.0,67500.0,7.0,67500.0,0.0027301181170436015,1.0,0.0027301181170436015,2018-03-19,56,2018-01-22
Denmark,49,7,24586348.0,51804.0,6.0,51804.0,0.002107022970633947,0.8571428571428571,0.002107022970633947,2018-03-19,56,2018-01-29
Denmark,50,7,24663001.0,16986.0,2.0,16986.0,0.000688723971588048,0.2857142857142857,0.000688723971588048,2018-03-19,56,2018-02-05
Denmark,51,7,23792459.0,22961.0,3.0,22961.0,0.0009650536752001969,0.42857142857142855,0.0009650536752001969,2018-03-19,56,2018-02-12
Denmark,52,7,24700229.0,0.0,0.0,0.0,0.0,0.0,0.0,2018-03-19,56,2018-02-19
Denmark,53,7,25403107.0,0.0,0.0,0.0,0.0,0.0,0.0,2018-03-19,56,2018-02-26
Denmark,54,7,26163117.0,0.0,0.0,0.0,0.0,0.0,0.0,2018-03-19,56,2018-03-05
Denmark,55,7,26083114.0,8117.0,1.0,8117.0,0.00031119750502183136,0.14285714285714285,0.00031119750502183136,2018-03-19,56,2018-03-12
Denmark,56,7,26277235.0,40586.0,4.0,40586.0,0.0015445308458062654,0.5714285714285714,0.0015445308458062654,2018-03-19,56,2018-03-19
Denmark,57,7,24197522.0,26345.0,3.0,26345.0,0.0010887478478168137,0.42857142857142855,0.0010887478478168137,2018-03-19,56,2018-03-26
Denmark,58,7,24584218.0,42108.0,5.0,42108.0,0.0017128061588129425,0.7142857142857143,0.0017128061588129425,2018-03-19,56,2018-04-02
Denmark,59,7,25573139.0,0.0,0.0,0.0,0.0,0.0,0.0,2018-03-19,56,2018-04-09
Denmark,60,7,27674632.0,0.0,0.0,0.0,0.0,0.0,0.0,2018-03-19,56,2018-04-16
Denmark,61,7,27769306.0,0.0,0.0,0.0,0.0,0.0,0.0,2018-03-19,56,2018-04-23
Denmark,62,7,28524674.0,0.0,0.0,0.0,0.0,0.0,0.0,2018-03-19,56,2018-04-30
Denmark,63,7,28293103.0,0.0,0.0,0.0,0.0,0.0,0.0,2018-03-19,56,2018-05-07
Denmark,64,7,27051887.0,0.0,0.0,0.0,0.0,0.0,0.0,2018-03-19,56,2018-05-14
Denmark,65,7,25921363.0,0.0,0.0,0.0,0.0,0.0,0.0,2018-03-19,56,2018-05-21
Denmark,66,7,27310171.0,0.0,0.0,0.0,0.0,0.0,0.0,2018-03-19,56,2018-05-28
Denmark,67,7,27468078.0,0.0,0.0,0.0,0.0,0.0,0.0,2018-03-19,56,2018-06-04
Denmark,68,7,26885735.0,0.0,0.0,0.0,0.0,0.0,0.0,2018-03-19,56,2018-06-11
Denmark,69,7,29197705.0,0.0,0.0,0.0,0.0,0.0,0.0,2018-03-19,56,2018-06-18
Denmark,70,7,27904611.0,0.0,0.0,0.0,0.0,0.0,0.0,2018-03-19,56,2018-06-25
Denmark,71,7,24935477.0,0.0,0.0,0.0,0.0,0.0,0.0,2018-03-19,56,2018-07-02
Denmark,72,7,24610841.0,0.0,0.0,0.0,0.0,0.0,0.0,2018-03-19,56,2018-07-09
Denmark,73,7,23996414.0,0.0,0.0,0.0,0.0,0.0,0.0,2018-03-19,56,2018-07-16
Denmark,74,7,23462903.0,0.0,0.0,0.0,0.0,0.0,0.0,2018-03-19,56,2018-07-23
Denmark,75,7,25158104.0,0.0,0.0,0.0,0.0,0.0,0.0,2018-03-19,56,2018-07-30
Denmark,76,7,24269668.0,0.0,0.0,0.0,0.0,0.0,0.0,2018-03-19,56,2018-08-06
Denmark,77,7,24038297.0,0.0,0.0,0.0,0.0,0.0,0.0,2018-03-19,56,2018-08-13
Denmark,78,7,24517484.0,0.0,0.0,0.0,0.0,0.0,0.0,2018-03-19,56,2018-08-20
Denmark,79,7,25075857.0,0.0,0.0,0.0,0.0,0.0,0.0,2018-03-19,56,2018-08-27
Denmark,80,7,25675669.0,0.0,0.0,0.0,0.0,0.0,0.0,2018-03-19,56,2018-09-03
Denmark,81,7,26054780.0,0.0,0.0,0.0,0.0,0.0,0.0,2018-03-19,56,2018-09-10
Denmark,82,7,25761760.0,0.0,0.0,0.0,0.0,0.0,0.0,2018-03-19,56,2018-09-17
Denmark,83,7,25821619.0,0.0,0.0,0.0,0.0,0.0,0.0,2018-03-19,56,2018-09-24
Denmark,84,7,29477733.0,0.0,0.0,0.0,0.0,0.0,0.0,2018-03-19,56,2018-10-01
Denmark,85,7,26105247.0,0.0,0.0,0.0,0.0,0.0,0.0,2018-03-19,56,2018-10-08
Denmark,86,7,24543781.0,0.0,0.0,0.0,0.0,0.0,0.0,2018-03-19,56,2018-10-15
Denmark,87,7,26103875.0,0.0,0.0,0.0,0.0,0.0,0.0,2018-03-19,56,2018-10-22
Denmark,88,7,26104872.0,0.0,0.0,0.0,0.0,0.0,0.0,2018-03-19,56,2018-10-29
Denmark,89,7,25443294.0,0.0,0.0,0.0,0.0,0.0,0.0,2018-03-19,56,2018-11-05
Denmark,90,7,25228785.0,0.0,0.0,0.0,0.0,0.0,0.0,2018-03-19,56,2018-11-12
Denmark,91,7,26038841.0,0.0,0.0,0.0,0.0,0.0,0.0,2018-03-19,56,2018-11-19
Denmark,92,7,31985561.0,0.0,0.0,0.0,0.0,0.0,0.0,2018-03-19,56,2018-11-26
Denmark,93,7,32149040.0,0.0,0.0,0.0,0.0,0.0,0.0,2018-03-19,56,2018-12-03
Denmark,94,7,29999270.0,0.0,0.0,0.0,0.0,0.0,0.0,2018-03-19,56,2018-12-10
Denmark,95,7,33678034.0,0.0,0.0,0.0,0.0,0.0,0.0,2018-03-19,56,2018-12-17
Denmark,96,7,28371497.0,0.0,0.0,0.0,0.0,0.0,0.0,2018-03-19,56,2018-12-24
Denmark,97,1,6126729.0,0.0,0.0,0.0,0.0,0.0,0.0,2018-03-19,56,2018-12-31
Dominican Republic,1,5,2077381.0,0.0,0.0,0.0,0.0,0.0,0.0,,0,2017-02-27
Dominican Republic,2,7,2770636.0,0.0,0.0,0.0,0.0,0.0,0.0,,0,2017-03-06
Dominican Republic,3,7,2727423.0,0.0,0.0,0.0,0.0,0.0,0.0,,0,2017-03-13
Dominican Republic,4,7,2760792.0,0.0,0.0,0.0,0.0,0.0,0.0,,0,2017-03-20
Dominican Republic,5,7,2667580.0,0.0,0.0,0.0,0.0,0.0,0.0,,0,2017-03-27
Dominican Republic,6,7,2611324.0,6205.0,3.0,6205.0,0.002376189243464235,0.42857142857142855,0.002376189243464235,,0,2017-04-03
Dominican Republic,7,7,2671348.0,11907.0,7.0,11907.0,0.004457300209482254,1.0,0.004457300209482254,,0,2017-04-10
Dominican Republic,8,7,2535113.0,11093.0,7.0,11093.0,0.004375741830837521,1.0,0.004375741830837521,,0,2017-04-17
Dominican Republic,9,7,2683393.0,11150.0,7.0,11150.0,0.0041551871082618165,1.0,0.0041551871082618165,,0,2017-04-24
Dominican Republic,10,7,2688461.0,11609.0,7.0,11609.0,0.004318083840531814,1.0,0.004318083840531814,,0,2017-05-01
Dominican Republic,11,7,2794715.0,22517.0,14.0,18238.0,0.008056993289118927,2.0,0.006525889044142247,,0,2017-05-08
Dominican Republic,12,7,2766974.0,18352.0,9.0,18352.0,0.006632516243376338,1.2857142857142858,0.006632516243376338,,0,2017-05-15
Dominican Republic,13,7,2800413.0,16045.0,7.0,16045.0,0.005729512039831268,1.0,0.005729512039831268,,0,2017-05-22
Dominican Republic,14,4,1560807.0,7614.0,4.0,7614.0,0.004878245676755678,1.0,0.004878245676755678,,0,2017-05-29
Dominican Republic,15,7,2675223.0,12622.0,7.0,12622.0,0.004718111349969703,1.0,0.004718111349969703,,0,2017-06-05
Dominican Republic,16,7,2733236.0,11901.0,7.0,11901.0,0.00435417944151182,1.0,0.00435417944151182,,0,2017-06-12
Dominican Republic,17,7,2700457.0,10707.0,7.0,10707.0,0.003964884462148444,1.0,0.003964884462148444,,0,2017-06-19
Dominican Republic,18,7,2735085.0,9913.0,7.0,9913.0,0.0036243846169314664,1.0,0.0036243846169314664,,0,2017-06-26
Dominican Republic,19,7,2806821.0,7061.0,6.0,7061.0,0.0025156573931860993,0.8571428571428571,0.0025156573931860993,,0,2017-07-03
Dominican Republic,20,7,2915643.0,5431.0,5.0,5431.0,0.0018627109011631396,0.7142857142857143,0.0018627109011631396,,0,2017-07-10
Dominican Republic,21,7,3182364.0,3197.0,3.0,3197.0,0.0010045990967720853,0.42857142857142855,0.0010045990967720853,,0,2017-07-17
Dominican Republic,22,7,3270005.0,1011.0,1.0,1011.0,0.00030917383918373215,0.14285714285714285,0.00030917383918373215,,0,2017-07-24
Dominican Republic,23,7,3186890.0,0.0,0.0,0.0,0.0,0.0,0.0,,0,2017-07-31
Dominican Republic,24,7,3326052.0,0.0,0.0,0.0,0.0,0.0,0.0,,0,2017-08-07
Dominican Republic,25,7,3280310.0,0.0,0.0,0.0,0.0,0.0,0.0,,0,2017-08-14
Dominican Republic,26,7,3225858.0,0.0,0.0,0.0,0.0,0.0,0.0,,0,2017-08-21
Dominican Republic,27,7,3231827.0,0.0,0.0,0.0,0.0,0.0,0.0,,0,2017-08-28
Dominican Republic,28,7,2938352.0,0.0,0.0,0.0,0.0,0.0,0.0,,0,2017-09-04
Dominican Republic,29,7,3101176.0,0.0,0.0,0.0,0.0,0.0,0.0,,0,2017-09-11
Dominican Republic,30,7,2879432.0,0.0,0.0,0.0,0.0,0.0,0.0,,0,2017-09-18
Dominican Republic,31,7,2972086.0,0.0,0.0,0.0,0.0,0.0,0.0,,0,2017-09-25
Dominican Republic,32,7,2959187.0,0.0,0.0,0.0,0.0,0.0,0.0,,0,2017-10-02
Dominican Republic,33,7,2818704.0,0.0,0.0,0.0,0.0,0.0,0.0,,0,2017-10-09
Dominican Republic,34,7,2793275.0,0.0,0.0,0.0,0.0,0.0,0.0,,0,2017-10-16
Dominican Republic,35,7,2924176.0,0.0,0.0,0.0,0.0,0.0,0.0,,0,2017-10-23
Dominican Republic,36,7,2976568.0,0.0,0.0,0.0,0.0,0.0,0.0,,0,2017-10-30
Dominican Republic,37,7,3025364.0,0.0,0.0,0.0,0.0,0.0,0.0,,0,2017-11-06
Dominican Republic,38,7,3065275.0,0.0,0.0,0.0,0.0,0.0,0.0,,0,2017-11-13
Dominican Republic,39,7,3167768.0,0.0,0.0,0.0,0.0,0.0,0.0,,0,2017-11-20
Dominican Republic,40,7,3247933.0,0.0,0.0,0.0,0.0,0.0,0.0,,0,2017-11-27
Dominican Republic,41,7,3345204.0,0.0,0.0,0.0,0.0,0.0,0.0,,0,2017-12-04
Dominican Republic,42,7,3402609.0,0.0,0.0,0.0,0.0,0.0,0.0,,0,2017-12-11
Dominican Republic,43,7,3587728.0,0.0,0.0,0.0,0.0,0.0,0.0,,0,2017-12-18
Dominican Republic,44,7,3407836.0,0.0,0.0,0.0,0.0,0.0,0.0,,0,2017-12-25
Dominican Republic,45,7,3155396.0,0.0,0.0,0.0,0.0,0.0,0.0,,0,2018-01-01
Dominican Republic,46,7,3349776.0,0.0,0.0,0.0,0.0,0.0,0.0,,0,2018-01-08
Dominican Republic,47,7,3402069.0,0.0,0.0,0.0,0.0,0.0,0.0,,0,2018-01-15
Dominican Republic,48,7,3461807.0,0.0,0.0,0.0,0.0,0.0,0.0,,0,2018-01-22
Dominican Republic,49,7,3335171.0,0.0,0.0,0.0,0.0,0.0,0.0,,0,2018-01-29
Dominican Republic,50,7,3364763.0,0.0,0.0,0.0,0.0,0.0,0.0,,0,2018-02-05
Dominican Republic,51,7,3343995.0,0.0,0.0,0.0,0.0,0.0,0.0,,0,2018-02-12
Dominican Republic,52,7,3407198.0,0.0,0.0,0.0,0.0,0.0,0.0,,0,2018-02-19
Dominican Republic,53,7,3385984.0,0.0,0.0,0.0,0.0,0.0,0.0,,0,2018-02-26
Dominican Republic,54,7,3257986.0,0.0,0.0,0.0,0.0,0.0,0.0,,0,2018-03-05
Dominican Republic,55,7,3157335.0,0.0,0.0,0.0,0.0,0.0,0.0,,0,2018-03-12
Dominican Republic,56,7,3237400.0,0.0,0.0,0.0,0.0,0.0,0.0,,0,2018-03-19
Dominican Republic,57,7,3330019.0,0.0,0.0,0.0,0.0,0.0,0.0,,0,2018-03-26
Dominican Republic,58,7,3177324.0,0.0,0.0,0.0,0.0,0.0,0.0,,0,2018-04-02
Dominican Republic,59,7,3335022.0,0.0,0.0,0.0,0.0,0.0,0.0,,0,2018-04-09
Dominican Republic,60,7,3420118.0,0.0,0.0,0.0,0.0,0.0,0.0,,0,2018-04-16
Dominican Republic,61,7,3354594.0,0.0,0.0,0.0,0.0,0.0,0.0,,0,2018-04-23
Dominican Republic,62,7,3021998.0,0.0,0.0,0.0,0.0,0.0,0.0,,0,2018-04-30
Dominican Republic,63,7,3079377.0,0.0,0.0,0.0,0.0,0.0,0.0,,0,2018-05-07
Dominican Republic,64,7,3047632.0,0.0,0.0,0.0,0.0,0.0,0.0,,0,2018-05-14
Dominican Republic,65,7,3148671.0,0.0,0.0,0.0,0.0,0.0,0.0,,0,2018-05-21
Dominican Republic,66,7,3191529.0,0.0,0.0,0.0,0.0,0.0,0.0,,0,2018-05-28
Dominican Republic,67,7,3099153.0,0.0,0.0,0.0,0.0,0.0,0.0,,0,2018-06-04
Dominican Republic,68,7,3113168.0,0.0,0.0,0.0,0.0,0.0,0.0,,0,2018-06-11
Dominican Republic,69,7,3235025.0,0.0,0.0,0.0,0.0,0.0,0.0,,0,2018-06-18
Dominican Republic,70,7,3708810.0,0.0,0.0,0.0,0.0,0.0,0.0,,0,2018-06-25
Dominican Republic,71,7,3844416.0,0.0,0.0,0.0,0.0,0.0,0.0,,0,2018-07-02
Dominican Republic,72,7,3835127.0,0.0,0.0,0.0,0.0,0.0,0.0,,0,2018-07-09
Dominican Republic,73,7,4288772.0,0.0,0.0,0.0,0.0,0.0,0.0,,0,2018-07-16
Dominican Republic,74,7,4038063.0,0.0,0.0,0.0,0.0,0.0,0.0,,0,2018-07-23
Dominican Republic,75,7,3909094.0,0.0,0.0,0.0,0.0,0.0,0.0,,0,2018-07-30
Dominican Republic,76,7,3812850.0,0.0,0.0,0.0,0.0,0.0,0.0,,0,2018-08-06
Dominican Republic,77,7,3847746.0,0.0,0.0,0.0,0.0,0.0,0.0,,0,2018-08-13
Dominican Republic,78,7,4070608.0,0.0,0.0,0.0,0.0,0.0,0.0,,0,2018-08-20
Dominican Republic,79,7,3910474.0,0.0,0.0,0.0,0.0,0.0,0.0,,0,2018-08-27
Dominican Republic,80,7,3831080.0,0.0,0.0,0.0,0.0,0.0,0.0,,0,2018-09-03
Dominican Republic,81,7,3894647.0,0.0,0.0,0.0,0.0,0.0,0.0,,0,2018-09-10
Dominican Republic,82,7,3773389.0,0.0,0.0,0.0,0.0,0.0,0.0,,0,2018-09-17
Dominican Republic,83,7,3655693.0,0.0,0.0,0.0,0.0,0.0,0.0,,0,2018-09-24
Dominican Republic,84,7,3661518.0,0.0,0.0,0.0,0.0,0.0,0.0,,0,2018-10-01
Dominican Republic,85,7,3725444.0,0.0,0.0,0.0,0.0,0.0,0.0,,0,2018-10-08
Dominican Republic,86,7,3719886.0,0.0,0.0,0.0,0.0,0.0,0.0,,0,2018-10-15
Dominican Republic,87,7,3629313.0,0.0,0.0,0.0,0.0,0.0,0.0,,0,2018-10-22
Dominican Republic,88,7,3744748.0,0.0,0.0,0.0,0.0,0.0,0.0,,0,2018-10-29
Dominican Republic,89,7,3698024.0,0.0,0.0,0.0,0.0,0.0,0.0,,0,2018-11-05
Dominican Republic,90,7,3725789.0,0.0,0.0,0.0,0.0,0.0,0.0,,0,2018-11-12
Dominican Republic,91,7,3759132.0,0.0,0.0,0.0,0.0,0.0,0.0,,0,2018-11-19
Dominican Republic,92,7,3697971.0,0.0,0.0,0.0,0.0,0.0,0.0,,0,2018-11-26
Dominican Republic,93,7,3674401.0,0.0,0.0,0.0,0.0,0.0,0.0,,0,2018-12-03
Dominican Republic,94,7,3866382.0,0.0,0.0,0.0,0.0,0.0,0.0,,0,2018-12-10
Dominican Republic,95,7,4122547.0,0.0,0.0,0.0,0.0,0.0,0.0,,0,2018-12-17
Dominican Republic,96,7,5020408.0,0.0,0.0,0.0,0.0,0.0,0.0,,0,2018-12-24
Dominican Republic,97,1,683443.0,0.0,0.0,0.0,0.0,0.0,0.0,,0,2018-12-31
Ecuador,1,5,3765060.0,0.0,0.0,0.0,0.0,0.0,0.0,,0,2017-02-27
Ecuador,2,7,5318281.0,0.0,0.0,0.0,0.0,0.0,0.0,,0,2017-03-06
Ecuador,3,7,5197281.0,0.0,0.0,0.0,0.0,0.0,0.0,,0,2017-03-13
Ecuador,4,7,5061682.0,0.0,0.0,0.0,0.0,0.0,0.0,,0,2017-03-20
Ecuador,5,7,4980797.0,0.0,0.0,0.0,0.0,0.0,0.0,,0,2017-03-27
Ecuador,6,7,4960022.0,11774.0,3.0,11774.0,0.0023737797937186567,0.42857142857142855,0.0023737797937186567,,0,2017-04-03
Ecuador,7,7,4995627.0,22161.0,7.0,22161.0,0.004436079795389047,1.0,0.004436079795389047,,0,2017-04-10
Ecuador,8,7,5396456.0,19167.0,7.0,19167.0,0.0035517754615251194,1.0,0.0035517754615251194,,0,2017-04-17
Ecuador,9,7,5671525.0,19909.0,7.0,19909.0,0.0035103433379911047,1.0,0.0035103433379911047,,0,2017-04-24
Ecuador,10,7,5834068.0,25884.0,8.0,25884.0,0.004436698372387843,1.1428571428571428,0.004436698372387843,,0,2017-05-01
Ecuador,11,7,5780240.0,40400.0,12.0,36721.0,0.006989329162802929,1.7142857142857142,0.0063528504006754045,,0,2017-05-08
Ecuador,12,7,5940826.0,50147.0,12.0,50147.0,0.008441082098684594,1.7142857142857142,0.008441082098684594,,0,2017-05-15
Ecuador,13,7,6048589.0,46435.0,10.0,46435.0,0.007676997064935309,1.4285714285714286,0.007676997064935309,,0,2017-05-22
Ecuador,14,4,3372430.0,20810.0,4.0,20810.0,0.006170624742396432,1.0,0.006170624742396432,,0,2017-05-29
Ecuador,15,7,5934572.0,34189.0,7.0,34189.0,0.0057609883240105604,1.0,0.0057609883240105604,,0,2017-06-05
Ecuador,16,7,5948330.0,28231.0,7.0,28231.0,0.004746037963596505,1.0,0.004746037963596505,,0,2017-06-12
Ecuador,17,7,5773116.0,25334.0,7.0,25334.0,0.004388271429155416,1.0,0.004388271429155416,,0,2017-06-19
Ecuador,18,7,5686112.0,23412.0,7.0,23412.0,0.004117400431085424,1.0,0.004117400431085424,,0,2017-06-26
Ecuador,19,7,6066404.0,21032.0,7.0,21032.0,0.0034669632948943064,1.0,0.0034669632948943064,,0,2017-07-03
Ecuador,20,7,6276838.0,19717.0,7.0,19717.0,0.0031412313014928853,1.0,0.0031412313014928853,,0,2017-07-10
Ecuador,21,7,6165761.0,19515.0,7.0,19515.0,0.003165059430620162,1.0,0.003165059430620162,,0,2017-07-17
Ecuador,22,7,6009923.0,17316.0,7.0,17316.0,0.0028812349176520233,1.0,0.0028812349176520233,,0,2017-07-24
Ecuador,23,7,6055236.0,16618.0,7.0,16618.0,0.002744401704574355,1.0,0.002744401704574355,,0,2017-07-31
Ecuador,24,7,6129227.0,15482.0,7.0,15482.0,0.0025259302682051096,1.0,0.0025259302682051096,,0,2017-08-07
Ecuador,25,7,6247585.0,13875.0,7.0,13875.0,0.0022208581395851356,1.0,0.0022208581395851356,,0,2017-08-14
Ecuador,26,7,6220816.0,9653.0,5.0,9653.0,0.0015517256900059414,0.7142857142857143,0.0015517256900059414,,0,2017-08-21
Ecuador,27,7,6205474.0,11206.0,6.0,11206.0,0.0018058249861332108,0.8571428571428571,0.0018058249861332108,,0,2017-08-28
Ecuador,28,7,6220849.0,7613.0,4.0,7613.0,0.0012237879427711555,0.5714285714285714,0.0012237879427711555,,0,2017-09-04
Ecuador,29,7,6368938.0,7398.0,4.0,7398.0,0.0011615751323062024,0.5714285714285714,0.0011615751323062024,,0,2017-09-11
Ecuador,30,7,6469425.0,3751.0,2.0,3751.0,0.0005798042329882485,0.2857142857142857,0.0005798042329882485,,0,2017-09-18
Ecuador,31,7,6288136.0,6958.0,4.0,6958.0,0.0011065282303054514,0.5714285714285714,0.0011065282303054514,,0,2017-09-25
Ecuador,32,7,6275046.0,0.0,0.0,0.0,0.0,0.0,0.0,,0,2017-10-02
Ecuador,33,7,6280146.0,1742.0,1.0,1742.0,0.00027738208634003094,0.14285714285714285,0.00027738208634003094,,0,2017-10-09
Ecuador,34,7,6425873.0,3638.0,2.0,3638.0,0.0005661487551963756,0.2857142857142857,0.0005661487551963756,,0,2017-10-16
Ecuador,35,7,6518149.0,0.0,0.0,0.0,0.0,0.0,0.0,,0,2017-10-23
Ecuador,36,7,6601309.0,0.0,0.0,0.0,0.0,0.0,0.0,,0,2017-10-30
Ecuador,37,7,6724060.0,1843.0,1.0,1843.0,0.00027409035612412737,0.14285714285714285,0.00027409035612412737,,0,2017-11-06
Ecuador,38,7,6889149.0,0.0,0.0,0.0,0.0,0.0,0.0,,0,2017-11-13
Ecuador,39,7,7070753.0,0.0,0.0,0.0,0.0,0.0,0.0,,0,2017-11-20
Ecuador,40,7,7127049.0,0.0,0.0,0.0,0.0,0.0,0.0,,0,2017-11-27
Ecuador,41,7,7168774.0,0.0,0.0,0.0,0.0,0.0,0.0,,0,2017-12-04
Ecuador,42,7,7097573.0,0.0,0.0,0.0,0.0,0.0,0.0,,0,2017-12-11
Ecuador,43,7,7416187.0,1818.0,1.0,1818.0,0.0002451394496929487,0.14285714285714285,0.0002451394496929487,,0,2017-12-18
Ecuador,44,7,7435517.0,0.0,0.0,0.0,0.0,0.0,0.0,,0,2017-12-25
Ecuador,45,7,7066048.0,3737.0,2.0,3737.0,0.0005288670555308994,0.2857142857142857,0.0005288670555308994,,0,2018-01-01
Ecuador,46,7,7289693.0,3837.0,2.0,3837.0,0.0005263596148699266,0.2857142857142857,0.0005263596148699266,,0,2018-01-08
Ecuador,47,7,7244977.0,0.0,0.0,0.0,0.0,0.0,0.0,,0,2018-01-15
Ecuador,48,7,7287733.0,0.0,0.0,0.0,0.0,0.0,0.0,,0,2018-01-22
Ecuador,49,7,7338719.0,0.0,0.0,0.0,0.0,0.0,0.0,,0,2018-01-29
Ecuador,50,7,7521814.0,0.0,0.0,0.0,0.0,0.0,0.0,,0,2018-02-05
Ecuador,51,7,7284382.0,0.0,0.0,0.0,0.0,0.0,0.0,,0,2018-02-12
Ecuador,52,7,7407603.0,0.0,0.0,0.0,0.0,0.0,0.0,,0,2018-02-19
Ecuador,53,7,7427942.0,0.0,0.0,0.0,0.0,0.0,0.0,,0,2018-02-26
Ecuador,54,7,7376568.0,0.0,0.0,0.0,0.0,0.0,0.0,,0,2018-03-05
Ecuador,55,7,7321771.0,0.0,0.0,0.0,0.0,0.0,0.0,,0,2018-03-12
Ecuador,56,7,7396914.0,0.0,0.0,0.0,0.0,0.0,0.0,,0,2018-03-19
Ecuador,57,7,7076649.0,0.0,0.0,0.0,0.0,0.0,0.0,,0,2018-03-26
Ecuador,58,7,6945843.0,0.0,0.0,0.0,0.0,0.0,0.0,,0,2018-04-02
Ecuador,59,7,6897070.0,0.0,0.0,0.0,0.0,0.0,0.0,,0,2018-04-09
Ecuador,60,7,7011670.0,0.0,0.0,0.0,0.0,0.0,0.0,,0,2018-04-16
Ecuador,61,7,7088947.0,0.0,0.0,0.0,0.0,0.0,0.0,,0,2018-04-23
Ecuador,62,7,6990540.0,0.0,0.0,0.0,0.0,0.0,0.0,,0,2018-04-30
Ecuador,63,7,7162232.0,0.0,0.0,0.0,0.0,0.0,0.0,,0,2018-05-07
Ecuador,64,7,7107865.0,0.0,0.0,0.0,0.0,0.0,0.0,,0,2018-05-14
Ecuador,65,7,7279339.0,0.0,0.0,0.0,0.0,0.0,0.0,,0,2018-05-21
Ecuador,66,7,7304281.0,0.0,0.0,0.0,0.0,0.0,0.0,,0,2018-05-28
Ecuador,67,7,7379304.0,0.0,0.0,0.0,0.0,0.0,0.0,,0,2018-06-04
Ecuador,68,7,7043416.0,0.0,0.0,0.0,0.0,0.0,0.0,,0,2018-06-11
Ecuador,69,7,6936883.0,0.0,0.0,0.0,0.0,0.0,0.0,,0,2018-06-18
Ecuador,70,7,7077869.0,0.0,0.0,0.0,0.0,0.0,0.0,,0,2018-06-25
Ecuador,71,7,7335318.0,0.0,0.0,0.0,0.0,0.0,0.0,,0,2018-07-02
Ecuador,72,7,7533777.0,0.0,0.0,0.0,0.0,0.0,0.0,,0,2018-07-09
Ecuador,73,7,7571417.0,0.0,0.0,0.0,0.0,0.0,0.0,,0,2018-07-16
Ecuador,74,7,7571792.0,0.0,0.0,0.0,0.0,0.0,0.0,,0,2018-07-23
Ecuador,75,7,7519206.0,0.0,0.0,0.0,0.0,0.0,0.0,,0,2018-07-30
Ecuador,76,7,7568466.0,0.0,0.0,0.0,0.0,0.0,0.0,,0,2018-08-06
Ecuador,77,7,7526150.0,0.0,0.0,0.0,0.0,0.0,0.0,,0,2018-08-13
Ecuador,78,7,7513743.0,0.0,0.0,0.0,0.0,0.0,0.0,,0,2018-08-20
Ecuador,79,7,7455432.0,0.0,0.0,0.0,0.0,0.0,0.0,,0,2018-08-27
Ecuador,80,7,7539390.0,0.0,0.0,0.0,0.0,0.0,0.0,,0,2018-09-03
Ecuador,81,7,7810104.0,0.0,0.0,0.0,0.0,0.0,0.0,,0,2018-09-10
Ecuador,82,7,7851530.0,0.0,0.0,0.0,0.0,0.0,0.0,,0,2018-09-17
Ecuador,83,7,8135528.0,0.0,0.0,0.0,0.0,0.0,0.0,,0,2018-09-24
Ecuador,84,7,8298396.0,0.0,0.0,0.0,0.0,0.0,0.0,,0,2018-10-01
Ecuador,85,7,8612108.0,0.0,0.0,0.0,0.0,0.0,0.0,,0,2018-10-08
Ecuador,86,7,8948724.0,0.0,0.0,0.0,0.0,0.0,0.0,,0,2018-10-15
Ecuador,87,7,9050871.0,0.0,0.0,0.0,0.0,0.0,0.0,,0,2018-10-22
Ecuador,88,7,9125864.0,0.0,0.0,0.0,0.0,0.0,0.0,,0,2018-10-29
Ecuador,89,7,9440120.0,0.0,0.0,0.0,0.0,0.0,0.0,,0,2018-11-05
Ecuador,90,7,9539867.0,0.0,0.0,0.0,0.0,0.0,0.0,,0,2018-11-12
Ecuador,91,7,9384515.0,0.0,0.0,0.0,0.0,0.0,0.0,,0,2018-11-19
Ecuador,92,7,9293228.0,0.0,0.0,0.0,0.0,0.0,0.0,,0,2018-11-26
Ecuador,93,7,9255802.0,0.0,0.0,0.0,0.0,0.0,0.0,,0,2018-12-03
Ecuador,94,7,9397059.0,0.0,0.0,0.0,0.0,0.0,0.0,,0,2018-12-10
Ecuador,95,7,9754644.0,0.0,0.0,0.0,0.0,0.0,0.0,,0,2018-12-17
Ecuador,96,7,9792076.0,0.0,0.0,0.0,0.0,0.0,0.0,,0,2018-12-24
Ecuador,97,1,1482378.0,0.0,0.0,0.0,0.0,0.0,0.0,,0,2018-12-31
El Salvador,1,5,1074312.0,0.0,0.0,0.0,0.0,0.0,0.0,,0,2017-02-27
El Salvador,2,7,1456553.0,0.0,0.0,0.0,0.0,0.0,0.0,,0,2017-03-06
El Salvador,3,7,1348722.0,0.0,0.0,0.0,0.0,0.0,0.0,,0,2017-03-13
El Salvador,4,7,1315697.0,0.0,0.0,0.0,0.0,0.0,0.0,,0,2017-03-20
El Salvador,5,7,1357812.0,0.0,0.0,0.0,0.0,0.0,0.0,,0,2017-03-27
El Salvador,6,7,1384648.0,6272.0,3.0,6272.0,0.004529671078859031,0.42857142857142855,0.004529671078859031,,0,2017-04-03
El Salvador,7,7,1224202.0,11529.0,7.0,11529.0,0.009417563441327494,1.0,0.009417563441327494,,0,2017-04-10
El Salvador,8,7,1393867.0,10650.0,7.0,10650.0,0.0076406142049420785,1.0,0.0076406142049420785,,0,2017-04-17
El Salvador,9,7,1473561.0,10551.0,7.0,10551.0,0.00716020578720528,1.0,0.00716020578720528,,0,2017-04-24
El Salvador,10,7,1512026.0,11730.0,7.0,11730.0,0.007757803106560337,1.0,0.007757803106560337,,0,2017-05-01
El Salvador,11,7,1455897.0,18340.0,10.0,18340.0,0.012597044983264612,1.4285714285714286,0.012597044983264612,,0,2017-05-08
El Salvador,12,7,1491315.0,16257.0,7.0,16257.0,0.010901117470152181,1.0,0.010901117470152181,,0,2017-05-15
El Salvador,13,7,1493241.0,15657.0,7.0,15657.0,0.010485246520822828,1.0,0.010485246520822828,,0,2017-05-22
El Salvador,14,4,812481.0,8114.0,4.0,8114.0,0.009986695073484795,1.0,0.009986695073484795,,0,2017-05-29
El Salvador,15,7,1418462.0,13546.0,7.0,13546.0,0.009549779972956625,1.0,0.009549779972956625,,0,2017-06-05
El Salvador,16,7,1369907.0,13162.0,7.0,13162.0,0.009607951488677699,1.0,0.009607951488677699,,0,2017-06-12
El Salvador,17,7,1418204.0,12296.0,7.0,12296.0,0.008670120800674657,1.0,0.008670120800674657,,0,2017-06-19
El Salvador,18,7,1439088.0,10826.0,7.0,10826.0,0.007522820008227433,1.0,0.007522820008227433,,0,2017-06-26
El Salvador,19,7,1589860.0,9745.0,7.0,9745.0,0.006129470519416804,1.0,0.006129470519416804,,0,2017-07-03
El Salvador,20,7,1642724.0,9172.0,7.0,9172.0,0.005583409020626715,1.0,0.005583409020626715,,0,2017-07-10
El Salvador,21,7,1651588.0,8471.0,7.0,8471.0,0.005129003117000123,1.0,0.005129003117000123,,0,2017-07-17
El Salvador,22,7,1670434.0,8082.0,7.0,8082.0,0.004838263588983462,1.0,0.004838263588983462,,0,2017-07-24
El Salvador,23,7,1597947.0,6569.0,6.0,6569.0,0.004110899798303699,0.8571428571428571,0.004110899798303699,,0,2017-07-31
El Salvador,24,7,1610634.0,6455.0,6.0,6455.0,0.004007738567545451,0.8571428571428571,0.004007738567545451,,0,2017-08-07
El Salvador,25,7,1664760.0,1009.0,1.0,1009.0,0.0006060933708162137,0.14285714285714285,0.0006060933708162137,,0,2017-08-14
El Salvador,26,7,1662184.0,0.0,0.0,0.0,0.0,0.0,0.0,,0,2017-08-21
El Salvador,27,7,1744971.0,0.0,0.0,0.0,0.0,0.0,0.0,,0,2017-08-28
El Salvador,28,7,1741864.0,0.0,0.0,0.0,0.0,0.0,0.0,,0,2017-09-04
El Salvador,29,7,1692227.0,0.0,0.0,0.0,0.0,0.0,0.0,,0,2017-09-11
El Salvador,30,7,1637916.0,0.0,0.0,0.0,0.0,0.0,0.0,,0,2017-09-18
El Salvador,31,7,1663168.0,0.0,0.0,0.0,0.0,0.0,0.0,,0,2017-09-25
El Salvador,32,7,1588395.0,0.0,0.0,0.0,0.0,0.0,0.0,,0,2017-10-02
El Salvador,33,7,1634573.0,0.0,0.0,0.0,0.0,0.0,0.0,,0,2017-10-09
El Salvador,34,7,1649217.0,0.0,0.0,0.0,0.0,0.0,0.0,,0,2017-10-16
El Salvador,35,7,1618279.0,0.0,0.0,0.0,0.0,0.0,0.0,,0,2017-10-23
El Salvador,36,7,1647009.0,0.0,0.0,0.0,0.0,0.0,0.0,,0,2017-10-30
El Salvador,37,7,1674822.0,0.0,0.0,0.0,0.0,0.0,0.0,,0,2017-11-06
El Salvador,38,7,1647443.0,0.0,0.0,0.0,0.0,0.0,0.0,,0,2017-11-13
El Salvador,39,7,1650839.0,0.0,0.0,0.0,0.0,0.0,0.0,,0,2017-11-20
El Salvador,40,7,1733276.0,0.0,0.0,0.0,0.0,0.0,0.0,,0,2017-11-27
El Salvador,41,7,1752269.0,0.0,0.0,0.0,0.0,0.0,0.0,,0,2017-12-04
El Salvador,42,7,1667279.0,0.0,0.0,0.0,0.0,0.0,0.0,,0,2017-12-11
El Salvador,43,7,1836330.0,0.0,0.0,0.0,0.0,0.0,0.0,,0,2017-12-18
El Salvador,44,7,1739006.0,0.0,0.0,0.0,0.0,0.0,0.0,,0,2017-12-25
El Salvador,45,7,1752512.0,0.0,0.0,0.0,0.0,0.0,0.0,,0,2018-01-01
El Salvador,46,7,1864463.0,0.0,0.0,0.0,0.0,0.0,0.0,,0,2018-01-08
El Salvador,47,7,1906630.0,0.0,0.0,0.0,0.0,0.0,0.0,,0,2018-01-15
El Salvador,48,7,2055010.0,0.0,0.0,0.0,0.0,0.0,0.0,,0,2018-01-22
El Salvador,49,7,2119780.0,0.0,0.0,0.0,0.0,0.0,0.0,,0,2018-01-29
El Salvador,50,7,2119705.0,0.0,0.0,0.0,0.0,0.0,0.0,,0,2018-02-05
El Salvador,51,7,2187874.0,0.0,0.0,0.0,0.0,0.0,0.0,,0,2018-02-12
El Salvador,52,7,2305105.0,0.0,0.0,0.0,0.0,0.0,0.0,,0,2018-02-19
El Salvador,53,7,2224778.0,0.0,0.0,0.0,0.0,0.0,0.0,,0,2018-02-26
El Salvador,54,7,1900689.0,0.0,0.0,0.0,0.0,0.0,0.0,,0,2018-03-05
El Salvador,55,7,1905893.0,0.0,0.0,0.0,0.0,0.0,0.0,,0,2018-03-12
El Salvador,56,7,2031788.0,0.0,0.0,0.0,0.0,0.0,0.0,,0,2018-03-19
El Salvador,57,7,1914511.0,0.0,0.0,0.0,0.0,0.0,0.0,,0,2018-03-26
El Salvador,58,7,1844952.0,0.0,0.0,0.0,0.0,0.0,0.0,,0,2018-04-02
El Salvador,59,7,1818102.0,0.0,0.0,0.0,0.0,0.0,0.0,,0,2018-04-09
El Salvador,60,7,1920145.0,0.0,0.0,0.0,0.0,0.0,0.0,,0,2018-04-16
El Salvador,61,7,1849868.0,0.0,0.0,0.0,0.0,0.0,0.0,,0,2018-04-23
El Salvador,62,7,1790470.0,0.0,0.0,0.0,0.0,0.0,0.0,,0,2018-04-30
El Salvador,63,7,1770949.0,0.0,0.0,0.0,0.0,0.0,0.0,,0,2018-05-07
El Salvador,64,7,1812056.0,0.0,0.0,0.0,0.0,0.0,0.0,,0,2018-05-14
El Salvador,65,7,1803133.0,0.0,0.0,0.0,0.0,0.0,0.0,,0,2018-05-21
El Salvador,66,7,1876336.0,0.0,0.0,0.0,0.0,0.0,0.0,,0,2018-05-28
El Salvador,67,7,1829421.0,0.0,0.0,0.0,0.0,0.0,0.0,,0,2018-06-04
El Salvador,68,7,1702101.0,0.0,0.0,0.0,0.0,0.0,0.0,,0,2018-06-11
El Salvador,69,7,1873690.0,0.0,0.0,0.0,0.0,0.0,0.0,,0,2018-06-18
El Salvador,70,7,1947024.0,0.0,0.0,0.0,0.0,0.0,0.0,,0,2018-06-25
El Salvador,71,7,2030759.0,0.0,0.0,0.0,0.0,0.0,0.0,,0,2018-07-02
El Salvador,72,7,2058679.0,0.0,0.0,0.0,0.0,0.0,0.0,,0,2018-07-09
El Salvador,73,7,2186210.0,0.0,0.0,0.0,0.0,0.0,0.0,,0,2018-07-16
El Salvador,74,7,2175646.0,0.0,0.0,0.0,0.0,0.0,0.0,,0,2018-07-23
El Salvador,75,7,2149102.0,0.0,0.0,0.0,0.0,0.0,0.0,,0,2018-07-30
El Salvador,76,7,2037230.0,0.0,0.0,0.0,0.0,0.0,0.0,,0,2018-08-06
El Salvador,77,7,2044106.0,0.0,0.0,0.0,0.0,0.0,0.0,,0,2018-08-13
El Salvador,78,7,2145071.0,0.0,0.0,0.0,0.0,0.0,0.0,,0,2018-08-20
El Salvador,79,7,2132156.0,0.0,0.0,0.0,0.0,0.0,0.0,,0,2018-08-27
El Salvador,80,7,2100111.0,0.0,0.0,0.0,0.0,0.0,0.0,,0,2018-09-03
El Salvador,81,7,2035557.0,0.0,0.0,0.0,0.0,0.0,0.0,,0,2018-09-10
El Salvador,82,7,2067880.0,0.0,0.0,0.0,0.0,0.0,0.0,,0,2018-09-17
El Salvador,83,7,2079446.0,0.0,0.0,0.0,0.0,0.0,0.0,,0,2018-09-24
El Salvador,84,7,2165864.0,0.0,0.0,0.0,0.0,0.0,0.0,,0,2018-10-01
El Salvador,85,7,2235097.0,0.0,0.0,0.0,0.0,0.0,0.0,,0,2018-10-08
El Salvador,86,7,2218906.0,0.0,0.0,0.0,0.0,0.0,0.0,,0,2018-10-15
El Salvador,87,7,2346484.0,0.0,0.0,0.0,0.0,0.0,0.0,,0,2018-10-22
El Salvador,88,7,2347856.0,0.0,0.0,0.0,0.0,0.0,0.0,,0,2018-10-29
El Salvador,89,7,2506692.0,0.0,0.0,0.0,0.0,0.0,0.0,,0,2018-11-05
El Salvador,90,7,2565554.0,0.0,0.0,0.0,0.0,0.0,0.0,,0,2018-11-12
El Salvador,91,7,2539317.0,0.0,0.0,0.0,0.0,0.0,0.0,,0,2018-11-19
El Salvador,92,7,2509106.0,0.0,0.0,0.0,0.0,0.0,0.0,,0,2018-11-26
El Salvador,93,7,2544964.0,0.0,0.0,0.0,0.0,0.0,0.0,,0,2018-12-03
El Salvador,94,7,2576096.0,0.0,0.0,0.0,0.0,0.0,0.0,,0,2018-12-10
El Salvador,95,7,2671437.0,0.0,0.0,0.0,0.0,0.0,0.0,,0,2018-12-17
El Salvador,96,7,2841853.0,0.0,0.0,0.0,0.0,0.0,0.0,,0,2018-12-24
El Salvador,97,1,445157.0,0.0,0.0,0.0,0.0,0.0,0.0,,0,2018-12-31
Estonia,1,5,509099.0,0.0,0.0,0.0,0.0,0.0,0.0,,0,2017-02-27
Estonia,2,7,719159.0,0.0,0.0,0.0,0.0,0.0,0.0,,0,2017-03-06
Estonia,3,7,617632.0,0.0,0.0,0.0,0.0,0.0,0.0,,0,2017-03-13
Estonia,4,7,585102.0,0.0,0.0,0.0,0.0,0.0,0.0,,0,2017-03-20
Estonia,5,7,511151.0,0.0,0.0,0.0,0.0,0.0,0.0,,0,2017-03-27
Estonia,6,7,508459.0,5467.0,3.0,5467.0,0.010752096039208668,0.42857142857142855,0.010752096039208668,,0,2017-04-03
Estonia,7,7,615645.0,13404.0,7.0,13404.0,0.021772287600808907,1.0,0.021772287600808907,,0,2017-04-10
Estonia,8,7,597001.0,12591.0,7.0,12591.0,0.021090416933974985,1.0,0.021090416933974985,,0,2017-04-17
Estonia,9,7,523745.0,11084.0,7.0,11084.0,0.021162970529551593,1.0,0.021162970529551593,,0,2017-04-24
Estonia,10,7,542691.0,12685.0,8.0,12685.0,0.023374259016641145,1.1428571428571428,0.023374259016641145,,0,2017-05-01
Estonia,11,7,549933.0,17567.0,10.0,16075.0,0.03194389134676406,1.4285714285714286,0.029230833574271774,,0,2017-05-08
Estonia,12,7,618970.0,14836.0,7.0,14836.0,0.023968851479070068,1.0,0.023968851479070068,,0,2017-05-15
Estonia,13,7,592996.0,14742.0,7.0,14742.0,0.024860201417884774,1.0,0.024860201417884774,,0,2017-05-22
Estonia,14,4,339979.0,7768.0,4.0,7768.0,0.02284847005256207,1.0,0.02284847005256207,,0,2017-05-29
Estonia,15,7,638056.0,13360.0,7.0,13360.0,0.02093860100053914,1.0,0.02093860100053914,,0,2017-06-05
Estonia,16,7,644046.0,11860.0,7.0,11860.0,0.01841483372305705,1.0,0.01841483372305705,,0,2017-06-12
Estonia,17,7,556602.0,8040.0,6.0,8040.0,0.014444791790184009,0.8571428571428571,0.014444791790184009,,0,2017-06-19
Estonia,18,7,570107.0,5996.0,5.0,5996.0,0.01051732394094442,0.7142857142857143,0.01051732394094442,,0,2017-06-26
Estonia,19,7,605127.0,5131.0,5.0,5131.0,0.008479211801820114,0.7142857142857143,0.008479211801820114,,0,2017-07-03
Estonia,20,7,626025.0,1004.0,1.0,1004.0,0.0016037698174993012,0.14285714285714285,0.0016037698174993012,,0,2017-07-10
Estonia,21,7,600614.0,0.0,0.0,0.0,0.0,0.0,0.0,,0,2017-07-17
Estonia,22,7,560699.0,0.0,0.0,0.0,0.0,0.0,0.0,,0,2017-07-24
Estonia,23,7,521289.0,0.0,0.0,0.0,0.0,0.0,0.0,,0,2017-07-31
Estonia,24,3,275094.0,0.0,0.0,0.0,0.0,0.0,0.0,,0,2017-08-07
Estonia,25,4,354296.0,0.0,0.0,0.0,0.0,0.0,0.0,,0,2017-08-14
Estonia,26,2,175699.0,0.0,0.0,0.0,0.0,0.0,0.0,,0,2017-08-21
Estonia,27,1,92930.0,0.0,0.0,0.0,0.0,0.0,0.0,,0,2017-08-28
Estonia,28,1,87246.0,0.0,0.0,0.0,0.0,0.0,0.0,,0,2017-09-04
Estonia,29,1,98006.0,0.0,0.0,0.0,0.0,0.0,0.0,,0,2017-09-11
Estonia,30,3,265039.0,0.0,0.0,0.0,0.0,0.0,0.0,,0,2017-09-18
Estonia,31,1,92265.0,0.0,0.0,0.0,0.0,0.0,0.0,,0,2017-09-25
Estonia,32,3,253420.0,0.0,0.0,0.0,0.0,0.0,0.0,,0,2017-10-02
Estonia,33,2,175641.0,0.0,0.0,0.0,0.0,0.0,0.0,,0,2017-10-09
Estonia,34,2,179103.0,0.0,0.0,0.0,0.0,0.0,0.0,,0,2017-10-16
Estonia,35,3,257906.0,0.0,0.0,0.0,0.0,0.0,0.0,,0,2017-10-23
Estonia,36,1,93100.0,0.0,0.0,0.0,0.0,0.0,0.0,,0,2017-10-30
Estonia,38,1,87479.0,0.0,0.0,0.0,0.0,0.0,0.0,,0,2017-11-13
Estonia,39,1,83985.0,0.0,0.0,0.0,0.0,0.0,0.0,,0,2017-11-20
Estonia,40,1,97165.0,0.0,0.0,0.0,0.0,0.0,0.0,,0,2017-11-27
Estonia,41,4,335465.0,0.0,0.0,0.0,0.0,0.0,0.0,,0,2017-12-04
Estonia,42,5,442985.0,0.0,0.0,0.0,0.0,0.0,0.0,,0,2017-12-11
Estonia,43,7,819060.0,0.0,0.0,0.0,0.0,0.0,0.0,,0,2017-12-18
Estonia,44,1,79124.0,0.0,0.0,0.0,0.0,0.0,0.0,,0,2017-12-25
Estonia,45,1,84200.0,0.0,0.0,0.0,0.0,0.0,0.0,,0,2018-01-01
Estonia,46,5,396694.0,0.0,0.0,0.0,0.0,0.0,0.0,,0,2018-01-08
Estonia,47,4,312333.0,0.0,0.0,0.0,0.0,0.0,0.0,,0,2018-01-15
Estonia,48,3,255268.0,0.0,0.0,0.0,0.0,0.0,0.0,,0,2018-01-22
Estonia,49,5,415110.0,0.0,0.0,0.0,0.0,0.0,0.0,,0,2018-01-29
Estonia,50,4,344583.0,0.0,0.0,0.0,0.0,0.0,0.0,,0,2018-02-05
Estonia,51,2,175972.0,0.0,0.0,0.0,0.0,0.0,0.0,,0,2018-02-12
Estonia,52,1,94877.0,0.0,0.0,0.0,0.0,0.0,0.0,,0,2018-02-19
Estonia,53,1,87881.0,0.0,0.0,0.0,0.0,0.0,0.0,,0,2018-02-26
Estonia,54,1,85780.0,0.0,0.0,0.0,0.0,0.0,0.0,,0,2018-03-05
Estonia,55,1,105869.0,0.0,0.0,0.0,0.0,0.0,0.0,,0,2018-03-12
Estonia,56,2,174677.0,0.0,0.0,0.0,0.0,0.0,0.0,,0,2018-03-19
Estonia,57,2,158456.0,0.0,0.0,0.0,0.0,0.0,0.0,,0,2018-03-26
Estonia,58,1,87773.0,0.0,0.0,0.0,0.0,0.0,0.0,,0,2018-04-02
Estonia,59,1,92266.0,0.0,0.0,0.0,0.0,0.0,0.0,,0,2018-04-09
Estonia,60,3,362639.0,0.0,0.0,0.0,0.0,0.0,0.0,,0,2018-04-16
Estonia,61,6,628790.0,0.0,0.0,0.0,0.0,0.0,0.0,,0,2018-04-23
Estonia,62,4,372578.0,0.0,0.0,0.0,0.0,0.0,0.0,,0,2018-04-30
Estonia,63,3,282359.0,0.0,0.0,0.0,0.0,0.0,0.0,,0,2018-05-07
Estonia,64,2,172603.0,0.0,0.0,0.0,0.0,0.0,0.0,,0,2018-05-14
Estonia,65,1,105519.0,0.0,0.0,0.0,0.0,0.0,0.0,,0,2018-05-21
Estonia,66,1,94615.0,0.0,0.0,0.0,0.0,0.0,0.0,,0,2018-05-28
Estonia,67,6,539082.0,0.0,0.0,0.0,0.0,0.0,0.0,,0,2018-06-04
Estonia,68,5,482726.0,0.0,0.0,0.0,0.0,0.0,0.0,,0,2018-06-11
Estonia,69,6,709951.0,0.0,0.0,0.0,0.0,0.0,0.0,,0,2018-06-18
Estonia,70,7,791180.0,0.0,0.0,0.0,0.0,0.0,0.0,,0,2018-06-25
Estonia,71,6,666902.0,0.0,0.0,0.0,0.0,0.0,0.0,,0,2018-07-02
Estonia,72,6,699341.0,0.0,0.0,0.0,0.0,0.0,0.0,,0,2018-07-09
Estonia,73,5,592201.0,0.0,0.0,0.0,0.0,0.0,0.0,,0,2018-07-16
Estonia,74,5,555421.0,0.0,0.0,0.0,0.0,0.0,0.0,,0,2018-07-23
Estonia,75,5,570444.0,0.0,0.0,0.0,0.0,0.0,0.0,,0,2018-07-30
Estonia,76,6,682209.0,0.0,0.0,0.0,0.0,0.0,0.0,,0,2018-08-06
Estonia,77,6,757807.0,0.0,0.0,0.0,0.0,0.0,0.0,,0,2018-08-13
Estonia,78,7,827708.0,0.0,0.0,0.0,0.0,0.0,0.0,,0,2018-08-20
Estonia,79,7,895177.0,0.0,0.0,0.0,0.0,0.0,0.0,,0,2018-08-27
Estonia,80,7,875914.0,0.0,0.0,0.0,0.0,0.0,0.0,,0,2018-09-03
Estonia,81,7,802783.0,0.0,0.0,0.0,0.0,0.0,0.0,,0,2018-09-10
Estonia,82,6,672695.0,0.0,0.0,0.0,0.0,0.0,0.0,,0,2018-09-17
Estonia,83,6,624042.0,0.0,0.0,0.0,0.0,0.0,0.0,,0,2018-09-24
Estonia,84,7,721337.0,0.0,0.0,0.0,0.0,0.0,0.0,,0,2018-10-01
Estonia,85,6,614837.0,0.0,0.0,0.0,0.0,0.0,0.0,,0,2018-10-08
Estonia,86,6,607126.0,0.0,0.0,0.0,0.0,0.0,0.0,,0,2018-10-15
Estonia,87,5,516949.0,0.0,0.0,0.0,0.0,0.0,0.0,,0,2018-10-22
Estonia,88,5,463092.0,0.0,0.0,0.0,0.0,0.0,0.0,,0,2018-10-29
Estonia,89,7,723062.0,0.0,0.0,0.0,0.0,0.0,0.0,,0,2018-11-05
Estonia,90,7,772374.0,0.0,0.0,0.0,0.0,0.0,0.0,,0,2018-11-12
Estonia,91,7,788665.0,0.0,0.0,0.0,0.0,0.0,0.0,,0,2018-11-19
Estonia,92,7,763742.0,0.0,0.0,0.0,0.0,0.0,0.0,,0,2018-11-26
Estonia,93,7,815911.0,0.0,0.0,0.0,0.0,0.0,0.0,,0,2018-12-03
Estonia,94,7,825478.0,0.0,0.0,0.0,0.0,0.0,0.0,,0,2018-12-10
Estonia,95,7,1038346.0,0.0,0.0,0.0,0.0,0.0,0.0,,0,2018-12-17
Estonia,96,6,727312.0,0.0,0.0,0.0,0.0,0.0,0.0,,0,2018-12-24
Estonia,97,1,107224.0,0.0,0.0,0.0,0.0,0.0,0.0,,0,2018-12-31
Finland,1,5,17649096.0,0.0,0.0,0.0,0.0,0.0,0.0,,0,2017-02-27
Finland,2,7,24217849.0,0.0,0.0,0.0,0.0,0.0,0.0,,0,2017-03-06
Finland,3,7,23904712.0,0.0,0.0,0.0,0.0,0.0,0.0,,0,2017-03-13
Finland,4,7,22742999.0,0.0,0.0,0.0,0.0,0.0,0.0,,0,2017-03-20
Finland,5,7,22101071.0,0.0,0.0,0.0,0.0,0.0,0.0,,0,2017-03-27
Finland,6,7,21585996.0,100569.0,3.0,100569.0,0.004658992802555879,0.42857142857142855,0.004658992802555879,,0,2017-04-03
Finland,7,7,21320529.0,242623.0,7.0,242623.0,0.011379783306502385,1.0,0.011379783306502385,,0,2017-04-10
Finland,8,7,22229491.0,196541.0,7.0,196541.0,0.008841453004929353,1.0,0.008841453004929353,,0,2017-04-17
Finland,9,7,26295541.0,175271.0,7.0,175271.0,0.006665426659219523,1.0,0.006665426659219523,,0,2017-04-24
Finland,10,7,24720491.0,166951.0,13.0,166951.0,0.006753547087717635,1.8571428571428572,0.006753547087717635,,0,2017-05-01
Finland,11,7,24580987.0,279459.0,25.0,184189.0,0.011368908823718103,3.5714285714285716,0.0074931490749334025,,0,2017-05-08
Finland,12,7,25285965.0,130638.0,9.0,130638.0,0.005166423349870175,1.2857142857142858,0.005166423349870175,,0,2017-05-15
Finland,13,7,26051069.0,123148.0,8.0,123148.0,0.004727176454831853,1.1428571428571428,0.004727176454831853,,0,2017-05-22
Finland,14,4,14943308.0,55803.0,4.0,55803.0,0.0037343137142057167,1.0,0.0037343137142057167,,0,2017-05-29
Finland,15,7,25343343.0,90706.0,7.0,90706.0,0.003579085837255172,1.0,0.003579085837255172,,0,2017-06-05
Finland,16,7,25352524.0,84421.0,7.0,84421.0,0.003329885418903459,1.0,0.003329885418903459,,0,2017-06-12
Finland,17,7,26659279.0,78294.0,7.0,78294.0,0.0029368386144276444,1.0,0.0029368386144276444,,0,2017-06-19
Finland,18,7,25042738.0,71450.0,7.0,71450.0,0.002853122529972561,1.0,0.002853122529972561,,0,2017-06-26
Finland,19,7,24825591.0,55777.0,7.0,55777.0,0.0022467541658927675,1.0,0.0022467541658927675,,0,2017-07-03
Finland,20,7,24442536.0,51928.0,7.0,51928.0,0.002124493137700605,1.0,0.002124493137700605,,0,2017-07-10
Finland,21,7,23372104.0,41866.0,6.0,41866.0,0.0017912807507616773,0.8571428571428571,0.0017912807507616773,,0,2017-07-17
Finland,22,7,23058476.0,32287.0,5.0,32287.0,0.0014002226339676568,0.7142857142857143,0.0014002226339676568,,0,2017-07-24
Finland,23,7,22020006.0,23648.0,4.0,23648.0,0.001073932495749547,0.5714285714285714,0.001073932495749547,,0,2017-07-31
Finland,24,7,21513686.0,11744.0,2.0,11744.0,0.0005458850705546228,0.2857142857142857,0.0005458850705546228,,0,2017-08-07
Finland,25,7,21842015.0,0.0,0.0,0.0,0.0,0.0,0.0,,0,2017-08-14
Finland,26,7,22419876.0,0.0,0.0,0.0,0.0,0.0,0.0,,0,2017-08-21
Finland,27,7,26794757.0,0.0,0.0,0.0,0.0,0.0,0.0,,0,2017-08-28
Finland,28,7,24867276.0,0.0,0.0,0.0,0.0,0.0,0.0,,0,2017-09-04
Finland,29,7,26769129.0,0.0,0.0,0.0,0.0,0.0,0.0,,0,2017-09-11
Finland,30,7,26778007.0,0.0,0.0,0.0,0.0,0.0,0.0,,0,2017-09-18
Finland,31,7,25743686.0,0.0,0.0,0.0,0.0,0.0,0.0,,0,2017-09-25
Finland,32,7,24489097.0,0.0,0.0,0.0,0.0,0.0,0.0,,0,2017-10-02
Finland,33,7,23977266.0,0.0,0.0,0.0,0.0,0.0,0.0,,0,2017-10-09
Finland,34,7,23775348.0,0.0,0.0,0.0,0.0,0.0,0.0,,0,2017-10-16
Finland,35,7,22658816.0,0.0,0.0,0.0,0.0,0.0,0.0,,0,2017-10-23
Finland,36,7,22521432.0,0.0,0.0,0.0,0.0,0.0,0.0,,0,2017-10-30
Finland,37,7,22293055.0,0.0,0.0,0.0,0.0,0.0,0.0,,0,2017-11-06
Finland,38,7,23261839.0,0.0,0.0,0.0,0.0,0.0,0.0,,0,2017-11-13
Finland,39,7,22509184.0,0.0,0.0,0.0,0.0,0.0,0.0,,0,2017-11-20
Finland,40,7,22898460.0,0.0,0.0,0.0,0.0,0.0,0.0,,0,2017-11-27
Finland,41,7,22560875.0,0.0,0.0,0.0,0.0,0.0,0.0,,0,2017-12-04
Finland,42,7,22429777.0,0.0,0.0,0.0,0.0,0.0,0.0,,0,2017-12-11
Finland,43,7,26028793.0,0.0,0.0,0.0,0.0,0.0,0.0,,0,2017-12-18
Finland,44,7,21590440.0,0.0,0.0,0.0,0.0,0.0,0.0,,0,2017-12-25
Finland,45,7,19055676.0,0.0,0.0,0.0,0.0,0.0,0.0,,0,2018-01-01
Finland,46,7,20346968.0,0.0,0.0,0.0,0.0,0.0,0.0,,0,2018-01-08
Finland,47,7,20275231.0,0.0,0.0,0.0,0.0,0.0,0.0,,0,2018-01-15
Finland,48,7,19835040.0,0.0,0.0,0.0,0.0,0.0,0.0,,0,2018-01-22
Finland,49,7,19908484.0,0.0,0.0,0.0,0.0,0.0,0.0,,0,2018-01-29
Finland,50,7,20035157.0,0.0,0.0,0.0,0.0,0.0,0.0,,0,2018-02-05
Finland,51,7,19723487.0,0.0,0.0,0.0,0.0,0.0,0.0,,0,2018-02-12
Finland,52,7,20259404.0,0.0,0.0,0.0,0.0,0.0,0.0,,0,2018-02-19
Finland,53,7,21113727.0,0.0,0.0,0.0,0.0,0.0,0.0,,0,2018-02-26
Finland,54,7,20844040.0,0.0,0.0,0.0,0.0,0.0,0.0,,0,2018-03-05
Finland,55,7,21197306.0,0.0,0.0,0.0,0.0,0.0,0.0,,0,2018-03-12
Finland,56,7,21347658.0,0.0,0.0,0.0,0.0,0.0,0.0,,0,2018-03-19
Finland,57,7,21144652.0,0.0,0.0,0.0,0.0,0.0,0.0,,0,2018-03-26
Finland,58,7,20057483.0,0.0,0.0,0.0,0.0,0.0,0.0,,0,2018-04-02
Finland,59,7,21114082.0,0.0,0.0,0.0,0.0,0.0,0.0,,0,2018-04-09
Finland,60,7,23106900.0,0.0,0.0,0.0,0.0,0.0,0.0,,0,2018-04-16
Finland,61,7,23947093.0,0.0,0.0,0.0,0.0,0.0,0.0,,0,2018-04-23
Finland,62,7,22940749.0,0.0,0.0,0.0,0.0,0.0,0.0,,0,2018-04-30
Finland,63,7,22621391.0,0.0,0.0,0.0,0.0,0.0,0.0,,0,2018-05-07
Finland,64,7,21394064.0,0.0,0.0,0.0,0.0,0.0,0.0,,0,2018-05-14
Finland,65,7,21447857.0,0.0,0.0,0.0,0.0,0.0,0.0,,0,2018-05-21
Finland,66,7,22671294.0,0.0,0.0,0.0,0.0,0.0,0.0,,0,2018-05-28
Finland,67,7,21793156.0,0.0,0.0,0.0,0.0,0.0,0.0,,0,2018-06-04
Finland,68,7,23428965.0,0.0,0.0,0.0,0.0,0.0,0.0,,0,2018-06-11
Finland,69,7,25425642.0,0.0,0.0,0.0,0.0,0.0,0.0,,0,2018-06-18
Finland,70,7,22708510.0,0.0,0.0,0.0,0.0,0.0,0.0,,0,2018-06-25
Finland,71,7,21581801.0,0.0,0.0,0.0,0.0,0.0,0.0,,0,2018-07-02
Finland,72,7,22122375.0,0.0,0.0,0.0,0.0,0.0,0.0,,0,2018-07-09
Finland,73,7,21526219.0,0.0,0.0,0.0,0.0,0.0,0.0,,0,2018-07-16
Finland,74,7,20660962.0,0.0,0.0,0.0,0.0,0.0,0.0,,0,2018-07-23
Finland,75,7,20466307.0,0.0,0.0,0.0,0.0,0.0,0.0,,0,2018-07-30
Finland,76,7,19953565.0,0.0,0.0,0.0,0.0,0.0,0.0,,0,2018-08-06
Finland,77,7,20003018.0,0.0,0.0,0.0,0.0,0.0,0.0,,0,2018-08-13
Finland,78,7,20617218.0,0.0,0.0,0.0,0.0,0.0,0.0,,0,2018-08-20
Finland,79,7,21133766.0,0.0,0.0,0.0,0.0,0.0,0.0,,0,2018-08-27
Finland,80,7,21133953.0,0.0,0.0,0.0,0.0,0.0,0.0,,0,2018-09-03
Finland,81,7,20896349.0,0.0,0.0,0.0,0.0,0.0,0.0,,0,2018-09-10
Finland,82,7,20886507.0,0.0,0.0,0.0,0.0,0.0,0.0,,0,2018-09-17
Finland,83,7,20681273.0,0.0,0.0,0.0,0.0,0.0,0.0,,0,2018-09-24
Finland,84,7,20441771.0,0.0,0.0,0.0,0.0,0.0,0.0,,0,2018-10-01
Finland,85,7,20734957.0,0.0,0.0,0.0,0.0,0.0,0.0,,0,2018-10-08
Finland,86,7,20372641.0,0.0,0.0,0.0,0.0,0.0,0.0,,0,2018-10-15
Finland,87,7,19931309.0,0.0,0.0,0.0,0.0,0.0,0.0,,0,2018-10-22
Finland,88,7,19529959.0,0.0,0.0,0.0,0.0,0.0,0.0,,0,2018-10-29
Finland,89,7,19149500.0,0.0,0.0,0.0,0.0,0.0,0.0,,0,2018-11-05
Finland,90,7,18635676.0,0.0,0.0,0.0,0.0,0.0,0.0,,0,2018-11-12
Finland,91,7,18109862.0,0.0,0.0,0.0,0.0,0.0,0.0,,0,2018-11-19
Finland,92,7,18631266.0,0.0,0.0,0.0,0.0,0.0,0.0,,0,2018-11-26
Finland,93,7,18382751.0,0.0,0.0,0.0,0.0,0.0,0.0,,0,2018-12-03
Finland,94,7,18364329.0,0.0,0.0,0.0,0.0,0.0,0.0,,0,2018-12-10
Finland,95,7,21861970.0,0.0,0.0,0.0,0.0,0.0,0.0,,0,2018-12-17
Finland,96,7,18362108.0,0.0,0.0,0.0,0.0,0.0,0.0,,0,2018-12-24
Finland,97,1,3981045.0,0.0,0.0,0.0,0.0,0.0,0.0,,0,2018-12-31
France,1,5,38532785.0,0.0,0.0,0.0,0.0,0.0,0.0,2017-10-25,35,2017-02-27
France,2,7,52870489.0,0.0,0.0,0.0,0.0,0.0,0.0,2017-10-25,35,2017-03-06
France,3,7,53767704.0,0.0,0.0,0.0,0.0,0.0,0.0,2017-10-25,35,2017-03-13
France,4,7,55069831.0,0.0,0.0,0.0,0.0,0.0,0.0,2017-10-25,35,2017-03-20
France,5,7,55622773.0,0.0,0.0,0.0,0.0,0.0,0.0,2017-10-25,35,2017-03-27
France,6,7,56316361.0,80380.0,3.0,80380.0,0.0014272939261824819,0.42857142857142855,0.0014272939261824819,2017-10-25,35,2017-04-03
France,7,7,53020502.0,181794.0,7.0,181794.0,0.0034287491280259852,1.0,0.0034287491280259852,2017-10-25,35,2017-04-10
France,8,7,50518229.0,143986.0,7.0,143986.0,0.0028501790907990857,1.0,0.0028501790907990857,2017-10-25,35,2017-04-17
France,9,7,55530836.0,176799.0,7.0,176799.0,0.003183798637571385,1.0,0.003183798637571385,2017-10-25,35,2017-04-24
France,10,7,60370960.0,181010.0,7.0,181010.0,0.00299829586940476,1.0,0.00299829586940476,2017-10-25,35,2017-05-01
France,11,7,57565071.0,417351.0,10.0,387445.0,0.007250073573261118,1.4285714285714286,0.0067305571463639816,2017-10-25,35,2017-05-08
France,12,7,58521374.0,298809.0,7.0,298809.0,0.005105980594372238,1.0,0.005105980594372238,2017-10-25,35,2017-05-15
France,13,7,56757342.0,210572.0,7.0,210572.0,0.0037100398394272938,1.0,0.0037100398394272938,2017-10-25,35,2017-05-22
France,14,4,29322845.0,106516.0,4.0,106516.0,0.003632526107204127,1.0,0.003632526107204127,2017-10-25,35,2017-05-29
France,15,7,52639735.0,172951.0,7.0,172951.0,0.003285559853217346,1.0,0.003285559853217346,2017-10-25,35,2017-06-05
France,16,7,53440937.0,148416.0,7.0,148416.0,0.002777196814494476,1.0,0.002777196814494476,2017-10-25,35,2017-06-12
France,17,7,53677116.0,35719.0,2.0,35719.0,0.0006654418616678288,0.2857142857142857,0.0006654418616678288,2017-10-25,35,2017-06-19
France,18,7,55595884.0,19217.0,1.0,19217.0,0.00034565508482606376,0.14285714285714285,0.00034565508482606376,2017-10-25,35,2017-06-26
France,19,7,57853002.0,0.0,0.0,0.0,0.0,0.0,0.0,2017-10-25,35,2017-07-03
France,20,7,55587421.0,0.0,0.0,0.0,0.0,0.0,0.0,2017-10-25,35,2017-07-10
France,21,7,54443971.0,0.0,0.0,0.0,0.0,0.0,0.0,2017-10-25,35,2017-07-17
France,22,7,54887846.0,0.0,0.0,0.0,0.0,0.0,0.0,2017-10-25,35,2017-07-24
France,23,7,52669705.0,0.0,0.0,0.0,0.0,0.0,0.0,2017-10-25,35,2017-07-31
France,24,7,50777934.0,17778.0,1.0,17778.0,0.00035011270840597805,0.14285714285714285,0.00035011270840597805,2017-10-25,35,2017-08-07
France,25,7,50085850.0,66702.0,4.0,66702.0,0.0013317533794474886,0.5714285714285714,0.0013317533794474886,2017-10-25,35,2017-08-14
France,26,7,52317097.0,16739.0,1.0,16739.0,0.0003199527680215131,0.14285714285714285,0.0003199527680215131,2017-10-25,35,2017-08-21
France,27,7,53815131.0,164836.0,7.0,164836.0,0.0030630047151608717,1.0,0.0030630047151608717,2017-10-25,35,2017-08-28
France,28,7,59863887.0,204843.0,7.0,204843.0,0.003421812552866806,1.0,0.003421812552866806,2017-10-25,35,2017-09-04
France,29,7,65749061.0,160338.0,7.0,160338.0,0.0024386355875105196,1.0,0.0024386355875105196,2017-10-25,35,2017-09-11
France,30,7,70604648.0,138639.0,6.0,138639.0,0.0019635959377631907,0.8571428571428571,0.0019635959377631907,2017-10-25,35,2017-09-18
France,31,7,73830830.0,88747.0,4.0,88747.0,0.0012020317257709278,0.5714285714285714,0.0012020317257709278,2017-10-25,35,2017-09-25
France,32,7,69680820.0,0.0,0.0,0.0,0.0,0.0,0.0,2017-10-25,35,2017-10-02
France,33,7,67461226.0,0.0,0.0,0.0,0.0,0.0,0.0,2017-10-25,35,2017-10-09
France,34,7,77826076.0,0.0,0.0,0.0,0.0,0.0,0.0,2017-10-25,35,2017-10-16
France,35,7,80806345.0,0.0,0.0,0.0,0.0,0.0,0.0,2017-10-25,35,2017-10-23
France,36,7,70484811.0,0.0,0.0,0.0,0.0,0.0,0.0,2017-10-25,35,2017-10-30
France,37,7,67202762.0,0.0,0.0,0.0,0.0,0.0,0.0,2017-10-25,35,2017-11-06
France,38,7,69794495.0,0.0,0.0,0.0,0.0,0.0,0.0,2017-10-25,35,2017-11-13
France,39,7,71218387.0,0.0,0.0,0.0,0.0,0.0,0.0,2017-10-25,35,2017-11-20
France,40,7,81198185.0,0.0,0.0,0.0,0.0,0.0,0.0,2017-10-25,35,2017-11-27
France,41,7,81387552.0,0.0,0.0,0.0,0.0,0.0,0.0,2017-10-25,35,2017-12-04
France,42,7,70284609.0,0.0,0.0,0.0,0.0,0.0,0.0,2017-10-25,35,2017-12-11
France,43,7,70967038.0,0.0,0.0,0.0,0.0,0.0,0.0,2017-10-25,35,2017-12-18
France,44,7,67930004.0,0.0,0.0,0.0,0.0,0.0,0.0,2017-10-25,35,2017-12-25
France,45,7,59633263.0,0.0,0.0,0.0,0.0,0.0,0.0,2017-10-25,35,2018-01-01
France,46,7,65220064.0,0.0,0.0,0.0,0.0,0.0,0.0,2017-10-25,35,2018-01-08
France,47,7,64460724.0,0.0,0.0,0.0,0.0,0.0,0.0,2017-10-25,35,2018-01-15
France,48,7,65185599.0,0.0,0.0,0.0,0.0,0.0,0.0,2017-10-25,35,2018-01-22
France,49,7,68780705.0,0.0,0.0,0.0,0.0,0.0,0.0,2017-10-25,35,2018-01-29
France,50,7,66590706.0,0.0,0.0,0.0,0.0,0.0,0.0,2017-10-25,35,2018-02-05
France,51,7,65385982.0,43803.0,1.0,43803.0,0.0006699142332985073,0.14285714285714285,0.0006699142332985073,2017-10-25,35,2018-02-12
France,52,7,68170668.0,0.0,0.0,0.0,0.0,0.0,0.0,2017-10-25,35,2018-02-19
France,53,7,67653444.0,0.0,0.0,0.0,0.0,0.0,0.0,2017-10-25,35,2018-02-26
France,54,7,66593360.0,0.0,0.0,0.0,0.0,0.0,0.0,2017-10-25,35,2018-03-05
France,55,7,68203375.0,0.0,0.0,0.0,0.0,0.0,0.0,2017-10-25,35,2018-03-12
France,56,7,71016852.0,0.0,0.0,0.0,0.0,0.0,0.0,2017-10-25,35,2018-03-19
France,57,7,75680311.0,0.0,0.0,0.0,0.0,0.0,0.0,2017-10-25,35,2018-03-26
France,58,7,75094089.0,0.0,0.0,0.0,0.0,0.0,0.0,2017-10-25,35,2018-04-02
France,59,7,72689071.0,0.0,0.0,0.0,0.0,0.0,0.0,2017-10-25,35,2018-04-09
France,60,7,78836783.0,0.0,0.0,0.0,0.0,0.0,0.0,2017-10-25,35,2018-04-16
France,61,7,75006378.0,0.0,0.0,0.0,0.0,0.0,0.0,2017-10-25,35,2018-04-23
France,62,7,70235899.0,0.0,0.0,0.0,0.0,0.0,0.0,2017-10-25,35,2018-04-30
France,63,7,67980678.0,0.0,0.0,0.0,0.0,0.0,0.0,2017-10-25,35,2018-05-07
France,64,7,67554762.0,0.0,0.0,0.0,0.0,0.0,0.0,2017-10-25,35,2018-05-14
France,65,7,68440804.0,0.0,0.0,0.0,0.0,0.0,0.0,2017-10-25,35,2018-05-21
France,66,7,70901089.0,0.0,0.0,0.0,0.0,0.0,0.0,2017-10-25,35,2018-05-28
France,67,7,70291275.0,0.0,0.0,0.0,0.0,0.0,0.0,2017-10-25,35,2018-06-04
France,68,7,84358603.0,0.0,0.0,0.0,0.0,0.0,0.0,2017-10-25,35,2018-06-11
France,69,7,92968298.0,0.0,0.0,0.0,0.0,0.0,0.0,2017-10-25,35,2018-06-18
France,70,7,88104984.0,0.0,0.0,0.0,0.0,0.0,0.0,2017-10-25,35,2018-06-25
France,71,7,82920576.0,0.0,0.0,0.0,0.0,0.0,0.0,2017-10-25,35,2018-07-02
France,72,7,77917922.0,0.0,0.0,0.0,0.0,0.0,0.0,2017-10-25,35,2018-07-09
France,73,7,77782110.0,0.0,0.0,0.0,0.0,0.0,0.0,2017-10-25,35,2018-07-16
France,74,7,78556083.0,0.0,0.0,0.0,0.0,0.0,0.0,2017-10-25,35,2018-07-23
France,75,7,80459814.0,0.0,0.0,0.0,0.0,0.0,0.0,2017-10-25,35,2018-07-30
France,76,7,77991894.0,0.0,0.0,0.0,0.0,0.0,0.0,2017-10-25,35,2018-08-06
France,77,7,77326799.0,0.0,0.0,0.0,0.0,0.0,0.0,2017-10-25,35,2018-08-13
France,78,7,76195888.0,0.0,0.0,0.0,0.0,0.0,0.0,2017-10-25,35,2018-08-20
France,79,7,80605691.0,0.0,0.0,0.0,0.0,0.0,0.0,2017-10-25,35,2018-08-27
France,80,7,82038589.0,0.0,0.0,0.0,0.0,0.0,0.0,2017-10-25,35,2018-09-03
France,81,7,84150718.0,0.0,0.0,0.0,0.0,0.0,0.0,2017-10-25,35,2018-09-10
France,82,7,92448350.0,0.0,0.0,0.0,0.0,0.0,0.0,2017-10-25,35,2018-09-17
France,83,7,98147339.0,0.0,0.0,0.0,0.0,0.0,0.0,2017-10-25,35,2018-09-24
France,84,7,103820367.0,0.0,0.0,0.0,0.0,0.0,0.0,2017-10-25,35,2018-10-01
France,85,7,94849275.0,0.0,0.0,0.0,0.0,0.0,0.0,2017-10-25,35,2018-10-08
France,86,7,92982054.0,0.0,0.0,0.0,0.0,0.0,0.0,2017-10-25,35,2018-10-15
France,87,7,88140587.0,0.0,0.0,0.0,0.0,0.0,0.0,2017-10-25,35,2018-10-22
France,88,7,87143228.0,0.0,0.0,0.0,0.0,0.0,0.0,2017-10-25,35,2018-10-29
France,89,7,89616738.0,0.0,0.0,0.0,0.0,0.0,0.0,2017-10-25,35,2018-11-05
France,90,7,90622271.0,0.0,0.0,0.0,0.0,0.0,0.0,2017-10-25,35,2018-11-12
France,91,7,86542053.0,0.0,0.0,0.0,0.0,0.0,0.0,2017-10-25,35,2018-11-19
France,92,7,84827511.0,0.0,0.0,0.0,0.0,0.0,0.0,2017-10-25,35,2018-11-26
France,93,7,90999238.0,0.0,0.0,0.0,0.0,0.0,0.0,2017-10-25,35,2018-12-03
France,94,7,88225047.0,0.0,0.0,0.0,0.0,0.0,0.0,2017-10-25,35,2018-12-10
France,95,7,83658786.0,0.0,0.0,0.0,0.0,0.0,0.0,2017-10-25,35,2018-12-17
France,96,7,83713156.0,0.0,0.0,0.0,0.0,0.0,0.0,2017-10-25,35,2018-12-24
France,97,1,17101664.0,0.0,0.0,0.0,0.0,0.0,0.0,2017-10-25,35,2018-12-31
Germany,1,5,79748251.0,0.0,0.0,0.0,0.0,0.0,0.0,2017-10-27,35,2017-02-27
Germany,2,7,109392455.0,0.0,0.0,0.0,0.0,0.0,0.0,2017-10-27,35,2017-03-06
Germany,3,7,107872514.0,0.0,0.0,0.0,0.0,0.0,0.0,2017-10-27,35,2017-03-13
Germany,4,7,110095721.0,0.0,0.0,0.0,0.0,0.0,0.0,2017-10-27,35,2017-03-20
Germany,5,7,108909030.0,0.0,0.0,0.0,0.0,0.0,0.0,2017-10-27,35,2017-03-27
Germany,6,7,107333558.0,233255.0,3.0,233255.0,0.002173178680986239,0.42857142857142855,0.002173178680986239,2017-10-27,35,2017-04-03
Germany,7,7,107121291.0,790734.0,7.0,790734.0,0.007381669812026444,1.0,0.007381669812026444,2017-10-27,35,2017-04-10
Germany,8,7,104598526.0,695813.0,7.0,695813.0,0.006652225672855084,1.0,0.006652225672855084,2017-10-27,35,2017-04-17
Germany,9,7,108894825.0,680799.0,7.0,680799.0,0.006251894890321923,1.0,0.006251894890321923,2017-10-27,35,2017-04-24
Germany,10,7,106006790.0,638110.0,8.0,638110.0,0.006019520070365304,1.1428571428571428,0.006019520070365304,2017-10-27,35,2017-05-01
Germany,11,7,109705675.0,938214.0,14.0,792555.0,0.008552100882657164,2.0,0.00722437558494581,2017-10-27,35,2017-05-08
Germany,12,7,115183209.0,908715.0,8.0,908715.0,0.00788930094837,1.1428571428571428,0.00788930094837,2017-10-27,35,2017-05-15
Germany,13,7,120996748.0,987733.0,10.0,987733.0,0.008163302041803636,1.4285714285714286,0.008163302041803636,2017-10-27,35,2017-05-22
Germany,14,4,68714722.0,441709.0,4.0,441709.0,0.00642815669107997,1.0,0.00642815669107997,2017-10-27,35,2017-05-29
Germany,15,7,123835726.0,693700.0,7.0,693700.0,0.005601776017366749,1.0,0.005601776017366749,2017-10-27,35,2017-06-05
Germany,16,7,128553562.0,570740.0,7.0,570740.0,0.004439705840278467,1.0,0.004439705840278467,2017-10-27,35,2017-06-12
Germany,17,7,125161507.0,480520.0,7.0,480520.0,0.003839199539200179,1.0,0.003839199539200179,2017-10-27,35,2017-06-19
Germany,18,7,119267039.0,419637.0,7.0,419637.0,0.003518465818540192,1.0,0.003518465818540192,2017-10-27,35,2017-06-26
Germany,19,7,120298878.0,328413.0,7.0,328413.0,0.0027299755863059673,1.0,0.0027299755863059673,2017-10-27,35,2017-07-03
Germany,20,7,121156069.0,320901.0,7.0,320901.0,0.0026486580709382374,1.0,0.0026486580709382374,2017-10-27,35,2017-07-10
Germany,21,7,135181433.0,294824.0,7.0,294824.0,0.002180950397233916,1.0,0.002180950397233916,2017-10-27,35,2017-07-17
Germany,22,7,123970776.0,277950.0,7.0,277950.0,0.0022420606611351693,1.0,0.0022420606611351693,2017-10-27,35,2017-07-24
Germany,23,7,115582264.0,255579.0,7.0,255579.0,0.0022112302628022585,1.0,0.0022112302628022585,2017-10-27,35,2017-07-31
Germany,24,7,112332211.0,250285.0,7.0,250285.0,0.002228078640773838,1.0,0.002228078640773838,2017-10-27,35,2017-08-07
Germany,25,7,111273373.0,240278.0,7.0,240278.0,0.002159348580185486,1.0,0.002159348580185486,2017-10-27,35,2017-08-14
Germany,26,7,114225282.0,237290.0,7.0,237290.0,0.002077385985354801,1.0,0.002077385985354801,2017-10-27,35,2017-08-21
Germany,27,7,116792691.0,126192.0,4.0,126192.0,0.0010804785720709184,0.5714285714285714,0.0010804785720709184,2017-10-27,35,2017-08-28
Germany,28,7,113571053.0,0.0,0.0,0.0,0.0,0.0,0.0,2017-10-27,35,2017-09-04
Germany,29,7,111327682.0,0.0,0.0,0.0,0.0,0.0,0.0,2017-10-27,35,2017-09-11
Germany,30,7,111745310.0,0.0,0.0,0.0,0.0,0.0,0.0,2017-10-27,35,2017-09-18
Germany,31,7,117611095.0,0.0,0.0,0.0,0.0,0.0,0.0,2017-10-27,35,2017-09-25
Germany,32,7,117407729.0,0.0,0.0,0.0,0.0,0.0,0.0,2017-10-27,35,2017-10-02
Germany,33,7,117132218.0,0.0,0.0,0.0,0.0,0.0,0.0,2017-10-27,35,2017-10-09
Germany,34,7,118944450.0,0.0,0.0,0.0,0.0,0.0,0.0,2017-10-27,35,2017-10-16
Germany,35,7,117288585.0,0.0,0.0,0.0,0.0,0.0,0.0,2017-10-27,35,2017-10-23
Germany,36,7,117562995.0,0.0,0.0,0.0,0.0,0.0,0.0,2017-10-27,35,2017-10-30
Germany,37,7,114586797.0,0.0,0.0,0.0,0.0,0.0,0.0,2017-10-27,35,2017-11-06
Germany,38,7,115238742.0,0.0,0.0,0.0,0.0,0.0,0.0,2017-10-27,35,2017-11-13
Germany,39,7,114571904.0,0.0,0.0,0.0,0.0,0.0,0.0,2017-10-27,35,2017-11-20
Germany,40,7,115761637.0,0.0,0.0,0.0,0.0,0.0,0.0,2017-10-27,35,2017-11-27
Germany,41,7,112906005.0,0.0,0.0,0.0,0.0,0.0,0.0,2017-10-27,35,2017-12-04
Germany,42,7,119250383.0,0.0,0.0,0.0,0.0,0.0,0.0,2017-10-27,35,2017-12-11
Germany,43,7,165692948.0,0.0,0.0,0.0,0.0,0.0,0.0,2017-10-27,35,2017-12-18
Germany,44,7,127173953.0,0.0,0.0,0.0,0.0,0.0,0.0,2017-10-27,35,2017-12-25
Germany,45,7,107289522.0,0.0,0.0,0.0,0.0,0.0,0.0,2017-10-27,35,2018-01-01
Germany,46,7,111789603.0,0.0,0.0,0.0,0.0,0.0,0.0,2017-10-27,35,2018-01-08
Germany,47,7,112843645.0,0.0,0.0,0.0,0.0,0.0,0.0,2017-10-27,35,2018-01-15
Germany,48,7,114635915.0,0.0,0.0,0.0,0.0,0.0,0.0,2017-10-27,35,2018-01-22
Germany,49,7,113502894.0,0.0,0.0,0.0,0.0,0.0,0.0,2017-10-27,35,2018-01-29
Germany,50,7,111171695.0,0.0,0.0,0.0,0.0,0.0,0.0,2017-10-27,35,2018-02-05
Germany,51,7,109236751.0,0.0,0.0,0.0,0.0,0.0,0.0,2017-10-27,35,2018-02-12
Germany,52,7,112277456.0,0.0,0.0,0.0,0.0,0.0,0.0,2017-10-27,35,2018-02-19
Germany,53,7,114460958.0,0.0,0.0,0.0,0.0,0.0,0.0,2017-10-27,35,2018-02-26
Germany,54,7,116844253.0,0.0,0.0,0.0,0.0,0.0,0.0,2017-10-27,35,2018-03-05
Germany,55,7,115035882.0,0.0,0.0,0.0,0.0,0.0,0.0,2017-10-27,35,2018-03-12
Germany,56,7,120133913.0,0.0,0.0,0.0,0.0,0.0,0.0,2017-10-27,35,2018-03-19
Germany,57,7,121199952.0,0.0,0.0,0.0,0.0,0.0,0.0,2017-10-27,35,2018-03-26
Germany,58,7,122569090.0,0.0,0.0,0.0,0.0,0.0,0.0,2017-10-27,35,2018-04-02
Germany,59,7,127993276.0,0.0,0.0,0.0,0.0,0.0,0.0,2017-10-27,35,2018-04-09
Germany,60,7,139330284.0,0.0,0.0,0.0,0.0,0.0,0.0,2017-10-27,35,2018-04-16
Germany,61,7,137372690.0,0.0,0.0,0.0,0.0,0.0,0.0,2017-10-27,35,2018-04-23
Germany,62,7,136008111.0,0.0,0.0,0.0,0.0,0.0,0.0,2017-10-27,35,2018-04-30
Germany,63,7,137496466.0,0.0,0.0,0.0,0.0,0.0,0.0,2017-10-27,35,2018-05-07
Germany,64,7,133089174.0,0.0,0.0,0.0,0.0,0.0,0.0,2017-10-27,35,2018-05-14
Germany,65,7,140309451.0,0.0,0.0,0.0,0.0,0.0,0.0,2017-10-27,35,2018-05-21
Germany,66,7,146883675.0,0.0,0.0,0.0,0.0,0.0,0.0,2017-10-27,35,2018-05-28
Germany,67,7,145364418.0,0.0,0.0,0.0,0.0,0.0,0.0,2017-10-27,35,2018-06-04
Germany,68,7,141013724.0,0.0,0.0,0.0,0.0,0.0,0.0,2017-10-27,35,2018-06-11
Germany,69,7,154183360.0,0.0,0.0,0.0,0.0,0.0,0.0,2017-10-27,35,2018-06-18
Germany,70,7,155651883.0,0.0,0.0,0.0,0.0,0.0,0.0,2017-10-27,35,2018-06-25
Germany,71,7,150694775.0,0.0,0.0,0.0,0.0,0.0,0.0,2017-10-27,35,2018-07-02
Germany,72,7,149950065.0,0.0,0.0,0.0,0.0,0.0,0.0,2017-10-27,35,2018-07-09
Germany,73,7,152529954.0,0.0,0.0,0.0,0.0,0.0,0.0,2017-10-27,35,2018-07-16
Germany,74,7,151943583.0,0.0,0.0,0.0,0.0,0.0,0.0,2017-10-27,35,2018-07-23
Germany,75,7,155776018.0,0.0,0.0,0.0,0.0,0.0,0.0,2017-10-27,35,2018-07-30
Germany,76,7,154240604.0,0.0,0.0,0.0,0.0,0.0,0.0,2017-10-27,35,2018-08-06
Germany,77,7,148756745.0,0.0,0.0,0.0,0.0,0.0,0.0,2017-10-27,35,2018-08-13
Germany,78,7,143085279.0,0.0,0.0,0.0,0.0,0.0,0.0,2017-10-27,35,2018-08-20
Germany,79,7,144023369.0,0.0,0.0,0.0,0.0,0.0,0.0,2017-10-27,35,2018-08-27
Germany,80,7,143128177.0,0.0,0.0,0.0,0.0,0.0,0.0,2017-10-27,35,2018-09-03
Germany,81,7,144686529.0,0.0,0.0,0.0,0.0,0.0,0.0,2017-10-27,35,2018-09-10
Germany,82,7,147487148.0,0.0,0.0,0.0,0.0,0.0,0.0,2017-10-27,35,2018-09-17
Germany,83,7,150196340.0,0.0,0.0,0.0,0.0,0.0,0.0,2017-10-27,35,2018-09-24
Germany,84,7,158476321.0,0.0,0.0,0.0,0.0,0.0,0.0,2017-10-27,35,2018-10-01
Germany,85,6,132593136.0,0.0,0.0,0.0,0.0,0.0,0.0,2017-10-27,35,2018-10-08
Germany,86,7,147799677.0,0.0,0.0,0.0,0.0,0.0,0.0,2017-10-27,35,2018-10-15
Germany,87,7,146295729.0,0.0,0.0,0.0,0.0,0.0,0.0,2017-10-27,35,2018-10-22
Germany,88,7,150122165.0,0.0,0.0,0.0,0.0,0.0,0.0,2017-10-27,35,2018-10-29
Germany,89,7,147038104.0,0.0,0.0,0.0,0.0,0.0,0.0,2017-10-27,35,2018-11-05
Germany,90,7,143513775.0,0.0,0.0,0.0,0.0,0.0,0.0,2017-10-27,35,2018-11-12
Germany,91,7,146738500.0,0.0,0.0,0.0,0.0,0.0,0.0,2017-10-27,35,2018-11-19
Germany,92,7,159610174.0,0.0,0.0,0.0,0.0,0.0,0.0,2017-10-27,35,2018-11-26
Germany,93,7,155571648.0,0.0,0.0,0.0,0.0,0.0,0.0,2017-10-27,35,2018-12-03
Germany,94,7,154955670.0,0.0,0.0,0.0,0.0,0.0,0.0,2017-10-27,35,2018-12-10
Germany,95,7,177657967.0,0.0,0.0,0.0,0.0,0.0,0.0,2017-10-27,35,2018-12-17
Germany,96,7,189776211.0,0.0,0.0,0.0,0.0,0.0,0.0,2017-10-27,35,2018-12-24
Germany,97,1,33122785.0,0.0,0.0,0.0,0.0,0.0,0.0,2017-10-27,35,2018-12-31
Greece,1,5,806869.0,0.0,0.0,0.0,0.0,0.0,0.0,,0,2017-02-27
Greece,2,7,1084929.0,0.0,0.0,0.0,0.0,0.0,0.0,,0,2017-03-06
Greece,3,7,984822.0,0.0,0.0,0.0,0.0,0.0,0.0,,0,2017-03-13
Greece,4,7,1063039.0,0.0,0.0,0.0,0.0,0.0,0.0,,0,2017-03-20
Greece,5,7,924524.0,0.0,0.0,0.0,0.0,0.0,0.0,,0,2017-03-27
Greece,6,7,912977.0,9747.0,3.0,9747.0,0.010676063033351333,0.42857142857142855,0.010676063033351333,,0,2017-04-03
Greece,7,7,940710.0,19754.0,7.0,19754.0,0.020999032645554954,1.0,0.020999032645554954,,0,2017-04-10
Greece,8,7,990610.0,18041.0,7.0,18041.0,0.018212010781235806,1.0,0.018212010781235806,,0,2017-04-17
Greece,9,7,983349.0,16113.0,7.0,16113.0,0.016385840632369586,1.0,0.016385840632369586,,0,2017-04-24
Greece,10,7,1028580.0,16050.0,8.0,16050.0,0.015604036633028059,1.1428571428571428,0.015604036633028059,,0,2017-05-01
Greece,11,7,1085388.0,42887.0,24.0,25742.0,0.03951305892455048,3.4285714285714284,0.02371686438398066,,0,2017-05-08
Greece,12,7,1129908.0,20870.0,9.0,20870.0,0.018470530344063412,1.2857142857142858,0.018470530344063412,,0,2017-05-15
Greece,13,7,1192287.0,18432.0,7.0,18432.0,0.015459365068980874,1.0,0.015459365068980874,,0,2017-05-22
Greece,14,4,692683.0,9619.0,4.0,9619.0,0.01388658304014968,1.0,0.01388658304014968,,0,2017-05-29
Greece,15,7,1195641.0,15313.0,7.0,15313.0,0.012807356054200216,1.0,0.012807356054200216,,0,2017-06-05
Greece,16,7,1250418.0,13655.0,7.0,13655.0,0.010920348235550032,1.0,0.010920348235550032,,0,2017-06-12
Greece,17,7,1258747.0,9709.0,7.0,9709.0,0.007713225930230618,1.0,0.007713225930230618,,0,2017-06-19
Greece,18,7,1195697.0,7516.0,6.0,7516.0,0.006285873427799852,0.8571428571428571,0.006285873427799852,,0,2017-06-26
Greece,19,7,1140744.0,2046.0,2.0,2046.0,0.0017935663040962741,0.2857142857142857,0.0017935663040962741,,0,2017-07-03
Greece,20,7,1225197.0,0.0,0.0,0.0,0.0,0.0,0.0,,0,2017-07-10
Greece,21,7,1236018.0,2027.0,2.0,2027.0,0.0016399437548644113,0.2857142857142857,0.0016399437548644113,,0,2017-07-17
Greece,22,7,1219317.0,0.0,0.0,0.0,0.0,0.0,0.0,,0,2017-07-24
Greece,23,7,1163938.0,0.0,0.0,0.0,0.0,0.0,0.0,,0,2017-07-31
Greece,24,7,1116734.0,0.0,0.0,0.0,0.0,0.0,0.0,,0,2017-08-07
Greece,25,7,1063529.0,0.0,0.0,0.0,0.0,0.0,0.0,,0,2017-08-14
Greece,26,7,1260984.0,0.0,0.0,0.0,0.0,0.0,0.0,,0,2017-08-21
Greece,27,7,1330218.0,0.0,0.0,0.0,0.0,0.0,0.0,,0,2017-08-28
Greece,28,7,1356616.0,0.0,0.0,0.0,0.0,0.0,0.0,,0,2017-09-04
Greece,29,7,1235692.0,0.0,0.0,0.0,0.0,0.0,0.0,,0,2017-09-11
Greece,30,7,1205063.0,0.0,0.0,0.0,0.0,0.0,0.0,,0,2017-09-18
Greece,31,7,1134877.0,1054.0,1.0,1054.0,0.0009287350082872417,0.14285714285714285,0.0009287350082872417,,0,2017-09-25
Greece,32,7,1147571.0,0.0,0.0,0.0,0.0,0.0,0.0,,0,2017-10-02
Greece,33,7,1146397.0,0.0,0.0,0.0,0.0,0.0,0.0,,0,2017-10-09
Greece,34,7,1175454.0,0.0,0.0,0.0,0.0,0.0,0.0,,0,2017-10-16
Greece,35,7,1158534.0,0.0,0.0,0.0,0.0,0.0,0.0,,0,2017-10-23
Greece,36,7,1156852.0,0.0,0.0,0.0,0.0,0.0,0.0,,0,2017-10-30
Greece,37,7,1117284.0,0.0,0.0,0.0,0.0,0.0,0.0,,0,2017-11-06
Greece,38,7,1120200.0,0.0,0.0,0.0,0.0,0.0,0.0,,0,2017-11-13
Greece,39,7,1039973.0,0.0,0.0,0.0,0.0,0.0,0.0,,0,2017-11-20
Greece,40,7,1222441.0,2102.0,2.0,2102.0,0.0017195103894584688,0.2857142857142857,0.0017195103894584688,,0,2017-11-27
Greece,41,7,1323211.0,0.0,0.0,0.0,0.0,0.0,0.0,,0,2017-12-04
Greece,42,7,1369193.0,0.0,0.0,0.0,0.0,0.0,0.0,,0,2017-12-11
Greece,43,7,1600290.0,0.0,0.0,0.0,0.0,0.0,0.0,,0,2017-12-18
Greece,44,7,1251181.0,0.0,0.0,0.0,0.0,0.0,0.0,,0,2017-12-25
Greece,45,7,1123054.0,0.0,0.0,0.0,0.0,0.0,0.0,,0,2018-01-01
Greece,46,7,1350212.0,0.0,0.0,0.0,0.0,0.0,0.0,,0,2018-01-08
Greece,47,7,1326907.0,0.0,0.0,0.0,0.0,0.0,0.0,,0,2018-01-15
Greece,48,7,1414800.0,0.0,0.0,0.0,0.0,0.0,0.0,,0,2018-01-22
Greece,49,7,1427528.0,0.0,0.0,0.0,0.0,0.0,0.0,,0,2018-01-29
Greece,50,7,1303034.0,0.0,0.0,0.0,0.0,0.0,0.0,,0,2018-02-05
Greece,51,7,1213100.0,0.0,0.0,0.0,0.0,0.0,0.0,,0,2018-02-12
Greece,52,7,1248494.0,0.0,0.0,0.0,0.0,0.0,0.0,,0,2018-02-19
Greece,53,7,1260780.0,0.0,0.0,0.0,0.0,0.0,0.0,,0,2018-02-26
Greece,54,7,1192735.0,0.0,0.0,0.0,0.0,0.0,0.0,,0,2018-03-05
Greece,55,7,1219321.0,0.0,0.0,0.0,0.0,0.0,0.0,,0,2018-03-12
Greece,56,7,1203059.0,0.0,0.0,0.0,0.0,0.0,0.0,,0,2018-03-19
Greece,57,7,1246348.0,0.0,0.0,0.0,0.0,0.0,0.0,,0,2018-03-26
Greece,58,7,1176088.0,0.0,0.0,0.0,0.0,0.0,0.0,,0,2018-04-02
Greece,59,7,1246895.0,0.0,0.0,0.0,0.0,0.0,0.0,,0,2018-04-09
Greece,60,7,1482002.0,0.0,0.0,0.0,0.0,0.0,0.0,,0,2018-04-16
Greece,61,7,1568443.0,0.0,0.0,0.0,0.0,0.0,0.0,,0,2018-04-23
Greece,62,7,1410715.0,0.0,0.0,0.0,0.0,0.0,0.0,,0,2018-04-30
Greece,63,7,1520179.0,0.0,0.0,0.0,0.0,0.0,0.0,,0,2018-05-07
Greece,64,7,1536505.0,0.0,0.0,0.0,0.0,0.0,0.0,,0,2018-05-14
Greece,65,7,1587789.0,0.0,0.0,0.0,0.0,0.0,0.0,,0,2018-05-21
Greece,66,7,1569313.0,0.0,0.0,0.0,0.0,0.0,0.0,,0,2018-05-28
Greece,67,7,1653123.0,0.0,0.0,0.0,0.0,0.0,0.0,,0,2018-06-04
Greece,68,7,1621274.0,0.0,0.0,0.0,0.0,0.0,0.0,,0,2018-06-11
Greece,69,7,1928167.0,0.0,0.0,0.0,0.0,0.0,0.0,,0,2018-06-18
Greece,70,7,1948800.0,0.0,0.0,0.0,0.0,0.0,0.0,,0,2018-06-25
Greece,71,7,1825526.0,0.0,0.0,0.0,0.0,0.0,0.0,,0,2018-07-02
Greece,72,7,1873115.0,0.0,0.0,0.0,0.0,0.0,0.0,,0,2018-07-09
Greece,73,7,1899762.0,0.0,0.0,0.0,0.0,0.0,0.0,,0,2018-07-16
Greece,74,7,1661002.0,0.0,0.0,0.0,0.0,0.0,0.0,,0,2018-07-23
Greece,75,7,1912359.0,0.0,0.0,0.0,0.0,0.0,0.0,,0,2018-07-30
Greece,76,7,1815614.0,0.0,0.0,0.0,0.0,0.0,0.0,,0,2018-08-06
Greece,77,7,1766729.0,0.0,0.0,0.0,0.0,0.0,0.0,,0,2018-08-13
Greece,78,7,1975594.0,0.0,0.0,0.0,0.0,0.0,0.0,,0,2018-08-20
Greece,79,7,2071401.0,0.0,0.0,0.0,0.0,0.0,0.0,,0,2018-08-27
Greece,80,7,2242547.0,0.0,0.0,0.0,0.0,0.0,0.0,,0,2018-09-03
Greece,81,7,1943122.0,0.0,0.0,0.0,0.0,0.0,0.0,,0,2018-09-10
Greece,82,7,1857829.0,0.0,0.0,0.0,0.0,0.0,0.0,,0,2018-09-17
Greece,83,7,1779911.0,0.0,0.0,0.0,0.0,0.0,0.0,,0,2018-09-24
Greece,84,7,1952330.0,0.0,0.0,0.0,0.0,0.0,0.0,,0,2018-10-01
Greece,85,7,1903477.0,0.0,0.0,0.0,0.0,0.0,0.0,,0,2018-10-08
Greece,86,7,1981514.0,0.0,0.0,0.0,0.0,0.0,0.0,,0,2018-10-15
Greece,87,7,1891818.0,0.0,0.0,0.0,0.0,0.0,0.0,,0,2018-10-22
Greece,88,7,1900883.0,0.0,0.0,0.0,0.0,0.0,0.0,,0,2018-10-29
Greece,89,7,2048227.0,0.0,0.0,0.0,0.0,0.0,0.0,,0,2018-11-05
Greece,90,7,1950066.0,0.0,0.0,0.0,0.0,0.0,0.0,,0,2018-11-12
Greece,91,7,1998459.0,0.0,0.0,0.0,0.0,0.0,0.0,,0,2018-11-19
Greece,92,7,2380047.0,0.0,0.0,0.0,0.0,0.0,0.0,,0,2018-11-26
Greece,93,7,2458657.0,0.0,0.0,0.0,0.0,0.0,0.0,,0,2018-12-03
Greece,94,7,2401082.0,0.0,0.0,0.0,0.0,0.0,0.0,,0,2018-12-10
Greece,95,7,2697974.0,0.0,0.0,0.0,0.0,0.0,0.0,,0,2018-12-17
Greece,96,7,2591443.0,0.0,0.0,0.0,0.0,0.0,0.0,,0,2018-12-24
Greece,97,1,409210.0,0.0,0.0,0.0,0.0,0.0,0.0,,0,2018-12-31
Guatemala,1,5,2400414.0,0.0,0.0,0.0,0.0,0.0,0.0,,0,2017-02-27
Guatemala,2,7,3177767.0,0.0,0.0,0.0,0.0,0.0,0.0,,0,2017-03-06
Guatemala,3,7,2979579.0,0.0,0.0,0.0,0.0,0.0,0.0,,0,2017-03-13
Guatemala,4,7,2979424.0,0.0,0.0,0.0,0.0,0.0,0.0,,0,2017-03-20
Guatemala,5,7,3066428.0,0.0,0.0,0.0,0.0,0.0,0.0,,0,2017-03-27
Guatemala,6,7,3063903.0,7182.0,3.0,7182.0,0.002344068986518176,0.42857142857142855,0.002344068986518176,,0,2017-04-03
Guatemala,7,7,2642443.0,11830.0,7.0,11830.0,0.0044769177613291945,1.0,0.0044769177613291945,,0,2017-04-10
Guatemala,8,7,3150548.0,12442.0,7.0,12442.0,0.003949154242373073,1.0,0.003949154242373073,,0,2017-04-17
Guatemala,9,7,3434561.0,13457.0,7.0,13457.0,0.00391811355221235,1.0,0.00391811355221235,,0,2017-04-24
Guatemala,10,7,3361117.0,16148.0,8.0,16148.0,0.004804355218815649,1.1428571428571428,0.004804355218815649,,0,2017-05-01
Guatemala,11,7,3287137.0,26150.0,13.0,22866.0,0.007955251028478582,1.8571428571428572,0.006956205354385899,,0,2017-05-08
Guatemala,12,7,3340548.0,25878.0,10.0,25878.0,0.007746633187129776,1.4285714285714286,0.007746633187129776,,0,2017-05-15
Guatemala,13,7,3273689.0,21770.0,7.0,21770.0,0.006649990270914555,1.0,0.006649990270914555,,0,2017-05-22
Guatemala,14,4,1778640.0,10653.0,4.0,10653.0,0.005989407637295912,1.0,0.005989407637295912,,0,2017-05-29
Guatemala,15,7,3211097.0,17519.0,7.0,17519.0,0.005455767919810582,1.0,0.005455767919810582,,0,2017-06-05
Guatemala,16,7,3190878.0,16929.0,7.0,16929.0,0.005305436309379425,1.0,0.005305436309379425,,0,2017-06-12
Guatemala,17,7,3159623.0,15624.0,7.0,15624.0,0.004944893742069861,1.0,0.004944893742069861,,0,2017-06-19
Guatemala,18,7,3123816.0,14275.0,7.0,14275.0,0.004569731379825188,1.0,0.004569731379825188,,0,2017-06-26
Guatemala,19,7,3366850.0,13101.0,7.0,13101.0,0.003891174242986768,1.0,0.003891174242986768,,0,2017-07-03
Guatemala,20,7,3557010.0,12607.0,7.0,12607.0,0.003544268922493892,1.0,0.003544268922493892,,0,2017-07-10
Guatemala,21,7,3628547.0,12436.0,7.0,12436.0,0.0034272671678222716,1.0,0.0034272671678222716,,0,2017-07-17
Guatemala,22,7,3595020.0,11659.0,7.0,11659.0,0.0032430973958420257,1.0,0.0032430973958420257,,0,2017-07-24
Guatemala,23,7,3562396.0,11852.0,7.0,11852.0,0.003326974317285333,1.0,0.003326974317285333,,0,2017-07-31
Guatemala,24,7,3542896.0,10963.0,7.0,10963.0,0.003094361223134972,1.0,0.003094361223134972,,0,2017-08-07
Guatemala,25,7,3532772.0,9660.0,7.0,9660.0,0.002734396672075073,1.0,0.002734396672075073,,0,2017-08-14
Guatemala,26,7,3589024.0,9039.0,7.0,9039.0,0.002518511996576228,1.0,0.002518511996576228,,0,2017-08-21
Guatemala,27,7,3617478.0,7497.0,6.0,7497.0,0.002072438311995263,0.8571428571428571,0.002072438311995263,,0,2017-08-28
Guatemala,28,7,3607771.0,8586.0,7.0,8586.0,0.0023798628017133016,1.0,0.0023798628017133016,,0,2017-09-04
Guatemala,29,7,3498184.0,4817.0,4.0,4817.0,0.001377000180665168,0.5714285714285714,0.001377000180665168,,0,2017-09-11
Guatemala,30,7,3507794.0,8337.0,7.0,8337.0,0.002376707412122833,1.0,0.002376707412122833,,0,2017-09-18
Guatemala,31,7,3520690.0,8606.0,7.0,8606.0,0.0024444072042696177,1.0,0.0024444072042696177,,0,2017-09-25
Guatemala,32,7,3433136.0,8428.0,7.0,8428.0,0.002454898378625257,1.0,0.002454898378625257,,0,2017-10-02
Guatemala,33,7,3444862.0,4713.0,4.0,4713.0,0.001368124470588372,0.5714285714285714,0.001368124470588372,,0,2017-10-09
Guatemala,34,7,3540135.0,5825.0,5.0,5825.0,0.0016454174770171193,0.7142857142857143,0.0016454174770171193,,0,2017-10-16
Guatemala,35,7,3535659.0,5885.0,5.0,5885.0,0.0016644704707099865,0.7142857142857143,0.0016644704707099865,,0,2017-10-23
Guatemala,36,7,3524737.0,2210.0,2.0,2210.0,0.0006269971348216903,0.2857142857142857,0.0006269971348216903,,0,2017-10-30
Guatemala,37,7,3611882.0,5853.0,5.0,5853.0,0.001620484833114703,0.7142857142857143,0.001620484833114703,,0,2017-11-06
Guatemala,38,7,3674065.0,3431.0,3.0,3431.0,0.0009338430321728114,0.42857142857142855,0.0009338430321728114,,0,2017-11-13
Guatemala,39,7,3730399.0,3493.0,3.0,3493.0,0.0009363609629961836,0.42857142857142855,0.0009363609629961836,,0,2017-11-20
Guatemala,40,7,3731273.0,3381.0,3.0,3381.0,0.0009061250677717765,0.42857142857142855,0.0009061250677717765,,0,2017-11-27
Guatemala,41,7,3749973.0,1197.0,1.0,1197.0,0.00031920229825654743,0.14285714285714285,0.00031920229825654743,,0,2017-12-04
Guatemala,42,7,3720185.0,0.0,0.0,0.0,0.0,0.0,0.0,,0,2017-12-11
Guatemala,43,7,3995617.0,0.0,0.0,0.0,0.0,0.0,0.0,,0,2017-12-18
Guatemala,44,7,3872631.0,0.0,0.0,0.0,0.0,0.0,0.0,,0,2017-12-25
Guatemala,45,7,3809390.0,2409.0,2.0,2409.0,0.000632384712513027,0.2857142857142857,0.000632384712513027,,0,2018-01-01
Guatemala,46,7,4047775.0,3795.0,3.0,3795.0,0.000937552111962745,0.42857142857142855,0.000937552111962745,,0,2018-01-08
Guatemala,47,7,4146104.0,2531.0,2.0,2531.0,0.0006104526080387757,0.2857142857142857,0.0006104526080387757,,0,2018-01-15
Guatemala,48,7,4491845.0,1310.0,1.0,1310.0,0.0002916396269239032,0.14285714285714285,0.0002916396269239032,,0,2018-01-22
Guatemala,49,7,4546669.0,0.0,0.0,0.0,0.0,0.0,0.0,,0,2018-01-29
Guatemala,50,7,4630820.0,1374.0,1.0,1374.0,0.00029670771051347277,0.14285714285714285,0.00029670771051347277,,0,2018-02-05
Guatemala,51,7,4735865.0,0.0,0.0,0.0,0.0,0.0,0.0,,0,2018-02-12
Guatemala,52,7,5041854.0,0.0,0.0,0.0,0.0,0.0,0.0,,0,2018-02-19
Guatemala,53,7,4962178.0,0.0,0.0,0.0,0.0,0.0,0.0,,0,2018-02-26
Guatemala,54,7,4545908.0,0.0,0.0,0.0,0.0,0.0,0.0,,0,2018-03-05
Guatemala,55,7,4481982.0,0.0,0.0,0.0,0.0,0.0,0.0,,0,2018-03-12
Guatemala,56,7,4458725.0,0.0,0.0,0.0,0.0,0.0,0.0,,0,2018-03-19
Guatemala,57,7,4026676.0,0.0,0.0,0.0,0.0,0.0,0.0,,0,2018-03-26
Guatemala,58,7,4205329.0,0.0,0.0,0.0,0.0,0.0,0.0,,0,2018-04-02
Guatemala,59,7,4222057.0,0.0,0.0,0.0,0.0,0.0,0.0,,0,2018-04-09
Guatemala,60,7,4327417.0,0.0,0.0,0.0,0.0,0.0,0.0,,0,2018-04-16
Guatemala,61,7,4205513.0,0.0,0.0,0.0,0.0,0.0,0.0,,0,2018-04-23
Guatemala,62,7,4103910.0,0.0,0.0,0.0,0.0,0.0,0.0,,0,2018-04-30
Guatemala,63,7,4194187.0,0.0,0.0,0.0,0.0,0.0,0.0,,0,2018-05-07
Guatemala,64,7,4253927.0,0.0,0.0,0.0,0.0,0.0,0.0,,0,2018-05-14
Guatemala,65,7,4189759.0,0.0,0.0,0.0,0.0,0.0,0.0,,0,2018-05-21
Guatemala,66,7,4129820.0,0.0,0.0,0.0,0.0,0.0,0.0,,0,2018-05-28
Guatemala,67,7,3837893.0,0.0,0.0,0.0,0.0,0.0,0.0,,0,2018-06-04
Guatemala,68,7,3859640.0,0.0,0.0,0.0,0.0,0.0,0.0,,0,2018-06-11
Guatemala,69,7,3912552.0,0.0,0.0,0.0,0.0,0.0,0.0,,0,2018-06-18
Guatemala,70,7,4078797.0,0.0,0.0,0.0,0.0,0.0,0.0,,0,2018-06-25
Guatemala,71,7,4287008.0,0.0,0.0,0.0,0.0,0.0,0.0,,0,2018-07-02
Guatemala,72,7,4423502.0,0.0,0.0,0.0,0.0,0.0,0.0,,0,2018-07-09
Guatemala,73,7,4614404.0,0.0,0.0,0.0,0.0,0.0,0.0,,0,2018-07-16
Guatemala,74,7,4650578.0,0.0,0.0,0.0,0.0,0.0,0.0,,0,2018-07-23
Guatemala,75,7,4535593.0,0.0,0.0,0.0,0.0,0.0,0.0,,0,2018-07-30
Guatemala,76,7,4459315.0,0.0,0.0,0.0,0.0,0.0,0.0,,0,2018-08-06
Guatemala,77,7,4366012.0,0.0,0.0,0.0,0.0,0.0,0.0,,0,2018-08-13
Guatemala,78,7,4466134.0,0.0,0.0,0.0,0.0,0.0,0.0,,0,2018-08-20
Guatemala,79,7,4379088.0,0.0,0.0,0.0,0.0,0.0,0.0,,0,2018-08-27
Guatemala,80,7,4366644.0,0.0,0.0,0.0,0.0,0.0,0.0,,0,2018-09-03
Guatemala,81,7,4335300.0,0.0,0.0,0.0,0.0,0.0,0.0,,0,2018-09-10
Guatemala,82,7,4425480.0,0.0,0.0,0.0,0.0,0.0,0.0,,0,2018-09-17
Guatemala,83,7,4458182.0,0.0,0.0,0.0,0.0,0.0,0.0,,0,2018-09-24
Guatemala,84,7,4449797.0,0.0,0.0,0.0,0.0,0.0,0.0,,0,2018-10-01
Guatemala,85,7,4518587.0,0.0,0.0,0.0,0.0,0.0,0.0,,0,2018-10-08
Guatemala,86,7,4617778.0,0.0,0.0,0.0,0.0,0.0,0.0,,0,2018-10-15
Guatemala,87,7,4602605.0,0.0,0.0,0.0,0.0,0.0,0.0,,0,2018-10-22
Guatemala,88,7,4620172.0,0.0,0.0,0.0,0.0,0.0,0.0,,0,2018-10-29
Guatemala,89,7,4773283.0,0.0,0.0,0.0,0.0,0.0,0.0,,0,2018-11-05
Guatemala,90,7,4737674.0,0.0,0.0,0.0,0.0,0.0,0.0,,0,2018-11-12
Guatemala,91,7,4847964.0,0.0,0.0,0.0,0.0,0.0,0.0,,0,2018-11-19
Guatemala,92,7,4886281.0,0.0,0.0,0.0,0.0,0.0,0.0,,0,2018-11-26
Guatemala,93,7,4926222.0,0.0,0.0,0.0,0.0,0.0,0.0,,0,2018-12-03
Guatemala,94,7,5048348.0,0.0,0.0,0.0,0.0,0.0,0.0,,0,2018-12-10
Guatemala,95,7,5256632.0,0.0,0.0,0.0,0.0,0.0,0.0,,0,2018-12-17
Guatemala,96,7,5452683.0,0.0,0.0,0.0,0.0,0.0,0.0,,0,2018-12-24
Guatemala,97,1,797683.0,0.0,0.0,0.0,0.0,0.0,0.0,,0,2018-12-31
Honduras,1,5,1381551.0,0.0,0.0,0.0,0.0,0.0,0.0,,0,2017-02-27
Honduras,2,7,1916487.0,0.0,0.0,0.0,0.0,0.0,0.0,,0,2017-03-06
Honduras,3,7,1717718.0,0.0,0.0,0.0,0.0,0.0,0.0,,0,2017-03-13
Honduras,4,7,1730515.0,0.0,0.0,0.0,0.0,0.0,0.0,,0,2017-03-20
Honduras,5,7,1813210.0,0.0,0.0,0.0,0.0,0.0,0.0,,0,2017-03-27
Honduras,6,7,1851464.0,5908.0,3.0,5908.0,0.0031909883205938653,0.42857142857142855,0.0031909883205938653,,0,2017-04-03
Honduras,7,7,1700750.0,11024.0,7.0,11024.0,0.006481846244303984,1.0,0.006481846244303984,,0,2017-04-10
Honduras,8,7,1788338.0,10469.0,7.0,10469.0,0.0058540387779044,1.0,0.0058540387779044,,0,2017-04-17
Honduras,9,7,1913204.0,10383.0,7.0,10383.0,0.0054270218962536145,1.0,0.0054270218962536145,,0,2017-04-24
Honduras,10,7,1925698.0,10964.0,7.0,10964.0,0.00569351996003527,1.0,0.00569351996003527,,0,2017-05-01
Honduras,11,7,1908733.0,14550.0,8.0,14550.0,0.007622857675746162,1.1428571428571428,0.007622857675746162,,0,2017-05-08
Honduras,12,7,1877727.0,16245.0,7.0,16245.0,0.008651417378564615,1.0,0.008651417378564615,,0,2017-05-15
Honduras,13,7,1883912.0,16689.0,7.0,16689.0,0.008858694036664132,1.0,0.008858694036664132,,0,2017-05-22
Honduras,14,4,1059865.0,8786.0,4.0,8786.0,0.00828973501342152,1.0,0.00828973501342152,,0,2017-05-29
Honduras,15,7,1867369.0,15260.0,7.0,15260.0,0.008171925313100946,1.0,0.008171925313100946,,0,2017-06-05
Honduras,16,7,1871016.0,14743.0,7.0,14743.0,0.00787967606904484,1.0,0.00787967606904484,,0,2017-06-12
Honduras,17,7,1803041.0,13388.0,7.0,13388.0,0.007425233258700163,1.0,0.007425233258700163,,0,2017-06-19
Honduras,18,7,1799198.0,11534.0,7.0,11534.0,0.006410634071402925,1.0,0.006410634071402925,,0,2017-06-26
Honduras,19,7,1896961.0,10548.0,7.0,10548.0,0.005560472777247397,1.0,0.005560472777247397,,0,2017-07-03
Honduras,20,7,1917811.0,9890.0,7.0,9890.0,0.0051569210938929855,1.0,0.0051569210938929855,,0,2017-07-10
Honduras,21,7,1867730.0,9545.0,7.0,9545.0,0.005110481707741483,1.0,0.005110481707741483,,0,2017-07-17
Honduras,22,7,1881276.0,9252.0,7.0,9252.0,0.004917938675664815,1.0,0.004917938675664815,,0,2017-07-24
Honduras,23,7,1794856.0,8976.0,7.0,8976.0,0.005000958294147274,1.0,0.005000958294147274,,0,2017-07-31
Honduras,24,7,1843370.0,7138.0,6.0,7138.0,0.00387225570558271,0.8571428571428571,0.00387225570558271,,0,2017-08-07
Honduras,25,7,1832087.0,5238.0,5.0,5238.0,0.002859034532748718,0.7142857142857143,0.002859034532748718,,0,2017-08-14
Honduras,26,7,1806956.0,4134.0,4.0,4134.0,0.002287825492153655,0.5714285714285714,0.002287825492153655,,0,2017-08-21
Honduras,27,7,1800860.0,1018.0,1.0,1018.0,0.0005652854747176349,0.14285714285714285,0.0005652854747176349,,0,2017-08-28
Honduras,28,7,1791268.0,0.0,0.0,0.0,0.0,0.0,0.0,,0,2017-09-04
Honduras,29,7,1712991.0,0.0,0.0,0.0,0.0,0.0,0.0,,0,2017-09-11
Honduras,30,7,1707905.0,2102.0,2.0,2102.0,0.001230747611840237,0.2857142857142857,0.001230747611840237,,0,2017-09-18
Honduras,31,7,1723571.0,0.0,0.0,0.0,0.0,0.0,0.0,,0,2017-09-25
Honduras,32,7,1685844.0,0.0,0.0,0.0,0.0,0.0,0.0,,0,2017-10-02
Honduras,33,7,1593689.0,0.0,0.0,0.0,0.0,0.0,0.0,,0,2017-10-09
Honduras,34,7,1693104.0,0.0,0.0,0.0,0.0,0.0,0.0,,0,2017-10-16
Honduras,35,7,1623806.0,0.0,0.0,0.0,0.0,0.0,0.0,,0,2017-10-23
Honduras,36,7,1650229.0,0.0,0.0,0.0,0.0,0.0,0.0,,0,2017-10-30
Honduras,37,7,1666315.0,0.0,0.0,0.0,0.0,0.0,0.0,,0,2017-11-06
Honduras,38,7,1666731.0,0.0,0.0,0.0,0.0,0.0,0.0,,0,2017-11-13
Honduras,39,7,1705730.0,0.0,0.0,0.0,0.0,0.0,0.0,,0,2017-11-20
Honduras,40,7,1231789.0,0.0,0.0,0.0,0.0,0.0,0.0,,0,2017-11-27
Honduras,41,7,1587608.0,0.0,0.0,0.0,0.0,0.0,0.0,,0,2017-12-04
Honduras,42,7,1541798.0,0.0,0.0,0.0,0.0,0.0,0.0,,0,2017-12-11
Honduras,43,7,1618068.0,0.0,0.0,0.0,0.0,0.0,0.0,,0,2017-12-18
Honduras,44,7,1690552.0,0.0,0.0,0.0,0.0,0.0,0.0,,0,2017-12-25
Honduras,45,7,1548031.0,0.0,0.0,0.0,0.0,0.0,0.0,,0,2018-01-01
Honduras,46,7,1671401.0,0.0,0.0,0.0,0.0,0.0,0.0,,0,2018-01-08
Honduras,47,7,1685657.0,0.0,0.0,0.0,0.0,0.0,0.0,,0,2018-01-15
Honduras,48,7,1867381.0,0.0,0.0,0.0,0.0,0.0,0.0,,0,2018-01-22
Honduras,49,7,1947050.0,0.0,0.0,0.0,0.0,0.0,0.0,,0,2018-01-29
Honduras,50,7,1928379.0,0.0,0.0,0.0,0.0,0.0,0.0,,0,2018-02-05
Honduras,51,7,1989820.0,0.0,0.0,0.0,0.0,0.0,0.0,,0,2018-02-12
Honduras,52,7,2116670.0,0.0,0.0,0.0,0.0,0.0,0.0,,0,2018-02-19
Honduras,53,7,2125523.0,0.0,0.0,0.0,0.0,0.0,0.0,,0,2018-02-26
Honduras,54,7,1881431.0,0.0,0.0,0.0,0.0,0.0,0.0,,0,2018-03-05
Honduras,55,7,1796243.0,0.0,0.0,0.0,0.0,0.0,0.0,,0,2018-03-12
Honduras,56,7,1867196.0,0.0,0.0,0.0,0.0,0.0,0.0,,0,2018-03-19
Honduras,57,7,1824104.0,0.0,0.0,0.0,0.0,0.0,0.0,,0,2018-03-26
Honduras,58,7,1718932.0,0.0,0.0,0.0,0.0,0.0,0.0,,0,2018-04-02
Honduras,59,7,1629331.0,0.0,0.0,0.0,0.0,0.0,0.0,,0,2018-04-09
Honduras,60,7,1731967.0,0.0,0.0,0.0,0.0,0.0,0.0,,0,2018-04-16
Honduras,61,7,1656434.0,0.0,0.0,0.0,0.0,0.0,0.0,,0,2018-04-23
Honduras,62,7,1602343.0,0.0,0.0,0.0,0.0,0.0,0.0,,0,2018-04-30
Honduras,63,7,1636666.0,0.0,0.0,0.0,0.0,0.0,0.0,,0,2018-05-07
Honduras,64,7,1535486.0,0.0,0.0,0.0,0.0,0.0,0.0,,0,2018-05-14
Honduras,65,7,1546128.0,0.0,0.0,0.0,0.0,0.0,0.0,,0,2018-05-21
Honduras,66,7,1596689.0,0.0,0.0,0.0,0.0,0.0,0.0,,0,2018-05-28
Honduras,67,7,1569063.0,0.0,0.0,0.0,0.0,0.0,0.0,,0,2018-06-04
Honduras,68,7,1443548.0,0.0,0.0,0.0,0.0,0.0,0.0,,0,2018-06-11
Honduras,69,7,1496021.0,0.0,0.0,0.0,0.0,0.0,0.0,,0,2018-06-18
Honduras,70,7,1606719.0,0.0,0.0,0.0,0.0,0.0,0.0,,0,2018-06-25
Honduras,71,7,1705772.0,0.0,0.0,0.0,0.0,0.0,0.0,,0,2018-07-02
Honduras,72,7,1735666.0,0.0,0.0,0.0,0.0,0.0,0.0,,0,2018-07-09
Honduras,73,7,1844376.0,0.0,0.0,0.0,0.0,0.0,0.0,,0,2018-07-16
Honduras,74,7,1848142.0,0.0,0.0,0.0,0.0,0.0,0.0,,0,2018-07-23
Honduras,75,7,1816835.0,0.0,0.0,0.0,0.0,0.0,0.0,,0,2018-07-30
Honduras,76,7,1765285.0,0.0,0.0,0.0,0.0,0.0,0.0,,0,2018-08-06
Honduras,77,7,1761190.0,0.0,0.0,0.0,0.0,0.0,0.0,,0,2018-08-13
Honduras,78,7,1797262.0,0.0,0.0,0.0,0.0,0.0,0.0,,0,2018-08-20
Honduras,79,7,1771798.0,0.0,0.0,0.0,0.0,0.0,0.0,,0,2018-08-27
Honduras,80,7,1739537.0,0.0,0.0,0.0,0.0,0.0,0.0,,0,2018-09-03
Honduras,81,7,1684411.0,0.0,0.0,0.0,0.0,0.0,0.0,,0,2018-09-10
Honduras,82,7,1626236.0,0.0,0.0,0.0,0.0,0.0,0.0,,0,2018-09-17
Honduras,83,7,1614684.0,0.0,0.0,0.0,0.0,0.0,0.0,,0,2018-09-24
Honduras,84,7,1599994.0,0.0,0.0,0.0,0.0,0.0,0.0,,0,2018-10-01
Honduras,85,7,1762322.0,0.0,0.0,0.0,0.0,0.0,0.0,,0,2018-10-08
Honduras,86,7,1865751.0,0.0,0.0,0.0,0.0,0.0,0.0,,0,2018-10-15
Honduras,87,7,1894365.0,0.0,0.0,0.0,0.0,0.0,0.0,,0,2018-10-22
Honduras,88,7,1909362.0,0.0,0.0,0.0,0.0,0.0,0.0,,0,2018-10-29
Honduras,89,7,2051278.0,0.0,0.0,0.0,0.0,0.0,0.0,,0,2018-11-05
Honduras,90,7,1999127.0,0.0,0.0,0.0,0.0,0.0,0.0,,0,2018-11-12
Honduras,91,7,1985796.0,0.0,0.0,0.0,0.0,0.0,0.0,,0,2018-11-19
Honduras,92,7,1921441.0,0.0,0.0,0.0,0.0,0.0,0.0,,0,2018-11-26
Honduras,93,7,1983990.0,0.0,0.0,0.0,0.0,0.0,0.0,,0,2018-12-03
Honduras,94,7,1888658.0,0.0,0.0,0.0,0.0,0.0,0.0,,0,2018-12-10
Honduras,95,7,2050198.0,0.0,0.0,0.0,0.0,0.0,0.0,,0,2018-12-17
Honduras,96,7,2353640.0,0.0,0.0,0.0,0.0,0.0,0.0,,0,2018-12-24
Honduras,97,1,350053.0,0.0,0.0,0.0,0.0,0.0,0.0,,0,2018-12-31
Hong Kong,1,5,4394949.0,0.0,0.0,0.0,0.0,0.0,0.0,2018-05-05,62,2017-02-27
Hong Kong,2,7,6223088.0,0.0,0.0,0.0,0.0,0.0,0.0,2018-05-05,62,2017-03-06
Hong Kong,3,7,5879306.0,0.0,0.0,0.0,0.0,0.0,0.0,2018-05-05,62,2017-03-13
Hong Kong,4,7,5678498.0,0.0,0.0,0.0,0.0,0.0,0.0,2018-05-05,62,2017-03-20
Hong Kong,5,7,5635275.0,0.0,0.0,0.0,0.0,0.0,0.0,2018-05-05,62,2017-03-27
Hong Kong,6,7,5427693.0,12354.0,3.0,12354.0,0.0022761051518573362,0.42857142857142855,0.0022761051518573362,2018-05-05,62,2017-04-03
Hong Kong,7,7,5293410.0,53894.0,7.0,53894.0,0.01018133868338179,1.0,0.01018133868338179,2018-05-05,62,2017-04-10
Hong Kong,8,7,5514428.0,55299.0,7.0,55299.0,0.010028057307122334,1.0,0.010028057307122334,2018-05-05,62,2017-04-17
Hong Kong,9,7,5574826.0,50649.0,7.0,50649.0,0.009085305980850344,1.0,0.009085305980850344,2018-05-05,62,2017-04-24
Hong Kong,10,7,5510399.0,50508.0,10.0,50508.0,0.009165942429940191,1.4285714285714286,0.009165942429940191,2018-05-05,62,2017-05-01
Hong Kong,11,7,5724278.0,72801.0,16.0,63119.0,0.012717935781595514,2.2857142857142856,0.011026543434822697,2018-05-05,62,2017-05-08
Hong Kong,12,7,5691256.0,69934.0,12.0,69934.0,0.012287972988739217,1.7142857142857142,0.012287972988739217,2018-05-05,62,2017-05-15
Hong Kong,13,7,5719137.0,59702.0,9.0,59702.0,0.010438987560535793,1.2857142857142858,0.010438987560535793,2018-05-05,62,2017-05-22
Hong Kong,14,4,3225201.0,27688.0,4.0,27688.0,0.008584891298247768,1.0,0.008584891298247768,2018-05-05,62,2017-05-29
Hong Kong,15,7,5762457.0,46474.0,7.0,46474.0,0.008064962567182714,1.0,0.008064962567182714,2018-05-05,62,2017-06-05
Hong Kong,16,7,5664109.0,41046.0,7.0,41046.0,0.007246682576200422,1.0,0.007246682576200422,2018-05-05,62,2017-06-12
Hong Kong,17,7,5702125.0,30957.0,7.0,30957.0,0.005429028651599184,1.0,0.005429028651599184,2018-05-05,62,2017-06-19
Hong Kong,18,7,5557460.0,25401.0,7.0,25401.0,0.004570613193797166,1.0,0.004570613193797166,2018-05-05,62,2017-06-26
Hong Kong,19,7,5546395.0,18596.0,7.0,18596.0,0.003352808445846356,1.0,0.003352808445846356,2018-05-05,62,2017-07-03
Hong Kong,20,7,5619350.0,17717.0,7.0,17717.0,0.0031528557573384823,1.0,0.0031528557573384823,2018-05-05,62,2017-07-10
Hong Kong,21,7,5557876.0,16099.0,7.0,16099.0,0.0028966101438751063,1.0,0.0028966101438751063,2018-05-05,62,2017-07-17
Hong Kong,22,7,5541781.0,15021.0,7.0,15021.0,0.002710500469073029,1.0,0.002710500469073029,2018-05-05,62,2017-07-24
Hong Kong,23,7,5379064.0,14042.0,7.0,14042.0,0.0026104913419881227,1.0,0.0026104913419881227,2018-05-05,62,2017-07-31
Hong Kong,24,7,5414159.0,13708.0,7.0,13708.0,0.0025318798358156826,1.0,0.0025318798358156826,2018-05-05,62,2017-08-07
Hong Kong,25,7,5415924.0,7966.0,4.0,7966.0,0.00147084781839627,0.5714285714285714,0.00147084781839627,2018-05-05,62,2017-08-14
Hong Kong,26,7,5219684.0,1874.0,1.0,1874.0,0.00035902556553231955,0.14285714285714285,0.00035902556553231955,2018-05-05,62,2017-08-21
Hong Kong,27,7,5703845.0,1804.0,1.0,1804.0,0.00031627787922006997,0.14285714285714285,0.00031627787922006997,2018-05-05,62,2017-08-28
Hong Kong,28,7,5708162.0,0.0,0.0,0.0,0.0,0.0,0.0,2018-05-05,62,2017-09-04
Hong Kong,29,7,5816195.0,0.0,0.0,0.0,0.0,0.0,0.0,2018-05-05,62,2017-09-11
Hong Kong,30,7,5940181.0,0.0,0.0,0.0,0.0,0.0,0.0,2018-05-05,62,2017-09-18
Hong Kong,31,7,5656694.0,0.0,0.0,0.0,0.0,0.0,0.0,2018-05-05,62,2017-09-25
Hong Kong,32,7,5309410.0,0.0,0.0,0.0,0.0,0.0,0.0,2018-05-05,62,2017-10-02
Hong Kong,33,7,5525972.0,0.0,0.0,0.0,0.0,0.0,0.0,2018-05-05,62,2017-10-09
Hong Kong,34,7,5692841.0,0.0,0.0,0.0,0.0,0.0,0.0,2018-05-05,62,2017-10-16
Hong Kong,35,7,5645865.0,0.0,0.0,0.0,0.0,0.0,0.0,2018-05-05,62,2017-10-23
Hong Kong,36,7,5748222.0,0.0,0.0,0.0,0.0,0.0,0.0,2018-05-05,62,2017-10-30
Hong Kong,37,7,5657722.0,0.0,0.0,0.0,0.0,0.0,0.0,2018-05-05,62,2017-11-06
Hong Kong,38,7,5517348.0,0.0,0.0,0.0,0.0,0.0,0.0,2018-05-05,62,2017-11-13
Hong Kong,39,7,5548970.0,0.0,0.0,0.0,0.0,0.0,0.0,2018-05-05,62,2017-11-20
Hong Kong,40,7,5537429.0,0.0,0.0,0.0,0.0,0.0,0.0,2018-05-05,62,2017-11-27
Hong Kong,41,7,5666327.0,0.0,0.0,0.0,0.0,0.0,0.0,2018-05-05,62,2017-12-04
Hong Kong,42,7,5463054.0,0.0,0.0,0.0,0.0,0.0,0.0,2018-05-05,62,2017-12-11
Hong Kong,43,7,5589806.0,0.0,0.0,0.0,0.0,0.0,0.0,2018-05-05,62,2017-12-18
Hong Kong,44,7,5368448.0,0.0,0.0,0.0,0.0,0.0,0.0,2018-05-05,62,2017-12-25
Hong Kong,45,7,5714725.0,0.0,0.0,0.0,0.0,0.0,0.0,2018-05-05,62,2018-01-01
Hong Kong,46,7,5979916.0,0.0,0.0,0.0,0.0,0.0,0.0,2018-05-05,62,2018-01-08
Hong Kong,47,7,6074109.0,0.0,0.0,0.0,0.0,0.0,0.0,2018-05-05,62,2018-01-15
Hong Kong,48,7,5902103.0,0.0,0.0,0.0,0.0,0.0,0.0,2018-05-05,62,2018-01-22
Hong Kong,49,7,5559326.0,0.0,0.0,0.0,0.0,0.0,0.0,2018-05-05,62,2018-01-29
Hong Kong,50,7,5674843.0,0.0,0.0,0.0,0.0,0.0,0.0,2018-05-05,62,2018-02-05
Hong Kong,51,7,5165849.0,0.0,0.0,0.0,0.0,0.0,0.0,2018-05-05,62,2018-02-12
Hong Kong,52,7,5382493.0,2851.0,1.0,2851.0,0.0005296802058079778,0.14285714285714285,0.0005296802058079778,2018-05-05,62,2018-02-19
Hong Kong,53,7,5857845.0,2868.0,1.0,2868.0,0.0004895998443113466,0.14285714285714285,0.0004895998443113466,2018-05-05,62,2018-02-26
Hong Kong,54,7,5646645.0,0.0,0.0,0.0,0.0,0.0,0.0,2018-05-05,62,2018-03-05
Hong Kong,55,7,5646623.0,0.0,0.0,0.0,0.0,0.0,0.0,2018-05-05,62,2018-03-12
Hong Kong,56,7,5839339.0,0.0,0.0,0.0,0.0,0.0,0.0,2018-05-05,62,2018-03-19
Hong Kong,57,7,5670957.0,0.0,0.0,0.0,0.0,0.0,0.0,2018-05-05,62,2018-03-26
Hong Kong,58,7,5229315.0,0.0,0.0,0.0,0.0,0.0,0.0,2018-05-05,62,2018-04-02
Hong Kong,59,7,5544211.0,0.0,0.0,0.0,0.0,0.0,0.0,2018-05-05,62,2018-04-09
Hong Kong,60,7,5953925.0,0.0,0.0,0.0,0.0,0.0,0.0,2018-05-05,62,2018-04-16
Hong Kong,61,7,5739534.0,0.0,0.0,0.0,0.0,0.0,0.0,2018-05-05,62,2018-04-23
Hong Kong,62,7,5425653.0,2176.0,1.0,2176.0,0.0004010577160021107,0.14285714285714285,0.0004010577160021107,2018-05-05,62,2018-04-30
Hong Kong,63,7,5601169.0,0.0,0.0,0.0,0.0,0.0,0.0,2018-05-05,62,2018-05-07
Hong Kong,64,7,5628210.0,0.0,0.0,0.0,0.0,0.0,0.0,2018-05-05,62,2018-05-14
Hong Kong,65,7,5480696.0,0.0,0.0,0.0,0.0,0.0,0.0,2018-05-05,62,2018-05-21
Hong Kong,66,7,5344057.0,0.0,0.0,0.0,0.0,0.0,0.0,2018-05-05,62,2018-05-28
Hong Kong,67,7,5240576.0,0.0,0.0,0.0,0.0,0.0,0.0,2018-05-05,62,2018-06-04
Hong Kong,68,7,5349938.0,0.0,0.0,0.0,0.0,0.0,0.0,2018-05-05,62,2018-06-11
Hong Kong,69,7,5451475.0,0.0,0.0,0.0,0.0,0.0,0.0,2018-05-05,62,2018-06-18
Hong Kong,70,7,5495601.0,0.0,0.0,0.0,0.0,0.0,0.0,2018-05-05,62,2018-06-25
Hong Kong,71,7,5154088.0,0.0,0.0,0.0,0.0,0.0,0.0,2018-05-05,62,2018-07-02
Hong Kong,72,7,5319067.0,0.0,0.0,0.0,0.0,0.0,0.0,2018-05-05,62,2018-07-09
Hong Kong,73,7,5441316.0,0.0,0.0,0.0,0.0,0.0,0.0,2018-05-05,62,2018-07-16
Hong Kong,74,7,5389368.0,0.0,0.0,0.0,0.0,0.0,0.0,2018-05-05,62,2018-07-23
Hong Kong,75,7,5401763.0,0.0,0.0,0.0,0.0,0.0,0.0,2018-05-05,62,2018-07-30
Hong Kong,76,7,5279497.0,0.0,0.0,0.0,0.0,0.0,0.0,2018-05-05,62,2018-08-06
Hong Kong,77,7,5393025.0,0.0,0.0,0.0,0.0,0.0,0.0,2018-05-05,62,2018-08-13
Hong Kong,78,7,5495922.0,0.0,0.0,0.0,0.0,0.0,0.0,2018-05-05,62,2018-08-20
Hong Kong,79,7,5393531.0,0.0,0.0,0.0,0.0,0.0,0.0,2018-05-05,62,2018-08-27
Hong Kong,80,7,5502184.0,0.0,0.0,0.0,0.0,0.0,0.0,2018-05-05,62,2018-09-03
Hong Kong,81,7,5051282.0,0.0,0.0,0.0,0.0,0.0,0.0,2018-05-05,62,2018-09-10
Hong Kong,82,7,5306915.0,0.0,0.0,0.0,0.0,0.0,0.0,2018-05-05,62,2018-09-17
Hong Kong,83,7,5199214.0,0.0,0.0,0.0,0.0,0.0,0.0,2018-05-05,62,2018-09-24
Hong Kong,84,7,5244324.0,0.0,0.0,0.0,0.0,0.0,0.0,2018-05-05,62,2018-10-01
Hong Kong,85,7,5299950.0,0.0,0.0,0.0,0.0,0.0,0.0,2018-05-05,62,2018-10-08
Hong Kong,86,7,5329690.0,0.0,0.0,0.0,0.0,0.0,0.0,2018-05-05,62,2018-10-15
Hong Kong,87,7,5656197.0,0.0,0.0,0.0,0.0,0.0,0.0,2018-05-05,62,2018-10-22
Hong Kong,88,7,5715081.0,0.0,0.0,0.0,0.0,0.0,0.0,2018-05-05,62,2018-10-29
Hong Kong,89,7,5965328.0,0.0,0.0,0.0,0.0,0.0,0.0,2018-05-05,62,2018-11-05
Hong Kong,90,7,5897501.0,0.0,0.0,0.0,0.0,0.0,0.0,2018-05-05,62,2018-11-12
Hong Kong,91,7,5870715.0,0.0,0.0,0.0,0.0,0.0,0.0,2018-05-05,62,2018-11-19
Hong Kong,92,7,5744603.0,0.0,0.0,0.0,0.0,0.0,0.0,2018-05-05,62,2018-11-26
Hong Kong,93,7,5799985.0,0.0,0.0,0.0,0.0,0.0,0.0,2018-05-05,62,2018-12-03
Hong Kong,94,7,5759814.0,0.0,0.0,0.0,0.0,0.0,0.0,2018-05-05,62,2018-12-10
Hong Kong,95,7,5809662.0,0.0,0.0,0.0,0.0,0.0,0.0,2018-05-05,62,2018-12-17
Hong Kong,96,7,5785917.0,0.0,0.0,0.0,0.0,0.0,0.0,2018-05-05,62,2018-12-24
Hong Kong,97,1,767710.0,0.0,0.0,0.0,0.0,0.0,0.0,2018-05-05,62,2018-12-31
Hungary,1,5,2179195.0,0.0,0.0,0.0,0.0,0.0,0.0,,0,2017-02-27
Hungary,2,7,2989500.0,0.0,0.0,0.0,0.0,0.0,0.0,,0,2017-03-06
Hungary,3,7,2840379.0,0.0,0.0,0.0,0.0,0.0,0.0,,0,2017-03-13
Hungary,4,7,2819887.0,0.0,0.0,0.0,0.0,0.0,0.0,,0,2017-03-20
Hungary,5,7,2690475.0,0.0,0.0,0.0,0.0,0.0,0.0,,0,2017-03-27
Hungary,6,7,2581654.0,13862.0,3.0,13862.0,0.005369425957157698,0.42857142857142855,0.005369425957157698,,0,2017-04-03
Hungary,7,7,2507858.0,34257.0,7.0,34257.0,0.013659864314486705,1.0,0.013659864314486705,,0,2017-04-10
Hungary,8,7,2446544.0,30615.0,7.0,30615.0,0.012513570162645756,1.0,0.012513570162645756,,0,2017-04-17
Hungary,9,7,2681374.0,25422.0,7.0,25422.0,0.00948096013461755,1.0,0.00948096013461755,,0,2017-04-24
Hungary,10,7,2540882.0,31059.0,13.0,31059.0,0.012223708145439261,1.8571428571428572,0.012223708145439261,,0,2017-05-01
Hungary,11,7,2801224.0,76764.0,38.0,43505.0,0.027403734938726786,5.428571428571429,0.015530710860680903,,0,2017-05-08
Hungary,12,7,3012370.0,55543.0,27.0,46135.0,0.01843830605138147,3.857142857142857,0.015315183725770738,,0,2017-05-15
Hungary,13,7,2935251.0,41401.0,18.0,40397.0,0.014104756288303794,2.5714285714285716,0.013762707175638472,,0,2017-05-22
Hungary,14,4,1646349.0,12979.0,4.0,12979.0,0.007883504651808334,1.0,0.007883504651808334,,0,2017-05-29
Hungary,15,7,2892915.0,21294.0,7.0,21294.0,0.0073607416740554075,1.0,0.0073607416740554075,,0,2017-06-05
Hungary,16,7,3159789.0,19248.0,7.0,19248.0,0.006091545986140214,1.0,0.006091545986140214,,0,2017-06-12
Hungary,17,7,3258863.0,13352.0,7.0,13352.0,0.004097134491385493,1.0,0.004097134491385493,,0,2017-06-19
Hungary,18,7,3184946.0,11433.0,7.0,11433.0,0.0035896997939682492,1.0,0.0035896997939682492,,0,2017-06-26
Hungary,19,7,3046409.0,7311.0,6.0,7311.0,0.002399874737765021,0.8571428571428571,0.002399874737765021,,0,2017-07-03
Hungary,20,7,3038291.0,7875.0,7.0,7875.0,0.002591917627376706,1.0,0.002591917627376706,,0,2017-07-10
Hungary,21,7,3118991.0,4411.0,4.0,4411.0,0.0014142394126818577,0.5714285714285714,0.0014142394126818577,,0,2017-07-17
Hungary,22,7,3021139.0,5254.0,5.0,5254.0,0.001739079201585892,0.7142857142857143,0.001739079201585892,,0,2017-07-24
Hungary,23,7,2907252.0,1100.0,1.0,1100.0,0.00037836417345314406,0.14285714285714285,0.00037836417345314406,,0,2017-07-31
Hungary,24,7,2836454.0,1042.0,1.0,1042.0,0.0003673600911560702,0.14285714285714285,0.0003673600911560702,,0,2017-08-07
Hungary,25,7,2788740.0,0.0,0.0,0.0,0.0,0.0,0.0,,0,2017-08-14
Hungary,26,7,2841201.0,0.0,0.0,0.0,0.0,0.0,0.0,,0,2017-08-21
Hungary,27,7,2982082.0,0.0,0.0,0.0,0.0,0.0,0.0,,0,2017-08-28
Hungary,28,7,2757626.0,0.0,0.0,0.0,0.0,0.0,0.0,,0,2017-09-04
Hungary,29,7,2765946.0,0.0,0.0,0.0,0.0,0.0,0.0,,0,2017-09-11
Hungary,30,7,2796485.0,0.0,0.0,0.0,0.0,0.0,0.0,,0,2017-09-18
Hungary,31,7,2833412.0,1274.0,1.0,0.0,0.0004496345748518041,0.14285714285714285,0.0,,0,2017-09-25
Hungary,32,7,2860127.0,0.0,0.0,0.0,0.0,0.0,0.0,,0,2017-10-02
Hungary,33,7,2859926.0,0.0,0.0,0.0,0.0,0.0,0.0,,0,2017-10-09
Hungary,34,7,2890107.0,0.0,0.0,0.0,0.0,0.0,0.0,,0,2017-10-16
Hungary,35,7,2815133.0,0.0,0.0,0.0,0.0,0.0,0.0,,0,2017-10-23
Hungary,36,7,2947924.0,0.0,0.0,0.0,0.0,0.0,0.0,,0,2017-10-30
Hungary,37,7,2866732.0,0.0,0.0,0.0,0.0,0.0,0.0,,0,2017-11-06
Hungary,38,7,2886830.0,0.0,0.0,0.0,0.0,0.0,0.0,,0,2017-11-13
Hungary,39,7,2894630.0,0.0,0.0,0.0,0.0,0.0,0.0,,0,2017-11-20
Hungary,40,7,3228143.0,4784.0,4.0,4784.0,0.0014819665671564116,0.5714285714285714,0.0014819665671564116,,0,2017-11-27
Hungary,41,7,3449434.0,6274.0,5.0,6274.0,0.0018188491213341088,0.7142857142857143,0.0018188491213341088,,0,2017-12-04
Hungary,42,7,3609749.0,1136.0,1.0,1136.0,0.0003147033214774767,0.14285714285714285,0.0003147033214774767,,0,2017-12-11
Hungary,43,7,5396869.0,0.0,0.0,0.0,0.0,0.0,0.0,,0,2017-12-18
Hungary,44,7,3231337.0,0.0,0.0,0.0,0.0,0.0,0.0,,0,2017-12-25
Hungary,45,7,2943840.0,0.0,0.0,0.0,0.0,0.0,0.0,,0,2018-01-01
Hungary,46,7,3321759.0,0.0,0.0,0.0,0.0,0.0,0.0,,0,2018-01-08
Hungary,47,7,3288745.0,0.0,0.0,0.0,0.0,0.0,0.0,,0,2018-01-15
Hungary,48,7,3341751.0,0.0,0.0,0.0,0.0,0.0,0.0,,0,2018-01-22
Hungary,49,7,3299920.0,0.0,0.0,0.0,0.0,0.0,0.0,,0,2018-01-29
Hungary,50,7,3250364.0,0.0,0.0,0.0,0.0,0.0,0.0,,0,2018-02-05
Hungary,51,7,3307534.0,0.0,0.0,0.0,0.0,0.0,0.0,,0,2018-02-12
Hungary,52,7,3377813.0,0.0,0.0,0.0,0.0,0.0,0.0,,0,2018-02-19
Hungary,53,7,3328173.0,0.0,0.0,0.0,0.0,0.0,0.0,,0,2018-02-26
Hungary,54,7,3394198.0,0.0,0.0,0.0,0.0,0.0,0.0,,0,2018-03-05
Hungary,55,7,3315832.0,0.0,0.0,0.0,0.0,0.0,0.0,,0,2018-03-12
Hungary,56,7,3430028.0,0.0,0.0,0.0,0.0,0.0,0.0,,0,2018-03-19
Hungary,57,7,3321703.0,0.0,0.0,0.0,0.0,0.0,0.0,,0,2018-03-26
Hungary,58,7,3239498.0,0.0,0.0,0.0,0.0,0.0,0.0,,0,2018-04-02
Hungary,59,7,3306485.0,0.0,0.0,0.0,0.0,0.0,0.0,,0,2018-04-09
Hungary,60,7,3829711.0,0.0,0.0,0.0,0.0,0.0,0.0,,0,2018-04-16
Hungary,61,7,3805286.0,0.0,0.0,0.0,0.0,0.0,0.0,,0,2018-04-23
Hungary,62,7,3395525.0,0.0,0.0,0.0,0.0,0.0,0.0,,0,2018-04-30
Hungary,63,7,3510744.0,0.0,0.0,0.0,0.0,0.0,0.0,,0,2018-05-07
Hungary,64,7,3464532.0,0.0,0.0,0.0,0.0,0.0,0.0,,0,2018-05-14
Hungary,65,7,3443018.0,0.0,0.0,0.0,0.0,0.0,0.0,,0,2018-05-21
Hungary,66,7,3500955.0,0.0,0.0,0.0,0.0,0.0,0.0,,0,2018-05-28
Hungary,67,7,3501598.0,0.0,0.0,0.0,0.0,0.0,0.0,,0,2018-06-04
Hungary,68,7,3515934.0,0.0,0.0,0.0,0.0,0.0,0.0,,0,2018-06-11
Hungary,69,7,3807014.0,0.0,0.0,0.0,0.0,0.0,0.0,,0,2018-06-18
Hungary,70,7,3739832.0,0.0,0.0,0.0,0.0,0.0,0.0,,0,2018-06-25
Hungary,71,7,3573749.0,0.0,0.0,0.0,0.0,0.0,0.0,,0,2018-07-02
Hungary,72,7,3743633.0,0.0,0.0,0.0,0.0,0.0,0.0,,0,2018-07-09
Hungary,73,7,3771934.0,0.0,0.0,0.0,0.0,0.0,0.0,,0,2018-07-16
Hungary,74,7,3706002.0,0.0,0.0,0.0,0.0,0.0,0.0,,0,2018-07-23
Hungary,75,7,3827268.0,0.0,0.0,0.0,0.0,0.0,0.0,,0,2018-07-30
Hungary,76,7,3742875.0,0.0,0.0,0.0,0.0,0.0,0.0,,0,2018-08-06
Hungary,77,7,3789609.0,0.0,0.0,0.0,0.0,0.0,0.0,,0,2018-08-13
Hungary,78,7,3601181.0,0.0,0.0,0.0,0.0,0.0,0.0,,0,2018-08-20
Hungary,79,7,3910578.0,0.0,0.0,0.0,0.0,0.0,0.0,,0,2018-08-27
Hungary,80,7,4001326.0,0.0,0.0,0.0,0.0,0.0,0.0,,0,2018-09-03
Hungary,81,7,4048331.0,0.0,0.0,0.0,0.0,0.0,0.0,,0,2018-09-10
Hungary,82,7,4083909.0,0.0,0.0,0.0,0.0,0.0,0.0,,0,2018-09-17
Hungary,83,7,4008534.0,0.0,0.0,0.0,0.0,0.0,0.0,,0,2018-09-24
Hungary,84,7,4087329.0,0.0,0.0,0.0,0.0,0.0,0.0,,0,2018-10-01
Hungary,85,7,4154841.0,0.0,0.0,0.0,0.0,0.0,0.0,,0,2018-10-08
Hungary,86,7,4148324.0,0.0,0.0,0.0,0.0,0.0,0.0,,0,2018-10-15
Hungary,87,7,3907999.0,0.0,0.0,0.0,0.0,0.0,0.0,,0,2018-10-22
Hungary,88,7,3967251.0,0.0,0.0,0.0,0.0,0.0,0.0,,0,2018-10-29
Hungary,89,7,4276347.0,0.0,0.0,0.0,0.0,0.0,0.0,,0,2018-11-05
Hungary,90,7,4161503.0,0.0,0.0,0.0,0.0,0.0,0.0,,0,2018-11-12
Hungary,91,7,4059878.0,0.0,0.0,0.0,0.0,0.0,0.0,,0,2018-11-19
Hungary,92,7,4254911.0,0.0,0.0,0.0,0.0,0.0,0.0,,0,2018-11-26
Hungary,93,7,4501086.0,0.0,0.0,0.0,0.0,0.0,0.0,,0,2018-12-03
Hungary,94,7,4710225.0,0.0,0.0,0.0,0.0,0.0,0.0,,0,2018-12-10
Hungary,95,7,6172687.0,0.0,0.0,0.0,0.0,0.0,0.0,,0,2018-12-17
Hungary,96,7,5644240.0,0.0,0.0,0.0,0.0,0.0,0.0,,0,2018-12-24
Hungary,97,1,833598.0,0.0,0.0,0.0,0.0,0.0,0.0,,0,2018-12-31
Iceland,1,5,883813.0,0.0,0.0,0.0,0.0,0.0,0.0,,0,2017-02-27
Iceland,2,7,1439987.0,0.0,0.0,0.0,0.0,0.0,0.0,,0,2017-03-06
Iceland,3,7,1525137.0,0.0,0.0,0.0,0.0,0.0,0.0,,0,2017-03-13
Iceland,4,7,1699667.0,0.0,0.0,0.0,0.0,0.0,0.0,,0,2017-03-20
Iceland,5,7,1501194.0,0.0,0.0,0.0,0.0,0.0,0.0,,0,2017-03-27
Iceland,6,7,1334042.0,5726.0,3.0,5726.0,0.0042922186857685144,0.42857142857142855,0.0042922186857685144,,0,2017-04-03
Iceland,7,7,1275684.0,14327.0,7.0,14327.0,0.011230837730974129,1.0,0.011230837730974129,,0,2017-04-10
Iceland,8,7,1335386.0,14957.0,7.0,14957.0,0.011200506819750993,1.0,0.011200506819750993,,0,2017-04-17
Iceland,9,7,1668797.0,18309.0,7.0,18309.0,0.010971376386702517,1.0,0.010971376386702517,,0,2017-04-24
Iceland,10,7,1790748.0,21928.0,7.0,21928.0,0.012245162356735844,1.0,0.012245162356735844,,0,2017-05-01
Iceland,11,7,1777798.0,38267.0,17.0,31179.0,0.021524942653777312,2.4285714285714284,0.01753798800538644,,0,2017-05-08
Iceland,12,7,1843873.0,36220.0,11.0,36220.0,0.019643435312518814,1.5714285714285714,0.019643435312518814,,0,2017-05-15
Iceland,13,7,1538532.0,38589.0,11.0,38589.0,0.02508170125808238,1.5714285714285714,0.02508170125808238,,0,2017-05-22
Iceland,14,4,781290.0,17438.0,4.0,17438.0,0.02231949724174122,1.0,0.02231949724174122,,0,2017-05-29
Iceland,15,7,1512764.0,28739.0,7.0,28739.0,0.018997675777583285,1.0,0.018997675777583285,,0,2017-06-05
Iceland,16,7,1457357.0,26157.0,7.0,26157.0,0.017948244664828177,1.0,0.017948244664828177,,0,2017-06-12
Iceland,17,7,1471205.0,24684.0,7.0,24684.0,0.016778083271875775,1.0,0.016778083271875775,,0,2017-06-19
Iceland,18,7,1441821.0,22701.0,7.0,22701.0,0.015744672882417442,1.0,0.015744672882417442,,0,2017-06-26
Iceland,19,7,1484147.0,20350.0,7.0,20350.0,0.013711579782865175,1.0,0.013711579782865175,,0,2017-07-03
Iceland,20,7,1507769.0,18605.0,7.0,18605.0,0.012339423346679763,1.0,0.012339423346679763,,0,2017-07-10
Iceland,21,7,1330122.0,17030.0,7.0,17030.0,0.012803336836771364,1.0,0.012803336836771364,,0,2017-07-17
Iceland,22,7,1508217.0,16656.0,7.0,16656.0,0.01104350368680369,1.0,0.01104350368680369,,0,2017-07-24
Iceland,23,7,1522389.0,14451.0,7.0,14451.0,0.009492317666509677,1.0,0.009492317666509677,,0,2017-07-31
Iceland,24,7,1329939.0,13896.0,7.0,13896.0,0.010448599522233726,1.0,0.010448599522233726,,0,2017-08-07
Iceland,25,7,1415141.0,13815.0,7.0,13815.0,0.009762278105149947,1.0,0.009762278105149947,,0,2017-08-14
Iceland,26,7,1574986.0,10840.0,7.0,10840.0,0.006882600861214005,1.0,0.006882600861214005,,0,2017-08-21
Iceland,27,7,1652484.0,9006.0,7.0,9006.0,0.005449977125345843,1.0,0.005449977125345843,,0,2017-08-28
Iceland,28,7,2003271.0,8603.0,7.0,8603.0,0.004294476383874174,1.0,0.004294476383874174,,0,2017-09-04
Iceland,29,7,2276182.0,7980.0,7.0,7980.0,0.0035058707959205373,1.0,0.0035058707959205373,,0,2017-09-11
Iceland,30,7,1961425.0,7811.0,7.0,7811.0,0.003982308780605937,1.0,0.003982308780605937,,0,2017-09-18
Iceland,31,7,1829742.0,6775.0,6.0,6775.0,0.0037027078134512954,0.8571428571428571,0.0037027078134512954,,0,2017-09-25
Iceland,32,7,1743461.0,6486.0,6.0,6486.0,0.003720186456708811,0.8571428571428571,0.003720186456708811,,0,2017-10-02
Iceland,33,7,1702212.0,3164.0,3.0,3164.0,0.001858757898546127,0.42857142857142855,0.001858757898546127,,0,2017-10-09
Iceland,34,7,1638336.0,0.0,0.0,0.0,0.0,0.0,0.0,,0,2017-10-16
Iceland,35,7,1574438.0,1009.0,1.0,1009.0,0.0006408635970422461,0.14285714285714285,0.0006408635970422461,,0,2017-10-23
Iceland,36,7,1584785.0,0.0,0.0,0.0,0.0,0.0,0.0,,0,2017-10-30
Iceland,37,7,1570390.0,0.0,0.0,0.0,0.0,0.0,0.0,,0,2017-11-06
Iceland,38,7,1487293.0,0.0,0.0,0.0,0.0,0.0,0.0,,0,2017-11-13
Iceland,39,7,1390189.0,0.0,0.0,0.0,0.0,0.0,0.0,,0,2017-11-20
Iceland,40,7,1782021.0,0.0,0.0,0.0,0.0,0.0,0.0,,0,2017-11-27
Iceland,41,7,2381925.0,1027.0,1.0,1027.0,0.000431163869559285,0.14285714285714285,0.000431163869559285,,0,2017-12-04
Iceland,42,7,2459839.0,0.0,0.0,0.0,0.0,0.0,0.0,,0,2017-12-11
Iceland,43,7,2998367.0,0.0,0.0,0.0,0.0,0.0,0.0,,0,2017-12-18
Iceland,44,7,1188930.0,1067.0,1.0,1067.0,0.00089744560234833,0.14285714285714285,0.00089744560234833,,0,2017-12-25
Iceland,45,7,1087506.0,0.0,0.0,0.0,0.0,0.0,0.0,,0,2018-01-01
Iceland,46,7,1334979.0,0.0,0.0,0.0,0.0,0.0,0.0,,0,2018-01-08
Iceland,47,7,1333194.0,0.0,0.0,0.0,0.0,0.0,0.0,,0,2018-01-15
Iceland,48,7,1439517.0,0.0,0.0,0.0,0.0,0.0,0.0,,0,2018-01-22
Iceland,49,7,1478889.0,0.0,0.0,0.0,0.0,0.0,0.0,,0,2018-01-29
Iceland,50,7,1448948.0,0.0,0.0,0.0,0.0,0.0,0.0,,0,2018-02-05
Iceland,51,7,1452013.0,0.0,0.0,0.0,0.0,0.0,0.0,,0,2018-02-12
Iceland,52,7,1472959.0,0.0,0.0,0.0,0.0,0.0,0.0,,0,2018-02-19
Iceland,53,7,1582527.0,0.0,0.0,0.0,0.0,0.0,0.0,,0,2018-02-26
Iceland,54,7,1501488.0,0.0,0.0,0.0,0.0,0.0,0.0,,0,2018-03-05
Iceland,55,7,1443673.0,0.0,0.0,0.0,0.0,0.0,0.0,,0,2018-03-12
Iceland,56,7,1522396.0,0.0,0.0,0.0,0.0,0.0,0.0,,0,2018-03-19
Iceland,57,7,1283615.0,0.0,0.0,0.0,0.0,0.0,0.0,,0,2018-03-26
Iceland,58,7,1394624.0,0.0,0.0,0.0,0.0,0.0,0.0,,0,2018-04-02
Iceland,59,7,1510782.0,0.0,0.0,0.0,0.0,0.0,0.0,,0,2018-04-09
Iceland,60,7,2417341.0,0.0,0.0,0.0,0.0,0.0,0.0,,0,2018-04-16
Iceland,61,7,2385212.0,0.0,0.0,0.0,0.0,0.0,0.0,,0,2018-04-23
Iceland,62,7,1995369.0,0.0,0.0,0.0,0.0,0.0,0.0,,0,2018-04-30
Iceland,63,7,1928199.0,0.0,0.0,0.0,0.0,0.0,0.0,,0,2018-05-07
Iceland,64,7,1828349.0,0.0,0.0,0.0,0.0,0.0,0.0,,0,2018-05-14
Iceland,65,7,1926014.0,0.0,0.0,0.0,0.0,0.0,0.0,,0,2018-05-21
Iceland,66,7,1871408.0,0.0,0.0,0.0,0.0,0.0,0.0,,0,2018-05-28
Iceland,67,7,1907695.0,0.0,0.0,0.0,0.0,0.0,0.0,,0,2018-06-04
Iceland,68,7,1688666.0,0.0,0.0,0.0,0.0,0.0,0.0,,0,2018-06-11
Iceland,69,7,1914461.0,0.0,0.0,0.0,0.0,0.0,0.0,,0,2018-06-18
Iceland,70,7,1906706.0,0.0,0.0,0.0,0.0,0.0,0.0,,0,2018-06-25
Iceland,71,7,1951530.0,0.0,0.0,0.0,0.0,0.0,0.0,,0,2018-07-02
Iceland,72,7,1947458.0,0.0,0.0,0.0,0.0,0.0,0.0,,0,2018-07-09
Iceland,73,7,2052316.0,0.0,0.0,0.0,0.0,0.0,0.0,,0,2018-07-16
Iceland,74,7,2144575.0,0.0,0.0,0.0,0.0,0.0,0.0,,0,2018-07-23
Iceland,75,7,2396956.0,0.0,0.0,0.0,0.0,0.0,0.0,,0,2018-07-30
Iceland,76,7,2100885.0,0.0,0.0,0.0,0.0,0.0,0.0,,0,2018-08-06
Iceland,77,7,1881592.0,0.0,0.0,0.0,0.0,0.0,0.0,,0,2018-08-13
Iceland,78,7,2118446.0,0.0,0.0,0.0,0.0,0.0,0.0,,0,2018-08-20
Iceland,79,7,1951236.0,0.0,0.0,0.0,0.0,0.0,0.0,,0,2018-08-27
Iceland,80,7,1986618.0,0.0,0.0,0.0,0.0,0.0,0.0,,0,2018-09-03
Iceland,81,7,1848459.0,0.0,0.0,0.0,0.0,0.0,0.0,,0,2018-09-10
Iceland,82,7,1766841.0,0.0,0.0,0.0,0.0,0.0,0.0,,0,2018-09-17
Iceland,83,7,1812134.0,0.0,0.0,0.0,0.0,0.0,0.0,,0,2018-09-24
Iceland,84,7,1818477.0,0.0,0.0,0.0,0.0,0.0,0.0,,0,2018-10-01
Iceland,85,7,1823128.0,0.0,0.0,0.0,0.0,0.0,0.0,,0,2018-10-08
Iceland,86,7,1949809.0,0.0,0.0,0.0,0.0,0.0,0.0,,0,2018-10-15
Iceland,87,7,2113710.0,0.0,0.0,0.0,0.0,0.0,0.0,,0,2018-10-22
Iceland,88,7,2292136.0,0.0,0.0,0.0,0.0,0.0,0.0,,0,2018-10-29
Iceland,89,7,2430401.0,0.0,0.0,0.0,0.0,0.0,0.0,,0,2018-11-05
Iceland,90,7,2273588.0,0.0,0.0,0.0,0.0,0.0,0.0,,0,2018-11-12
Iceland,91,7,2325292.0,0.0,0.0,0.0,0.0,0.0,0.0,,0,2018-11-19
Iceland,92,7,2564683.0,0.0,0.0,0.0,0.0,0.0,0.0,,0,2018-11-26
Iceland,93,7,2750872.0,0.0,0.0,0.0,0.0,0.0,0.0,,0,2018-12-03
Iceland,94,7,2758658.0,0.0,0.0,0.0,0.0,0.0,0.0,,0,2018-12-10
Iceland,95,7,3092175.0,0.0,0.0,0.0,0.0,0.0,0.0,,0,2018-12-17
Iceland,96,7,1907824.0,0.0,0.0,0.0,0.0,0.0,0.0,,0,2018-12-24
Iceland,97,1,227604.0,0.0,0.0,0.0,0.0,0.0,0.0,,0,2018-12-31
Indonesia,1,5,15493969.0,0.0,0.0,0.0,0.0,0.0,0.0,,0,2017-02-27
Indonesia,2,7,22027678.0,0.0,0.0,0.0,0.0,0.0,0.0,,0,2017-03-06
Indonesia,3,7,21451514.0,0.0,0.0,0.0,0.0,0.0,0.0,,0,2017-03-13
Indonesia,4,7,20482606.0,0.0,0.0,0.0,0.0,0.0,0.0,,0,2017-03-20
Indonesia,5,7,20109976.0,0.0,0.0,0.0,0.0,0.0,0.0,,0,2017-03-27
Indonesia,6,7,21018286.0,65328.0,3.0,65328.0,0.003108150683647563,0.42857142857142855,0.003108150683647563,,0,2017-04-03
Indonesia,7,7,20504411.0,210089.0,7.0,210089.0,0.010246039254675494,1.0,0.010246039254675494,,0,2017-04-10
Indonesia,8,7,20399685.0,236394.0,7.0,236394.0,0.011588120110678179,1.0,0.011588120110678179,,0,2017-04-17
Indonesia,9,7,21052757.0,221438.0,7.0,221438.0,0.010518242337571274,1.0,0.010518242337571274,,0,2017-04-24
Indonesia,10,7,22232370.0,289578.0,12.0,289578.0,0.013025062105389574,1.7142857142857142,0.013025062105389574,,0,2017-05-01
Indonesia,11,7,21910285.0,389588.0,23.0,315317.0,0.017781055791834748,3.2857142857142856,0.014391277886161681,,0,2017-05-08
Indonesia,12,7,21870696.0,339737.0,17.0,315244.0,0.015533890645272561,2.4285714285714284,0.01441399030008007,,0,2017-05-15
Indonesia,13,7,21975056.0,291809.0,14.0,291809.0,0.013279101541311202,2.0,0.013279101541311202,,0,2017-05-22
Indonesia,14,4,12155933.0,150243.0,8.0,150243.0,0.012359643640681468,2.0,0.012359643640681468,,0,2017-05-29
Indonesia,15,7,23148062.0,271258.0,14.0,271258.0,0.011718389211157289,2.0,0.011718389211157289,,0,2017-06-05
Indonesia,16,7,23235753.0,245872.0,13.0,245872.0,0.010581623931016998,1.8571428571428572,0.010581623931016998,,0,2017-06-12
Indonesia,17,7,21058339.0,174165.0,10.0,174165.0,0.008270595320932007,1.4285714285714286,0.008270595320932007,,0,2017-06-19
Indonesia,18,7,17694106.0,120684.0,7.0,120684.0,0.006820576298118707,1.0,0.006820576298118707,,0,2017-06-26
Indonesia,19,7,22621878.0,119524.0,7.0,119524.0,0.0052835578018765724,1.0,0.0052835578018765724,,0,2017-07-03
Indonesia,20,7,23673541.0,93739.0,7.0,93739.0,0.003959652677223065,1.0,0.003959652677223065,,0,2017-07-10
Indonesia,21,7,24236814.0,72355.0,7.0,72355.0,0.0029853346236019306,1.0,0.0029853346236019306,,0,2017-07-17
Indonesia,22,7,23859915.0,68931.0,7.0,68931.0,0.0028889876598470698,1.0,0.0028889876598470698,,0,2017-07-24
Indonesia,23,7,23592814.0,65424.0,7.0,65424.0,0.0027730477593728327,1.0,0.0027730477593728327,,0,2017-07-31
Indonesia,24,7,23620454.0,59581.0,7.0,59581.0,0.002522432464676589,1.0,0.002522432464676589,,0,2017-08-07
Indonesia,25,7,23765898.0,54396.0,7.0,54396.0,0.0022888257788533806,1.0,0.0022888257788533806,,0,2017-08-14
Indonesia,26,7,25366292.0,51716.0,7.0,51716.0,0.002038768614663901,1.0,0.002038768614663901,,0,2017-08-21
Indonesia,27,7,26400507.0,42215.0,6.0,42215.0,0.0015990223218061684,0.8571428571428571,0.0015990223218061684,,0,2017-08-28
Indonesia,28,7,28292150.0,0.0,0.0,0.0,0.0,0.0,0.0,,0,2017-09-04
Indonesia,29,7,29083041.0,0.0,0.0,0.0,0.0,0.0,0.0,,0,2017-09-11
Indonesia,30,7,30662705.0,0.0,0.0,0.0,0.0,0.0,0.0,,0,2017-09-18
Indonesia,31,7,29446079.0,0.0,0.0,0.0,0.0,0.0,0.0,,0,2017-09-25
Indonesia,32,7,29675948.0,0.0,0.0,0.0,0.0,0.0,0.0,,0,2017-10-02
Indonesia,33,7,29910856.0,0.0,0.0,0.0,0.0,0.0,0.0,,0,2017-10-09
Indonesia,34,7,29383154.0,0.0,0.0,0.0,0.0,0.0,0.0,,0,2017-10-16
Indonesia,35,7,29274331.0,0.0,0.0,0.0,0.0,0.0,0.0,,0,2017-10-23
Indonesia,36,7,30092117.0,0.0,0.0,0.0,0.0,0.0,0.0,,0,2017-10-30
Indonesia,37,7,30804149.0,0.0,0.0,0.0,0.0,0.0,0.0,,0,2017-11-06
Indonesia,38,7,30503395.0,0.0,0.0,0.0,0.0,0.0,0.0,,0,2017-11-13
Indonesia,39,7,31054321.0,0.0,0.0,0.0,0.0,0.0,0.0,,0,2017-11-20
Indonesia,40,7,30842878.0,0.0,0.0,0.0,0.0,0.0,0.0,,0,2017-11-27
Indonesia,41,7,31739178.0,0.0,0.0,0.0,0.0,0.0,0.0,,0,2017-12-04
Indonesia,42,7,30866790.0,0.0,0.0,0.0,0.0,0.0,0.0,,0,2017-12-11
Indonesia,43,7,30295721.0,0.0,0.0,0.0,0.0,0.0,0.0,,0,2017-12-18
Indonesia,44,7,27939520.0,0.0,0.0,0.0,0.0,0.0,0.0,,0,2017-12-25
Indonesia,45,7,29028526.0,0.0,0.0,0.0,0.0,0.0,0.0,,0,2018-01-01
Indonesia,46,7,31125555.0,0.0,0.0,0.0,0.0,0.0,0.0,,0,2018-01-08
Indonesia,47,7,31307095.0,0.0,0.0,0.0,0.0,0.0,0.0,,0,2018-01-15
Indonesia,48,7,30277862.0,0.0,0.0,0.0,0.0,0.0,0.0,,0,2018-01-22
Indonesia,49,7,30685556.0,0.0,0.0,0.0,0.0,0.0,0.0,,0,2018-01-29
Indonesia,50,7,31044186.0,0.0,0.0,0.0,0.0,0.0,0.0,,0,2018-02-05
Indonesia,51,7,30341899.0,0.0,0.0,0.0,0.0,0.0,0.0,,0,2018-02-12
Indonesia,52,7,31682624.0,0.0,0.0,0.0,0.0,0.0,0.0,,0,2018-02-19
Indonesia,53,7,32492083.0,0.0,0.0,0.0,0.0,0.0,0.0,,0,2018-02-26
Indonesia,54,7,29421117.0,0.0,0.0,0.0,0.0,0.0,0.0,,0,2018-03-05
Indonesia,55,7,26635028.0,0.0,0.0,0.0,0.0,0.0,0.0,,0,2018-03-12
Indonesia,56,7,26608793.0,0.0,0.0,0.0,0.0,0.0,0.0,,0,2018-03-19
Indonesia,57,7,25777777.0,0.0,0.0,0.0,0.0,0.0,0.0,,0,2018-03-26
Indonesia,58,7,26941773.0,0.0,0.0,0.0,0.0,0.0,0.0,,0,2018-04-02
Indonesia,59,7,27841073.0,0.0,0.0,0.0,0.0,0.0,0.0,,0,2018-04-09
Indonesia,60,7,28299794.0,0.0,0.0,0.0,0.0,0.0,0.0,,0,2018-04-16
Indonesia,61,7,27434562.0,0.0,0.0,0.0,0.0,0.0,0.0,,0,2018-04-23
Indonesia,62,7,26946586.0,0.0,0.0,0.0,0.0,0.0,0.0,,0,2018-04-30
Indonesia,63,7,27731619.0,0.0,0.0,0.0,0.0,0.0,0.0,,0,2018-05-07
Indonesia,64,7,28779788.0,0.0,0.0,0.0,0.0,0.0,0.0,,0,2018-05-14
Indonesia,65,7,29053005.0,0.0,0.0,0.0,0.0,0.0,0.0,,0,2018-05-21
Indonesia,66,7,28416609.0,0.0,0.0,0.0,0.0,0.0,0.0,,0,2018-05-28
Indonesia,67,7,31760698.0,0.0,0.0,0.0,0.0,0.0,0.0,,0,2018-06-04
Indonesia,68,7,27664551.0,0.0,0.0,0.0,0.0,0.0,0.0,,0,2018-06-11
Indonesia,69,7,30689891.0,0.0,0.0,0.0,0.0,0.0,0.0,,0,2018-06-18
Indonesia,70,7,32940802.0,0.0,0.0,0.0,0.0,0.0,0.0,,0,2018-06-25
Indonesia,71,7,33476021.0,0.0,0.0,0.0,0.0,0.0,0.0,,0,2018-07-02
Indonesia,72,7,34418994.0,0.0,0.0,0.0,0.0,0.0,0.0,,0,2018-07-09
Indonesia,73,7,35453273.0,0.0,0.0,0.0,0.0,0.0,0.0,,0,2018-07-16
Indonesia,74,7,36770265.0,0.0,0.0,0.0,0.0,0.0,0.0,,0,2018-07-23
Indonesia,75,7,36881620.0,0.0,0.0,0.0,0.0,0.0,0.0,,0,2018-07-30
Indonesia,76,7,36370160.0,0.0,0.0,0.0,0.0,0.0,0.0,,0,2018-08-06
Indonesia,77,7,34848362.0,0.0,0.0,0.0,0.0,0.0,0.0,,0,2018-08-13
Indonesia,78,7,36452948.0,0.0,0.0,0.0,0.0,0.0,0.0,,0,2018-08-20
Indonesia,79,7,37283917.0,0.0,0.0,0.0,0.0,0.0,0.0,,0,2018-08-27
Indonesia,80,7,38748588.0,0.0,0.0,0.0,0.0,0.0,0.0,,0,2018-09-03
Indonesia,81,7,38549232.0,0.0,0.0,0.0,0.0,0.0,0.0,,0,2018-09-10
Indonesia,82,7,39543575.0,0.0,0.0,0.0,0.0,0.0,0.0,,0,2018-09-17
Indonesia,83,7,39372721.0,0.0,0.0,0.0,0.0,0.0,0.0,,0,2018-09-24
Indonesia,84,7,38989612.0,0.0,0.0,0.0,0.0,0.0,0.0,,0,2018-10-01
Indonesia,85,7,39171651.0,0.0,0.0,0.0,0.0,0.0,0.0,,0,2018-10-08
Indonesia,86,7,39827155.0,0.0,0.0,0.0,0.0,0.0,0.0,,0,2018-10-15
Indonesia,87,7,40811433.0,0.0,0.0,0.0,0.0,0.0,0.0,,0,2018-10-22
Indonesia,88,7,41081083.0,0.0,0.0,0.0,0.0,0.0,0.0,,0,2018-10-29
Indonesia,89,7,43312076.0,0.0,0.0,0.0,0.0,0.0,0.0,,0,2018-11-05
Indonesia,90,7,44819789.0,0.0,0.0,0.0,0.0,0.0,0.0,,0,2018-11-12
Indonesia,91,7,44147145.0,0.0,0.0,0.0,0.0,0.0,0.0,,0,2018-11-19
Indonesia,92,7,44981303.0,0.0,0.0,0.0,0.0,0.0,0.0,,0,2018-11-26
Indonesia,93,7,45505158.0,0.0,0.0,0.0,0.0,0.0,0.0,,0,2018-12-03
Indonesia,94,7,45665002.0,0.0,0.0,0.0,0.0,0.0,0.0,,0,2018-12-10
Indonesia,95,7,45203283.0,0.0,0.0,0.0,0.0,0.0,0.0,,0,2018-12-17
Indonesia,96,7,41794997.0,0.0,0.0,0.0,0.0,0.0,0.0,,0,2018-12-24
Indonesia,97,1,5850172.0,0.0,0.0,0.0,0.0,0.0,0.0,,0,2018-12-31
Ireland,1,5,10789299.0,0.0,0.0,0.0,0.0,0.0,0.0,2018-04-16,60,2017-02-27
Ireland,2,7,14937064.0,0.0,0.0,0.0,0.0,0.0,0.0,2018-04-16,60,2017-03-06
Ireland,3,7,12914641.0,0.0,0.0,0.0,0.0,0.0,0.0,2018-04-16,60,2017-03-13
Ireland,4,7,13150270.0,0.0,0.0,0.0,0.0,0.0,0.0,2018-04-16,60,2017-03-20
Ireland,5,7,12248508.0,0.0,0.0,0.0,0.0,0.0,0.0,2018-04-16,60,2017-03-27
Ireland,6,7,11863965.0,68382.0,3.0,68382.0,0.0057638403349976166,0.42857142857142855,0.0057638403349976166,2018-04-16,60,2017-04-03
Ireland,7,7,12835421.0,191650.0,7.0,191650.0,0.01493133727362741,1.0,0.01493133727362741,2018-04-16,60,2017-04-10
Ireland,8,7,11974080.0,169018.0,7.0,169018.0,0.014115322429781661,1.0,0.014115322429781661,2018-04-16,60,2017-04-17
Ireland,9,7,11578677.0,164777.0,7.0,164777.0,0.014231073204650238,1.0,0.014231073204650238,2018-04-16,60,2017-04-24
Ireland,10,7,12194677.0,199483.0,13.0,199483.0,0.016358202845389018,1.8571428571428572,0.016358202845389018,2018-04-16,60,2017-05-01
Ireland,11,7,12482278.0,463396.0,38.0,274615.0,0.037124313366518516,5.428571428571429,0.022000391274733667,2018-04-16,60,2017-05-08
Ireland,12,7,12601190.0,505744.0,66.0,295591.0,0.04013462220631544,9.428571428571429,0.02345738775464857,2018-04-16,60,2017-05-15
Ireland,13,7,12904173.0,310575.0,39.0,246271.0,0.024067795743283976,5.571428571428571,0.019084601547111932,2018-04-16,60,2017-05-22
Ireland,14,4,7142404.0,100016.0,9.0,100016.0,0.014003128358463061,2.25,0.014003128358463061,2018-04-16,60,2017-05-29
Ireland,15,7,12036526.0,144195.0,14.0,144195.0,0.011979785529479188,2.0,0.011979785529479188,2018-04-16,60,2017-06-05
Ireland,16,7,12941047.0,139898.0,14.0,139898.0,0.010810408153219752,2.0,0.010810408153219752,2018-04-16,60,2017-06-12
Ireland,17,7,12936697.0,109255.0,12.0,109255.0,0.0084453551010741,1.7142857142857142,0.0084453551010741,2018-04-16,60,2017-06-19
Ireland,18,7,12506100.0,77587.0,7.0,77587.0,0.0062039324809492966,1.0,0.0062039324809492966,2018-04-16,60,2017-06-26
Ireland,19,7,12484196.0,51297.0,7.0,51297.0,0.004108955034028623,1.0,0.004108955034028623,2018-04-16,60,2017-07-03
Ireland,20,7,12317004.0,44617.0,7.0,44617.0,0.003622390639801692,1.0,0.003622390639801692,2018-04-16,60,2017-07-10
Ireland,21,7,12178214.0,42516.0,7.0,42516.0,0.003491152315109588,1.0,0.003491152315109588,2018-04-16,60,2017-07-17
Ireland,22,7,12044949.0,41230.0,7.0,41230.0,0.0034230115876787855,1.0,0.0034230115876787855,2018-04-16,60,2017-07-24
Ireland,23,7,11799609.0,38341.0,7.0,38341.0,0.0032493449571083244,1.0,0.0032493449571083244,2018-04-16,60,2017-07-31
Ireland,24,7,11415281.0,34854.0,7.0,34854.0,0.003053275692468718,1.0,0.003053275692468718,2018-04-16,60,2017-08-07
Ireland,25,7,11695237.0,32743.0,7.0,32743.0,0.0027996867442703385,1.0,0.0027996867442703385,2018-04-16,60,2017-08-14
Ireland,26,7,12294398.0,30980.0,7.0,30980.0,0.002519846844066704,1.0,0.002519846844066704,2018-04-16,60,2017-08-21
Ireland,27,7,12104124.0,28674.0,7.0,28674.0,0.0023689446671233704,1.0,0.0023689446671233704,2018-04-16,60,2017-08-28
Ireland,28,7,11852399.0,28176.0,7.0,28176.0,0.002377240253217935,1.0,0.002377240253217935,2018-04-16,60,2017-09-04
Ireland,29,7,11920856.0,28554.0,7.0,28554.0,0.002395297787340104,1.0,0.002395297787340104,2018-04-16,60,2017-09-11
Ireland,30,7,11998329.0,28488.0,7.0,28488.0,0.0023743306255396062,1.0,0.0023743306255396062,2018-04-16,60,2017-09-18
Ireland,31,7,12067480.0,31869.0,8.0,27745.0,0.002640899342696238,1.1428571428571428,0.002299154421635669,2018-04-16,60,2017-09-25
Ireland,32,7,12014877.0,26781.0,7.0,26781.0,0.002228986613845485,1.0,0.002228986613845485,2018-04-16,60,2017-10-02
Ireland,33,7,11905710.0,25922.0,7.0,25922.0,0.0021772746018507085,1.0,0.0021772746018507085,2018-04-16,60,2017-10-09
Ireland,34,7,11743334.0,20648.0,6.0,20648.0,0.0017582740983097304,0.8571428571428571,0.0017582740983097304,2018-04-16,60,2017-10-16
Ireland,35,7,12323020.0,21458.0,6.0,21458.0,0.001741293936064374,0.8571428571428571,0.001741293936064374,2018-04-16,60,2017-10-23
Ireland,36,7,12373759.0,17957.0,5.0,17957.0,0.001451216239139618,0.7142857142857143,0.001451216239139618,2018-04-16,60,2017-10-30
Ireland,37,7,12388512.0,27418.0,7.0,27418.0,0.002213179435916113,1.0,0.002213179435916113,2018-04-16,60,2017-11-06
Ireland,38,7,11855702.0,27096.0,7.0,27096.0,0.0022854825467104353,1.0,0.0022854825467104353,2018-04-16,60,2017-11-13
Ireland,39,7,11750471.0,22037.0,6.0,22037.0,0.0018754141855249888,0.8571428571428571,0.0018754141855249888,2018-04-16,60,2017-11-20
Ireland,40,7,12572518.0,0.0,0.0,0.0,0.0,0.0,0.0,2018-04-16,60,2017-11-27
Ireland,41,7,13422661.0,4475.0,1.0,4475.0,0.0003333914191828282,0.14285714285714285,0.0003333914191828282,2018-04-16,60,2017-12-04
Ireland,42,7,13712743.0,3948.0,1.0,3948.0,0.0002879073865819552,0.14285714285714285,0.0002879073865819552,2018-04-16,60,2017-12-11
Ireland,43,7,15709174.0,0.0,0.0,0.0,0.0,0.0,0.0,2018-04-16,60,2017-12-18
Ireland,44,7,12995923.0,14182.0,4.0,14182.0,0.0010912653145144057,0.5714285714285714,0.0010912653145144057,2018-04-16,60,2017-12-25
Ireland,45,7,11332762.0,18158.0,5.0,18158.0,0.001602257243203378,0.7142857142857143,0.001602257243203378,2018-04-16,60,2018-01-01
Ireland,46,7,12165838.0,14836.0,4.0,14836.0,0.0012194803185773147,0.5714285714285714,0.0012194803185773147,2018-04-16,60,2018-01-08
Ireland,47,7,12836580.0,8274.0,2.0,8274.0,0.0006445642063540288,0.2857142857142857,0.0006445642063540288,2018-04-16,60,2018-01-15
Ireland,48,7,12883130.0,3903.0,1.0,3903.0,0.00030295432864529037,0.14285714285714285,0.00030295432864529037,2018-04-16,60,2018-01-22
Ireland,49,7,12627300.0,0.0,0.0,0.0,0.0,0.0,0.0,2018-04-16,60,2018-01-29
Ireland,50,7,12859327.0,0.0,0.0,0.0,0.0,0.0,0.0,2018-04-16,60,2018-02-05
Ireland,51,7,13547267.0,0.0,0.0,0.0,0.0,0.0,0.0,2018-04-16,60,2018-02-12
Ireland,52,7,13053559.0,8744.0,2.0,8744.0,0.0006698556309432546,0.2857142857142857,0.0006698556309432546,2018-04-16,60,2018-02-19
Ireland,53,7,11324963.0,7270.0,2.0,7270.0,0.0006419447021592918,0.2857142857142857,0.0006419447021592918,2018-04-16,60,2018-02-26
Ireland,54,7,12712451.0,0.0,0.0,0.0,0.0,0.0,0.0,2018-04-16,60,2018-03-05
Ireland,55,7,12297863.0,0.0,0.0,0.0,0.0,0.0,0.0,2018-04-16,60,2018-03-12
Ireland,56,7,12911161.0,0.0,0.0,0.0,0.0,0.0,0.0,2018-04-16,60,2018-03-19
Ireland,57,7,13635555.0,0.0,0.0,0.0,0.0,0.0,0.0,2018-04-16,60,2018-03-26
Ireland,58,7,13031852.0,0.0,0.0,0.0,0.0,0.0,0.0,2018-04-16,60,2018-04-02
Ireland,59,7,13426375.0,28369.0,5.0,28369.0,0.0021129307054212326,0.7142857142857143,0.0021129307054212326,2018-04-16,60,2018-04-09
Ireland,60,7,15797216.0,34532.0,6.0,34532.0,0.0021859547910214054,0.8571428571428571,0.0021859547910214054,2018-04-16,60,2018-04-16
Ireland,61,7,16675274.0,10137.0,2.0,10137.0,0.0006079060529979897,0.2857142857142857,0.0006079060529979897,2018-04-16,60,2018-04-23
Ireland,62,7,16332173.0,11108.0,2.0,11108.0,0.0006801299496398918,0.2857142857142857,0.0006801299496398918,2018-04-16,60,2018-04-30
Ireland,63,7,15217467.0,0.0,0.0,0.0,0.0,0.0,0.0,2018-04-16,60,2018-05-07
Ireland,64,7,14594862.0,0.0,0.0,0.0,0.0,0.0,0.0,2018-04-16,60,2018-05-14
Ireland,65,7,14408165.0,0.0,0.0,0.0,0.0,0.0,0.0,2018-04-16,60,2018-05-21
Ireland,66,7,15551290.0,0.0,0.0,0.0,0.0,0.0,0.0,2018-04-16,60,2018-05-28
Ireland,67,7,15200341.0,0.0,0.0,0.0,0.0,0.0,0.0,2018-04-16,60,2018-06-04
Ireland,68,7,14661073.0,0.0,0.0,0.0,0.0,0.0,0.0,2018-04-16,60,2018-06-11
Ireland,69,7,16715463.0,0.0,0.0,0.0,0.0,0.0,0.0,2018-04-16,60,2018-06-18
Ireland,70,7,17738385.0,0.0,0.0,0.0,0.0,0.0,0.0,2018-04-16,60,2018-06-25
Ireland,71,7,16598726.0,0.0,0.0,0.0,0.0,0.0,0.0,2018-04-16,60,2018-07-02
Ireland,72,7,16041009.0,0.0,0.0,0.0,0.0,0.0,0.0,2018-04-16,60,2018-07-09
Ireland,73,7,16147067.0,0.0,0.0,0.0,0.0,0.0,0.0,2018-04-16,60,2018-07-16
Ireland,74,7,15389792.0,0.0,0.0,0.0,0.0,0.0,0.0,2018-04-16,60,2018-07-23
Ireland,75,7,15645435.0,0.0,0.0,0.0,0.0,0.0,0.0,2018-04-16,60,2018-07-30
Ireland,76,7,14623085.0,0.0,0.0,0.0,0.0,0.0,0.0,2018-04-16,60,2018-08-06
Ireland,77,7,15018578.0,0.0,0.0,0.0,0.0,0.0,0.0,2018-04-16,60,2018-08-13
Ireland,78,7,14687912.0,0.0,0.0,0.0,0.0,0.0,0.0,2018-04-16,60,2018-08-20
Ireland,79,7,14681239.0,0.0,0.0,0.0,0.0,0.0,0.0,2018-04-16,60,2018-08-27
Ireland,80,7,15164348.0,0.0,0.0,0.0,0.0,0.0,0.0,2018-04-16,60,2018-09-03
Ireland,81,7,15135805.0,0.0,0.0,0.0,0.0,0.0,0.0,2018-04-16,60,2018-09-10
Ireland,82,7,14680480.0,0.0,0.0,0.0,0.0,0.0,0.0,2018-04-16,60,2018-09-17
Ireland,83,7,14431330.0,0.0,0.0,0.0,0.0,0.0,0.0,2018-04-16,60,2018-09-24
Ireland,84,7,14350536.0,0.0,0.0,0.0,0.0,0.0,0.0,2018-04-16,60,2018-10-01
Ireland,85,7,14881202.0,0.0,0.0,0.0,0.0,0.0,0.0,2018-04-16,60,2018-10-08
Ireland,86,7,15449435.0,0.0,0.0,0.0,0.0,0.0,0.0,2018-04-16,60,2018-10-15
Ireland,87,7,15494069.0,0.0,0.0,0.0,0.0,0.0,0.0,2018-04-16,60,2018-10-22
Ireland,88,7,15227137.0,0.0,0.0,0.0,0.0,0.0,0.0,2018-04-16,60,2018-10-29
Ireland,89,7,15626219.0,0.0,0.0,0.0,0.0,0.0,0.0,2018-04-16,60,2018-11-05
Ireland,90,7,15532995.0,0.0,0.0,0.0,0.0,0.0,0.0,2018-04-16,60,2018-11-12
Ireland,91,7,15057345.0,0.0,0.0,0.0,0.0,0.0,0.0,2018-04-16,60,2018-11-19
Ireland,92,7,16167365.0,0.0,0.0,0.0,0.0,0.0,0.0,2018-04-16,60,2018-11-26
Ireland,93,7,17540831.0,0.0,0.0,0.0,0.0,0.0,0.0,2018-04-16,60,2018-12-03
Ireland,94,7,17484110.0,0.0,0.0,0.0,0.0,0.0,0.0,2018-04-16,60,2018-12-10
Ireland,95,7,19208761.0,0.0,0.0,0.0,0.0,0.0,0.0,2018-04-16,60,2018-12-17
Ireland,96,7,18548768.0,0.0,0.0,0.0,0.0,0.0,0.0,2018-04-16,60,2018-12-24
Ireland,97,1,2552834.0,0.0,0.0,0.0,0.0,0.0,0.0,2018-04-16,60,2018-12-31
Israel,55,5,883858.0,0.0,0.0,0.0,0.0,0.0,0.0,,0,2018-03-12
Israel,56,7,1489499.0,0.0,0.0,0.0,0.0,0.0,0.0,,0,2018-03-19
Israel,57,7,1500890.0,0.0,0.0,0.0,0.0,0.0,0.0,,0,2018-03-26
Israel,58,7,1463000.0,0.0,0.0,0.0,0.0,0.0,0.0,,0,2018-04-02
Israel,59,7,1457963.0,0.0,0.0,0.0,0.0,0.0,0.0,,0,2018-04-09
Israel,60,7,1494634.0,0.0,0.0,0.0,0.0,0.0,0.0,,0,2018-04-16
Israel,61,7,1718371.0,0.0,0.0,0.0,0.0,0.0,0.0,,0,2018-04-23
Israel,62,7,1712795.0,0.0,0.0,0.0,0.0,0.0,0.0,,0,2018-04-30
Israel,63,7,1818558.0,0.0,0.0,0.0,0.0,0.0,0.0,,0,2018-05-07
Israel,64,7,1866354.0,0.0,0.0,0.0,0.0,0.0,0.0,,0,2018-05-14
Israel,65,7,2007602.0,0.0,0.0,0.0,0.0,0.0,0.0,,0,2018-05-21
Israel,66,7,2036624.0,0.0,0.0,0.0,0.0,0.0,0.0,,0,2018-05-28
Israel,67,7,2153858.0,0.0,0.0,0.0,0.0,0.0,0.0,,0,2018-06-04
Israel,68,7,2140821.0,0.0,0.0,0.0,0.0,0.0,0.0,,0,2018-06-11
Israel,69,7,2299149.0,0.0,0.0,0.0,0.0,0.0,0.0,,0,2018-06-18
Israel,70,7,2483080.0,0.0,0.0,0.0,0.0,0.0,0.0,,0,2018-06-25
Israel,71,7,2444865.0,0.0,0.0,0.0,0.0,0.0,0.0,,0,2018-07-02
Israel,72,7,2425677.0,0.0,0.0,0.0,0.0,0.0,0.0,,0,2018-07-09
Israel,73,7,2364608.0,0.0,0.0,0.0,0.0,0.0,0.0,,0,2018-07-16
Israel,74,7,2654973.0,0.0,0.0,0.0,0.0,0.0,0.0,,0,2018-07-23
Israel,75,7,2761986.0,0.0,0.0,0.0,0.0,0.0,0.0,,0,2018-07-30
Israel,76,7,2786693.0,0.0,0.0,0.0,0.0,0.0,0.0,,0,2018-08-06
Israel,77,7,2829145.0,0.0,0.0,0.0,0.0,0.0,0.0,,0,2018-08-13
Israel,78,7,2812726.0,0.0,0.0,0.0,0.0,0.0,0.0,,0,2018-08-20
Israel,79,7,2824495.0,0.0,0.0,0.0,0.0,0.0,0.0,,0,2018-08-27
Israel,80,7,2968599.0,0.0,0.0,0.0,0.0,0.0,0.0,,0,2018-09-03
Israel,81,7,2655928.0,0.0,0.0,0.0,0.0,0.0,0.0,,0,2018-09-10
Israel,82,7,2449661.0,0.0,0.0,0.0,0.0,0.0,0.0,,0,2018-09-17
Israel,83,7,2732271.0,0.0,0.0,0.0,0.0,0.0,0.0,,0,2018-09-24
Israel,84,7,2778077.0,0.0,0.0,0.0,0.0,0.0,0.0,,0,2018-10-01
Israel,85,7,3021946.0,0.0,0.0,0.0,0.0,0.0,0.0,,0,2018-10-08
Israel,86,7,3086889.0,0.0,0.0,0.0,0.0,0.0,0.0,,0,2018-10-15
Israel,87,7,3120738.0,0.0,0.0,0.0,0.0,0.0,0.0,,0,2018-10-22
Israel,88,7,3146151.0,0.0,0.0,0.0,0.0,0.0,0.0,,0,2018-10-29
Israel,89,7,3301939.0,0.0,0.0,0.0,0.0,0.0,0.0,,0,2018-11-05
Israel,90,7,3220950.0,0.0,0.0,0.0,0.0,0.0,0.0,,0,2018-11-12
Israel,91,7,3299845.0,0.0,0.0,0.0,0.0,0.0,0.0,,0,2018-11-19
Israel,92,7,3333298.0,0.0,0.0,0.0,0.0,0.0,0.0,,0,2018-11-26
Israel,93,7,3341102.0,0.0,0.0,0.0,0.0,0.0,0.0,,0,2018-12-03
Israel,94,7,3427442.0,0.0,0.0,0.0,0.0,0.0,0.0,,0,2018-12-10
Israel,95,7,3492729.0,0.0,0.0,0.0,0.0,0.0,0.0,,0,2018-12-17
Israel,96,7,3513439.0,0.0,0.0,0.0,0.0,0.0,0.0,,0,2018-12-24
Israel,97,1,543099.0,0.0,0.0,0.0,0.0,0.0,0.0,,0,2018-12-31
Italy,1,5,28482970.0,0.0,0.0,0.0,0.0,0.0,0.0,2017-11-10,37,2017-02-27
Italy,2,7,39591634.0,0.0,0.0,0.0,0.0,0.0,0.0,2017-11-10,37,2017-03-06
Italy,3,7,38262815.0,0.0,0.0,0.0,0.0,0.0,0.0,2017-11-10,37,2017-03-13
Italy,4,7,37393046.0,0.0,0.0,0.0,0.0,0.0,0.0,2017-11-10,37,2017-03-20
Italy,5,7,36693589.0,0.0,0.0,0.0,0.0,0.0,0.0,2017-11-10,37,2017-03-27
Italy,6,7,36693169.0,113834.0,3.0,113834.0,0.003102321306726056,0.42857142857142855,0.003102321306726056,2017-11-10,37,2017-04-03
Italy,7,7,36923848.0,314992.0,7.0,314992.0,0.008530855180640978,1.0,0.008530855180640978,2017-11-10,37,2017-04-10
Italy,8,7,34892896.0,305187.0,7.0,305187.0,0.008746393535234221,1.0,0.008746393535234221,2017-11-10,37,2017-04-17
Italy,9,7,34679868.0,310734.0,7.0,310734.0,0.008960068706143864,1.0,0.008960068706143864,2017-11-10,37,2017-04-24
Italy,10,7,36119164.0,400091.0,12.0,400091.0,0.011076972877888315,1.7142857142857142,0.011076972877888315,2017-11-10,37,2017-05-01
Italy,11,7,39625357.0,754085.0,27.0,544055.0,0.019030364824221015,3.857142857142857,0.013729970937548904,2017-11-10,37,2017-05-08
Italy,12,7,40304576.0,534748.0,14.0,534748.0,0.013267674618385763,2.0,0.013267674618385763,2017-11-10,37,2017-05-15
Italy,13,7,43136005.0,431748.0,9.0,431748.0,0.010008993646954557,1.2857142857142858,0.010008993646954557,2017-11-10,37,2017-05-22
Italy,14,4,24485923.0,212649.0,4.0,212649.0,0.008684540909485013,1.0,0.008684540909485013,2017-11-10,37,2017-05-29
Italy,15,7,45532849.0,395321.0,7.0,395321.0,0.008682105527813557,1.0,0.008682105527813557,2017-11-10,37,2017-06-05
Italy,16,7,47173506.0,373167.0,7.0,373167.0,0.007910520791055895,1.0,0.007910520791055895,2017-11-10,37,2017-06-12
Italy,17,7,50128421.0,329118.0,7.0,329118.0,0.006565497046076915,1.0,0.006565497046076915,2017-11-10,37,2017-06-19
Italy,18,7,51825366.0,277850.0,7.0,277850.0,0.005361274245511359,1.0,0.005361274245511359,2017-11-10,37,2017-06-26
Italy,19,7,51655366.0,184037.0,7.0,184037.0,0.0035627857132984014,1.0,0.0035627857132984014,2017-11-10,37,2017-07-03
Italy,20,7,51128447.0,170855.0,7.0,170855.0,0.003341681784310797,1.0,0.003341681784310797,2017-11-10,37,2017-07-10
Italy,21,7,51733130.0,160362.0,7.0,160362.0,0.003099793111300244,1.0,0.003099793111300244,2017-11-10,37,2017-07-17
Italy,22,7,51440518.0,152663.0,7.0,152663.0,0.0029677578285661897,1.0,0.0029677578285661897,2017-11-10,37,2017-07-24
Italy,23,7,50436930.0,143978.0,7.0,143978.0,0.002854614664294595,1.0,0.002854614664294595,2017-11-10,37,2017-07-31
Italy,24,7,48961016.0,132766.0,7.0,132766.0,0.002711667584675939,1.0,0.002711667584675939,2017-11-10,37,2017-08-07
Italy,25,7,45180990.0,112562.0,7.0,112562.0,0.0024913575377609035,1.0,0.0024913575377609035,2017-11-10,37,2017-08-14
Italy,26,7,48196071.0,112225.0,7.0,112225.0,0.00232850930939993,1.0,0.00232850930939993,2017-11-10,37,2017-08-21
Italy,27,7,50196021.0,120181.0,7.0,120181.0,0.002394233598714926,1.0,0.002394233598714926,2017-11-10,37,2017-08-28
Italy,28,7,50377671.0,122801.0,7.0,122801.0,0.002437607725057397,1.0,0.002437607725057397,2017-11-10,37,2017-09-04
Italy,29,7,49312630.0,121766.0,7.0,121766.0,0.0024692659872328853,1.0,0.0024692659872328853,2017-11-10,37,2017-09-11
Italy,30,7,47730058.0,144124.0,7.0,144124.0,0.003019564736334492,1.0,0.003019564736334492,2017-11-10,37,2017-09-18
Italy,31,7,46834510.0,137318.0,7.0,137318.0,0.0029319832747262647,1.0,0.0029319832747262647,2017-11-10,37,2017-09-25
Italy,32,7,48060280.0,139830.0,7.0,139830.0,0.0029094711890983575,1.0,0.0029094711890983575,2017-11-10,37,2017-10-02
Italy,33,7,47633854.0,150180.0,7.0,150180.0,0.0031527996873820037,1.0,0.0031527996873820037,2017-11-10,37,2017-10-09
Italy,34,7,49123013.0,85207.0,4.0,85207.0,0.001734563798030874,0.5714285714285714,0.001734563798030874,2017-11-10,37,2017-10-16
Italy,35,7,49511649.0,30070.0,2.0,30070.0,0.0006073318220526244,0.2857142857142857,0.0006073318220526244,2017-11-10,37,2017-10-23
Italy,36,7,49977478.0,44702.0,3.0,44702.0,0.0008944428928566584,0.42857142857142855,0.0008944428928566584,2017-11-10,37,2017-10-30
Italy,37,7,49257816.0,153946.0,7.0,153946.0,0.003125311118138084,1.0,0.003125311118138084,2017-11-10,37,2017-11-06
Italy,38,7,50734028.0,159309.0,7.0,159309.0,0.003140081840140901,1.0,0.003140081840140901,2017-11-10,37,2017-11-13
Italy,39,7,56028796.0,76237.0,4.0,76237.0,0.0013606753213115626,0.5714285714285714,0.0013606753213115626,2017-11-10,37,2017-11-20
Italy,40,7,57288663.0,36837.0,2.0,36837.0,0.0006430068022358978,0.2857142857142857,0.0006430068022358978,2017-11-10,37,2017-11-27
Italy,41,7,55932241.0,36395.0,2.0,36395.0,0.0006506980473033433,0.2857142857142857,0.0006506980473033433,2017-11-10,37,2017-12-04
Italy,42,7,57325766.0,17728.0,1.0,17728.0,0.0003092501197454562,0.14285714285714285,0.0003092501197454562,2017-11-10,37,2017-12-11
Italy,43,7,61485012.0,0.0,0.0,0.0,0.0,0.0,0.0,2017-11-10,37,2017-12-18
Italy,44,7,53176383.0,37694.0,2.0,37694.0,0.0007088485126940657,0.2857142857142857,0.0007088485126940657,2017-11-10,37,2017-12-25
Italy,45,7,51715700.0,17635.0,1.0,17635.0,0.00034099896163060735,0.14285714285714285,0.00034099896163060735,2017-11-10,37,2018-01-01
Italy,46,7,61350733.0,62878.0,3.0,62878.0,0.0010248940301984656,0.42857142857142855,0.0010248940301984656,2017-11-10,37,2018-01-08
Italy,47,7,74528104.0,0.0,0.0,0.0,0.0,0.0,0.0,2017-11-10,37,2018-01-15
Italy,48,7,87587522.0,0.0,0.0,0.0,0.0,0.0,0.0,2017-11-10,37,2018-01-22
Italy,49,7,85602564.0,0.0,0.0,0.0,0.0,0.0,0.0,2017-11-10,37,2018-01-29
Italy,50,7,85897433.0,0.0,0.0,0.0,0.0,0.0,0.0,2017-11-10,37,2018-02-05
Italy,51,7,82609074.0,0.0,0.0,0.0,0.0,0.0,0.0,2017-11-10,37,2018-02-12
Italy,52,7,79677345.0,0.0,0.0,0.0,0.0,0.0,0.0,2017-11-10,37,2018-02-19
Italy,53,7,80582083.0,0.0,0.0,0.0,0.0,0.0,0.0,2017-11-10,37,2018-02-26
Italy,54,7,72459489.0,0.0,0.0,0.0,0.0,0.0,0.0,2017-11-10,37,2018-03-05
Italy,55,7,67773291.0,0.0,0.0,0.0,0.0,0.0,0.0,2017-11-10,37,2018-03-12
Italy,56,7,70935892.0,0.0,0.0,0.0,0.0,0.0,0.0,2017-11-10,37,2018-03-19
Italy,57,7,72418151.0,0.0,0.0,0.0,0.0,0.0,0.0,2017-11-10,37,2018-03-26
Italy,58,7,69097493.0,0.0,0.0,0.0,0.0,0.0,0.0,2017-11-10,37,2018-04-02
Italy,59,7,74369518.0,0.0,0.0,0.0,0.0,0.0,0.0,2017-11-10,37,2018-04-09
Italy,60,7,88918126.0,0.0,0.0,0.0,0.0,0.0,0.0,2017-11-10,37,2018-04-16
Italy,61,7,90396150.0,0.0,0.0,0.0,0.0,0.0,0.0,2017-11-10,37,2018-04-23
Italy,62,7,87319513.0,0.0,0.0,0.0,0.0,0.0,0.0,2017-11-10,37,2018-04-30
Italy,63,7,93057623.0,0.0,0.0,0.0,0.0,0.0,0.0,2017-11-10,37,2018-05-07
Italy,64,7,89519236.0,0.0,0.0,0.0,0.0,0.0,0.0,2017-11-10,37,2018-05-14
Italy,65,7,89271838.0,0.0,0.0,0.0,0.0,0.0,0.0,2017-11-10,37,2018-05-21
Italy,66,7,91039069.0,0.0,0.0,0.0,0.0,0.0,0.0,2017-11-10,37,2018-05-28
Italy,67,7,94261110.0,0.0,0.0,0.0,0.0,0.0,0.0,2017-11-10,37,2018-06-04
Italy,68,7,93710157.0,0.0,0.0,0.0,0.0,0.0,0.0,2017-11-10,37,2018-06-11
Italy,69,7,102774226.0,0.0,0.0,0.0,0.0,0.0,0.0,2017-11-10,37,2018-06-18
Italy,70,7,102166549.0,0.0,0.0,0.0,0.0,0.0,0.0,2017-11-10,37,2018-06-25
Italy,71,7,100907207.0,0.0,0.0,0.0,0.0,0.0,0.0,2017-11-10,37,2018-07-02
Italy,72,7,101148038.0,0.0,0.0,0.0,0.0,0.0,0.0,2017-11-10,37,2018-07-09
Italy,73,7,104531547.0,0.0,0.0,0.0,0.0,0.0,0.0,2017-11-10,37,2018-07-16
Italy,74,7,104488929.0,0.0,0.0,0.0,0.0,0.0,0.0,2017-11-10,37,2018-07-23
Italy,75,7,102315019.0,0.0,0.0,0.0,0.0,0.0,0.0,2017-11-10,37,2018-07-30
Italy,76,7,98186291.0,0.0,0.0,0.0,0.0,0.0,0.0,2017-11-10,37,2018-08-06
Italy,77,7,89324575.0,0.0,0.0,0.0,0.0,0.0,0.0,2017-11-10,37,2018-08-13
Italy,78,7,89529954.0,0.0,0.0,0.0,0.0,0.0,0.0,2017-11-10,37,2018-08-20
Italy,79,7,90343616.0,0.0,0.0,0.0,0.0,0.0,0.0,2017-11-10,37,2018-08-27
Italy,80,7,94270274.0,0.0,0.0,0.0,0.0,0.0,0.0,2017-11-10,37,2018-09-03
Italy,81,7,97176634.0,0.0,0.0,0.0,0.0,0.0,0.0,2017-11-10,37,2018-09-10
Italy,82,7,99898879.0,0.0,0.0,0.0,0.0,0.0,0.0,2017-11-10,37,2018-09-17
Italy,83,7,100088928.0,0.0,0.0,0.0,0.0,0.0,0.0,2017-11-10,37,2018-09-24
Italy,84,7,99382588.0,0.0,0.0,0.0,0.0,0.0,0.0,2017-11-10,37,2018-10-01
Italy,85,7,102555260.0,0.0,0.0,0.0,0.0,0.0,0.0,2017-11-10,37,2018-10-08
Italy,86,7,100410734.0,0.0,0.0,0.0,0.0,0.0,0.0,2017-11-10,37,2018-10-15
Italy,87,7,97765742.0,0.0,0.0,0.0,0.0,0.0,0.0,2017-11-10,37,2018-10-22
Italy,88,7,94385836.0,0.0,0.0,0.0,0.0,0.0,0.0,2017-11-10,37,2018-10-29
Italy,89,7,112416416.0,0.0,0.0,0.0,0.0,0.0,0.0,2017-11-10,37,2018-11-05
Italy,90,7,115553417.0,0.0,0.0,0.0,0.0,0.0,0.0,2017-11-10,37,2018-11-12
Italy,91,7,107697721.0,0.0,0.0,0.0,0.0,0.0,0.0,2017-11-10,37,2018-11-19
Italy,92,7,109965613.0,0.0,0.0,0.0,0.0,0.0,0.0,2017-11-10,37,2018-11-26
Italy,93,7,110670809.0,0.0,0.0,0.0,0.0,0.0,0.0,2017-11-10,37,2018-12-03
Italy,94,7,103296796.0,0.0,0.0,0.0,0.0,0.0,0.0,2017-11-10,37,2018-12-10
Italy,95,7,103527041.0,0.0,0.0,0.0,0.0,0.0,0.0,2017-11-10,37,2018-12-17
Italy,96,7,100590825.0,0.0,0.0,0.0,0.0,0.0,0.0,2017-11-10,37,2018-12-24
Italy,97,1,15509425.0,0.0,0.0,0.0,0.0,0.0,0.0,2017-11-10,37,2018-12-31
Japan,1,5,2993067.0,0.0,0.0,0.0,0.0,0.0,0.0,2017-12-07,41,2017-02-27
Japan,2,7,4260773.0,0.0,0.0,0.0,0.0,0.0,0.0,2017-12-07,41,2017-03-06
Japan,3,7,4143788.0,0.0,0.0,0.0,0.0,0.0,0.0,2017-12-07,41,2017-03-13
Japan,4,7,3953801.0,0.0,0.0,0.0,0.0,0.0,0.0,2017-12-07,41,2017-03-20
Japan,5,7,4137998.0,0.0,0.0,0.0,0.0,0.0,0.0,2017-12-07,41,2017-03-27
Japan,6,7,4181935.0,11822.0,3.0,11822.0,0.002826921030575559,0.42857142857142855,0.002826921030575559,2017-12-07,41,2017-04-03
Japan,7,7,4146914.0,41218.0,7.0,41218.0,0.009939439303539934,1.0,0.009939439303539934,2017-12-07,41,2017-04-10
Japan,8,7,4110769.0,38511.0,7.0,38511.0,0.009368320136694619,1.0,0.009368320136694619,2017-12-07,41,2017-04-17
Japan,9,7,4334785.0,37450.0,7.0,37450.0,0.008639413488788949,1.0,0.008639413488788949,2017-12-07,41,2017-04-24
Japan,10,7,4582855.0,48094.0,12.0,48094.0,0.010494331590242326,1.7142857142857142,0.010494331590242326,2017-12-07,41,2017-05-01
Japan,11,7,4510729.0,73753.0,20.0,61906.0,0.016350572158070238,2.857142857142857,0.013724167423935243,2017-12-07,41,2017-05-08
Japan,12,7,5098176.0,72436.0,14.0,72436.0,0.014208218782560665,2.0,0.014208218782560665,2017-12-07,41,2017-05-15
Japan,13,7,5325091.0,60246.0,14.0,60246.0,0.0113136094763451,2.0,0.0113136094763451,2017-12-07,41,2017-05-22
Japan,14,4,3106635.0,24391.0,4.0,24391.0,0.007851260286451417,1.0,0.007851260286451417,2017-12-07,41,2017-05-29
Japan,15,7,5505447.0,41075.0,7.0,41075.0,0.007460792920175237,1.0,0.007460792920175237,2017-12-07,41,2017-06-05
Japan,16,7,5753117.0,37544.0,7.0,37544.0,0.006525853724163788,1.0,0.006525853724163788,2017-12-07,41,2017-06-12
Japan,17,7,5786741.0,26888.0,7.0,26888.0,0.004646484091823014,1.0,0.004646484091823014,2017-12-07,41,2017-06-19
Japan,18,7,5980656.0,22762.0,7.0,22762.0,0.0038059370075791015,1.0,0.0038059370075791015,2017-12-07,41,2017-06-26
Japan,19,7,6115276.0,1880.0,1.0,1880.0,0.000307426843857906,0.14285714285714285,0.000307426843857906,2017-12-07,41,2017-07-03
Japan,20,7,5935313.0,0.0,0.0,0.0,0.0,0.0,0.0,2017-12-07,41,2017-07-10
Japan,21,7,6031004.0,0.0,0.0,0.0,0.0,0.0,0.0,2017-12-07,41,2017-07-17
Japan,22,7,6128354.0,0.0,0.0,0.0,0.0,0.0,0.0,2017-12-07,41,2017-07-24
Japan,23,7,5975226.0,0.0,0.0,0.0,0.0,0.0,0.0,2017-12-07,41,2017-07-31
Japan,24,7,6147050.0,0.0,0.0,0.0,0.0,0.0,0.0,2017-12-07,41,2017-08-07
Japan,25,7,6371827.0,0.0,0.0,0.0,0.0,0.0,0.0,2017-12-07,41,2017-08-14
Japan,26,7,6738898.0,0.0,0.0,0.0,0.0,0.0,0.0,2017-12-07,41,2017-08-21
Japan,27,7,7026487.0,0.0,0.0,0.0,0.0,0.0,0.0,2017-12-07,41,2017-08-28
Japan,28,7,7038545.0,0.0,0.0,0.0,0.0,0.0,0.0,2017-12-07,41,2017-09-04
Japan,29,7,7022143.0,0.0,0.0,0.0,0.0,0.0,0.0,2017-12-07,41,2017-09-11
Japan,30,7,7580768.0,0.0,0.0,0.0,0.0,0.0,0.0,2017-12-07,41,2017-09-18
Japan,31,7,7210986.0,0.0,0.0,0.0,0.0,0.0,0.0,2017-12-07,41,2017-09-25
Japan,32,7,7071139.0,0.0,0.0,0.0,0.0,0.0,0.0,2017-12-07,41,2017-10-02
Japan,33,7,7439064.0,0.0,0.0,0.0,0.0,0.0,0.0,2017-12-07,41,2017-10-09
Japan,34,7,7647797.0,0.0,0.0,0.0,0.0,0.0,0.0,2017-12-07,41,2017-10-16
Japan,35,7,8111702.0,0.0,0.0,0.0,0.0,0.0,0.0,2017-12-07,41,2017-10-23
Japan,36,7,8374129.0,0.0,0.0,0.0,0.0,0.0,0.0,2017-12-07,41,2017-10-30
Japan,37,7,8612333.0,0.0,0.0,0.0,0.0,0.0,0.0,2017-12-07,41,2017-11-06
Japan,38,7,8559911.0,0.0,0.0,0.0,0.0,0.0,0.0,2017-12-07,41,2017-11-13
Japan,39,7,8407297.0,0.0,0.0,0.0,0.0,0.0,0.0,2017-12-07,41,2017-11-20
Japan,40,7,8621259.0,0.0,0.0,0.0,0.0,0.0,0.0,2017-12-07,41,2017-11-27
Japan,41,7,9118200.0,0.0,0.0,0.0,0.0,0.0,0.0,2017-12-07,41,2017-12-04
Japan,42,7,9170499.0,0.0,0.0,0.0,0.0,0.0,0.0,2017-12-07,41,2017-12-11
Japan,43,7,9636932.0,0.0,0.0,0.0,0.0,0.0,0.0,2017-12-07,41,2017-12-18
Japan,44,7,9282906.0,0.0,0.0,0.0,0.0,0.0,0.0,2017-12-07,41,2017-12-25
Japan,45,7,8446318.0,0.0,0.0,0.0,0.0,0.0,0.0,2017-12-07,41,2018-01-01
Japan,46,7,9940300.0,0.0,0.0,0.0,0.0,0.0,0.0,2017-12-07,41,2018-01-08
Japan,47,7,10394314.0,0.0,0.0,0.0,0.0,0.0,0.0,2017-12-07,41,2018-01-15
Japan,48,7,10178679.0,0.0,0.0,0.0,0.0,0.0,0.0,2017-12-07,41,2018-01-22
Japan,49,7,10329465.0,0.0,0.0,0.0,0.0,0.0,0.0,2017-12-07,41,2018-01-29
Japan,50,7,10287813.0,0.0,0.0,0.0,0.0,0.0,0.0,2017-12-07,41,2018-02-05
Japan,51,7,10465003.0,0.0,0.0,0.0,0.0,0.0,0.0,2017-12-07,41,2018-02-12
Japan,52,7,10898875.0,0.0,0.0,0.0,0.0,0.0,0.0,2017-12-07,41,2018-02-19
Japan,53,7,11156314.0,0.0,0.0,0.0,0.0,0.0,0.0,2017-12-07,41,2018-02-26
Japan,54,7,10890679.0,0.0,0.0,0.0,0.0,0.0,0.0,2017-12-07,41,2018-03-05
Japan,55,7,11074617.0,0.0,0.0,0.0,0.0,0.0,0.0,2017-12-07,41,2018-03-12
Japan,56,7,11405330.0,0.0,0.0,0.0,0.0,0.0,0.0,2017-12-07,41,2018-03-19
Japan,57,7,12058751.0,0.0,0.0,0.0,0.0,0.0,0.0,2017-12-07,41,2018-03-26
Japan,58,7,12132907.0,0.0,0.0,0.0,0.0,0.0,0.0,2017-12-07,41,2018-04-02
Japan,59,7,12004091.0,0.0,0.0,0.0,0.0,0.0,0.0,2017-12-07,41,2018-04-09
Japan,60,7,13139535.0,0.0,0.0,0.0,0.0,0.0,0.0,2017-12-07,41,2018-04-16
Japan,61,7,12660671.0,0.0,0.0,0.0,0.0,0.0,0.0,2017-12-07,41,2018-04-23
Japan,62,7,12183783.0,0.0,0.0,0.0,0.0,0.0,0.0,2017-12-07,41,2018-04-30
Japan,63,7,11612183.0,0.0,0.0,0.0,0.0,0.0,0.0,2017-12-07,41,2018-05-07
Japan,64,7,12011097.0,0.0,0.0,0.0,0.0,0.0,0.0,2017-12-07,41,2018-05-14
Japan,65,7,11679575.0,0.0,0.0,0.0,0.0,0.0,0.0,2017-12-07,41,2018-05-21
Japan,66,7,11408299.0,0.0,0.0,0.0,0.0,0.0,0.0,2017-12-07,41,2018-05-28
Japan,67,7,11398472.0,0.0,0.0,0.0,0.0,0.0,0.0,2017-12-07,41,2018-06-04
Japan,68,7,11385657.0,0.0,0.0,0.0,0.0,0.0,0.0,2017-12-07,41,2018-06-11
Japan,69,7,11389568.0,0.0,0.0,0.0,0.0,0.0,0.0,2017-12-07,41,2018-06-18
Japan,70,7,11798098.0,0.0,0.0,0.0,0.0,0.0,0.0,2017-12-07,41,2018-06-25
Japan,71,7,11369246.0,0.0,0.0,0.0,0.0,0.0,0.0,2017-12-07,41,2018-07-02
Japan,72,7,11722336.0,0.0,0.0,0.0,0.0,0.0,0.0,2017-12-07,41,2018-07-09
Japan,73,7,11840697.0,0.0,0.0,0.0,0.0,0.0,0.0,2017-12-07,41,2018-07-16
Japan,74,7,11651233.0,0.0,0.0,0.0,0.0,0.0,0.0,2017-12-07,41,2018-07-23
Japan,75,7,11888518.0,0.0,0.0,0.0,0.0,0.0,0.0,2017-12-07,41,2018-07-30
Japan,76,7,11945923.0,0.0,0.0,0.0,0.0,0.0,0.0,2017-12-07,41,2018-08-06
Japan,77,7,12036906.0,0.0,0.0,0.0,0.0,0.0,0.0,2017-12-07,41,2018-08-13
Japan,78,7,12209399.0,0.0,0.0,0.0,0.0,0.0,0.0,2017-12-07,41,2018-08-20
Japan,79,7,12272190.0,0.0,0.0,0.0,0.0,0.0,0.0,2017-12-07,41,2018-08-27
Japan,80,7,11740326.0,0.0,0.0,0.0,0.0,0.0,0.0,2017-12-07,41,2018-09-03
Japan,81,7,12808414.0,0.0,0.0,0.0,0.0,0.0,0.0,2017-12-07,41,2018-09-10
Japan,82,7,13287580.0,0.0,0.0,0.0,0.0,0.0,0.0,2017-12-07,41,2018-09-17
Japan,83,7,13328875.0,0.0,0.0,0.0,0.0,0.0,0.0,2017-12-07,41,2018-09-24
Japan,84,7,12911089.0,0.0,0.0,0.0,0.0,0.0,0.0,2017-12-07,41,2018-10-01
Japan,85,7,13259052.0,0.0,0.0,0.0,0.0,0.0,0.0,2017-12-07,41,2018-10-08
Japan,86,7,13283459.0,0.0,0.0,0.0,0.0,0.0,0.0,2017-12-07,41,2018-10-15
Japan,87,7,13042712.0,0.0,0.0,0.0,0.0,0.0,0.0,2017-12-07,41,2018-10-22
Japan,88,7,13090002.0,0.0,0.0,0.0,0.0,0.0,0.0,2017-12-07,41,2018-10-29
Japan,89,7,14119854.0,0.0,0.0,0.0,0.0,0.0,0.0,2017-12-07,41,2018-11-05
Japan,90,7,14695742.0,0.0,0.0,0.0,0.0,0.0,0.0,2017-12-07,41,2018-11-12
Japan,91,7,14833497.0,0.0,0.0,0.0,0.0,0.0,0.0,2017-12-07,41,2018-11-19
Japan,92,7,15066800.0,0.0,0.0,0.0,0.0,0.0,0.0,2017-12-07,41,2018-11-26
Japan,93,7,15162774.0,0.0,0.0,0.0,0.0,0.0,0.0,2017-12-07,41,2018-12-03
Japan,94,7,15376779.0,0.0,0.0,0.0,0.0,0.0,0.0,2017-12-07,41,2018-12-10
Japan,95,7,16336590.0,0.0,0.0,0.0,0.0,0.0,0.0,2017-12-07,41,2018-12-17
Japan,96,7,17621747.0,0.0,0.0,0.0,0.0,0.0,0.0,2017-12-07,41,2018-12-24
Japan,97,1,2189176.0,0.0,0.0,0.0,0.0,0.0,0.0,2017-12-07,41,2018-12-31
Latvia,1,5,575894.0,0.0,0.0,0.0,0.0,0.0,0.0,,0,2017-02-27
Latvia,2,7,781276.0,0.0,0.0,0.0,0.0,0.0,0.0,,0,2017-03-06
Latvia,3,7,735207.0,0.0,0.0,0.0,0.0,0.0,0.0,,0,2017-03-13
Latvia,4,7,689030.0,0.0,0.0,0.0,0.0,0.0,0.0,,0,2017-03-20
Latvia,5,7,622860.0,0.0,0.0,0.0,0.0,0.0,0.0,,0,2017-03-27
Latvia,6,7,579802.0,5181.0,3.0,5181.0,0.00893580912104477,0.42857142857142855,0.00893580912104477,,0,2017-04-03
Latvia,7,7,605006.0,14383.0,7.0,14383.0,0.02377331795056578,1.0,0.02377331795056578,,0,2017-04-10
Latvia,8,7,686263.0,14587.0,7.0,14587.0,0.021255699345586167,1.0,0.021255699345586167,,0,2017-04-17
Latvia,9,7,626505.0,14106.0,7.0,14106.0,0.02251538295783753,1.0,0.02251538295783753,,0,2017-04-24
Latvia,10,7,575338.0,13274.0,7.0,13274.0,0.0230716552704671,1.0,0.0230716552704671,,0,2017-05-01
Latvia,11,7,624936.0,20311.0,11.0,18873.0,0.032500928095036935,1.5714285714285714,0.030199892468988826,,0,2017-05-08
Latvia,12,7,661579.0,17956.0,8.0,17956.0,0.027141127514627883,1.1428571428571428,0.027141127514627883,,0,2017-05-15
Latvia,13,7,677858.0,18452.0,7.0,18452.0,0.027221040394890966,1.0,0.027221040394890966,,0,2017-05-22
Latvia,14,4,384509.0,9479.0,4.0,9479.0,0.02465221880372111,1.0,0.02465221880372111,,0,2017-05-29
Latvia,15,7,651909.0,15162.0,7.0,15162.0,0.023257847337588528,1.0,0.023257847337588528,,0,2017-06-05
Latvia,16,7,683089.0,13420.0,7.0,13420.0,0.019646049050709352,1.0,0.019646049050709352,,0,2017-06-12
Latvia,17,7,615081.0,7080.0,5.0,7080.0,0.011510679081291733,0.7142857142857143,0.011510679081291733,,0,2017-06-19
Latvia,18,7,662778.0,7407.0,6.0,7407.0,0.011175687786860759,0.8571428571428571,0.011175687786860759,,0,2017-06-26
Latvia,19,7,649371.0,5499.0,5.0,5499.0,0.008468194606781023,0.7142857142857143,0.008468194606781023,,0,2017-07-03
Latvia,20,7,644892.0,1014.0,1.0,1014.0,0.0015723563015202545,0.14285714285714285,0.0015723563015202545,,0,2017-07-10
Latvia,21,7,660997.0,0.0,0.0,0.0,0.0,0.0,0.0,,0,2017-07-17
Latvia,22,7,660240.0,0.0,0.0,0.0,0.0,0.0,0.0,,0,2017-07-24
Latvia,23,7,596815.0,0.0,0.0,0.0,0.0,0.0,0.0,,0,2017-07-31
Latvia,24,5,485016.0,0.0,0.0,0.0,0.0,0.0,0.0,,0,2017-08-07
Latvia,25,5,486204.0,0.0,0.0,0.0,0.0,0.0,0.0,,0,2017-08-14
Latvia,26,6,607843.0,0.0,0.0,0.0,0.0,0.0,0.0,,0,2017-08-21
Latvia,27,5,510731.0,0.0,0.0,0.0,0.0,0.0,0.0,,0,2017-08-28
Latvia,28,4,381614.0,0.0,0.0,0.0,0.0,0.0,0.0,,0,2017-09-04
Latvia,29,6,599637.0,0.0,0.0,0.0,0.0,0.0,0.0,,0,2017-09-11
Latvia,30,4,410297.0,0.0,0.0,0.0,0.0,0.0,0.0,,0,2017-09-18
Latvia,31,6,569158.0,0.0,0.0,0.0,0.0,0.0,0.0,,0,2017-09-25
Latvia,32,6,587986.0,0.0,0.0,0.0,0.0,0.0,0.0,,0,2017-10-02
Latvia,33,6,580387.0,0.0,0.0,0.0,0.0,0.0,0.0,,0,2017-10-09
Latvia,34,7,718486.0,0.0,0.0,0.0,0.0,0.0,0.0,,0,2017-10-16
Latvia,35,5,533153.0,0.0,0.0,0.0,0.0,0.0,0.0,,0,2017-10-23
Latvia,36,7,708920.0,0.0,0.0,0.0,0.0,0.0,0.0,,0,2017-10-30
Latvia,37,7,720402.0,0.0,0.0,0.0,0.0,0.0,0.0,,0,2017-11-06
Latvia,38,6,642793.0,0.0,0.0,0.0,0.0,0.0,0.0,,0,2017-11-13
Latvia,39,5,505938.0,0.0,0.0,0.0,0.0,0.0,0.0,,0,2017-11-20
Latvia,40,7,723559.0,0.0,0.0,0.0,0.0,0.0,0.0,,0,2017-11-27
Latvia,41,7,778420.0,0.0,0.0,0.0,0.0,0.0,0.0,,0,2017-12-04
Latvia,42,7,885328.0,0.0,0.0,0.0,0.0,0.0,0.0,,0,2017-12-11
Latvia,43,7,1290506.0,0.0,0.0,0.0,0.0,0.0,0.0,,0,2017-12-18
Latvia,44,7,666866.0,0.0,0.0,0.0,0.0,0.0,0.0,,0,2017-12-25
Latvia,45,6,583000.0,0.0,0.0,0.0,0.0,0.0,0.0,,0,2018-01-01
Latvia,46,7,739846.0,0.0,0.0,0.0,0.0,0.0,0.0,,0,2018-01-08
Latvia,47,7,763710.0,0.0,0.0,0.0,0.0,0.0,0.0,,0,2018-01-15
Latvia,48,7,713532.0,0.0,0.0,0.0,0.0,0.0,0.0,,0,2018-01-22
Latvia,49,7,710723.0,0.0,0.0,0.0,0.0,0.0,0.0,,0,2018-01-29
Latvia,50,7,724644.0,0.0,0.0,0.0,0.0,0.0,0.0,,0,2018-02-05
Latvia,51,7,738983.0,0.0,0.0,0.0,0.0,0.0,0.0,,0,2018-02-12
Latvia,52,7,716648.0,0.0,0.0,0.0,0.0,0.0,0.0,,0,2018-02-19
Latvia,53,7,710270.0,0.0,0.0,0.0,0.0,0.0,0.0,,0,2018-02-26
Latvia,54,7,713269.0,0.0,0.0,0.0,0.0,0.0,0.0,,0,2018-03-05
Latvia,55,6,638088.0,0.0,0.0,0.0,0.0,0.0,0.0,,0,2018-03-12
Latvia,56,7,707252.0,0.0,0.0,0.0,0.0,0.0,0.0,,0,2018-03-19
Latvia,57,6,592482.0,0.0,0.0,0.0,0.0,0.0,0.0,,0,2018-03-26
Latvia,58,7,653662.0,0.0,0.0,0.0,0.0,0.0,0.0,,0,2018-04-02
Latvia,59,6,572664.0,0.0,0.0,0.0,0.0,0.0,0.0,,0,2018-04-09
Latvia,60,7,798725.0,0.0,0.0,0.0,0.0,0.0,0.0,,0,2018-04-16
Latvia,61,7,1004048.0,0.0,0.0,0.0,0.0,0.0,0.0,,0,2018-04-23
Latvia,62,7,785070.0,0.0,0.0,0.0,0.0,0.0,0.0,,0,2018-04-30
Latvia,63,7,716170.0,0.0,0.0,0.0,0.0,0.0,0.0,,0,2018-05-07
Latvia,64,4,372261.0,0.0,0.0,0.0,0.0,0.0,0.0,,0,2018-05-14
Latvia,65,7,710970.0,0.0,0.0,0.0,0.0,0.0,0.0,,0,2018-05-21
Latvia,66,7,723229.0,0.0,0.0,0.0,0.0,0.0,0.0,,0,2018-05-28
Latvia,67,7,752267.0,0.0,0.0,0.0,0.0,0.0,0.0,,0,2018-06-04
Latvia,68,6,650852.0,0.0,0.0,0.0,0.0,0.0,0.0,,0,2018-06-11
Latvia,69,6,935474.0,0.0,0.0,0.0,0.0,0.0,0.0,,0,2018-06-18
Latvia,70,7,891014.0,0.0,0.0,0.0,0.0,0.0,0.0,,0,2018-06-25
Latvia,71,7,828641.0,0.0,0.0,0.0,0.0,0.0,0.0,,0,2018-07-02
Latvia,72,7,871881.0,0.0,0.0,0.0,0.0,0.0,0.0,,0,2018-07-09
Latvia,73,7,934187.0,0.0,0.0,0.0,0.0,0.0,0.0,,0,2018-07-16
Latvia,74,7,920142.0,0.0,0.0,0.0,0.0,0.0,0.0,,0,2018-07-23
Latvia,75,7,952041.0,0.0,0.0,0.0,0.0,0.0,0.0,,0,2018-07-30
Latvia,76,7,910850.0,0.0,0.0,0.0,0.0,0.0,0.0,,0,2018-08-06
Latvia,77,7,981283.0,0.0,0.0,0.0,0.0,0.0,0.0,,0,2018-08-13
Latvia,78,7,893904.0,0.0,0.0,0.0,0.0,0.0,0.0,,0,2018-08-20
Latvia,79,7,952897.0,0.0,0.0,0.0,0.0,0.0,0.0,,0,2018-08-27
Latvia,80,7,989064.0,0.0,0.0,0.0,0.0,0.0,0.0,,0,2018-09-03
Latvia,81,7,935883.0,0.0,0.0,0.0,0.0,0.0,0.0,,0,2018-09-10
Latvia,82,7,936653.0,0.0,0.0,0.0,0.0,0.0,0.0,,0,2018-09-17
Latvia,83,7,861757.0,0.0,0.0,0.0,0.0,0.0,0.0,,0,2018-09-24
Latvia,84,7,902985.0,0.0,0.0,0.0,0.0,0.0,0.0,,0,2018-10-01
Latvia,85,7,847994.0,0.0,0.0,0.0,0.0,0.0,0.0,,0,2018-10-08
Latvia,86,7,815217.0,0.0,0.0,0.0,0.0,0.0,0.0,,0,2018-10-15
Latvia,87,7,774364.0,0.0,0.0,0.0,0.0,0.0,0.0,,0,2018-10-22
Latvia,88,7,740610.0,0.0,0.0,0.0,0.0,0.0,0.0,,0,2018-10-29
Latvia,89,7,858678.0,0.0,0.0,0.0,0.0,0.0,0.0,,0,2018-11-05
Latvia,90,7,816097.0,0.0,0.0,0.0,0.0,0.0,0.0,,0,2018-11-12
Latvia,91,7,714585.0,0.0,0.0,0.0,0.0,0.0,0.0,,0,2018-11-19
Latvia,92,7,863098.0,0.0,0.0,0.0,0.0,0.0,0.0,,0,2018-11-26
Latvia,93,7,982954.0,0.0,0.0,0.0,0.0,0.0,0.0,,0,2018-12-03
Latvia,94,7,1000042.0,0.0,0.0,0.0,0.0,0.0,0.0,,0,2018-12-10
Latvia,95,7,1432739.0,0.0,0.0,0.0,0.0,0.0,0.0,,0,2018-12-17
Latvia,96,7,1225407.0,0.0,0.0,0.0,0.0,0.0,0.0,,0,2018-12-24
Latvia,97,1,151390.0,0.0,0.0,0.0,0.0,0.0,0.0,,0,2018-12-31
Lithuania,1,5,602917.0,0.0,0.0,0.0,0.0,0.0,0.0,,0,2017-02-27
Lithuania,2,7,775052.0,0.0,0.0,0.0,0.0,0.0,0.0,,0,2017-03-06
Lithuania,3,7,724508.0,0.0,0.0,0.0,0.0,0.0,0.0,,0,2017-03-13
Lithuania,4,7,738595.0,0.0,0.0,0.0,0.0,0.0,0.0,,0,2017-03-20
Lithuania,5,7,686564.0,0.0,0.0,0.0,0.0,0.0,0.0,,0,2017-03-27
Lithuania,6,7,646338.0,5673.0,3.0,5673.0,0.00877714137185188,0.42857142857142855,0.00877714137185188,,0,2017-04-03
Lithuania,7,7,709278.0,15522.0,7.0,15522.0,0.021884225931158165,1.0,0.021884225931158165,,0,2017-04-10
Lithuania,8,7,715213.0,14656.0,7.0,14656.0,0.020491797548422636,1.0,0.020491797548422636,,0,2017-04-17
Lithuania,9,7,649095.0,13404.0,7.0,13404.0,0.02065029001918055,1.0,0.02065029001918055,,0,2017-04-24
Lithuania,10,7,642756.0,13750.0,8.0,13750.0,0.02139225460361319,1.1428571428571428,0.02139225460361319,,0,2017-05-01
Lithuania,11,7,718490.0,16912.0,9.0,15382.0,0.023538253837910063,1.2857142857142858,0.02140878787457028,,0,2017-05-08
Lithuania,12,7,796282.0,15793.0,7.0,15793.0,0.019833425846622177,1.0,0.019833425846622177,,0,2017-05-15
Lithuania,13,7,775197.0,15582.0,7.0,15582.0,0.020100696984121456,1.0,0.020100696984121456,,0,2017-05-22
Lithuania,14,4,419876.0,7635.0,4.0,7635.0,0.018183940020386972,1.0,0.018183940020386972,,0,2017-05-29
Lithuania,15,7,778302.0,13588.0,7.0,13588.0,0.017458518672700315,1.0,0.017458518672700315,,0,2017-06-05
Lithuania,16,7,772767.0,11887.0,7.0,11887.0,0.015382385634997353,1.0,0.015382385634997353,,0,2017-06-12
Lithuania,17,7,774879.0,7812.0,6.0,7812.0,0.01008157402639638,0.8571428571428571,0.01008157402639638,,0,2017-06-19
Lithuania,18,7,767733.0,6137.0,5.0,6137.0,0.007993664464078006,0.7142857142857143,0.007993664464078006,,0,2017-06-26
Lithuania,19,7,715922.0,0.0,0.0,0.0,0.0,0.0,0.0,,0,2017-07-03
Lithuania,20,7,777598.0,0.0,0.0,0.0,0.0,0.0,0.0,,0,2017-07-10
Lithuania,21,7,765096.0,0.0,0.0,0.0,0.0,0.0,0.0,,0,2017-07-17
Lithuania,22,7,717685.0,0.0,0.0,0.0,0.0,0.0,0.0,,0,2017-07-24
Lithuania,23,7,665946.0,0.0,0.0,0.0,0.0,0.0,0.0,,0,2017-07-31
Lithuania,24,6,612171.0,0.0,0.0,0.0,0.0,0.0,0.0,,0,2017-08-07
Lithuania,25,4,406090.0,0.0,0.0,0.0,0.0,0.0,0.0,,0,2017-08-14
Lithuania,26,5,524992.0,0.0,0.0,0.0,0.0,0.0,0.0,,0,2017-08-21
Lithuania,27,5,525542.0,0.0,0.0,0.0,0.0,0.0,0.0,,0,2017-08-28
Lithuania,28,4,380799.0,0.0,0.0,0.0,0.0,0.0,0.0,,0,2017-09-04
Lithuania,29,3,301472.0,0.0,0.0,0.0,0.0,0.0,0.0,,0,2017-09-11
Lithuania,30,5,499547.0,0.0,0.0,0.0,0.0,0.0,0.0,,0,2017-09-18
Lithuania,31,3,288022.0,0.0,0.0,0.0,0.0,0.0,0.0,,0,2017-09-25
Lithuania,32,6,580094.0,0.0,0.0,0.0,0.0,0.0,0.0,,0,2017-10-02
Lithuania,33,6,546917.0,0.0,0.0,0.0,0.0,0.0,0.0,,0,2017-10-09
Lithuania,34,5,461176.0,0.0,0.0,0.0,0.0,0.0,0.0,,0,2017-10-16
Lithuania,35,2,187406.0,0.0,0.0,0.0,0.0,0.0,0.0,,0,2017-10-23
Lithuania,36,4,403953.0,0.0,0.0,0.0,0.0,0.0,0.0,,0,2017-10-30
Lithuania,37,1,88424.0,0.0,0.0,0.0,0.0,0.0,0.0,,0,2017-11-06
Lithuania,38,1,88072.0,0.0,0.0,0.0,0.0,0.0,0.0,,0,2017-11-13
Lithuania,40,2,196186.0,0.0,0.0,0.0,0.0,0.0,0.0,,0,2017-11-27
Lithuania,41,6,569561.0,0.0,0.0,0.0,0.0,0.0,0.0,,0,2017-12-04
Lithuania,42,6,604802.0,0.0,0.0,0.0,0.0,0.0,0.0,,0,2017-12-11
Lithuania,43,6,848613.0,0.0,0.0,0.0,0.0,0.0,0.0,,0,2017-12-18
Lithuania,44,2,246896.0,0.0,0.0,0.0,0.0,0.0,0.0,,0,2017-12-25
Lithuania,45,3,259592.0,0.0,0.0,0.0,0.0,0.0,0.0,,0,2018-01-01
Lithuania,46,5,440098.0,0.0,0.0,0.0,0.0,0.0,0.0,,0,2018-01-08
Lithuania,47,5,442769.0,0.0,0.0,0.0,0.0,0.0,0.0,,0,2018-01-15
Lithuania,48,1,86516.0,0.0,0.0,0.0,0.0,0.0,0.0,,0,2018-01-22
Lithuania,49,2,184384.0,0.0,0.0,0.0,0.0,0.0,0.0,,0,2018-01-29
Lithuania,50,2,190227.0,0.0,0.0,0.0,0.0,0.0,0.0,,0,2018-02-05
Lithuania,52,1,98070.0,0.0,0.0,0.0,0.0,0.0,0.0,,0,2018-02-19
Lithuania,53,1,88336.0,0.0,0.0,0.0,0.0,0.0,0.0,,0,2018-02-26
Lithuania,55,4,347834.0,0.0,0.0,0.0,0.0,0.0,0.0,,0,2018-03-12
Lithuania,56,1,87205.0,0.0,0.0,0.0,0.0,0.0,0.0,,0,2018-03-19
Lithuania,57,1,98329.0,0.0,0.0,0.0,0.0,0.0,0.0,,0,2018-03-26
Lithuania,58,3,285893.0,0.0,0.0,0.0,0.0,0.0,0.0,,0,2018-04-02
Lithuania,59,1,95837.0,0.0,0.0,0.0,0.0,0.0,0.0,,0,2018-04-09
Lithuania,60,3,334385.0,0.0,0.0,0.0,0.0,0.0,0.0,,0,2018-04-16
Lithuania,61,7,680817.0,0.0,0.0,0.0,0.0,0.0,0.0,,0,2018-04-23
Lithuania,62,5,482638.0,0.0,0.0,0.0,0.0,0.0,0.0,,0,2018-04-30
Lithuania,63,6,699559.0,0.0,0.0,0.0,0.0,0.0,0.0,,0,2018-05-07
Lithuania,64,7,773507.0,0.0,0.0,0.0,0.0,0.0,0.0,,0,2018-05-14
Lithuania,65,5,527816.0,0.0,0.0,0.0,0.0,0.0,0.0,,0,2018-05-21
Lithuania,66,6,599121.0,0.0,0.0,0.0,0.0,0.0,0.0,,0,2018-05-28
Lithuania,67,6,673616.0,0.0,0.0,0.0,0.0,0.0,0.0,,0,2018-06-04
Lithuania,68,5,584849.0,0.0,0.0,0.0,0.0,0.0,0.0,,0,2018-06-11
Lithuania,69,6,825164.0,0.0,0.0,0.0,0.0,0.0,0.0,,0,2018-06-18
Lithuania,70,7,909394.0,0.0,0.0,0.0,0.0,0.0,0.0,,0,2018-06-25
Lithuania,71,7,802835.0,0.0,0.0,0.0,0.0,0.0,0.0,,0,2018-07-02
Lithuania,72,6,734717.0,0.0,0.0,0.0,0.0,0.0,0.0,,0,2018-07-09
Lithuania,73,5,632127.0,0.0,0.0,0.0,0.0,0.0,0.0,,0,2018-07-16
Lithuania,74,6,692201.0,0.0,0.0,0.0,0.0,0.0,0.0,,0,2018-07-23
Lithuania,75,6,724354.0,0.0,0.0,0.0,0.0,0.0,0.0,,0,2018-07-30
Lithuania,76,5,596860.0,0.0,0.0,0.0,0.0,0.0,0.0,,0,2018-08-06
Lithuania,77,6,687665.0,0.0,0.0,0.0,0.0,0.0,0.0,,0,2018-08-13
Lithuania,78,7,834240.0,0.0,0.0,0.0,0.0,0.0,0.0,,0,2018-08-20
Lithuania,79,7,866246.0,0.0,0.0,0.0,0.0,0.0,0.0,,0,2018-08-27
Lithuania,80,7,874208.0,0.0,0.0,0.0,0.0,0.0,0.0,,0,2018-09-03
Lithuania,81,7,847389.0,0.0,0.0,0.0,0.0,0.0,0.0,,0,2018-09-10
Lithuania,82,7,824228.0,0.0,0.0,0.0,0.0,0.0,0.0,,0,2018-09-17
Lithuania,83,7,762151.0,0.0,0.0,0.0,0.0,0.0,0.0,,0,2018-09-24
Lithuania,84,7,786086.0,0.0,0.0,0.0,0.0,0.0,0.0,,0,2018-10-01
Lithuania,85,6,640665.0,0.0,0.0,0.0,0.0,0.0,0.0,,0,2018-10-08
Lithuania,86,7,750523.0,0.0,0.0,0.0,0.0,0.0,0.0,,0,2018-10-15
Lithuania,87,6,641151.0,0.0,0.0,0.0,0.0,0.0,0.0,,0,2018-10-22
Lithuania,88,5,556783.0,0.0,0.0,0.0,0.0,0.0,0.0,,0,2018-10-29
Lithuania,89,7,817596.0,0.0,0.0,0.0,0.0,0.0,0.0,,0,2018-11-05
Lithuania,90,7,785010.0,0.0,0.0,0.0,0.0,0.0,0.0,,0,2018-11-12
Lithuania,91,7,790390.0,0.0,0.0,0.0,0.0,0.0,0.0,,0,2018-11-19
Lithuania,92,7,878079.0,0.0,0.0,0.0,0.0,0.0,0.0,,0,2018-11-26
Lithuania,93,7,1011531.0,0.0,0.0,0.0,0.0,0.0,0.0,,0,2018-12-03
Lithuania,94,7,967118.0,0.0,0.0,0.0,0.0,0.0,0.0,,0,2018-12-10
Lithuania,95,7,1298574.0,0.0,0.0,0.0,0.0,0.0,0.0,,0,2018-12-17
Lithuania,96,5,847274.0,0.0,0.0,0.0,0.0,0.0,0.0,,0,2018-12-24
Lithuania,97,1,183600.0,0.0,0.0,0.0,0.0,0.0,0.0,,0,2018-12-31
Luxembourg,1,5,168453.0,0.0,0.0,0.0,0.0,0.0,0.0,,0,2017-02-27
Luxembourg,2,7,235685.0,0.0,0.0,0.0,0.0,0.0,0.0,,0,2017-03-06
Luxembourg,3,7,219933.0,0.0,0.0,0.0,0.0,0.0,0.0,,0,2017-03-13
Luxembourg,4,7,226521.0,0.0,0.0,0.0,0.0,0.0,0.0,,0,2017-03-20
Luxembourg,5,7,240205.0,0.0,0.0,0.0,0.0,0.0,0.0,,0,2017-03-27
Luxembourg,6,7,241174.0,0.0,0.0,0.0,0.0,0.0,0.0,,0,2017-04-03
Luxembourg,7,7,192938.0,0.0,0.0,0.0,0.0,0.0,0.0,,0,2017-04-10
Luxembourg,8,7,190967.0,0.0,0.0,0.0,0.0,0.0,0.0,,0,2017-04-17
Luxembourg,9,7,213893.0,0.0,0.0,0.0,0.0,0.0,0.0,,0,2017-04-24
Luxembourg,10,7,189295.0,0.0,0.0,0.0,0.0,0.0,0.0,,0,2017-05-01
Luxembourg,11,7,208247.0,0.0,0.0,0.0,0.0,0.0,0.0,,0,2017-05-08
Luxembourg,12,7,225497.0,3190.0,3.0,3190.0,0.014146529665583133,0.42857142857142855,0.014146529665583133,,0,2017-05-15
Luxembourg,13,7,229207.0,3047.0,3.0,3047.0,0.013293660315784422,0.42857142857142855,0.013293660315784422,,0,2017-05-22
Luxembourg,14,4,117616.0,0.0,0.0,0.0,0.0,0.0,0.0,,0,2017-05-29
Luxembourg,15,7,209411.0,0.0,0.0,0.0,0.0,0.0,0.0,,0,2017-06-05
Luxembourg,16,7,232991.0,0.0,0.0,0.0,0.0,0.0,0.0,,0,2017-06-12
Luxembourg,17,7,244778.0,0.0,0.0,0.0,0.0,0.0,0.0,,0,2017-06-19
Luxembourg,18,7,226775.0,0.0,0.0,0.0,0.0,0.0,0.0,,0,2017-06-26
Luxembourg,19,7,258859.0,0.0,0.0,0.0,0.0,0.0,0.0,,0,2017-07-03
Luxembourg,20,7,237701.0,0.0,0.0,0.0,0.0,0.0,0.0,,0,2017-07-10
Luxembourg,21,7,230304.0,0.0,0.0,0.0,0.0,0.0,0.0,,0,2017-07-17
Luxembourg,22,7,192795.0,0.0,0.0,0.0,0.0,0.0,0.0,,0,2017-07-24
Luxembourg,23,7,187900.0,0.0,0.0,0.0,0.0,0.0,0.0,,0,2017-07-31
Luxembourg,26,1,32698.0,0.0,0.0,0.0,0.0,0.0,0.0,,0,2017-08-21
Luxembourg,43,1,155686.0,0.0,0.0,0.0,0.0,0.0,0.0,,0,2017-12-18
Luxembourg,70,1,84247.0,0.0,0.0,0.0,0.0,0.0,0.0,,0,2018-06-25
Luxembourg,96,2,383257.0,0.0,0.0,0.0,0.0,0.0,0.0,,0,2018-12-24
Malaysia,1,5,9212188.0,0.0,0.0,0.0,0.0,0.0,0.0,,0,2017-02-27
Malaysia,2,7,13069838.0,0.0,0.0,0.0,0.0,0.0,0.0,,0,2017-03-06
Malaysia,3,7,12579397.0,0.0,0.0,0.0,0.0,0.0,0.0,,0,2017-03-13
Malaysia,4,7,12556277.0,0.0,0.0,0.0,0.0,0.0,0.0,,0,2017-03-20
Malaysia,5,7,11825273.0,0.0,0.0,0.0,0.0,0.0,0.0,,0,2017-03-27
Malaysia,6,7,11714549.0,36382.0,3.0,36382.0,0.0031057106850635053,0.42857142857142855,0.0031057106850635053,,0,2017-04-03
Malaysia,7,7,11614973.0,149721.0,7.0,149721.0,0.0128903442134562,1.0,0.0128903442134562,,0,2017-04-10
Malaysia,8,7,11650683.0,150302.0,7.0,150302.0,0.01290070290299719,1.0,0.01290070290299719,,0,2017-04-17
Malaysia,9,7,11771777.0,134811.0,7.0,134811.0,0.011452051801524952,1.0,0.011452051801524952,,0,2017-04-24
Malaysia,10,7,12005033.0,146957.0,12.0,146957.0,0.012241282468777887,1.7142857142857142,0.012241282468777887,,0,2017-05-01
Malaysia,11,7,12126122.0,225684.0,30.0,157569.0,0.018611391176832956,4.285714285714286,0.012994179012878148,,0,2017-05-08
Malaysia,12,7,12224496.0,173847.0,14.0,173847.0,0.014221199794249186,2.0,0.014221199794249186,,0,2017-05-15
Malaysia,13,7,12288304.0,145339.0,14.0,145339.0,0.011827425493379722,2.0,0.011827425493379722,,0,2017-05-22
Malaysia,14,4,6976892.0,57109.0,4.0,57109.0,0.008185449910934554,1.0,0.008185449910934554,,0,2017-05-29
Malaysia,15,7,12685221.0,97553.0,7.0,97553.0,0.007690287776618161,1.0,0.007690287776618161,,0,2017-06-05
Malaysia,16,7,12229618.0,83632.0,7.0,83632.0,0.006838480155308203,1.0,0.006838480155308203,,0,2017-06-12
Malaysia,17,7,12316762.0,67550.0,7.0,67550.0,0.005484395980047354,1.0,0.005484395980047354,,0,2017-06-19
Malaysia,18,7,10173090.0,58146.0,7.0,58146.0,0.005715667511051214,1.0,0.005715667511051214,,0,2017-06-26
Malaysia,19,7,11864956.0,51273.0,7.0,51273.0,0.004321381385653684,1.0,0.004321381385653684,,0,2017-07-03
Malaysia,20,7,12272001.0,53928.0,7.0,53928.0,0.004394393383768466,1.0,0.004394393383768466,,0,2017-07-10
Malaysia,21,7,12899438.0,50691.0,7.0,50691.0,0.003929706084869744,1.0,0.003929706084869744,,0,2017-07-17
Malaysia,22,7,12843301.0,47749.0,7.0,47749.0,0.003717813667997036,1.0,0.003717813667997036,,0,2017-07-24
Malaysia,23,7,12360009.0,42680.0,7.0,42680.0,0.003453071919284201,1.0,0.003453071919284201,,0,2017-07-31
Malaysia,24,7,12211303.0,38965.0,7.0,38965.0,0.003190896172177531,1.0,0.003190896172177531,,0,2017-08-07
Malaysia,25,7,12141314.0,35745.0,7.0,35745.0,0.0029440800229695073,1.0,0.0029440800229695073,,0,2017-08-14
Malaysia,26,7,12190833.0,33275.0,7.0,33275.0,0.0027295099522731546,1.0,0.0027295099522731546,,0,2017-08-21
Malaysia,27,7,11761750.0,32501.0,7.0,32501.0,0.0027632792739175718,1.0,0.0027632792739175718,,0,2017-08-28
Malaysia,28,7,12475668.0,30316.0,7.0,30316.0,0.002430010160578175,1.0,0.002430010160578175,,0,2017-09-04
Malaysia,29,7,13143142.0,31663.0,7.0,31663.0,0.0024090890899603765,1.0,0.0024090890899603765,,0,2017-09-11
Malaysia,30,7,14006224.0,31326.0,7.0,31326.0,0.0022365771102903966,1.0,0.0022365771102903966,,0,2017-09-18
Malaysia,31,7,13630063.0,32678.0,7.0,32678.0,0.002397494420972229,1.0,0.002397494420972229,,0,2017-09-25
Malaysia,32,7,13381122.0,32039.0,7.0,32039.0,0.0023943433144096586,1.0,0.0023943433144096586,,0,2017-10-02
Malaysia,33,7,13387990.0,31460.0,7.0,31460.0,0.002349867306444059,1.0,0.002349867306444059,,0,2017-10-09
Malaysia,34,7,13399568.0,30371.0,7.0,30371.0,0.0022665656086823097,1.0,0.0022665656086823097,,0,2017-10-16
Malaysia,35,7,13373377.0,25459.0,6.0,25459.0,0.0019037076424301806,0.8571428571428571,0.0019037076424301806,,0,2017-10-23
Malaysia,36,7,13570645.0,8396.0,2.0,8396.0,0.000618688352690679,0.2857142857142857,0.000618688352690679,,0,2017-10-30
Malaysia,37,7,13583076.0,16538.0,4.0,16538.0,0.0012175445385124843,0.5714285714285714,0.0012175445385124843,,0,2017-11-06
Malaysia,38,7,13470678.0,13230.0,3.0,13230.0,0.0009821331932958386,0.42857142857142855,0.0009821331932958386,,0,2017-11-13
Malaysia,39,7,13540528.0,16420.0,4.0,16420.0,0.001212655813717161,0.5714285714285714,0.001212655813717161,,0,2017-11-20
Malaysia,40,7,13221722.0,3845.0,1.0,3845.0,0.0002908093212064208,0.14285714285714285,0.0002908093212064208,,0,2017-11-27
Malaysia,41,7,13490940.0,8908.0,2.0,8908.0,0.0006602949831516559,0.2857142857142857,0.0006602949831516559,,0,2017-12-04
Malaysia,42,7,13264713.0,0.0,0.0,0.0,0.0,0.0,0.0,,0,2017-12-11
Malaysia,43,7,12992028.0,0.0,0.0,0.0,0.0,0.0,0.0,,0,2017-12-18
Malaysia,44,7,12610230.0,0.0,0.0,0.0,0.0,0.0,0.0,,0,2017-12-25
Malaysia,45,7,13149661.0,0.0,0.0,0.0,0.0,0.0,0.0,,0,2018-01-01
Malaysia,46,7,13857058.0,0.0,0.0,0.0,0.0,0.0,0.0,,0,2018-01-08
Malaysia,47,7,13560155.0,0.0,0.0,0.0,0.0,0.0,0.0,,0,2018-01-15
Malaysia,48,7,12922753.0,0.0,0.0,0.0,0.0,0.0,0.0,,0,2018-01-22
Malaysia,49,7,12312850.0,0.0,0.0,0.0,0.0,0.0,0.0,,0,2018-01-29
Malaysia,50,7,12482508.0,0.0,0.0,0.0,0.0,0.0,0.0,,0,2018-02-05
Malaysia,51,7,12029193.0,0.0,0.0,0.0,0.0,0.0,0.0,,0,2018-02-12
Malaysia,52,7,12715630.0,4983.0,1.0,4983.0,0.00039187991471912914,0.14285714285714285,0.00039187991471912914,,0,2018-02-19
Malaysia,53,7,13095441.0,0.0,0.0,0.0,0.0,0.0,0.0,,0,2018-02-26
Malaysia,54,7,12400921.0,0.0,0.0,0.0,0.0,0.0,0.0,,0,2018-03-05
Malaysia,55,7,12278454.0,0.0,0.0,0.0,0.0,0.0,0.0,,0,2018-03-12
Malaysia,56,7,12772815.0,0.0,0.0,0.0,0.0,0.0,0.0,,0,2018-03-19
Malaysia,57,7,12663762.0,0.0,0.0,0.0,0.0,0.0,0.0,,0,2018-03-26
Malaysia,58,7,12805129.0,0.0,0.0,0.0,0.0,0.0,0.0,,0,2018-04-02
Malaysia,59,7,12592995.0,0.0,0.0,0.0,0.0,0.0,0.0,,0,2018-04-09
Malaysia,60,7,13112536.0,0.0,0.0,0.0,0.0,0.0,0.0,,0,2018-04-16
Malaysia,61,7,12809353.0,0.0,0.0,0.0,0.0,0.0,0.0,,0,2018-04-23
Malaysia,62,7,12363091.0,0.0,0.0,0.0,0.0,0.0,0.0,,0,2018-04-30
Malaysia,63,7,11454352.0,0.0,0.0,0.0,0.0,0.0,0.0,,0,2018-05-07
Malaysia,64,7,12511745.0,0.0,0.0,0.0,0.0,0.0,0.0,,0,2018-05-14
Malaysia,65,7,13075484.0,0.0,0.0,0.0,0.0,0.0,0.0,,0,2018-05-21
Malaysia,66,7,13017111.0,0.0,0.0,0.0,0.0,0.0,0.0,,0,2018-05-28
Malaysia,67,7,13992344.0,0.0,0.0,0.0,0.0,0.0,0.0,,0,2018-06-04
Malaysia,68,7,12978744.0,0.0,0.0,0.0,0.0,0.0,0.0,,0,2018-06-11
Malaysia,69,7,13134900.0,0.0,0.0,0.0,0.0,0.0,0.0,,0,2018-06-18
Malaysia,70,7,13305173.0,0.0,0.0,0.0,0.0,0.0,0.0,,0,2018-06-25
Malaysia,71,7,13148062.0,0.0,0.0,0.0,0.0,0.0,0.0,,0,2018-07-02
Malaysia,72,7,13418393.0,0.0,0.0,0.0,0.0,0.0,0.0,,0,2018-07-09
Malaysia,73,7,13792607.0,0.0,0.0,0.0,0.0,0.0,0.0,,0,2018-07-16
Malaysia,74,7,13420967.0,0.0,0.0,0.0,0.0,0.0,0.0,,0,2018-07-23
Malaysia,75,7,13411454.0,0.0,0.0,0.0,0.0,0.0,0.0,,0,2018-07-30
Malaysia,76,7,13234973.0,0.0,0.0,0.0,0.0,0.0,0.0,,0,2018-08-06
Malaysia,77,7,13371892.0,0.0,0.0,0.0,0.0,0.0,0.0,,0,2018-08-13
Malaysia,78,7,13411601.0,0.0,0.0,0.0,0.0,0.0,0.0,,0,2018-08-20
Malaysia,79,7,13159262.0,0.0,0.0,0.0,0.0,0.0,0.0,,0,2018-08-27
Malaysia,80,7,13326336.0,0.0,0.0,0.0,0.0,0.0,0.0,,0,2018-09-03
Malaysia,81,7,12643844.0,0.0,0.0,0.0,0.0,0.0,0.0,,0,2018-09-10
Malaysia,82,7,12870113.0,0.0,0.0,0.0,0.0,0.0,0.0,,0,2018-09-17
Malaysia,83,7,13189757.0,0.0,0.0,0.0,0.0,0.0,0.0,,0,2018-09-24
Malaysia,84,7,13207403.0,0.0,0.0,0.0,0.0,0.0,0.0,,0,2018-10-01
Malaysia,85,7,13182491.0,0.0,0.0,0.0,0.0,0.0,0.0,,0,2018-10-08
Malaysia,86,7,13651665.0,0.0,0.0,0.0,0.0,0.0,0.0,,0,2018-10-15
Malaysia,87,7,14157865.0,0.0,0.0,0.0,0.0,0.0,0.0,,0,2018-10-22
Malaysia,88,7,13789650.0,0.0,0.0,0.0,0.0,0.0,0.0,,0,2018-10-29
Malaysia,89,7,14030691.0,0.0,0.0,0.0,0.0,0.0,0.0,,0,2018-11-05
Malaysia,90,7,14581718.0,0.0,0.0,0.0,0.0,0.0,0.0,,0,2018-11-12
Malaysia,91,7,14261592.0,0.0,0.0,0.0,0.0,0.0,0.0,,0,2018-11-19
Malaysia,92,7,14287272.0,0.0,0.0,0.0,0.0,0.0,0.0,,0,2018-11-26
Malaysia,93,7,14151137.0,0.0,0.0,0.0,0.0,0.0,0.0,,0,2018-12-03
Malaysia,94,7,13832740.0,0.0,0.0,0.0,0.0,0.0,0.0,,0,2018-12-10
Malaysia,95,7,14014907.0,0.0,0.0,0.0,0.0,0.0,0.0,,0,2018-12-17
Malaysia,96,7,13782567.0,0.0,0.0,0.0,0.0,0.0,0.0,,0,2018-12-24
Malaysia,97,1,1998059.0,0.0,0.0,0.0,0.0,0.0,0.0,,0,2018-12-31
Mexico,1,5,86907947.0,0.0,0.0,0.0,0.0,0.0,0.0,2018-06-01,66,2017-02-27
Mexico,2,7,119425759.0,0.0,0.0,0.0,0.0,0.0,0.0,2018-06-01,66,2017-03-06
Mexico,3,7,116817668.0,0.0,0.0,0.0,0.0,0.0,0.0,2018-06-01,66,2017-03-13
Mexico,4,7,115575742.0,0.0,0.0,0.0,0.0,0.0,0.0,2018-06-01,66,2017-03-20
Mexico,5,7,118589876.0,0.0,0.0,0.0,0.0,0.0,0.0,2018-06-01,66,2017-03-27
Mexico,6,7,116473073.0,341427.0,3.0,341427.0,0.0029313814017768725,0.42857142857142855,0.0029313814017768725,2018-06-01,66,2017-04-03
Mexico,7,7,108361772.0,832515.0,7.0,832515.0,0.007682737044942381,1.0,0.007682737044942381,2018-06-01,66,2017-04-10
Mexico,8,7,122174560.0,997675.0,7.0,997675.0,0.008165979889757737,1.0,0.008165979889757737,2018-06-01,66,2017-04-17
Mexico,9,7,125042481.0,970632.0,7.0,970632.0,0.007762417957781884,1.0,0.007762417957781884,2018-06-01,66,2017-04-24
Mexico,10,7,123674421.0,1104543.0,9.0,1104543.0,0.008931054546841177,1.2857142857142858,0.008931054546841177,2018-06-01,66,2017-05-01
Mexico,11,7,123583529.0,2315033.0,29.0,1586121.0,0.01873253676062285,4.142857142857143,0.012834404494145817,2018-06-01,66,2017-05-08
Mexico,12,7,126432083.0,1781712.0,15.0,1744523.0,0.014092245874016012,2.142857142857143,0.013798103761368861,2018-06-01,66,2017-05-15
Mexico,13,7,124581990.0,1488724.0,10.0,1488724.0,0.01194975292977741,1.4285714285714286,0.01194975292977741,2018-06-01,66,2017-05-22
Mexico,14,4,69138419.0,792926.0,5.0,792926.0,0.011468674167975984,1.25,0.011468674167975984,2018-06-01,66,2017-05-29
Mexico,15,7,124260702.0,1295753.0,7.0,1295753.0,0.010427697406699021,1.0,0.010427697406699021,2018-06-01,66,2017-06-05
Mexico,16,7,124835570.0,1262773.0,7.0,1262773.0,0.010115490320587313,1.0,0.010115490320587313,2018-06-01,66,2017-06-12
Mexico,17,7,121483684.0,1174621.0,7.0,1174621.0,0.009668960977508717,1.0,0.009668960977508717,2018-06-01,66,2017-06-19
Mexico,18,7,120341688.0,1080779.0,7.0,1080779.0,0.008980919396776286,1.0,0.008980919396776286,2018-06-01,66,2017-06-26
Mexico,19,7,123233587.0,1020801.0,7.0,1020801.0,0.008283464150077852,1.0,0.008283464150077852,2018-06-01,66,2017-07-03
Mexico,20,7,124972870.0,992757.0,7.0,992757.0,0.00794378011803682,1.0,0.00794378011803682,2018-06-01,66,2017-07-10
Mexico,21,7,122276903.0,942757.0,7.0,942757.0,0.00771001699315201,1.0,0.00771001699315201,2018-06-01,66,2017-07-17
Mexico,22,7,120655588.0,909470.0,7.0,909470.0,0.007537736254702103,1.0,0.007537736254702103,2018-06-01,66,2017-07-24
Mexico,23,7,121686059.0,656094.0,7.0,656094.0,0.005391694047713387,1.0,0.005391694047713387,2018-06-01,66,2017-07-31
Mexico,24,7,121521712.0,545827.0,7.0,545827.0,0.004491600644994205,1.0,0.004491600644994205,2018-06-01,66,2017-08-07
Mexico,25,7,124114692.0,515251.0,7.0,515251.0,0.004151410213385535,1.0,0.004151410213385535,2018-06-01,66,2017-08-14
Mexico,26,7,123500806.0,493393.0,7.0,493393.0,0.003995058947226628,1.0,0.003995058947226628,2018-06-01,66,2017-08-21
Mexico,27,7,123688079.0,477132.0,7.0,477132.0,0.0038575423262899896,1.0,0.0038575423262899896,2018-06-01,66,2017-08-28
Mexico,28,7,122279859.0,448891.0,7.0,448891.0,0.0036710133923199893,1.0,0.0036710133923199893,2018-06-01,66,2017-09-04
Mexico,29,7,124763937.0,425666.0,7.0,425666.0,0.0034117711434514925,1.0,0.0034117711434514925,2018-06-01,66,2017-09-11
Mexico,30,7,113676402.0,397743.0,7.0,397743.0,0.0034989056039968613,1.0,0.0034989056039968613,2018-06-01,66,2017-09-18
Mexico,31,7,119029210.0,421851.0,7.0,421851.0,0.0035440964448978534,1.0,0.0035440964448978534,2018-06-01,66,2017-09-25
Mexico,32,7,118868156.0,409728.0,7.0,409728.0,0.0034469113830620877,1.0,0.0034469113830620877,2018-06-01,66,2017-10-02
Mexico,33,7,118159264.0,393306.0,7.0,393306.0,0.0033286090881541035,1.0,0.0033286090881541035,2018-06-01,66,2017-10-09
Mexico,34,7,119723099.0,391345.0,7.0,391345.0,0.0032687510035135326,1.0,0.0032687510035135326,2018-06-01,66,2017-10-16
Mexico,35,7,118334064.0,373103.0,7.0,373103.0,0.0031529636301513317,1.0,0.0031529636301513317,2018-06-01,66,2017-10-23
Mexico,36,7,119472826.0,349689.0,7.0,349689.0,0.00292693335972483,1.0,0.00292693335972483,2018-06-01,66,2017-10-30
Mexico,37,7,122558363.0,387114.0,7.0,387114.0,0.0031586094210478317,1.0,0.0031586094210478317,2018-06-01,66,2017-11-06
Mexico,38,7,124266183.0,376642.0,7.0,376642.0,0.0030309291788579358,1.0,0.0030309291788579358,2018-06-01,66,2017-11-13
Mexico,39,7,121749354.0,362474.0,7.0,362474.0,0.00297721497561293,1.0,0.00297721497561293,2018-06-01,66,2017-11-20
Mexico,40,7,124861160.0,365927.0,7.0,365927.0,0.0029306711550653544,1.0,0.0029306711550653544,2018-06-01,66,2017-11-27
Mexico,41,7,124673900.0,384645.0,7.0,384645.0,0.003085208692436829,1.0,0.003085208692436829,2018-06-01,66,2017-12-04
Mexico,42,7,122972521.0,363930.0,7.0,363930.0,0.0029594416463170664,1.0,0.0029594416463170664,2018-06-01,66,2017-12-11
Mexico,43,7,133391677.0,378643.0,7.0,378643.0,0.0028385804010845443,1.0,0.0028385804010845443,2018-06-01,66,2017-12-18
Mexico,44,7,126129459.0,335849.0,6.0,335849.0,0.0026627324232001977,0.8571428571428571,0.0026627324232001977,2018-06-01,66,2017-12-25
Mexico,45,7,125348105.0,336867.0,6.0,336867.0,0.0026874518765162025,0.8571428571428571,0.0026874518765162025,2018-06-01,66,2018-01-01
Mexico,46,7,136681952.0,427172.0,7.0,427172.0,0.0031252992348250923,1.0,0.0031252992348250923,2018-06-01,66,2018-01-08
Mexico,47,7,136853057.0,425378.0,7.0,425378.0,0.0031082827766134593,1.0,0.0031082827766134593,2018-06-01,66,2018-01-15
Mexico,48,7,139095318.0,445923.0,7.0,445923.0,0.003205880732807987,1.0,0.003205880732807987,2018-06-01,66,2018-01-22
Mexico,49,7,138464038.0,438935.0,7.0,438935.0,0.0031700288850452273,1.0,0.0031700288850452273,2018-06-01,66,2018-01-29
Mexico,50,7,138646828.0,427283.0,7.0,427283.0,0.0030818086945342883,1.0,0.0030818086945342883,2018-06-01,66,2018-02-05
Mexico,51,7,144621254.0,431337.0,7.0,431337.0,0.0029825284186790414,1.0,0.0029825284186790414,2018-06-01,66,2018-02-12
Mexico,52,7,150384108.0,419173.0,7.0,419173.0,0.0027873490462170377,1.0,0.0027873490462170377,2018-06-01,66,2018-02-19
Mexico,53,7,151864305.0,397701.0,7.0,397701.0,0.002618791822080903,1.0,0.002618791822080903,2018-06-01,66,2018-02-26
Mexico,54,7,146786780.0,381019.0,7.0,381019.0,0.0025957310324540126,1.0,0.0025957310324540126,2018-06-01,66,2018-03-05
Mexico,55,7,147075665.0,383851.0,7.0,383851.0,0.0026098879104167233,1.0,0.0026098879104167233,2018-06-01,66,2018-03-12
Mexico,56,7,146786317.0,355224.0,7.0,355224.0,0.0024200075814968503,1.0,0.0024200075814968503,2018-06-01,66,2018-03-19
Mexico,57,7,140553206.0,196232.0,4.0,196232.0,0.0013961403342162113,0.5714285714285714,0.0013961403342162113,2018-06-01,66,2018-03-26
Mexico,58,7,144970484.0,293547.0,6.0,293547.0,0.0020248742495748307,0.8571428571428571,0.0020248742495748307,2018-06-01,66,2018-04-02
Mexico,59,7,143280244.0,193863.0,4.0,193863.0,0.001353033709239077,0.5714285714285714,0.001353033709239077,2018-06-01,66,2018-04-09
Mexico,60,7,147513330.0,192569.0,4.0,192569.0,0.001305434566489686,0.5714285714285714,0.001305434566489686,2018-06-01,66,2018-04-16
Mexico,61,7,139726662.0,143242.0,3.0,143242.0,0.0010251586773038347,0.42857142857142855,0.0010251586773038347,2018-06-01,66,2018-04-23
Mexico,62,7,131675839.0,91181.0,2.0,91181.0,0.0006924656846120418,0.2857142857142857,0.0006924656846120418,2018-06-01,66,2018-04-30
Mexico,63,7,134575071.0,91852.0,2.0,91852.0,0.0006825335429323311,0.2857142857142857,0.0006825335429323311,2018-06-01,66,2018-05-07
Mexico,64,7,141685579.0,0.0,0.0,0.0,0.0,0.0,0.0,2018-06-01,66,2018-05-14
Mexico,65,7,138025653.0,0.0,0.0,0.0,0.0,0.0,0.0,2018-06-01,66,2018-05-21
Mexico,66,7,138090134.0,248604.0,5.0,248604.0,0.0018003024024873494,0.7142857142857143,0.0018003024024873494,2018-06-01,66,2018-05-28
Mexico,67,7,136583654.0,197939.0,4.0,197939.0,0.001449214413314788,0.5714285714285714,0.001449214413314788,2018-06-01,66,2018-06-04
Mexico,68,7,130469779.0,89028.0,2.0,89028.0,0.0006823649176258664,0.2857142857142857,0.0006823649176258664,2018-06-01,66,2018-06-11
Mexico,69,7,129744519.0,45673.0,1.0,45673.0,0.00035202257753947974,0.14285714285714285,0.00035202257753947974,2018-06-01,66,2018-06-18
Mexico,70,7,134040248.0,132647.0,3.0,132647.0,0.0009896057488643262,0.42857142857142855,0.0009896057488643262,2018-06-01,66,2018-06-25
Mexico,71,7,135102173.0,0.0,0.0,0.0,0.0,0.0,0.0,2018-06-01,66,2018-07-02
Mexico,72,7,135847105.0,0.0,0.0,0.0,0.0,0.0,0.0,2018-06-01,66,2018-07-09
Mexico,73,7,136899470.0,0.0,0.0,0.0,0.0,0.0,0.0,2018-06-01,66,2018-07-16
Mexico,74,7,134757649.0,0.0,0.0,0.0,0.0,0.0,0.0,2018-06-01,66,2018-07-23
Mexico,75,7,133263968.0,0.0,0.0,0.0,0.0,0.0,0.0,2018-06-01,66,2018-07-30
Mexico,76,7,132433870.0,0.0,0.0,0.0,0.0,0.0,0.0,2018-06-01,66,2018-08-06
Mexico,77,7,132427788.0,0.0,0.0,0.0,0.0,0.0,0.0,2018-06-01,66,2018-08-13
Mexico,78,7,131330943.0,0.0,0.0,0.0,0.0,0.0,0.0,2018-06-01,66,2018-08-20
Mexico,79,7,131598271.0,0.0,0.0,0.0,0.0,0.0,0.0,2018-06-01,66,2018-08-27
Mexico,80,7,131534498.0,0.0,0.0,0.0,0.0,0.0,0.0,2018-06-01,66,2018-09-03
Mexico,81,7,133273554.0,0.0,0.0,0.0,0.0,0.0,0.0,2018-06-01,66,2018-09-10
Mexico,82,7,130672359.0,0.0,0.0,0.0,0.0,0.0,0.0,2018-06-01,66,2018-09-17
Mexico,83,7,132796738.0,0.0,0.0,0.0,0.0,0.0,0.0,2018-06-01,66,2018-09-24
Mexico,84,7,136201268.0,0.0,0.0,0.0,0.0,0.0,0.0,2018-06-01,66,2018-10-01
Mexico,85,7,139460883.0,0.0,0.0,0.0,0.0,0.0,0.0,2018-06-01,66,2018-10-08
Mexico,86,7,139135681.0,0.0,0.0,0.0,0.0,0.0,0.0,2018-06-01,66,2018-10-15
Mexico,87,7,139975130.0,0.0,0.0,0.0,0.0,0.0,0.0,2018-06-01,66,2018-10-22
Mexico,88,7,137566892.0,0.0,0.0,0.0,0.0,0.0,0.0,2018-06-01,66,2018-10-29
Mexico,89,7,148088970.0,0.0,0.0,0.0,0.0,0.0,0.0,2018-06-01,66,2018-11-05
Mexico,90,7,143041755.0,0.0,0.0,0.0,0.0,0.0,0.0,2018-06-01,66,2018-11-12
Mexico,91,7,146102032.0,0.0,0.0,0.0,0.0,0.0,0.0,2018-06-01,66,2018-11-19
Mexico,92,7,147152204.0,0.0,0.0,0.0,0.0,0.0,0.0,2018-06-01,66,2018-11-26
Mexico,93,7,149320429.0,0.0,0.0,0.0,0.0,0.0,0.0,2018-06-01,66,2018-12-03
Mexico,94,7,147057188.0,0.0,0.0,0.0,0.0,0.0,0.0,2018-06-01,66,2018-12-10
Mexico,95,7,150095229.0,0.0,0.0,0.0,0.0,0.0,0.0,2018-06-01,66,2018-12-17
Mexico,96,7,146058298.0,0.0,0.0,0.0,0.0,0.0,0.0,2018-06-01,66,2018-12-24
Mexico,97,1,21328707.0,0.0,0.0,0.0,0.0,0.0,0.0,2018-06-01,66,2018-12-31
Netherlands,1,5,45367760.0,0.0,0.0,0.0,0.0,0.0,0.0,2017-11-08,37,2017-02-27
Netherlands,2,7,67732633.0,0.0,0.0,0.0,0.0,0.0,0.0,2017-11-08,37,2017-03-06
Netherlands,3,7,73932776.0,0.0,0.0,0.0,0.0,0.0,0.0,2017-11-08,37,2017-03-13
Netherlands,4,7,81415488.0,0.0,0.0,0.0,0.0,0.0,0.0,2017-11-08,37,2017-03-20
Netherlands,5,7,72246706.0,0.0,0.0,0.0,0.0,0.0,0.0,2017-11-08,37,2017-03-27
Netherlands,6,7,69136748.0,148015.0,3.0,148015.0,0.002140901970107127,0.42857142857142855,0.002140901970107127,2017-11-08,37,2017-04-03
Netherlands,7,7,65971145.0,464208.0,7.0,464208.0,0.007036530895439211,1.0,0.007036530895439211,2017-11-08,37,2017-04-10
Netherlands,8,7,63238260.0,462446.0,7.0,462446.0,0.007312756549595134,1.0,0.007312756549595134,2017-11-08,37,2017-04-17
Netherlands,9,7,60719624.0,417661.0,7.0,417661.0,0.006878517561307692,1.0,0.006878517561307692,2017-11-08,37,2017-04-24
Netherlands,10,7,61848242.0,528900.0,12.0,528900.0,0.008551576938920915,1.7142857142857142,0.008551576938920915,2017-11-08,37,2017-05-01
Netherlands,11,7,65254765.0,994022.0,29.0,708492.0,0.015232941226590887,4.142857142857143,0.010857322066825312,2017-11-08,37,2017-05-08
Netherlands,12,7,67250001.0,870645.0,20.0,801581.0,0.012946393859533176,2.857142857142857,0.011919419897108997,2017-11-08,37,2017-05-15
Netherlands,13,7,69804876.0,684210.0,15.0,684210.0,0.009801750811791429,2.142857142857143,0.009801750811791429,2017-11-08,37,2017-05-22
Netherlands,14,4,39808378.0,297246.0,6.0,297246.0,0.007466920656752204,1.5,0.007466920656752204,2017-11-08,37,2017-05-29
Netherlands,15,7,69262306.0,554631.0,11.0,554631.0,0.008007688915237676,1.5714285714285714,0.008007688915237676,2017-11-08,37,2017-06-05
Netherlands,16,7,72936624.0,497295.0,11.0,497295.0,0.006818179574640032,1.5714285714285714,0.006818179574640032,2017-11-08,37,2017-06-12
Netherlands,17,7,74796149.0,304283.0,7.0,304283.0,0.004068163990635401,1.0,0.004068163990635401,2017-11-08,37,2017-06-19
Netherlands,18,7,76724058.0,272043.0,7.0,272043.0,0.003545732682700386,1.0,0.003545732682700386,2017-11-08,37,2017-06-26
Netherlands,19,7,77038064.0,207205.0,7.0,207205.0,0.0026896444334322837,1.0,0.0026896444334322837,2017-11-08,37,2017-07-03
Netherlands,20,7,70066175.0,173162.0,7.0,173162.0,0.0024714064953595656,1.0,0.0024714064953595656,2017-11-08,37,2017-07-10
Netherlands,21,7,67451095.0,155964.0,7.0,155964.0,0.0023122530479305044,1.0,0.0023122530479305044,2017-11-08,37,2017-07-17
Netherlands,22,7,65202059.0,145539.0,7.0,145539.0,0.0022321227616446896,1.0,0.0022321227616446896,2017-11-08,37,2017-07-24
Netherlands,23,7,63709036.0,136922.0,7.0,136922.0,0.0021491770806263653,1.0,0.0021491770806263653,2017-11-08,37,2017-07-31
Netherlands,24,7,63376910.0,121953.0,7.0,121953.0,0.0019242496991412172,1.0,0.0019242496991412172,2017-11-08,37,2017-08-07
Netherlands,25,7,62235314.0,31692.0,2.0,31692.0,0.0005092285707757496,0.2857142857142857,0.0005092285707757496,2017-11-08,37,2017-08-14
Netherlands,26,7,62790822.0,0.0,0.0,0.0,0.0,0.0,0.0,2017-11-08,37,2017-08-21
Netherlands,27,7,63238095.0,0.0,0.0,0.0,0.0,0.0,0.0,2017-11-08,37,2017-08-28
Netherlands,28,7,68111229.0,0.0,0.0,0.0,0.0,0.0,0.0,2017-11-08,37,2017-09-04
Netherlands,29,7,66288336.0,0.0,0.0,0.0,0.0,0.0,0.0,2017-11-08,37,2017-09-11
Netherlands,30,7,66716124.0,0.0,0.0,0.0,0.0,0.0,0.0,2017-11-08,37,2017-09-18
Netherlands,31,7,66807662.0,0.0,0.0,0.0,0.0,0.0,0.0,2017-11-08,37,2017-09-25
Netherlands,32,7,69335873.0,0.0,0.0,0.0,0.0,0.0,0.0,2017-11-08,37,2017-10-02
Netherlands,33,7,67427947.0,0.0,0.0,0.0,0.0,0.0,0.0,2017-11-08,37,2017-10-09
Netherlands,34,7,62107879.0,0.0,0.0,0.0,0.0,0.0,0.0,2017-11-08,37,2017-10-16
Netherlands,35,7,64894654.0,0.0,0.0,0.0,0.0,0.0,0.0,2017-11-08,37,2017-10-23
Netherlands,36,7,65794816.0,0.0,0.0,0.0,0.0,0.0,0.0,2017-11-08,37,2017-10-30
Netherlands,37,7,63782121.0,38658.0,2.0,38658.0,0.0006060946138809024,0.2857142857142857,0.0006060946138809024,2017-11-08,37,2017-11-06
Netherlands,38,7,65731264.0,0.0,0.0,0.0,0.0,0.0,0.0,2017-11-08,37,2017-11-13
Netherlands,39,7,67810862.0,0.0,0.0,0.0,0.0,0.0,0.0,2017-11-08,37,2017-11-20
Netherlands,40,7,69550895.0,0.0,0.0,0.0,0.0,0.0,0.0,2017-11-08,37,2017-11-27
Netherlands,41,7,72067109.0,0.0,0.0,0.0,0.0,0.0,0.0,2017-11-08,37,2017-12-04
Netherlands,42,7,69660839.0,0.0,0.0,0.0,0.0,0.0,0.0,2017-11-08,37,2017-12-11
Netherlands,43,7,73025674.0,0.0,0.0,0.0,0.0,0.0,0.0,2017-11-08,37,2017-12-18
Netherlands,44,7,63559548.0,0.0,0.0,0.0,0.0,0.0,0.0,2017-11-08,37,2017-12-25
Netherlands,45,7,55184715.0,0.0,0.0,0.0,0.0,0.0,0.0,2017-11-08,37,2018-01-01
Netherlands,46,7,65777784.0,0.0,0.0,0.0,0.0,0.0,0.0,2017-11-08,37,2018-01-08
Netherlands,47,7,66940724.0,0.0,0.0,0.0,0.0,0.0,0.0,2017-11-08,37,2018-01-15
Netherlands,48,7,69114638.0,0.0,0.0,0.0,0.0,0.0,0.0,2017-11-08,37,2018-01-22
Netherlands,49,7,67015469.0,0.0,0.0,0.0,0.0,0.0,0.0,2017-11-08,37,2018-01-29
Netherlands,50,7,65483943.0,0.0,0.0,0.0,0.0,0.0,0.0,2017-11-08,37,2018-02-05
Netherlands,51,7,63050514.0,0.0,0.0,0.0,0.0,0.0,0.0,2017-11-08,37,2018-02-12
Netherlands,52,7,70470506.0,0.0,0.0,0.0,0.0,0.0,0.0,2017-11-08,37,2018-02-19
Netherlands,53,7,67178594.0,0.0,0.0,0.0,0.0,0.0,0.0,2017-11-08,37,2018-02-26
Netherlands,54,7,71013638.0,0.0,0.0,0.0,0.0,0.0,0.0,2017-11-08,37,2018-03-05
Netherlands,55,7,68257949.0,42623.0,2.0,42623.0,0.0006244400926842967,0.2857142857142857,0.0006244400926842967,2017-11-08,37,2018-03-12
Netherlands,56,7,73201511.0,0.0,0.0,0.0,0.0,0.0,0.0,2017-11-08,37,2018-03-19
Netherlands,57,7,76377804.0,0.0,0.0,0.0,0.0,0.0,0.0,2017-11-08,37,2018-03-26
Netherlands,58,7,73494011.0,0.0,0.0,0.0,0.0,0.0,0.0,2017-11-08,37,2018-04-02
Netherlands,59,7,72376833.0,0.0,0.0,0.0,0.0,0.0,0.0,2017-11-08,37,2018-04-09
Netherlands,60,7,79252364.0,0.0,0.0,0.0,0.0,0.0,0.0,2017-11-08,37,2018-04-16
Netherlands,61,7,72906149.0,0.0,0.0,0.0,0.0,0.0,0.0,2017-11-08,37,2018-04-23
Netherlands,62,7,71428219.0,0.0,0.0,0.0,0.0,0.0,0.0,2017-11-08,37,2018-04-30
Netherlands,63,7,71198902.0,0.0,0.0,0.0,0.0,0.0,0.0,2017-11-08,37,2018-05-07
Netherlands,64,7,70899057.0,0.0,0.0,0.0,0.0,0.0,0.0,2017-11-08,37,2018-05-14
Netherlands,65,7,68147862.0,0.0,0.0,0.0,0.0,0.0,0.0,2017-11-08,37,2018-05-21
Netherlands,66,7,67697306.0,0.0,0.0,0.0,0.0,0.0,0.0,2017-11-08,37,2018-05-28
Netherlands,67,7,68842128.0,0.0,0.0,0.0,0.0,0.0,0.0,2017-11-08,37,2018-06-04
Netherlands,68,7,69111596.0,0.0,0.0,0.0,0.0,0.0,0.0,2017-11-08,37,2018-06-11
Netherlands,69,7,76681706.0,0.0,0.0,0.0,0.0,0.0,0.0,2017-11-08,37,2018-06-18
Netherlands,70,7,79116434.0,0.0,0.0,0.0,0.0,0.0,0.0,2017-11-08,37,2018-06-25
Netherlands,71,7,74979798.0,0.0,0.0,0.0,0.0,0.0,0.0,2017-11-08,37,2018-07-02
Netherlands,72,7,73124143.0,0.0,0.0,0.0,0.0,0.0,0.0,2017-11-08,37,2018-07-09
Netherlands,73,7,75204743.0,0.0,0.0,0.0,0.0,0.0,0.0,2017-11-08,37,2018-07-16
Netherlands,74,7,70826139.0,0.0,0.0,0.0,0.0,0.0,0.0,2017-11-08,37,2018-07-23
Netherlands,75,7,71077087.0,0.0,0.0,0.0,0.0,0.0,0.0,2017-11-08,37,2018-07-30
Netherlands,76,7,67660577.0,0.0,0.0,0.0,0.0,0.0,0.0,2017-11-08,37,2018-08-06
Netherlands,77,7,66401536.0,0.0,0.0,0.0,0.0,0.0,0.0,2017-11-08,37,2018-08-13
Netherlands,78,7,65646690.0,0.0,0.0,0.0,0.0,0.0,0.0,2017-11-08,37,2018-08-20
Netherlands,79,7,70146141.0,0.0,0.0,0.0,0.0,0.0,0.0,2017-11-08,37,2018-08-27
Netherlands,80,7,75751972.0,0.0,0.0,0.0,0.0,0.0,0.0,2017-11-08,37,2018-09-03
Netherlands,81,7,79723604.0,0.0,0.0,0.0,0.0,0.0,0.0,2017-11-08,37,2018-09-10
Netherlands,82,7,77934244.0,0.0,0.0,0.0,0.0,0.0,0.0,2017-11-08,37,2018-09-17
Netherlands,83,7,77108529.0,0.0,0.0,0.0,0.0,0.0,0.0,2017-11-08,37,2018-09-24
Netherlands,84,7,76409363.0,0.0,0.0,0.0,0.0,0.0,0.0,2017-11-08,37,2018-10-01
Netherlands,85,7,77844210.0,0.0,0.0,0.0,0.0,0.0,0.0,2017-11-08,37,2018-10-08
Netherlands,86,7,75890454.0,0.0,0.0,0.0,0.0,0.0,0.0,2017-11-08,37,2018-10-15
Netherlands,87,7,73787187.0,0.0,0.0,0.0,0.0,0.0,0.0,2017-11-08,37,2018-10-22
Netherlands,88,7,78075909.0,0.0,0.0,0.0,0.0,0.0,0.0,2017-11-08,37,2018-10-29
Netherlands,89,7,79066334.0,0.0,0.0,0.0,0.0,0.0,0.0,2017-11-08,37,2018-11-05
Netherlands,90,7,77891583.0,0.0,0.0,0.0,0.0,0.0,0.0,2017-11-08,37,2018-11-12
Netherlands,91,7,80431747.0,0.0,0.0,0.0,0.0,0.0,0.0,2017-11-08,37,2018-11-19
Netherlands,92,7,84884165.0,0.0,0.0,0.0,0.0,0.0,0.0,2017-11-08,37,2018-11-26
Netherlands,93,7,84100330.0,0.0,0.0,0.0,0.0,0.0,0.0,2017-11-08,37,2018-12-03
Netherlands,94,7,81123180.0,0.0,0.0,0.0,0.0,0.0,0.0,2017-11-08,37,2018-12-10
Netherlands,95,7,85439884.0,0.0,0.0,0.0,0.0,0.0,0.0,2017-11-08,37,2018-12-17
Netherlands,96,7,83827584.0,0.0,0.0,0.0,0.0,0.0,0.0,2017-11-08,37,2018-12-24
Netherlands,97,1,11474964.0,0.0,0.0,0.0,0.0,0.0,0.0,2017-11-08,37,2018-12-31
New Zealand,1,5,12007025.0,0.0,0.0,0.0,0.0,0.0,0.0,2017-12-02,40,2017-02-27
New Zealand,2,7,16798950.0,0.0,0.0,0.0,0.0,0.0,0.0,2017-12-02,40,2017-03-06
New Zealand,3,7,16264622.0,0.0,0.0,0.0,0.0,0.0,0.0,2017-12-02,40,2017-03-13
New Zealand,4,7,16359259.0,0.0,0.0,0.0,0.0,0.0,0.0,2017-12-02,40,2017-03-20
New Zealand,5,7,15290551.0,0.0,0.0,0.0,0.0,0.0,0.0,2017-12-02,40,2017-03-27
New Zealand,6,7,14935406.0,52100.0,3.0,52100.0,0.0034883551207111475,0.42857142857142855,0.0034883551207111475,2017-12-02,40,2017-04-03
New Zealand,7,7,14736010.0,174101.0,7.0,174101.0,0.011814663535108893,1.0,0.011814663535108893,2017-12-02,40,2017-04-10
New Zealand,8,7,14998520.0,150875.0,7.0,150875.0,0.010059325853484211,1.0,0.010059325853484211,2017-12-02,40,2017-04-17
New Zealand,9,7,14372911.0,142264.0,7.0,142264.0,0.009898064490902365,1.0,0.009898064490902365,2017-12-02,40,2017-04-24
New Zealand,10,7,14508494.0,196006.0,12.0,196006.0,0.01350974125915481,1.7142857142857142,0.01350974125915481,2017-12-02,40,2017-05-01
New Zealand,11,7,15067424.0,572614.0,45.0,315095.0,0.038003443720705014,6.428571428571429,0.020912333787115833,2017-12-02,40,2017-05-08
New Zealand,12,7,15156314.0,707962.0,70.0,376898.0,0.04671069760101302,10.0,0.02486739190016781,2017-12-02,40,2017-05-15
New Zealand,13,7,15296596.0,534637.0,53.0,360873.0,0.034951370880161835,7.571428571428571,0.02359171936030735,2017-12-02,40,2017-05-22
New Zealand,14,4,8415058.0,167722.0,14.0,158974.0,0.019931175756602033,3.5,0.018891610729242746,2017-12-02,40,2017-05-29
New Zealand,15,7,14807621.0,249133.0,21.0,249133.0,0.01682464725427535,3.0,0.01682464725427535,2017-12-02,40,2017-06-05
New Zealand,16,7,15416088.0,204447.0,18.0,204447.0,0.013261924815167116,2.5714285714285716,0.013261924815167116,2017-12-02,40,2017-06-12
New Zealand,17,7,15407258.0,164227.0,14.0,164227.0,0.010659067304513237,2.0,0.010659067304513237,2017-12-02,40,2017-06-19
New Zealand,18,7,14722300.0,143263.0,14.0,143263.0,0.009731020288949416,2.0,0.009731020288949416,2017-12-02,40,2017-06-26
New Zealand,19,7,14291115.0,110965.0,12.0,110965.0,0.0077646145874552125,1.7142857142857142,0.0077646145874552125,2017-12-02,40,2017-07-03
New Zealand,20,7,13710245.0,80775.0,8.0,80775.0,0.005891579618015579,1.1428571428571428,0.005891579618015579,2017-12-02,40,2017-07-10
New Zealand,21,7,13827155.0,71266.0,8.0,71266.0,0.005154060976390299,1.1428571428571428,0.005154060976390299,2017-12-02,40,2017-07-17
New Zealand,22,7,14092597.0,63714.0,7.0,63714.0,0.004521097140576715,1.0,0.004521097140576715,2017-12-02,40,2017-07-24
New Zealand,23,7,14393236.0,60418.0,7.0,60418.0,0.00419766618153138,1.0,0.00419766618153138,2017-12-02,40,2017-07-31
New Zealand,24,7,14538986.0,57727.0,7.0,57727.0,0.003970496979638057,1.0,0.003970496979638057,2017-12-02,40,2017-08-07
New Zealand,25,7,14564234.0,54084.0,7.0,54084.0,0.0037134805716524466,1.0,0.0037134805716524466,2017-12-02,40,2017-08-14
New Zealand,26,7,15188166.0,48543.0,7.0,48543.0,0.0031961067583801757,1.0,0.0031961067583801757,2017-12-02,40,2017-08-21
New Zealand,27,7,15579812.0,44850.0,7.0,44850.0,0.002878725365877329,1.0,0.002878725365877329,2017-12-02,40,2017-08-28
New Zealand,28,7,15510278.0,42916.0,7.0,42916.0,0.0027669394449280666,1.0,0.0027669394449280666,2017-12-02,40,2017-09-04
New Zealand,29,7,15986814.0,43414.0,7.0,43414.0,0.002715613004567389,1.0,0.002715613004567389,2017-12-02,40,2017-09-11
New Zealand,30,7,16446405.0,42974.0,7.0,42974.0,0.002612972257462953,1.0,0.002612972257462953,2017-12-02,40,2017-09-18
New Zealand,31,7,16194581.0,42239.0,7.0,42239.0,0.002608218144081653,1.0,0.002608218144081653,2017-12-02,40,2017-09-25
New Zealand,32,7,15743197.0,40083.0,7.0,40083.0,0.002546052113811445,1.0,0.002546052113811445,2017-12-02,40,2017-10-02
New Zealand,33,7,16048209.0,39026.0,7.0,39026.0,0.0024317978411173484,1.0,0.0024317978411173484,2017-12-02,40,2017-10-09
New Zealand,34,7,16118321.0,38457.0,7.0,38457.0,0.0023859184836931835,1.0,0.0023859184836931835,2017-12-02,40,2017-10-16
New Zealand,35,7,16295670.0,38329.0,7.0,38329.0,0.0023520972135542754,1.0,0.0023520972135542754,2017-12-02,40,2017-10-23
New Zealand,36,7,16795519.0,25824.0,5.0,25824.0,0.0015375529627872767,0.7142857142857143,0.0015375529627872767,2017-12-02,40,2017-10-30
New Zealand,37,7,16736106.0,38313.0,7.0,38313.0,0.0022892421928972007,1.0,0.0022892421928972007,2017-12-02,40,2017-11-06
New Zealand,38,7,16490798.0,39192.0,7.0,39192.0,0.0023765981488585333,1.0,0.0023765981488585333,2017-12-02,40,2017-11-13
New Zealand,39,7,16592590.0,21149.0,4.0,21149.0,0.001274605109871334,0.5714285714285714,0.001274605109871334,2017-12-02,40,2017-11-20
New Zealand,40,7,16853699.0,84441.0,13.0,84441.0,0.005010235438523021,1.8571428571428572,0.005010235438523021,2017-12-02,40,2017-11-27
New Zealand,41,7,16904812.0,89398.0,14.0,89398.0,0.005288316723072697,2.0,0.005288316723072697,2017-12-02,40,2017-12-04
New Zealand,42,7,17046077.0,40511.0,7.0,40511.0,0.0023765585477526587,1.0,0.0023765585477526587,2017-12-02,40,2017-12-11
New Zealand,43,7,20977151.0,0.0,0.0,0.0,0.0,0.0,0.0,2017-12-02,40,2017-12-18
New Zealand,44,7,16777031.0,5033.0,1.0,5033.0,0.0002999934851404876,0.14285714285714285,0.0002999934851404876,2017-12-02,40,2017-12-25
New Zealand,45,7,15074656.0,10383.0,2.0,10383.0,0.0006887719361556244,0.2857142857142857,0.0006887719361556244,2017-12-02,40,2018-01-01
New Zealand,46,7,16737224.0,0.0,0.0,0.0,0.0,0.0,0.0,2017-12-02,40,2018-01-08
New Zealand,47,7,16494997.0,0.0,0.0,0.0,0.0,0.0,0.0,2017-12-02,40,2018-01-15
New Zealand,48,7,16718479.0,0.0,0.0,0.0,0.0,0.0,0.0,2017-12-02,40,2018-01-22
New Zealand,49,7,16182572.0,0.0,0.0,0.0,0.0,0.0,0.0,2017-12-02,40,2018-01-29
New Zealand,50,7,16022279.0,0.0,0.0,0.0,0.0,0.0,0.0,2017-12-02,40,2018-02-05
New Zealand,51,7,16611377.0,0.0,0.0,0.0,0.0,0.0,0.0,2017-12-02,40,2018-02-12
New Zealand,52,7,16829734.0,0.0,0.0,0.0,0.0,0.0,0.0,2017-12-02,40,2018-02-19
New Zealand,53,7,17107127.0,0.0,0.0,0.0,0.0,0.0,0.0,2017-12-02,40,2018-02-26
New Zealand,54,7,16845284.0,0.0,0.0,0.0,0.0,0.0,0.0,2017-12-02,40,2018-03-05
New Zealand,55,7,16527757.0,0.0,0.0,0.0,0.0,0.0,0.0,2017-12-02,40,2018-03-12
New Zealand,56,7,16938831.0,0.0,0.0,0.0,0.0,0.0,0.0,2017-12-02,40,2018-03-19
New Zealand,57,7,16748661.0,0.0,0.0,0.0,0.0,0.0,0.0,2017-12-02,40,2018-03-26
New Zealand,58,7,16050529.0,0.0,0.0,0.0,0.0,0.0,0.0,2017-12-02,40,2018-04-02
New Zealand,59,7,15133880.0,0.0,0.0,0.0,0.0,0.0,0.0,2017-12-02,40,2018-04-09
New Zealand,60,7,16245750.0,0.0,0.0,0.0,0.0,0.0,0.0,2017-12-02,40,2018-04-16
New Zealand,61,7,16635709.0,0.0,0.0,0.0,0.0,0.0,0.0,2017-12-02,40,2018-04-23
New Zealand,62,7,16609140.0,0.0,0.0,0.0,0.0,0.0,0.0,2017-12-02,40,2018-04-30
New Zealand,63,7,16014218.0,0.0,0.0,0.0,0.0,0.0,0.0,2017-12-02,40,2018-05-07
New Zealand,64,7,15407014.0,0.0,0.0,0.0,0.0,0.0,0.0,2017-12-02,40,2018-05-14
New Zealand,65,7,15288203.0,0.0,0.0,0.0,0.0,0.0,0.0,2017-12-02,40,2018-05-21
New Zealand,66,7,15351466.0,0.0,0.0,0.0,0.0,0.0,0.0,2017-12-02,40,2018-05-28
New Zealand,67,7,15542885.0,0.0,0.0,0.0,0.0,0.0,0.0,2017-12-02,40,2018-06-04
New Zealand,68,7,15645783.0,0.0,0.0,0.0,0.0,0.0,0.0,2017-12-02,40,2018-06-11
New Zealand,69,7,17282650.0,0.0,0.0,0.0,0.0,0.0,0.0,2017-12-02,40,2018-06-18
New Zealand,70,7,16760813.0,0.0,0.0,0.0,0.0,0.0,0.0,2017-12-02,40,2018-06-25
New Zealand,71,7,16317677.0,0.0,0.0,0.0,0.0,0.0,0.0,2017-12-02,40,2018-07-02
New Zealand,72,7,16103297.0,0.0,0.0,0.0,0.0,0.0,0.0,2017-12-02,40,2018-07-09
New Zealand,73,7,16303792.0,0.0,0.0,0.0,0.0,0.0,0.0,2017-12-02,40,2018-07-16
New Zealand,74,7,15928259.0,0.0,0.0,0.0,0.0,0.0,0.0,2017-12-02,40,2018-07-23
New Zealand,75,7,16694183.0,0.0,0.0,0.0,0.0,0.0,0.0,2017-12-02,40,2018-07-30
New Zealand,76,7,16748047.0,0.0,0.0,0.0,0.0,0.0,0.0,2017-12-02,40,2018-08-06
New Zealand,77,7,16102662.0,0.0,0.0,0.0,0.0,0.0,0.0,2017-12-02,40,2018-08-13
New Zealand,78,7,15793973.0,0.0,0.0,0.0,0.0,0.0,0.0,2017-12-02,40,2018-08-20
New Zealand,79,7,16043350.0,0.0,0.0,0.0,0.0,0.0,0.0,2017-12-02,40,2018-08-27
New Zealand,80,7,16659098.0,0.0,0.0,0.0,0.0,0.0,0.0,2017-12-02,40,2018-09-03
New Zealand,81,7,16460057.0,0.0,0.0,0.0,0.0,0.0,0.0,2017-12-02,40,2018-09-10
New Zealand,82,7,16391613.0,0.0,0.0,0.0,0.0,0.0,0.0,2017-12-02,40,2018-09-17
New Zealand,83,7,16037127.0,0.0,0.0,0.0,0.0,0.0,0.0,2017-12-02,40,2018-09-24
New Zealand,84,7,15598310.0,0.0,0.0,0.0,0.0,0.0,0.0,2017-12-02,40,2018-10-01
New Zealand,85,7,15285843.0,0.0,0.0,0.0,0.0,0.0,0.0,2017-12-02,40,2018-10-08
New Zealand,86,7,16385280.0,0.0,0.0,0.0,0.0,0.0,0.0,2017-12-02,40,2018-10-15
New Zealand,87,7,16300006.0,0.0,0.0,0.0,0.0,0.0,0.0,2017-12-02,40,2018-10-22
New Zealand,88,7,15958704.0,0.0,0.0,0.0,0.0,0.0,0.0,2017-12-02,40,2018-10-29
New Zealand,89,7,16845712.0,0.0,0.0,0.0,0.0,0.0,0.0,2017-12-02,40,2018-11-05
New Zealand,90,7,16732346.0,0.0,0.0,0.0,0.0,0.0,0.0,2017-12-02,40,2018-11-12
New Zealand,91,7,15869293.0,0.0,0.0,0.0,0.0,0.0,0.0,2017-12-02,40,2018-11-19
New Zealand,92,7,16416787.0,0.0,0.0,0.0,0.0,0.0,0.0,2017-12-02,40,2018-11-26
New Zealand,93,7,16812513.0,0.0,0.0,0.0,0.0,0.0,0.0,2017-12-02,40,2018-12-03
New Zealand,94,7,17053636.0,0.0,0.0,0.0,0.0,0.0,0.0,2017-12-02,40,2018-12-10
New Zealand,95,7,18857827.0,0.0,0.0,0.0,0.0,0.0,0.0,2017-12-02,40,2018-12-17
New Zealand,96,7,21093722.0,0.0,0.0,0.0,0.0,0.0,0.0,2017-12-02,40,2018-12-24
New Zealand,97,1,2765374.0,0.0,0.0,0.0,0.0,0.0,0.0,2017-12-02,40,2018-12-31
Nicaragua,1,5,221302.0,0.0,0.0,0.0,0.0,0.0,0.0,,0,2017-02-27
Nicaragua,2,7,301764.0,0.0,0.0,0.0,0.0,0.0,0.0,,0,2017-03-06
Nicaragua,3,7,290140.0,0.0,0.0,0.0,0.0,0.0,0.0,,0,2017-03-13
Nicaragua,4,7,284940.0,0.0,0.0,0.0,0.0,0.0,0.0,,0,2017-03-20
Nicaragua,5,7,287022.0,0.0,0.0,0.0,0.0,0.0,0.0,,0,2017-03-27
Nicaragua,6,7,301308.0,3398.0,3.0,3398.0,0.011277496780702802,0.42857142857142855,0.011277496780702802,,0,2017-04-03
Nicaragua,7,7,278162.0,0.0,0.0,0.0,0.0,0.0,0.0,,0,2017-04-10
Nicaragua,8,7,319478.0,0.0,0.0,0.0,0.0,0.0,0.0,,0,2017-04-17
Nicaragua,9,7,365861.0,0.0,0.0,0.0,0.0,0.0,0.0,,0,2017-04-24
Nicaragua,10,7,347618.0,0.0,0.0,0.0,0.0,0.0,0.0,,0,2017-05-01
Nicaragua,11,7,319579.0,2114.0,2.0,2114.0,0.006614952797273914,0.2857142857142857,0.006614952797273914,,0,2017-05-08
Nicaragua,12,7,298849.0,0.0,0.0,0.0,0.0,0.0,0.0,,0,2017-05-15
Nicaragua,13,7,292372.0,0.0,0.0,0.0,0.0,0.0,0.0,,0,2017-05-22
Nicaragua,14,4,158754.0,0.0,0.0,0.0,0.0,0.0,0.0,,0,2017-05-29
Nicaragua,15,7,271582.0,0.0,0.0,0.0,0.0,0.0,0.0,,0,2017-06-05
Nicaragua,16,7,256210.0,0.0,0.0,0.0,0.0,0.0,0.0,,0,2017-06-12
Nicaragua,17,7,252153.0,0.0,0.0,0.0,0.0,0.0,0.0,,0,2017-06-19
Nicaragua,18,7,234934.0,0.0,0.0,0.0,0.0,0.0,0.0,,0,2017-06-26
Nicaragua,19,7,260827.0,0.0,0.0,0.0,0.0,0.0,0.0,,0,2017-07-03
Nicaragua,20,7,280604.0,0.0,0.0,0.0,0.0,0.0,0.0,,0,2017-07-10
Nicaragua,21,7,254643.0,0.0,0.0,0.0,0.0,0.0,0.0,,0,2017-07-17
Nicaragua,22,7,257951.0,0.0,0.0,0.0,0.0,0.0,0.0,,0,2017-07-24
Nicaragua,23,7,251733.0,0.0,0.0,0.0,0.0,0.0,0.0,,0,2017-07-31
Nicaragua,26,1,40931.0,0.0,0.0,0.0,0.0,0.0,0.0,,0,2017-08-21
Nicaragua,52,1,90436.0,0.0,0.0,0.0,0.0,0.0,0.0,,0,2018-02-19
Nicaragua,53,1,94218.0,0.0,0.0,0.0,0.0,0.0,0.0,,0,2018-02-26
Nicaragua,96,1,95044.0,0.0,0.0,0.0,0.0,0.0,0.0,,0,2018-12-24
Norway,1,5,28039337.0,0.0,0.0,0.0,0.0,0.0,0.0,2018-03-21,56,2017-02-27
Norway,2,7,40228156.0,0.0,0.0,0.0,0.0,0.0,0.0,2018-03-21,56,2017-03-06
Norway,3,7,40390406.0,0.0,0.0,0.0,0.0,0.0,0.0,2018-03-21,56,2017-03-13
Norway,4,7,40923583.0,0.0,0.0,0.0,0.0,0.0,0.0,2018-03-21,56,2017-03-20
Norway,5,7,40070391.0,0.0,0.0,0.0,0.0,0.0,0.0,2018-03-21,56,2017-03-27
Norway,6,7,40426125.0,153662.0,3.0,153662.0,0.0038010568660736097,0.42857142857142855,0.0038010568660736097,2018-03-21,56,2017-04-03
Norway,7,7,35934831.0,409970.0,7.0,409970.0,0.011408708169519428,1.0,0.011408708169519428,2018-03-21,56,2017-04-10
Norway,8,7,39835618.0,410432.0,7.0,410432.0,0.010303141274223486,1.0,0.010303141274223486,2018-03-21,56,2017-04-17
Norway,9,7,42857066.0,384019.0,7.0,384019.0,0.008960459402423862,1.0,0.008960459402423862,2018-03-21,56,2017-04-24
Norway,10,7,44764912.0,446989.0,12.0,446989.0,0.009985253629003002,1.7142857142857142,0.009985253629003002,2018-03-21,56,2017-05-01
Norway,11,7,43360462.0,559229.0,18.0,501731.0,0.01289721036643936,2.5714285714285716,0.01157116360983423,2018-03-21,56,2017-05-08
Norway,12,7,42391035.0,472689.0,14.0,472689.0,0.0111506831574176,2.0,0.0111506831574176,2018-03-21,56,2017-05-15
Norway,13,7,45227478.0,482052.0,14.0,482052.0,0.010658387805749417,2.0,0.010658387805749417,2018-03-21,56,2017-05-22
Norway,14,4,24319350.0,213077.0,6.0,213077.0,0.008761623974324971,1.5,0.008761623974324971,2018-03-21,56,2017-05-29
Norway,15,7,42409549.0,350194.0,10.0,350194.0,0.00825743277769825,1.4285714285714286,0.00825743277769825,2018-03-21,56,2017-06-05
Norway,16,7,43625882.0,307028.0,8.0,307028.0,0.007037748829926235,1.1428571428571428,0.007037748829926235,2018-03-21,56,2017-06-12
Norway,17,7,43730972.0,263459.0,7.0,263459.0,0.006024540227461672,1.0,0.006024540227461672,2018-03-21,56,2017-06-19
Norway,18,7,43965105.0,193322.0,7.0,193322.0,0.00439716907306374,1.0,0.00439716907306374,2018-03-21,56,2017-06-26
Norway,19,7,40774389.0,155452.0,7.0,155452.0,0.0038124912184459713,1.0,0.0038124912184459713,2018-03-21,56,2017-07-03
Norway,20,7,39064645.0,144862.0,7.0,144862.0,0.0037082635718307436,1.0,0.0037082635718307436,2018-03-21,56,2017-07-10
Norway,21,7,38287624.0,137995.0,7.0,137995.0,0.0036041672369118544,1.0,0.0036041672369118544,2018-03-21,56,2017-07-17
Norway,22,7,36795153.0,132996.0,7.0,132996.0,0.0036144978117090584,1.0,0.0036144978117090584,2018-03-21,56,2017-07-24
Norway,23,7,36187261.0,128508.0,7.0,128508.0,0.003551194438285893,1.0,0.003551194438285893,2018-03-21,56,2017-07-31
Norway,24,7,36167934.0,123390.0,7.0,123390.0,0.0034115855221368186,1.0,0.0034115855221368186,2018-03-21,56,2017-08-07
Norway,25,7,35753166.0,114697.0,7.0,114697.0,0.0032080235915331245,1.0,0.0032080235915331245,2018-03-21,56,2017-08-14
Norway,26,7,35800293.0,108495.0,7.0,108495.0,0.003030561788977537,1.0,0.003030561788977537,2018-03-21,56,2017-08-21
Norway,27,7,37116546.0,108473.0,7.0,108473.0,0.0029224971526175952,1.0,0.0029224971526175952,2018-03-21,56,2017-08-28
Norway,28,7,36557084.0,107262.0,7.0,107262.0,0.0029340961658758124,1.0,0.0029340961658758124,2018-03-21,56,2017-09-04
Norway,29,7,36820535.0,104757.0,7.0,104757.0,0.0028450700132412526,1.0,0.0028450700132412526,2018-03-21,56,2017-09-11
Norway,30,7,38113823.0,104031.0,7.0,104031.0,0.002729482161891763,1.0,0.002729482161891763,2018-03-21,56,2017-09-18
Norway,31,7,38397163.0,100652.0,7.0,100652.0,0.0026213394984415904,1.0,0.0026213394984415904,2018-03-21,56,2017-09-25
Norway,32,7,37637731.0,93080.0,7.0,93080.0,0.0024730502484328824,1.0,0.0024730502484328824,2018-03-21,56,2017-10-02
Norway,33,7,36878372.0,82597.0,7.0,82597.0,0.002239713835523976,1.0,0.002239713835523976,2018-03-21,56,2017-10-09
Norway,34,7,35868668.0,79946.0,7.0,79946.0,0.0022288533268087904,1.0,0.0022288533268087904,2018-03-21,56,2017-10-16
Norway,35,7,35606916.0,78622.0,7.0,78622.0,0.0022080541881245768,1.0,0.0022080541881245768,2018-03-21,56,2017-10-23
Norway,36,7,36071732.0,75390.0,7.0,75390.0,0.002090002221129831,1.0,0.002090002221129831,2018-03-21,56,2017-10-30
Norway,37,7,35613781.0,79452.0,7.0,79452.0,0.0022309341431621652,1.0,0.0022309341431621652,2018-03-21,56,2017-11-06
Norway,38,7,34910208.0,82896.0,7.0,82896.0,0.002374549014431538,1.0,0.002374549014431538,2018-03-21,56,2017-11-13
Norway,39,7,34423669.0,82038.0,7.0,82038.0,0.0023831858248462706,1.0,0.0023831858248462706,2018-03-21,56,2017-11-20
Norway,40,7,38536932.0,32758.0,3.0,32758.0,0.0008500417210171271,0.42857142857142855,0.0008500417210171271,2018-03-21,56,2017-11-27
Norway,41,7,39004175.0,12335.0,1.0,12335.0,0.00031624819650716876,0.14285714285714285,0.00031624819650716876,2018-03-21,56,2017-12-04
Norway,42,7,39769351.0,0.0,0.0,0.0,0.0,0.0,0.0,2018-03-21,56,2017-12-11
Norway,43,7,44306529.0,0.0,0.0,0.0,0.0,0.0,0.0,2018-03-21,56,2017-12-18
Norway,44,7,30330867.0,50189.0,5.0,50189.0,0.00165471695879976,0.7142857142857143,0.00165471695879976,2018-03-21,56,2017-12-25
Norway,45,7,29451019.0,75932.0,7.0,75932.0,0.0025782469530171437,1.0,0.0025782469530171437,2018-03-21,56,2018-01-01
Norway,46,7,33397652.0,80077.0,7.0,80077.0,0.0023976835257760037,1.0,0.0023976835257760037,2018-03-21,56,2018-01-08
Norway,47,7,33581023.0,76973.0,7.0,76973.0,0.002292157686798285,1.0,0.002292157686798285,2018-03-21,56,2018-01-15
Norway,48,7,33586381.0,76923.0,7.0,76923.0,0.002290303322647355,1.0,0.002290303322647355,2018-03-21,56,2018-01-22
Norway,49,7,33384720.0,76153.0,7.0,76153.0,0.0022810734970968756,1.0,0.0022810734970968756,2018-03-21,56,2018-01-29
Norway,50,7,33040433.0,73151.0,7.0,73151.0,0.0022139843022033036,1.0,0.0022139843022033036,2018-03-21,56,2018-02-05
Norway,51,7,33194969.0,71782.0,7.0,71782.0,0.002162436120967608,1.0,0.002162436120967608,2018-03-21,56,2018-02-12
Norway,52,7,32785544.0,71250.0,7.0,71250.0,0.0021732139018342963,1.0,0.0021732139018342963,2018-03-21,56,2018-02-19
Norway,53,7,33018419.0,70921.0,7.0,70921.0,0.002147922346009359,1.0,0.002147922346009359,2018-03-21,56,2018-02-26
Norway,54,7,32724829.0,71915.0,7.0,71915.0,0.002197566868875006,1.0,0.002197566868875006,2018-03-21,56,2018-03-05
Norway,55,7,33284047.0,76096.0,7.0,76096.0,0.0022862604418266803,1.0,0.0022862604418266803,2018-03-21,56,2018-03-12
Norway,56,7,34034437.0,96034.0,7.0,96034.0,0.002821671473513724,1.0,0.002821671473513724,2018-03-21,56,2018-03-19
Norway,57,7,30315944.0,72911.0,7.0,72911.0,0.0024050380882086335,1.0,0.0024050380882086335,2018-03-21,56,2018-03-26
Norway,58,7,31461262.0,72189.0,7.0,72189.0,0.0022945360551652376,1.0,0.0022945360551652376,2018-03-21,56,2018-04-02
Norway,59,7,34080146.0,50316.0,5.0,50316.0,0.0014764021257420669,0.7142857142857143,0.0014764021257420669,2018-03-21,56,2018-04-09
Norway,60,7,36230371.0,0.0,0.0,0.0,0.0,0.0,0.0,2018-03-21,56,2018-04-16
Norway,61,7,38103412.0,0.0,0.0,0.0,0.0,0.0,0.0,2018-03-21,56,2018-04-23
Norway,62,7,35336535.0,0.0,0.0,0.0,0.0,0.0,0.0,2018-03-21,56,2018-04-30
Norway,63,7,36423654.0,0.0,0.0,0.0,0.0,0.0,0.0,2018-03-21,56,2018-05-07
Norway,64,7,36344531.0,0.0,0.0,0.0,0.0,0.0,0.0,2018-03-21,56,2018-05-14
Norway,65,7,37358367.0,0.0,0.0,0.0,0.0,0.0,0.0,2018-03-21,56,2018-05-21
Norway,66,7,41641694.0,0.0,0.0,0.0,0.0,0.0,0.0,2018-03-21,56,2018-05-28
Norway,67,7,40959132.0,0.0,0.0,0.0,0.0,0.0,0.0,2018-03-21,56,2018-06-04
Norway,68,7,38938215.0,0.0,0.0,0.0,0.0,0.0,0.0,2018-03-21,56,2018-06-11
Norway,69,7,41392601.0,0.0,0.0,0.0,0.0,0.0,0.0,2018-03-21,56,2018-06-18
Norway,70,7,40845937.0,0.0,0.0,0.0,0.0,0.0,0.0,2018-03-21,56,2018-06-25
Norway,71,7,37915238.0,0.0,0.0,0.0,0.0,0.0,0.0,2018-03-21,56,2018-07-02
Norway,72,7,36091658.0,9446.0,1.0,9446.0,0.00026172252879044794,0.14285714285714285,0.00026172252879044794,2018-03-21,56,2018-07-09
Norway,73,7,35666203.0,0.0,0.0,0.0,0.0,0.0,0.0,2018-03-21,56,2018-07-16
Norway,74,7,34708810.0,0.0,0.0,0.0,0.0,0.0,0.0,2018-03-21,56,2018-07-23
Norway,75,7,35328571.0,0.0,0.0,0.0,0.0,0.0,0.0,2018-03-21,56,2018-07-30
Norway,76,7,33240067.0,0.0,0.0,0.0,0.0,0.0,0.0,2018-03-21,56,2018-08-06
Norway,77,7,31776660.0,0.0,0.0,0.0,0.0,0.0,0.0,2018-03-21,56,2018-08-13
Norway,78,7,30845619.0,0.0,0.0,0.0,0.0,0.0,0.0,2018-03-21,56,2018-08-20
Norway,79,7,31910112.0,0.0,0.0,0.0,0.0,0.0,0.0,2018-03-21,56,2018-08-27
Norway,80,7,32234424.0,0.0,0.0,0.0,0.0,0.0,0.0,2018-03-21,56,2018-09-03
Norway,81,7,31913513.0,0.0,0.0,0.0,0.0,0.0,0.0,2018-03-21,56,2018-09-10
Norway,82,7,32270831.0,8009.0,1.0,8009.0,0.0002481807797264347,0.14285714285714285,0.0002481807797264347,2018-03-21,56,2018-09-17
Norway,83,7,32147722.0,0.0,0.0,0.0,0.0,0.0,0.0,2018-03-21,56,2018-09-24
Norway,84,7,32383496.0,0.0,0.0,0.0,0.0,0.0,0.0,2018-03-21,56,2018-10-01
Norway,85,7,33029627.0,0.0,0.0,0.0,0.0,0.0,0.0,2018-03-21,56,2018-10-08
Norway,86,7,33767560.0,0.0,0.0,0.0,0.0,0.0,0.0,2018-03-21,56,2018-10-15
Norway,87,7,33595382.0,0.0,0.0,0.0,0.0,0.0,0.0,2018-03-21,56,2018-10-22
Norway,88,7,32600165.0,0.0,0.0,0.0,0.0,0.0,0.0,2018-03-21,56,2018-10-29
Norway,89,7,33488922.0,0.0,0.0,0.0,0.0,0.0,0.0,2018-03-21,56,2018-11-05
Norway,90,7,33110338.0,0.0,0.0,0.0,0.0,0.0,0.0,2018-03-21,56,2018-11-12
Norway,91,7,36069562.0,0.0,0.0,0.0,0.0,0.0,0.0,2018-03-21,56,2018-11-19
Norway,92,7,40465107.0,0.0,0.0,0.0,0.0,0.0,0.0,2018-03-21,56,2018-11-26
Norway,93,7,41466138.0,0.0,0.0,0.0,0.0,0.0,0.0,2018-03-21,56,2018-12-03
Norway,94,7,39742783.0,0.0,0.0,0.0,0.0,0.0,0.0,2018-03-21,56,2018-12-10
Norway,95,7,43547154.0,0.0,0.0,0.0,0.0,0.0,0.0,2018-03-21,56,2018-12-17
Norway,96,7,31260092.0,0.0,0.0,0.0,0.0,0.0,0.0,2018-03-21,56,2018-12-24
Norway,97,1,5232679.0,0.0,0.0,0.0,0.0,0.0,0.0,2018-03-21,56,2018-12-31
Panama,1,5,1542651.0,0.0,0.0,0.0,0.0,0.0,0.0,,0,2017-02-27
Panama,2,7,2244359.0,0.0,0.0,0.0,0.0,0.0,0.0,,0,2017-03-06
Panama,3,7,2194332.0,0.0,0.0,0.0,0.0,0.0,0.0,,0,2017-03-13
Panama,4,7,2135578.0,0.0,0.0,0.0,0.0,0.0,0.0,,0,2017-03-20
Panama,5,7,2174517.0,0.0,0.0,0.0,0.0,0.0,0.0,,0,2017-03-27
Panama,6,7,2171268.0,5070.0,3.0,5070.0,0.0023350410911964804,0.42857142857142855,0.0023350410911964804,,0,2017-04-03
Panama,7,7,2052147.0,11062.0,7.0,11062.0,0.005390452048513094,1.0,0.005390452048513094,,0,2017-04-10
Panama,8,7,2149280.0,10246.0,7.0,10246.0,0.004767177845604109,1.0,0.004767177845604109,,0,2017-04-17
Panama,9,7,2284535.0,10729.0,7.0,10729.0,0.0046963605285101784,1.0,0.0046963605285101784,,0,2017-04-24
Panama,10,7,2243896.0,12112.0,7.0,12112.0,0.005397754619643691,1.0,0.005397754619643691,,0,2017-05-01
Panama,11,7,2285201.0,13639.0,7.0,13639.0,0.00596840277944916,1.0,0.00596840277944916,,0,2017-05-08
Panama,12,7,2322879.0,15591.0,7.0,15591.0,0.006711929463394348,1.0,0.006711929463394348,,0,2017-05-15
Panama,13,7,2283304.0,17394.0,7.0,17394.0,0.007617908084074657,1.0,0.007617908084074657,,0,2017-05-22
Panama,14,4,1287598.0,8519.0,4.0,8519.0,0.006616195427454842,1.0,0.006616195427454842,,0,2017-05-29
Panama,15,7,2333134.0,13329.0,7.0,13329.0,0.005712916617733915,1.0,0.005712916617733915,,0,2017-06-05
Panama,16,7,2301719.0,12166.0,7.0,12166.0,0.0052856147948554975,1.0,0.0052856147948554975,,0,2017-06-12
Panama,17,7,2293679.0,11099.0,7.0,11099.0,0.004838950873247739,1.0,0.004838950873247739,,0,2017-06-19
Panama,18,7,2322294.0,10461.0,7.0,10461.0,0.004504597609088255,1.0,0.004504597609088255,,0,2017-06-26
Panama,19,7,2566316.0,9012.0,7.0,9012.0,0.003511648604458687,1.0,0.003511648604458687,,0,2017-07-03
Panama,20,7,2530021.0,6988.0,6.0,6988.0,0.002762032410007664,0.8571428571428571,0.002762032410007664,,0,2017-07-10
Panama,21,7,2537605.0,6326.0,6.0,6326.0,0.00249290177155231,0.8571428571428571,0.00249290177155231,,0,2017-07-17
Panama,22,7,2533650.0,5072.0,5.0,5072.0,0.002001855031278985,0.7142857142857143,0.002001855031278985,,0,2017-07-24
Panama,23,7,2664457.0,1043.0,1.0,1043.0,0.0003914493647298493,0.14285714285714285,0.0003914493647298493,,0,2017-07-31
Panama,24,7,2748299.0,0.0,0.0,0.0,0.0,0.0,0.0,,0,2017-08-07
Panama,25,7,2717527.0,0.0,0.0,0.0,0.0,0.0,0.0,,0,2017-08-14
Panama,26,7,2758927.0,0.0,0.0,0.0,0.0,0.0,0.0,,0,2017-08-21
Panama,27,7,2879004.0,0.0,0.0,0.0,0.0,0.0,0.0,,0,2017-08-28
Panama,28,7,2797922.0,0.0,0.0,0.0,0.0,0.0,0.0,,0,2017-09-04
Panama,29,7,2968927.0,0.0,0.0,0.0,0.0,0.0,0.0,,0,2017-09-11
Panama,30,7,2784137.0,0.0,0.0,0.0,0.0,0.0,0.0,,0,2017-09-18
Panama,31,7,2716114.0,0.0,0.0,0.0,0.0,0.0,0.0,,0,2017-09-25
Panama,32,7,2608613.0,0.0,0.0,0.0,0.0,0.0,0.0,,0,2017-10-02
Panama,33,7,2422615.0,0.0,0.0,0.0,0.0,0.0,0.0,,0,2017-10-09
Panama,34,7,2583327.0,0.0,0.0,0.0,0.0,0.0,0.0,,0,2017-10-16
Panama,35,7,2558840.0,0.0,0.0,0.0,0.0,0.0,0.0,,0,2017-10-23
Panama,36,7,2587411.0,0.0,0.0,0.0,0.0,0.0,0.0,,0,2017-10-30
Panama,37,7,2473273.0,0.0,0.0,0.0,0.0,0.0,0.0,,0,2017-11-06
Panama,38,7,2501755.0,0.0,0.0,0.0,0.0,0.0,0.0,,0,2017-11-13
Panama,39,7,2905358.0,0.0,0.0,0.0,0.0,0.0,0.0,,0,2017-11-20
Panama,40,7,2813412.0,0.0,0.0,0.0,0.0,0.0,0.0,,0,2017-11-27
Panama,41,7,2966001.0,0.0,0.0,0.0,0.0,0.0,0.0,,0,2017-12-04
Panama,42,7,3110585.0,0.0,0.0,0.0,0.0,0.0,0.0,,0,2017-12-11
Panama,43,7,3181292.0,0.0,0.0,0.0,0.0,0.0,0.0,,0,2017-12-18
Panama,44,7,3191028.0,0.0,0.0,0.0,0.0,0.0,0.0,,0,2017-12-25
Panama,45,7,3084439.0,0.0,0.0,0.0,0.0,0.0,0.0,,0,2018-01-01
Panama,46,7,3215924.0,0.0,0.0,0.0,0.0,0.0,0.0,,0,2018-01-08
Panama,47,7,3255069.0,0.0,0.0,0.0,0.0,0.0,0.0,,0,2018-01-15
Panama,48,7,3158969.0,0.0,0.0,0.0,0.0,0.0,0.0,,0,2018-01-22
Panama,49,7,3214091.0,0.0,0.0,0.0,0.0,0.0,0.0,,0,2018-01-29
Panama,50,7,3268754.0,0.0,0.0,0.0,0.0,0.0,0.0,,0,2018-02-05
Panama,51,7,2668165.0,0.0,0.0,0.0,0.0,0.0,0.0,,0,2018-02-12
Panama,52,7,2943044.0,0.0,0.0,0.0,0.0,0.0,0.0,,0,2018-02-19
Panama,53,7,3034546.0,0.0,0.0,0.0,0.0,0.0,0.0,,0,2018-02-26
Panama,54,7,2891767.0,0.0,0.0,0.0,0.0,0.0,0.0,,0,2018-03-05
Panama,55,7,2759674.0,0.0,0.0,0.0,0.0,0.0,0.0,,0,2018-03-12
Panama,56,7,2668878.0,0.0,0.0,0.0,0.0,0.0,0.0,,0,2018-03-19
Panama,57,7,2622081.0,0.0,0.0,0.0,0.0,0.0,0.0,,0,2018-03-26
Panama,58,7,2595022.0,0.0,0.0,0.0,0.0,0.0,0.0,,0,2018-04-02
Panama,59,7,2537500.0,0.0,0.0,0.0,0.0,0.0,0.0,,0,2018-04-09
Panama,60,7,2680980.0,0.0,0.0,0.0,0.0,0.0,0.0,,0,2018-04-16
Panama,61,7,2561117.0,0.0,0.0,0.0,0.0,0.0,0.0,,0,2018-04-23
Panama,62,7,2408342.0,0.0,0.0,0.0,0.0,0.0,0.0,,0,2018-04-30
Panama,63,7,2507011.0,0.0,0.0,0.0,0.0,0.0,0.0,,0,2018-05-07
Panama,64,7,2511918.0,0.0,0.0,0.0,0.0,0.0,0.0,,0,2018-05-14
Panama,65,7,2516197.0,0.0,0.0,0.0,0.0,0.0,0.0,,0,2018-05-21
Panama,66,7,2647661.0,0.0,0.0,0.0,0.0,0.0,0.0,,0,2018-05-28
Panama,67,7,2547164.0,0.0,0.0,0.0,0.0,0.0,0.0,,0,2018-06-04
Panama,68,7,2332565.0,0.0,0.0,0.0,0.0,0.0,0.0,,0,2018-06-11
Panama,69,7,2496402.0,0.0,0.0,0.0,0.0,0.0,0.0,,0,2018-06-18
Panama,70,7,2714739.0,0.0,0.0,0.0,0.0,0.0,0.0,,0,2018-06-25
Panama,71,7,3074740.0,0.0,0.0,0.0,0.0,0.0,0.0,,0,2018-07-02
Panama,72,7,3153681.0,0.0,0.0,0.0,0.0,0.0,0.0,,0,2018-07-09
Panama,73,7,3431474.0,0.0,0.0,0.0,0.0,0.0,0.0,,0,2018-07-16
Panama,74,7,3283341.0,0.0,0.0,0.0,0.0,0.0,0.0,,0,2018-07-23
Panama,75,7,3327596.0,0.0,0.0,0.0,0.0,0.0,0.0,,0,2018-07-30
Panama,76,7,3368965.0,0.0,0.0,0.0,0.0,0.0,0.0,,0,2018-08-06
Panama,77,7,3342708.0,0.0,0.0,0.0,0.0,0.0,0.0,,0,2018-08-13
Panama,78,7,3525996.0,0.0,0.0,0.0,0.0,0.0,0.0,,0,2018-08-20
Panama,79,7,3763280.0,0.0,0.0,0.0,0.0,0.0,0.0,,0,2018-08-27
Panama,80,7,3705314.0,0.0,0.0,0.0,0.0,0.0,0.0,,0,2018-09-03
Panama,81,7,3533287.0,0.0,0.0,0.0,0.0,0.0,0.0,,0,2018-09-10
Panama,82,7,3643142.0,0.0,0.0,0.0,0.0,0.0,0.0,,0,2018-09-17
Panama,83,7,3609559.0,0.0,0.0,0.0,0.0,0.0,0.0,,0,2018-09-24
Panama,84,7,3728541.0,0.0,0.0,0.0,0.0,0.0,0.0,,0,2018-10-01
Panama,85,7,3658144.0,0.0,0.0,0.0,0.0,0.0,0.0,,0,2018-10-08
Panama,86,7,3781520.0,0.0,0.0,0.0,0.0,0.0,0.0,,0,2018-10-15
Panama,87,7,3684289.0,0.0,0.0,0.0,0.0,0.0,0.0,,0,2018-10-22
Panama,88,7,3744146.0,0.0,0.0,0.0,0.0,0.0,0.0,,0,2018-10-29
Panama,89,7,3638985.0,0.0,0.0,0.0,0.0,0.0,0.0,,0,2018-11-05
Panama,90,7,3731411.0,0.0,0.0,0.0,0.0,0.0,0.0,,0,2018-11-12
Panama,91,7,3761947.0,0.0,0.0,0.0,0.0,0.0,0.0,,0,2018-11-19
Panama,92,7,3731699.0,0.0,0.0,0.0,0.0,0.0,0.0,,0,2018-11-26
Panama,93,7,4075427.0,0.0,0.0,0.0,0.0,0.0,0.0,,0,2018-12-03
Panama,94,7,4262019.0,0.0,0.0,0.0,0.0,0.0,0.0,,0,2018-12-10
Panama,95,7,4282846.0,0.0,0.0,0.0,0.0,0.0,0.0,,0,2018-12-17
Panama,96,7,4672730.0,0.0,0.0,0.0,0.0,0.0,0.0,,0,2018-12-24
Panama,97,1,680718.0,0.0,0.0,0.0,0.0,0.0,0.0,,0,2018-12-31
Paraguay,1,5,1895439.0,0.0,0.0,0.0,0.0,0.0,0.0,,0,2017-02-27
Paraguay,2,7,2788745.0,0.0,0.0,0.0,0.0,0.0,0.0,,0,2017-03-06
Paraguay,3,7,2651149.0,0.0,0.0,0.0,0.0,0.0,0.0,,0,2017-03-13
Paraguay,4,7,2517037.0,0.0,0.0,0.0,0.0,0.0,0.0,,0,2017-03-20
Paraguay,5,7,2479236.0,0.0,0.0,0.0,0.0,0.0,0.0,,0,2017-03-27
Paraguay,6,7,2513637.0,5732.0,3.0,5732.0,0.0022803610863461987,0.42857142857142855,0.0022803610863461987,,0,2017-04-03
Paraguay,7,7,2335319.0,11619.0,7.0,11619.0,0.0049753374164300465,1.0,0.0049753374164300465,,0,2017-04-10
Paraguay,8,7,2480143.0,10697.0,7.0,10697.0,0.004313057755137506,1.0,0.004313057755137506,,0,2017-04-17
Paraguay,9,7,2582717.0,10690.0,7.0,10690.0,0.004139052013828848,1.0,0.004139052013828848,,0,2017-04-24
Paraguay,10,7,2863496.0,11924.0,7.0,11924.0,0.004164140616924207,1.0,0.004164140616924207,,0,2017-05-01
Paraguay,11,7,2896993.0,16855.0,9.0,15707.0,0.0058181017351439926,1.2857142857142858,0.005421828772109563,,0,2017-05-08
Paraguay,12,7,2762778.0,15549.0,7.0,15549.0,0.005628030916707749,1.0,0.005628030916707749,,0,2017-05-15
Paraguay,13,7,2810229.0,16476.0,7.0,16476.0,0.005862867403332611,1.0,0.005862867403332611,,0,2017-05-22
Paraguay,14,4,1419604.0,8474.0,4.0,8474.0,0.00596927030354944,1.0,0.00596927030354944,,0,2017-05-29
Paraguay,15,7,2656756.0,15589.0,7.0,15589.0,0.005867682241048858,1.0,0.005867682241048858,,0,2017-06-05
Paraguay,16,7,2933114.0,15369.0,7.0,15369.0,0.005239823614083872,1.0,0.005239823614083872,,0,2017-06-12
Paraguay,17,7,2927953.0,14533.0,7.0,14533.0,0.004963535958398239,1.0,0.004963535958398239,,0,2017-06-19
Paraguay,18,7,3086457.0,14223.0,7.0,14223.0,0.004608196388285986,1.0,0.004608196388285986,,0,2017-06-26
Paraguay,19,7,3465712.0,12945.0,7.0,12945.0,0.0037351632218718695,1.0,0.0037351632218718695,,0,2017-07-03
Paraguay,20,7,3656950.0,11887.0,7.0,11887.0,0.0032505229767976047,1.0,0.0032505229767976047,,0,2017-07-10
Paraguay,21,7,3085333.0,10573.0,7.0,10573.0,0.003426858624336498,1.0,0.003426858624336498,,0,2017-07-17
Paraguay,22,7,3604404.0,10443.0,7.0,10443.0,0.002897288983143954,1.0,0.002897288983143954,,0,2017-07-24
Paraguay,23,7,3317563.0,10072.0,7.0,10072.0,0.003035963446662505,1.0,0.003035963446662505,,0,2017-07-31
Paraguay,24,7,3509164.0,8679.0,6.0,8679.0,0.002473238640314331,0.8571428571428571,0.002473238640314331,,0,2017-08-07
Paraguay,25,7,3403192.0,8791.0,7.0,8791.0,0.002583163100994596,1.0,0.002583163100994596,,0,2017-08-14
Paraguay,26,7,3462985.0,7491.0,6.0,7491.0,0.002163162705007385,0.8571428571428571,0.002163162705007385,,0,2017-08-21
Paraguay,27,7,3441016.0,7018.0,6.0,7018.0,0.002039513911007679,0.8571428571428571,0.002039513911007679,,0,2017-08-28
Paraguay,28,7,3368915.0,7086.0,6.0,7086.0,0.0021033478137619977,0.8571428571428571,0.0021033478137619977,,0,2017-09-04
Paraguay,29,7,3062177.0,7058.0,6.0,7058.0,0.00230489615721103,0.8571428571428571,0.00230489615721103,,0,2017-09-11
Paraguay,30,7,3243918.0,7583.0,7.0,7583.0,0.0023376053278782016,1.0,0.0023376053278782016,,0,2017-09-18
Paraguay,31,7,3216230.0,6674.0,6.0,6674.0,0.0020751003504102627,0.8571428571428571,0.0020751003504102627,,0,2017-09-25
Paraguay,32,7,2961688.0,4392.0,4.0,4392.0,0.0014829381082679877,0.5714285714285714,0.0014829381082679877,,0,2017-10-02
Paraguay,33,7,2914998.0,5368.0,5.0,5368.0,0.0018415106974344407,0.7142857142857143,0.0018415106974344407,,0,2017-10-09
Paraguay,34,7,3149373.0,6425.0,6.0,6425.0,0.002040088614463895,0.8571428571428571,0.002040088614463895,,0,2017-10-16
Paraguay,35,7,3160298.0,4135.0,4.0,4135.0,0.0013084209147365216,0.5714285714285714,0.0013084209147365216,,0,2017-10-23
Paraguay,36,7,3329347.0,4152.0,4.0,4152.0,0.0012470913966011953,0.5714285714285714,0.0012470913966011953,,0,2017-10-30
Paraguay,37,7,3793029.0,6450.0,6.0,6450.0,0.0017004879213947481,0.8571428571428571,0.0017004879213947481,,0,2017-11-06
Paraguay,38,7,4102663.0,5552.0,5.0,5552.0,0.001353267377798274,0.7142857142857143,0.001353267377798274,,0,2017-11-13
Paraguay,39,7,4203434.0,4342.0,4.0,4342.0,0.0010329649519892545,0.5714285714285714,0.0010329649519892545,,0,2017-11-20
Paraguay,40,7,4353219.0,2071.0,2.0,2071.0,0.0004757399064921843,0.2857142857142857,0.0004757399064921843,,0,2017-11-27
Paraguay,41,7,4296274.0,3291.0,3.0,3291.0,0.0007660125960308863,0.42857142857142855,0.0007660125960308863,,0,2017-12-04
Paraguay,42,7,4361634.0,0.0,0.0,0.0,0.0,0.0,0.0,,0,2017-12-11
Paraguay,43,7,4541738.0,2204.0,2.0,2204.0,0.0004852767817077956,0.2857142857142857,0.0004852767817077956,,0,2017-12-18
Paraguay,44,7,4765574.0,2118.0,2.0,2118.0,0.00044443754309554315,0.2857142857142857,0.00044443754309554315,,0,2017-12-25
Paraguay,45,7,4567271.0,2041.0,2.0,2041.0,0.00044687516900135773,0.2857142857142857,0.00044687516900135773,,0,2018-01-01
Paraguay,46,7,4645816.0,0.0,0.0,0.0,0.0,0.0,0.0,,0,2018-01-08
Paraguay,47,7,4780632.0,2203.0,2.0,2203.0,0.00046081773288552644,0.2857142857142857,0.00046081773288552644,,0,2018-01-15
Paraguay,48,7,4869121.0,0.0,0.0,0.0,0.0,0.0,0.0,,0,2018-01-22
Paraguay,49,7,5064187.0,1029.0,1.0,1029.0,0.00020319154881128995,0.14285714285714285,0.00020319154881128995,,0,2018-01-29
Paraguay,50,7,5157484.0,0.0,0.0,0.0,0.0,0.0,0.0,,0,2018-02-05
Paraguay,51,7,4979011.0,0.0,0.0,0.0,0.0,0.0,0.0,,0,2018-02-12
Paraguay,52,7,5222980.0,1009.0,1.0,1009.0,0.00019318473361950458,0.14285714285714285,0.00019318473361950458,,0,2018-02-19
Paraguay,53,7,5044647.0,0.0,0.0,0.0,0.0,0.0,0.0,,0,2018-02-26
Paraguay,54,7,3936895.0,0.0,0.0,0.0,0.0,0.0,0.0,,0,2018-03-05
Paraguay,55,7,3481195.0,0.0,0.0,0.0,0.0,0.0,0.0,,0,2018-03-12
Paraguay,56,7,3701814.0,0.0,0.0,0.0,0.0,0.0,0.0,,0,2018-03-19
Paraguay,57,7,3413138.0,0.0,0.0,0.0,0.0,0.0,0.0,,0,2018-03-26
Paraguay,58,7,3842360.0,0.0,0.0,0.0,0.0,0.0,0.0,,0,2018-04-02
Paraguay,59,7,3864297.0,0.0,0.0,0.0,0.0,0.0,0.0,,0,2018-04-09
Paraguay,60,7,3984252.0,0.0,0.0,0.0,0.0,0.0,0.0,,0,2018-04-16
Paraguay,61,7,4018792.0,0.0,0.0,0.0,0.0,0.0,0.0,,0,2018-04-23
Paraguay,62,7,3932826.0,0.0,0.0,0.0,0.0,0.0,0.0,,0,2018-04-30
Paraguay,63,7,3807003.0,0.0,0.0,0.0,0.0,0.0,0.0,,0,2018-05-07
Paraguay,64,7,3450218.0,0.0,0.0,0.0,0.0,0.0,0.0,,0,2018-05-14
Paraguay,65,7,3720082.0,0.0,0.0,0.0,0.0,0.0,0.0,,0,2018-05-21
Paraguay,66,7,3810067.0,0.0,0.0,0.0,0.0,0.0,0.0,,0,2018-05-28
Paraguay,67,7,3849505.0,0.0,0.0,0.0,0.0,0.0,0.0,,0,2018-06-04
Paraguay,68,7,3632281.0,0.0,0.0,0.0,0.0,0.0,0.0,,0,2018-06-11
Paraguay,69,7,4270107.0,0.0,0.0,0.0,0.0,0.0,0.0,,0,2018-06-18
Paraguay,70,7,4295788.0,0.0,0.0,0.0,0.0,0.0,0.0,,0,2018-06-25
Paraguay,71,7,4414122.0,0.0,0.0,0.0,0.0,0.0,0.0,,0,2018-07-02
Paraguay,72,7,4588464.0,0.0,0.0,0.0,0.0,0.0,0.0,,0,2018-07-09
Paraguay,73,7,4867780.0,0.0,0.0,0.0,0.0,0.0,0.0,,0,2018-07-16
Paraguay,74,7,4653747.0,0.0,0.0,0.0,0.0,0.0,0.0,,0,2018-07-23
Paraguay,75,7,4952466.0,0.0,0.0,0.0,0.0,0.0,0.0,,0,2018-07-30
Paraguay,76,7,5008845.0,0.0,0.0,0.0,0.0,0.0,0.0,,0,2018-08-06
Paraguay,77,7,5186479.0,0.0,0.0,0.0,0.0,0.0,0.0,,0,2018-08-13
Paraguay,78,7,4765298.0,0.0,0.0,0.0,0.0,0.0,0.0,,0,2018-08-20
Paraguay,79,7,5106613.0,0.0,0.0,0.0,0.0,0.0,0.0,,0,2018-08-27
Paraguay,80,7,5646136.0,0.0,0.0,0.0,0.0,0.0,0.0,,0,2018-09-03
Paraguay,81,7,5547826.0,0.0,0.0,0.0,0.0,0.0,0.0,,0,2018-09-10
Paraguay,82,7,5741178.0,0.0,0.0,0.0,0.0,0.0,0.0,,0,2018-09-17
Paraguay,83,7,5853552.0,0.0,0.0,0.0,0.0,0.0,0.0,,0,2018-09-24
Paraguay,84,7,5527677.0,0.0,0.0,0.0,0.0,0.0,0.0,,0,2018-10-01
Paraguay,85,7,5756047.0,0.0,0.0,0.0,0.0,0.0,0.0,,0,2018-10-08
Paraguay,86,7,6327635.0,0.0,0.0,0.0,0.0,0.0,0.0,,0,2018-10-15
Paraguay,87,7,6004474.0,0.0,0.0,0.0,0.0,0.0,0.0,,0,2018-10-22
Paraguay,88,7,6025204.0,0.0,0.0,0.0,0.0,0.0,0.0,,0,2018-10-29
Paraguay,89,7,6787079.0,0.0,0.0,0.0,0.0,0.0,0.0,,0,2018-11-05
Paraguay,90,7,6773628.0,0.0,0.0,0.0,0.0,0.0,0.0,,0,2018-11-12
Paraguay,91,7,6976973.0,0.0,0.0,0.0,0.0,0.0,0.0,,0,2018-11-19
Paraguay,92,7,6802432.0,0.0,0.0,0.0,0.0,0.0,0.0,,0,2018-11-26
Paraguay,93,7,6688292.0,0.0,0.0,0.0,0.0,0.0,0.0,,0,2018-12-03
Paraguay,94,7,6755760.0,0.0,0.0,0.0,0.0,0.0,0.0,,0,2018-12-10
Paraguay,95,7,6954907.0,0.0,0.0,0.0,0.0,0.0,0.0,,0,2018-12-17
Paraguay,96,7,7198178.0,0.0,0.0,0.0,0.0,0.0,0.0,,0,2018-12-24
Paraguay,97,1,1077547.0,0.0,0.0,0.0,0.0,0.0,0.0,,0,2018-12-31
Peru,1,5,14062733.0,0.0,0.0,0.0,0.0,0.0,0.0,,0,2017-02-27
Peru,2,7,19396323.0,0.0,0.0,0.0,0.0,0.0,0.0,,0,2017-03-06
Peru,3,7,17826286.0,0.0,0.0,0.0,0.0,0.0,0.0,,0,2017-03-13
Peru,4,7,18744031.0,0.0,0.0,0.0,0.0,0.0,0.0,,0,2017-03-20
Peru,5,7,18985852.0,0.0,0.0,0.0,0.0,0.0,0.0,,0,2017-03-27
Peru,6,7,19343078.0,45214.0,3.0,45214.0,0.0023374770034014234,0.42857142857142855,0.0023374770034014234,,0,2017-04-03
Peru,7,7,18475562.0,76187.0,7.0,76187.0,0.004123663464202064,1.0,0.004123663464202064,,0,2017-04-10
Peru,8,7,19756691.0,62080.0,7.0,62080.0,0.003142226600598248,1.0,0.003142226600598248,,0,2017-04-17
Peru,9,7,19999823.0,62907.0,7.0,62907.0,0.003145377836593854,1.0,0.003145377836593854,,0,2017-04-24
Peru,10,7,20273045.0,69400.0,7.0,69400.0,0.0034232647340347736,1.0,0.0034232647340347736,,0,2017-05-01
Peru,11,7,20670243.0,118191.0,12.0,105664.0,0.005717929876296084,1.7142857142857142,0.005111889589299942,,0,2017-05-08
Peru,12,7,20819038.0,148515.0,14.0,148515.0,0.007133614915348154,2.0,0.007133614915348154,,0,2017-05-15
Peru,13,7,20896344.0,106406.0,8.0,106406.0,0.00509208692199937,1.1428571428571428,0.00509208692199937,,0,2017-05-22
Peru,14,4,11428955.0,47904.0,4.0,47904.0,0.0041914593241464335,1.0,0.0041914593241464335,,0,2017-05-29
Peru,15,7,20396475.0,78144.0,7.0,78144.0,0.0038312502528010353,1.0,0.0038312502528010353,,0,2017-06-05
Peru,16,7,20257211.0,71116.0,7.0,71116.0,0.003510651096046736,1.0,0.003510651096046736,,0,2017-06-12
Peru,17,7,19648155.0,62404.0,7.0,62404.0,0.0031760742929806897,1.0,0.0031760742929806897,,0,2017-06-19
Peru,18,7,19235909.0,55563.0,7.0,55563.0,0.00288850399531418,1.0,0.00288850399531418,,0,2017-06-26
Peru,19,7,20883298.0,51762.0,7.0,51762.0,0.0024786314881873545,1.0,0.0024786314881873545,,0,2017-07-03
Peru,20,7,21466047.0,47435.0,7.0,47435.0,0.0022097687571447132,1.0,0.0022097687571447132,,0,2017-07-10
Peru,21,7,21621315.0,25990.0,4.0,25990.0,0.0012020545466360395,0.5714285714285714,0.0012020545466360395,,0,2017-07-17
Peru,22,7,20944062.0,17230.0,3.0,17230.0,0.0008226675417595689,0.42857142857142855,0.0008226675417595689,,0,2017-07-24
Peru,23,7,21182991.0,24939.0,4.0,24939.0,0.0011773124956716452,0.5714285714285714,0.0011773124956716452,,0,2017-07-31
Peru,24,7,21755385.0,11428.0,2.0,11428.0,0.0005252952315024533,0.2857142857142857,0.0005252952315024533,,0,2017-08-07
Peru,25,7,22746124.0,0.0,0.0,0.0,0.0,0.0,0.0,,0,2017-08-14
Peru,26,7,23113497.0,0.0,0.0,0.0,0.0,0.0,0.0,,0,2017-08-21
Peru,27,7,22227538.0,0.0,0.0,0.0,0.0,0.0,0.0,,0,2017-08-28
Peru,28,7,21219895.0,0.0,0.0,0.0,0.0,0.0,0.0,,0,2017-09-04
Peru,29,7,21241702.0,0.0,0.0,0.0,0.0,0.0,0.0,,0,2017-09-11
Peru,30,7,21424451.0,0.0,0.0,0.0,0.0,0.0,0.0,,0,2017-09-18
Peru,31,7,21441305.0,0.0,0.0,0.0,0.0,0.0,0.0,,0,2017-09-25
Peru,32,7,20372955.0,0.0,0.0,0.0,0.0,0.0,0.0,,0,2017-10-02
Peru,33,7,20109937.0,0.0,0.0,0.0,0.0,0.0,0.0,,0,2017-10-09
Peru,34,7,20933499.0,0.0,0.0,0.0,0.0,0.0,0.0,,0,2017-10-16
Peru,35,7,21456713.0,0.0,0.0,0.0,0.0,0.0,0.0,,0,2017-10-23
Peru,36,7,20873415.0,0.0,0.0,0.0,0.0,0.0,0.0,,0,2017-10-30
Peru,37,7,21347350.0,0.0,0.0,0.0,0.0,0.0,0.0,,0,2017-11-06
Peru,38,7,21734846.0,0.0,0.0,0.0,0.0,0.0,0.0,,0,2017-11-13
Peru,39,7,23341015.0,0.0,0.0,0.0,0.0,0.0,0.0,,0,2017-11-20
Peru,40,7,23692668.0,0.0,0.0,0.0,0.0,0.0,0.0,,0,2017-11-27
Peru,41,7,23477558.0,0.0,0.0,0.0,0.0,0.0,0.0,,0,2017-12-04
Peru,42,7,24060524.0,0.0,0.0,0.0,0.0,0.0,0.0,,0,2017-12-11
Peru,43,7,24493566.0,0.0,0.0,0.0,0.0,0.0,0.0,,0,2017-12-18
Peru,44,7,24318016.0,0.0,0.0,0.0,0.0,0.0,0.0,,0,2017-12-25
Peru,45,7,23885568.0,0.0,0.0,0.0,0.0,0.0,0.0,,0,2018-01-01
Peru,46,7,25396296.0,0.0,0.0,0.0,0.0,0.0,0.0,,0,2018-01-08
Peru,47,7,24832535.0,0.0,0.0,0.0,0.0,0.0,0.0,,0,2018-01-15
Peru,48,7,25316442.0,0.0,0.0,0.0,0.0,0.0,0.0,,0,2018-01-22
Peru,49,7,25015898.0,0.0,0.0,0.0,0.0,0.0,0.0,,0,2018-01-29
Peru,50,7,25797754.0,0.0,0.0,0.0,0.0,0.0,0.0,,0,2018-02-05
Peru,51,7,25305031.0,0.0,0.0,0.0,0.0,0.0,0.0,,0,2018-02-12
Peru,52,7,25499747.0,0.0,0.0,0.0,0.0,0.0,0.0,,0,2018-02-19
Peru,53,7,25979972.0,0.0,0.0,0.0,0.0,0.0,0.0,,0,2018-02-26
Peru,54,7,24720274.0,0.0,0.0,0.0,0.0,0.0,0.0,,0,2018-03-05
Peru,55,7,24267518.0,0.0,0.0,0.0,0.0,0.0,0.0,,0,2018-03-12
Peru,56,7,24882942.0,0.0,0.0,0.0,0.0,0.0,0.0,,0,2018-03-19
Peru,57,7,23820407.0,0.0,0.0,0.0,0.0,0.0,0.0,,0,2018-03-26
Peru,58,7,24764690.0,0.0,0.0,0.0,0.0,0.0,0.0,,0,2018-04-02
Peru,59,7,24685152.0,0.0,0.0,0.0,0.0,0.0,0.0,,0,2018-04-09
Peru,60,7,26197368.0,0.0,0.0,0.0,0.0,0.0,0.0,,0,2018-04-16
Peru,61,7,24731887.0,0.0,0.0,0.0,0.0,0.0,0.0,,0,2018-04-23
Peru,62,7,23460554.0,0.0,0.0,0.0,0.0,0.0,0.0,,0,2018-04-30
Peru,63,7,24424176.0,0.0,0.0,0.0,0.0,0.0,0.0,,0,2018-05-07
Peru,64,7,24110877.0,0.0,0.0,0.0,0.0,0.0,0.0,,0,2018-05-14
Peru,65,7,24435026.0,0.0,0.0,0.0,0.0,0.0,0.0,,0,2018-05-21
Peru,66,7,23450157.0,0.0,0.0,0.0,0.0,0.0,0.0,,0,2018-05-28
Peru,67,7,23918790.0,0.0,0.0,0.0,0.0,0.0,0.0,,0,2018-06-04
Peru,68,7,22381417.0,0.0,0.0,0.0,0.0,0.0,0.0,,0,2018-06-11
Peru,69,7,22542696.0,0.0,0.0,0.0,0.0,0.0,0.0,,0,2018-06-18
Peru,70,7,22693506.0,0.0,0.0,0.0,0.0,0.0,0.0,,0,2018-06-25
Peru,71,7,24286644.0,0.0,0.0,0.0,0.0,0.0,0.0,,0,2018-07-02
Peru,72,7,24426776.0,0.0,0.0,0.0,0.0,0.0,0.0,,0,2018-07-09
Peru,73,7,25258988.0,0.0,0.0,0.0,0.0,0.0,0.0,,0,2018-07-16
Peru,74,7,24919875.0,0.0,0.0,0.0,0.0,0.0,0.0,,0,2018-07-23
Peru,75,7,25344765.0,0.0,0.0,0.0,0.0,0.0,0.0,,0,2018-07-30
Peru,76,7,25394650.0,0.0,0.0,0.0,0.0,0.0,0.0,,0,2018-08-06
Peru,77,7,25825673.0,0.0,0.0,0.0,0.0,0.0,0.0,,0,2018-08-13
Peru,78,7,26316103.0,0.0,0.0,0.0,0.0,0.0,0.0,,0,2018-08-20
Peru,79,7,25900562.0,0.0,0.0,0.0,0.0,0.0,0.0,,0,2018-08-27
Peru,80,7,26785172.0,0.0,0.0,0.0,0.0,0.0,0.0,,0,2018-09-03
Peru,81,7,27048396.0,0.0,0.0,0.0,0.0,0.0,0.0,,0,2018-09-10
Peru,82,7,27044345.0,0.0,0.0,0.0,0.0,0.0,0.0,,0,2018-09-17
Peru,83,6,23225819.0,0.0,0.0,0.0,0.0,0.0,0.0,,0,2018-09-24
Peru,84,7,27737800.0,0.0,0.0,0.0,0.0,0.0,0.0,,0,2018-10-01
Peru,85,7,27437856.0,0.0,0.0,0.0,0.0,0.0,0.0,,0,2018-10-08
Peru,86,7,28705116.0,0.0,0.0,0.0,0.0,0.0,0.0,,0,2018-10-15
Peru,87,7,28592056.0,0.0,0.0,0.0,0.0,0.0,0.0,,0,2018-10-22
Peru,88,7,28211108.0,0.0,0.0,0.0,0.0,0.0,0.0,,0,2018-10-29
Peru,89,7,30531466.0,0.0,0.0,0.0,0.0,0.0,0.0,,0,2018-11-05
Peru,90,7,30090569.0,0.0,0.0,0.0,0.0,0.0,0.0,,0,2018-11-12
Peru,91,7,30337434.0,0.0,0.0,0.0,0.0,0.0,0.0,,0,2018-11-19
Peru,92,7,30040584.0,0.0,0.0,0.0,0.0,0.0,0.0,,0,2018-11-26
Peru,93,7,29826659.0,0.0,0.0,0.0,0.0,0.0,0.0,,0,2018-12-03
Peru,94,7,29922423.0,0.0,0.0,0.0,0.0,0.0,0.0,,0,2018-12-10
Peru,95,7,30209930.0,0.0,0.0,0.0,0.0,0.0,0.0,,0,2018-12-17
Peru,96,7,29526474.0,0.0,0.0,0.0,0.0,0.0,0.0,,0,2018-12-24
Peru,97,1,4389439.0,0.0,0.0,0.0,0.0,0.0,0.0,,0,2018-12-31
Philippines,1,5,49995936.0,0.0,0.0,0.0,0.0,0.0,0.0,2018-05-01,62,2017-02-27
Philippines,2,7,72986951.0,0.0,0.0,0.0,0.0,0.0,0.0,2018-05-01,62,2017-03-06
Philippines,3,7,70355649.0,0.0,0.0,0.0,0.0,0.0,0.0,2018-05-01,62,2017-03-13
Philippines,4,7,67628855.0,0.0,0.0,0.0,0.0,0.0,0.0,2018-05-01,62,2017-03-20
Philippines,5,7,65008525.0,0.0,0.0,0.0,0.0,0.0,0.0,2018-05-01,62,2017-03-27
Philippines,6,7,63770959.0,124078.0,3.0,124078.0,0.001945681889463196,0.42857142857142855,0.001945681889463196,2018-05-01,62,2017-04-03
Philippines,7,7,57118869.0,449322.0,7.0,449322.0,0.00786643727136824,1.0,0.00786643727136824,2018-05-01,62,2017-04-10
Philippines,8,7,60755656.0,510436.0,7.0,510436.0,0.008401456483327248,1.0,0.008401456483327248,2018-05-01,62,2017-04-17
Philippines,9,7,59661707.0,354770.0,7.0,354770.0,0.00594636020052192,1.0,0.00594636020052192,2018-05-01,62,2017-04-24
Philippines,10,7,59673263.0,362944.0,9.0,362944.0,0.006082187930631512,1.2857142857142858,0.006082187930631512,2018-05-01,62,2017-05-01
Philippines,11,7,60705996.0,467958.0,14.0,402011.0,0.0077085960339074245,2.0,0.006622261827316037,2018-05-01,62,2017-05-08
Philippines,12,7,59128576.0,421660.0,9.0,421660.0,0.007131238878473921,1.2857142857142858,0.007131238878473921,2018-05-01,62,2017-05-15
Philippines,13,7,58789692.0,303555.0,7.0,303555.0,0.005163405176540133,1.0,0.005163405176540133,2018-05-01,62,2017-05-22
Philippines,14,4,33345127.0,146872.0,4.0,146872.0,0.0044046016079051075,1.0,0.0044046016079051075,2018-05-01,62,2017-05-29
Philippines,15,7,58982992.0,256374.0,7.0,256374.0,0.004346575026238073,1.0,0.004346575026238073,2018-05-01,62,2017-06-05
Philippines,16,7,59465088.0,228108.0,7.0,228108.0,0.0038359986955707522,1.0,0.0038359986955707522,2018-05-01,62,2017-06-12
Philippines,17,7,60333207.0,179429.0,7.0,179429.0,0.0029739675532248766,1.0,0.0029739675532248766,2018-05-01,62,2017-06-19
Philippines,18,7,59499125.0,157330.0,7.0,157330.0,0.0026442405665629536,1.0,0.0026442405665629536,2018-05-01,62,2017-06-26
Philippines,19,7,61619103.0,18064.0,1.0,18064.0,0.0002931558416226864,0.14285714285714285,0.0002931558416226864,2018-05-01,62,2017-07-03
Philippines,20,7,61968891.0,0.0,0.0,0.0,0.0,0.0,0.0,2018-05-01,62,2017-07-10
Philippines,21,7,61170199.0,0.0,0.0,0.0,0.0,0.0,0.0,2018-05-01,62,2017-07-17
Philippines,22,7,59981899.0,18657.0,1.0,18657.0,0.00031104383674148095,0.14285714285714285,0.00031104383674148095,2018-05-01,62,2017-07-24
Philippines,23,7,60379579.0,0.0,0.0,0.0,0.0,0.0,0.0,2018-05-01,62,2017-07-31
Philippines,24,7,61133172.0,0.0,0.0,0.0,0.0,0.0,0.0,2018-05-01,62,2017-08-07
Philippines,25,7,59902664.0,0.0,0.0,0.0,0.0,0.0,0.0,2018-05-01,62,2017-08-14
Philippines,26,7,59388661.0,0.0,0.0,0.0,0.0,0.0,0.0,2018-05-01,62,2017-08-21
Philippines,27,7,60726972.0,0.0,0.0,0.0,0.0,0.0,0.0,2018-05-01,62,2017-08-28
Philippines,28,7,63505516.0,0.0,0.0,0.0,0.0,0.0,0.0,2018-05-01,62,2017-09-04
Philippines,29,7,65971014.0,0.0,0.0,0.0,0.0,0.0,0.0,2018-05-01,62,2017-09-11
Philippines,30,7,68975468.0,0.0,0.0,0.0,0.0,0.0,0.0,2018-05-01,62,2017-09-18
Philippines,31,7,65979761.0,0.0,0.0,0.0,0.0,0.0,0.0,2018-05-01,62,2017-09-25
Philippines,32,7,64804203.0,0.0,0.0,0.0,0.0,0.0,0.0,2018-05-01,62,2017-10-02
Philippines,33,7,63697120.0,0.0,0.0,0.0,0.0,0.0,0.0,2018-05-01,62,2017-10-09
Philippines,34,7,63951148.0,0.0,0.0,0.0,0.0,0.0,0.0,2018-05-01,62,2017-10-16
Philippines,35,7,63348702.0,0.0,0.0,0.0,0.0,0.0,0.0,2018-05-01,62,2017-10-23
Philippines,36,7,61623485.0,0.0,0.0,0.0,0.0,0.0,0.0,2018-05-01,62,2017-10-30
Philippines,37,7,63406678.0,0.0,0.0,0.0,0.0,0.0,0.0,2018-05-01,62,2017-11-06
Philippines,38,7,61546108.0,0.0,0.0,0.0,0.0,0.0,0.0,2018-05-01,62,2017-11-13
Philippines,39,7,63562419.0,0.0,0.0,0.0,0.0,0.0,0.0,2018-05-01,62,2017-11-20
Philippines,40,7,64494320.0,0.0,0.0,0.0,0.0,0.0,0.0,2018-05-01,62,2017-11-27
Philippines,41,7,66652472.0,0.0,0.0,0.0,0.0,0.0,0.0,2018-05-01,62,2017-12-04
Philippines,42,7,64063631.0,0.0,0.0,0.0,0.0,0.0,0.0,2018-05-01,62,2017-12-11
Philippines,43,7,64708631.0,0.0,0.0,0.0,0.0,0.0,0.0,2018-05-01,62,2017-12-18
Philippines,44,7,63706891.0,0.0,0.0,0.0,0.0,0.0,0.0,2018-05-01,62,2017-12-25
Philippines,45,7,60183463.0,0.0,0.0,0.0,0.0,0.0,0.0,2018-05-01,62,2018-01-01
Philippines,46,7,63945133.0,0.0,0.0,0.0,0.0,0.0,0.0,2018-05-01,62,2018-01-08
Philippines,47,7,63797512.0,0.0,0.0,0.0,0.0,0.0,0.0,2018-05-01,62,2018-01-15
Philippines,48,7,64872559.0,0.0,0.0,0.0,0.0,0.0,0.0,2018-05-01,62,2018-01-22
Philippines,49,7,65623147.0,0.0,0.0,0.0,0.0,0.0,0.0,2018-05-01,62,2018-01-29
Philippines,50,7,67617634.0,0.0,0.0,0.0,0.0,0.0,0.0,2018-05-01,62,2018-02-05
Philippines,51,7,67470361.0,0.0,0.0,0.0,0.0,0.0,0.0,2018-05-01,62,2018-02-12
Philippines,52,7,68892315.0,0.0,0.0,0.0,0.0,0.0,0.0,2018-05-01,62,2018-02-19
Philippines,53,7,68532288.0,0.0,0.0,0.0,0.0,0.0,0.0,2018-05-01,62,2018-02-26
Philippines,54,7,65946753.0,0.0,0.0,0.0,0.0,0.0,0.0,2018-05-01,62,2018-03-05
Philippines,55,7,65032912.0,0.0,0.0,0.0,0.0,0.0,0.0,2018-05-01,62,2018-03-12
Philippines,56,7,64812799.0,0.0,0.0,0.0,0.0,0.0,0.0,2018-05-01,62,2018-03-19
Philippines,57,7,60688301.0,0.0,0.0,0.0,0.0,0.0,0.0,2018-05-01,62,2018-03-26
Philippines,58,7,63354548.0,0.0,0.0,0.0,0.0,0.0,0.0,2018-05-01,62,2018-04-02
Philippines,59,7,63443726.0,0.0,0.0,0.0,0.0,0.0,0.0,2018-05-01,62,2018-04-09
Philippines,60,7,63831766.0,0.0,0.0,0.0,0.0,0.0,0.0,2018-05-01,62,2018-04-16
Philippines,61,7,62513847.0,0.0,0.0,0.0,0.0,0.0,0.0,2018-05-01,62,2018-04-23
Philippines,62,7,62908647.0,0.0,0.0,0.0,0.0,0.0,0.0,2018-05-01,62,2018-04-30
Philippines,63,7,64227901.0,0.0,0.0,0.0,0.0,0.0,0.0,2018-05-01,62,2018-05-07
Philippines,64,7,63837545.0,0.0,0.0,0.0,0.0,0.0,0.0,2018-05-01,62,2018-05-14
Philippines,65,7,65994598.0,0.0,0.0,0.0,0.0,0.0,0.0,2018-05-01,62,2018-05-21
Philippines,66,7,65351406.0,0.0,0.0,0.0,0.0,0.0,0.0,2018-05-01,62,2018-05-28
Philippines,67,7,65111847.0,0.0,0.0,0.0,0.0,0.0,0.0,2018-05-01,62,2018-06-04
Philippines,68,7,64011126.0,0.0,0.0,0.0,0.0,0.0,0.0,2018-05-01,62,2018-06-11
Philippines,69,7,67301220.0,0.0,0.0,0.0,0.0,0.0,0.0,2018-05-01,62,2018-06-18
Philippines,70,7,66848033.0,0.0,0.0,0.0,0.0,0.0,0.0,2018-05-01,62,2018-06-25
Philippines,71,7,64481163.0,0.0,0.0,0.0,0.0,0.0,0.0,2018-05-01,62,2018-07-02
Philippines,72,7,65412558.0,0.0,0.0,0.0,0.0,0.0,0.0,2018-05-01,62,2018-07-09
Philippines,73,7,66394625.0,0.0,0.0,0.0,0.0,0.0,0.0,2018-05-01,62,2018-07-16
Philippines,74,7,66037832.0,0.0,0.0,0.0,0.0,0.0,0.0,2018-05-01,62,2018-07-23
Philippines,75,7,66234191.0,0.0,0.0,0.0,0.0,0.0,0.0,2018-05-01,62,2018-07-30
Philippines,76,7,64776701.0,0.0,0.0,0.0,0.0,0.0,0.0,2018-05-01,62,2018-08-06
Philippines,77,7,65286390.0,0.0,0.0,0.0,0.0,0.0,0.0,2018-05-01,62,2018-08-13
Philippines,78,7,63890327.0,0.0,0.0,0.0,0.0,0.0,0.0,2018-05-01,62,2018-08-20
Philippines,79,7,63250538.0,0.0,0.0,0.0,0.0,0.0,0.0,2018-05-01,62,2018-08-27
Philippines,80,7,62214895.0,0.0,0.0,0.0,0.0,0.0,0.0,2018-05-01,62,2018-09-03
Philippines,81,7,59889013.0,0.0,0.0,0.0,0.0,0.0,0.0,2018-05-01,62,2018-09-10
Philippines,82,7,61289619.0,0.0,0.0,0.0,0.0,0.0,0.0,2018-05-01,62,2018-09-17
Philippines,83,7,63829142.0,0.0,0.0,0.0,0.0,0.0,0.0,2018-05-01,62,2018-09-24
Philippines,84,7,67895950.0,0.0,0.0,0.0,0.0,0.0,0.0,2018-05-01,62,2018-10-01
Philippines,85,7,72356285.0,0.0,0.0,0.0,0.0,0.0,0.0,2018-05-01,62,2018-10-08
Philippines,86,7,71944352.0,0.0,0.0,0.0,0.0,0.0,0.0,2018-05-01,62,2018-10-15
Philippines,87,7,72703361.0,0.0,0.0,0.0,0.0,0.0,0.0,2018-05-01,62,2018-10-22
Philippines,88,7,69215377.0,0.0,0.0,0.0,0.0,0.0,0.0,2018-05-01,62,2018-10-29
Philippines,89,7,72370122.0,0.0,0.0,0.0,0.0,0.0,0.0,2018-05-01,62,2018-11-05
Philippines,90,7,73451334.0,0.0,0.0,0.0,0.0,0.0,0.0,2018-05-01,62,2018-11-12
Philippines,91,7,74134772.0,0.0,0.0,0.0,0.0,0.0,0.0,2018-05-01,62,2018-11-19
Philippines,92,7,73004395.0,0.0,0.0,0.0,0.0,0.0,0.0,2018-05-01,62,2018-11-26
Philippines,93,7,73020911.0,0.0,0.0,0.0,0.0,0.0,0.0,2018-05-01,62,2018-12-03
Philippines,94,7,73106978.0,0.0,0.0,0.0,0.0,0.0,0.0,2018-05-01,62,2018-12-10
Philippines,95,7,72631114.0,0.0,0.0,0.0,0.0,0.0,0.0,2018-05-01,62,2018-12-17
Philippines,96,7,70021665.0,0.0,0.0,0.0,0.0,0.0,0.0,2018-05-01,62,2018-12-24
Philippines,97,1,12094603.0,0.0,0.0,0.0,0.0,0.0,0.0,2018-05-01,62,2018-12-31
Poland,1,5,11048441.0,0.0,0.0,0.0,0.0,0.0,0.0,,0,2017-02-27
Poland,2,7,15072147.0,0.0,0.0,0.0,0.0,0.0,0.0,,0,2017-03-06
Poland,3,7,14175089.0,0.0,0.0,0.0,0.0,0.0,0.0,,0,2017-03-13
Poland,4,7,13557543.0,0.0,0.0,0.0,0.0,0.0,0.0,,0,2017-03-20
Poland,5,7,13177309.0,0.0,0.0,0.0,0.0,0.0,0.0,,0,2017-03-27
Poland,6,7,12924116.0,126418.0,3.0,126418.0,0.00978155875419255,0.42857142857142855,0.00978155875419255,,0,2017-04-03
Poland,7,7,12875727.0,255820.0,7.0,255820.0,0.019868392674060268,1.0,0.019868392674060268,,0,2017-04-10
Poland,8,7,12905917.0,221156.0,7.0,221156.0,0.01713601598398626,1.0,0.01713601598398626,,0,2017-04-17
Poland,9,7,13040209.0,193469.0,7.0,193469.0,0.014836341963537548,1.0,0.014836341963537548,,0,2017-04-24
Poland,10,7,12622562.0,248184.0,13.0,248184.0,0.019661935508813504,1.8571428571428572,0.019661935508813504,,0,2017-05-01
Poland,11,7,13429672.0,744771.0,38.0,384859.0,0.05545712508838637,5.428571428571429,0.02865736408156506,,0,2017-05-08
Poland,12,7,14251274.0,807456.0,70.0,415745.0,0.05665851347746174,10.0,0.029172479597262675,,0,2017-05-15
Poland,13,7,14278544.0,621809.0,65.0,369378.0,0.0435484878570252,9.285714285714286,0.025869444391528995,,0,2017-05-22
Poland,14,4,7911041.0,195987.0,19.0,162430.0,0.02477385719527936,4.75,0.02053206398500526,,0,2017-05-29
Poland,15,7,14376973.0,248638.0,20.0,248638.0,0.017294182857545883,2.857142857142857,0.017294182857545883,,0,2017-06-05
Poland,16,7,14679364.0,187078.0,11.0,187078.0,0.012744285106629961,1.5714285714285714,0.012744285106629961,,0,2017-06-12
Poland,17,7,15793249.0,138320.0,7.0,138320.0,0.00875817255841404,1.0,0.00875817255841404,,0,2017-06-19
Poland,18,7,15269406.0,123834.0,7.0,123834.0,0.008109942194215021,1.0,0.008109942194215021,,0,2017-06-26
Poland,19,7,15008464.0,105394.0,7.0,105394.0,0.007022304214475246,1.0,0.007022304214475246,,0,2017-07-03
Poland,20,7,15099579.0,90111.0,7.0,90111.0,0.005967782280552326,1.0,0.005967782280552326,,0,2017-07-10
Poland,21,7,14903952.0,73722.0,7.0,73722.0,0.004946473257562826,1.0,0.004946473257562826,,0,2017-07-17
Poland,22,7,14963306.0,70963.0,7.0,70963.0,0.0047424680080725475,1.0,0.0047424680080725475,,0,2017-07-24
Poland,23,7,16499566.0,60063.0,7.0,60063.0,0.0036402775685130144,1.0,0.0036402775685130144,,0,2017-07-31
Poland,24,7,15109071.0,58381.0,7.0,58381.0,0.003863970193799473,1.0,0.003863970193799473,,0,2017-08-07
Poland,25,7,14681470.0,55292.0,7.0,55292.0,0.003766107889741286,1.0,0.003766107889741286,,0,2017-08-14
Poland,26,7,15166622.0,53720.0,7.0,53720.0,0.003541988453328632,1.0,0.003541988453328632,,0,2017-08-21
Poland,27,7,15245998.0,51790.0,7.0,51790.0,0.003396957024394205,1.0,0.003396957024394205,,0,2017-08-28
Poland,28,7,14374947.0,48122.0,7.0,48122.0,0.0033476297338696274,1.0,0.0033476297338696274,,0,2017-09-04
Poland,29,7,14599875.0,50198.0,7.0,50198.0,0.0034382486151422528,1.0,0.0034382486151422528,,0,2017-09-11
Poland,30,7,14670865.0,50384.0,7.0,50384.0,0.0034342896618570207,1.0,0.0034342896618570207,,0,2017-09-18
Poland,31,7,14319078.0,58140.0,8.0,51748.0,0.004060317291378677,1.1428571428571428,0.0036139198347826585,,0,2017-09-25
Poland,32,7,14283346.0,47361.0,7.0,47361.0,0.0033158196965893004,1.0,0.0033158196965893004,,0,2017-10-02
Poland,33,7,14366150.0,46043.0,7.0,46043.0,0.0032049644476773525,1.0,0.0032049644476773525,,0,2017-10-09
Poland,34,7,14508541.0,45696.0,7.0,45696.0,0.003149593056944871,1.0,0.003149593056944871,,0,2017-10-16
Poland,35,7,15018283.0,51432.0,7.0,51432.0,0.003424625837720597,1.0,0.003424625837720597,,0,2017-10-23
Poland,36,7,15336032.0,56857.0,7.0,56857.0,0.0037074127127538596,1.0,0.0037074127127538596,,0,2017-10-30
Poland,37,7,15498300.0,58513.0,7.0,58513.0,0.0037754463392759207,1.0,0.0037754463392759207,,0,2017-11-06
Poland,38,7,15690576.0,55517.0,7.0,55517.0,0.0035382384942401093,1.0,0.0035382384942401093,,0,2017-11-13
Poland,39,7,16170436.0,51834.0,7.0,51834.0,0.003205479431723424,1.0,0.003205479431723424,,0,2017-11-20
Poland,40,7,17014616.0,26939.0,4.0,26939.0,0.001583285805568577,0.5714285714285714,0.001583285805568577,,0,2017-11-27
Poland,41,7,18411236.0,48040.0,6.0,48040.0,0.00260927620503045,0.8571428571428571,0.00260927620503045,,0,2017-12-04
Poland,42,7,19086204.0,39554.0,5.0,39554.0,0.00207238694504156,0.7142857142857143,0.00207238694504156,,0,2017-12-11
Poland,43,7,24377010.0,14904.0,2.0,14904.0,0.0006113957372130544,0.2857142857142857,0.0006113957372130544,,0,2017-12-18
Poland,44,7,18352941.0,37550.0,5.0,37550.0,0.002045993609416605,0.7142857142857143,0.002045993609416605,,0,2017-12-25
Poland,45,7,16704478.0,51357.0,7.0,51357.0,0.003074445067963213,1.0,0.003074445067963213,,0,2018-01-01
Poland,46,7,17769498.0,36416.0,5.0,36416.0,0.002049354461223384,0.7142857142857143,0.002049354461223384,,0,2018-01-08
Poland,47,7,17593426.0,26702.0,4.0,26702.0,0.0015177259960623929,0.5714285714285714,0.0015177259960623929,,0,2018-01-15
Poland,48,7,17440561.0,6670.0,1.0,6670.0,0.00038244182626923524,0.14285714285714285,0.00038244182626923524,,0,2018-01-22
Poland,49,7,17661739.0,0.0,0.0,0.0,0.0,0.0,0.0,,0,2018-01-29
Poland,50,7,17336170.0,0.0,0.0,0.0,0.0,0.0,0.0,,0,2018-02-05
Poland,51,7,17592603.0,0.0,0.0,0.0,0.0,0.0,0.0,,0,2018-02-12
Poland,52,7,17808557.0,0.0,0.0,0.0,0.0,0.0,0.0,,0,2018-02-19
Poland,53,7,17986270.0,0.0,0.0,0.0,0.0,0.0,0.0,,0,2018-02-26
Poland,54,7,17888957.0,0.0,0.0,0.0,0.0,0.0,0.0,,0,2018-03-05
Poland,55,7,19070986.0,0.0,0.0,0.0,0.0,0.0,0.0,,0,2018-03-12
Poland,56,7,20356835.0,0.0,0.0,0.0,0.0,0.0,0.0,,0,2018-03-19
Poland,57,7,20180554.0,0.0,0.0,0.0,0.0,0.0,0.0,,0,2018-03-26
Poland,58,7,19659149.0,0.0,0.0,0.0,0.0,0.0,0.0,,0,2018-04-02
Poland,59,7,23845288.0,0.0,0.0,0.0,0.0,0.0,0.0,,0,2018-04-09
Poland,60,7,24985933.0,0.0,0.0,0.0,0.0,0.0,0.0,,0,2018-04-16
Poland,61,7,24324488.0,0.0,0.0,0.0,0.0,0.0,0.0,,0,2018-04-23
Poland,62,7,20996635.0,0.0,0.0,0.0,0.0,0.0,0.0,,0,2018-04-30
Poland,63,7,21302661.0,0.0,0.0,0.0,0.0,0.0,0.0,,0,2018-05-07
Poland,64,7,20676134.0,0.0,0.0,0.0,0.0,0.0,0.0,,0,2018-05-14
Poland,65,7,21161863.0,0.0,0.0,0.0,0.0,0.0,0.0,,0,2018-05-21
Poland,66,7,20840852.0,0.0,0.0,0.0,0.0,0.0,0.0,,0,2018-05-28
Poland,67,7,22224314.0,0.0,0.0,0.0,0.0,0.0,0.0,,0,2018-06-04
Poland,68,7,22457756.0,0.0,0.0,0.0,0.0,0.0,0.0,,0,2018-06-11
Poland,69,7,22817157.0,0.0,0.0,0.0,0.0,0.0,0.0,,0,2018-06-18
Poland,70,7,23155516.0,0.0,0.0,0.0,0.0,0.0,0.0,,0,2018-06-25
Poland,71,7,22769526.0,0.0,0.0,0.0,0.0,0.0,0.0,,0,2018-07-02
Poland,72,7,25392438.0,0.0,0.0,0.0,0.0,0.0,0.0,,0,2018-07-09
Poland,73,7,27625176.0,0.0,0.0,0.0,0.0,0.0,0.0,,0,2018-07-16
Poland,74,7,26481528.0,0.0,0.0,0.0,0.0,0.0,0.0,,0,2018-07-23
Poland,75,7,25818430.0,0.0,0.0,0.0,0.0,0.0,0.0,,0,2018-07-30
Poland,76,7,25297774.0,0.0,0.0,0.0,0.0,0.0,0.0,,0,2018-08-06
Poland,77,7,24926671.0,0.0,0.0,0.0,0.0,0.0,0.0,,0,2018-08-13
Poland,78,7,25179855.0,0.0,0.0,0.0,0.0,0.0,0.0,,0,2018-08-20
Poland,79,7,25632418.0,0.0,0.0,0.0,0.0,0.0,0.0,,0,2018-08-27
Poland,80,7,24184534.0,0.0,0.0,0.0,0.0,0.0,0.0,,0,2018-09-03
Poland,81,7,24118301.0,7809.0,1.0,7809.0,0.0003237790257282219,0.14285714285714285,0.0003237790257282219,,0,2018-09-10
Poland,82,7,24417052.0,48619.0,5.0,48619.0,0.0019911904188925017,0.7142857142857143,0.0019911904188925017,,0,2018-09-17
Poland,83,7,23989921.0,72104.0,7.0,72104.0,0.0030055955582346436,1.0,0.0030055955582346436,,0,2018-09-24
Poland,84,7,24207503.0,45292.0,5.0,45292.0,0.0018709901636695036,0.7142857142857143,0.0018709901636695036,,0,2018-10-01
Poland,85,7,24751687.0,25985.0,3.0,25985.0,0.0010498274319645363,0.42857142857142855,0.0010498274319645363,,0,2018-10-08
Poland,86,7,27730973.0,46072.0,5.0,46072.0,0.0016613913979866483,0.7142857142857143,0.0016613913979866483,,0,2018-10-15
Poland,87,7,30095293.0,49852.0,5.0,49852.0,0.0016564716615319213,0.7142857142857143,0.0016564716615319213,,0,2018-10-22
Poland,88,7,26973019.0,37980.0,4.0,37980.0,0.0014080737495495035,0.5714285714285714,0.0014080737495495035,,0,2018-10-29
Poland,89,7,26824028.0,28558.0,3.0,28558.0,0.0010646424914259709,0.42857142857142855,0.0010646424914259709,,0,2018-11-05
Poland,90,7,24783916.0,9654.0,1.0,9654.0,0.000389526820539579,0.14285714285714285,0.000389526820539579,,0,2018-11-12
Poland,91,7,24557865.0,0.0,0.0,0.0,0.0,0.0,0.0,,0,2018-11-19
Poland,92,7,25839851.0,0.0,0.0,0.0,0.0,0.0,0.0,,0,2018-11-26
Poland,93,7,29681417.0,0.0,0.0,0.0,0.0,0.0,0.0,,0,2018-12-03
Poland,94,7,30845329.0,0.0,0.0,0.0,0.0,0.0,0.0,,0,2018-12-10
Poland,95,7,35904984.0,0.0,0.0,0.0,0.0,0.0,0.0,,0,2018-12-17
Poland,96,7,29633235.0,0.0,0.0,0.0,0.0,0.0,0.0,,0,2018-12-24
Poland,97,1,5449133.0,0.0,0.0,0.0,0.0,0.0,0.0,,0,2018-12-31
Portugal,1,5,6606952.0,0.0,0.0,0.0,0.0,0.0,0.0,,0,2017-02-27
Portugal,2,7,9706520.0,0.0,0.0,0.0,0.0,0.0,0.0,,0,2017-03-06
Portugal,3,7,9567692.0,0.0,0.0,0.0,0.0,0.0,0.0,,0,2017-03-13
Portugal,4,7,9532422.0,0.0,0.0,0.0,0.0,0.0,0.0,,0,2017-03-20
Portugal,5,7,9036831.0,0.0,0.0,0.0,0.0,0.0,0.0,,0,2017-03-27
Portugal,6,7,9030523.0,34982.0,3.0,34982.0,0.00387375127664256,0.42857142857142855,0.00387375127664256,,0,2017-04-03
Portugal,7,7,8768708.0,80501.0,7.0,80501.0,0.009180485882298738,1.0,0.009180485882298738,,0,2017-04-10
Portugal,8,7,8937134.0,88238.0,7.0,88238.0,0.009873187534169232,1.0,0.009873187534169232,,0,2017-04-17
Portugal,9,7,8308871.0,80874.0,7.0,80874.0,0.009733452354718229,1.0,0.009733452354718229,,0,2017-04-24
Portugal,10,7,8316140.0,111482.0,13.0,111482.0,0.013405498223935624,1.8571428571428572,0.013405498223935624,,0,2017-05-01
Portugal,11,7,8363424.0,266759.0,38.0,159752.0,0.03189590770478694,5.428571428571429,0.019101267614795088,,0,2017-05-08
Portugal,12,7,8966559.0,273212.0,53.0,182145.0,0.030470105644762945,7.571428571428571,0.020313812690018546,,0,2017-05-15
Portugal,13,7,8531577.0,193650.0,27.0,178756.0,0.022698031090852253,3.857142857142857,0.02095228115505492,,0,2017-05-22
Portugal,14,4,4568777.0,81558.0,9.0,81558.0,0.017851166734555002,2.25,0.017851166734555002,,0,2017-05-29
Portugal,15,7,8531032.0,138382.0,14.0,138382.0,0.016221015230044853,2.0,0.016221015230044853,,0,2017-06-05
Portugal,16,7,8179287.0,123297.0,14.0,123297.0,0.015074296818292353,2.0,0.015074296818292353,,0,2017-06-12
Portugal,17,7,8170400.0,102912.0,13.0,102912.0,0.012595711348281602,1.8571428571428572,0.012595711348281602,,0,2017-06-19
Portugal,18,7,7850799.0,78993.0,8.0,78993.0,0.010061778425355177,1.1428571428571428,0.010061778425355177,,0,2017-06-26
Portugal,19,7,7863026.0,64957.0,7.0,64957.0,0.008261068957421736,1.0,0.008261068957421736,,0,2017-07-03
Portugal,20,7,8018350.0,61258.0,7.0,61258.0,0.007639726377621331,1.0,0.007639726377621331,,0,2017-07-10
Portugal,21,7,8058574.0,57986.0,7.0,57986.0,0.007195565865623372,1.0,0.007195565865623372,,0,2017-07-17
Portugal,22,7,7827404.0,54704.0,7.0,54704.0,0.006988779421632,1.0,0.006988779421632,,0,2017-07-24
Portugal,23,7,7677281.0,53673.0,7.0,53673.0,0.006991146995922124,1.0,0.006991146995922124,,0,2017-07-31
Portugal,24,7,7557181.0,51204.0,7.0,51204.0,0.00677554236162929,1.0,0.00677554236162929,,0,2017-08-07
Portugal,25,7,7144911.0,44424.0,7.0,44424.0,0.006217572199289817,1.0,0.006217572199289817,,0,2017-08-14
Portugal,26,7,7634844.0,36680.0,7.0,36680.0,0.004804289386921331,1.0,0.004804289386921331,,0,2017-08-21
Portugal,27,7,7968443.0,29289.0,7.0,29289.0,0.0036756239581559407,1.0,0.0036756239581559407,,0,2017-08-28
Portugal,28,7,8131433.0,28619.0,7.0,28619.0,0.003519551842830163,1.0,0.003519551842830163,,0,2017-09-04
Portugal,29,7,7935744.0,27256.0,7.0,27256.0,0.003434586599567728,1.0,0.003434586599567728,,0,2017-09-11
Portugal,30,7,8046332.0,26168.0,7.0,26168.0,0.0032521650859049815,1.0,0.0032521650859049815,,0,2017-09-18
Portugal,31,7,8072776.0,26601.0,8.0,23842.0,0.003295149029280634,1.1428571428571428,0.002953383074174237,,0,2017-09-25
Portugal,32,7,8299007.0,22334.0,7.0,22334.0,0.0026911653406244867,1.0,0.0026911653406244867,,0,2017-10-02
Portugal,33,7,8563728.0,22461.0,7.0,22461.0,0.002622806329206159,1.0,0.002622806329206159,,0,2017-10-09
Portugal,34,7,8553981.0,22824.0,7.0,22824.0,0.002668231318259884,1.0,0.002668231318259884,,0,2017-10-16
Portugal,35,7,8720756.0,22277.0,7.0,22277.0,0.0025544803684451212,1.0,0.0025544803684451212,,0,2017-10-23
Portugal,36,7,8559661.0,19858.0,7.0,19858.0,0.002319951689675561,1.0,0.002319951689675561,,0,2017-10-30
Portugal,37,7,8632094.0,22592.0,7.0,22592.0,0.00261720968284173,1.0,0.00261720968284173,,0,2017-11-06
Portugal,38,7,8578410.0,22042.0,7.0,22042.0,0.0025694738302319427,1.0,0.0025694738302319427,,0,2017-11-13
Portugal,39,7,8473733.0,25900.0,9.0,25900.0,0.0030565041405010047,1.2857142857142858,0.0030565041405010047,,0,2017-11-20
Portugal,40,7,8294186.0,27167.0,10.0,27167.0,0.0032754269074747057,1.4285714285714286,0.0032754269074747057,,0,2017-11-27
Portugal,41,7,8044281.0,34338.0,12.0,34338.0,0.004268622640109166,1.7142857142857142,0.004268622640109166,,0,2017-12-04
Portugal,42,7,8141827.0,27282.0,10.0,27282.0,0.003350844963912891,1.4285714285714286,0.003350844963912891,,0,2017-12-11
Portugal,43,7,8782642.0,11754.0,4.0,11754.0,0.0013383216576515358,0.5714285714285714,0.0013383216576515358,,0,2017-12-18
Portugal,44,7,7943427.0,13857.0,5.0,13857.0,0.0017444611752584873,0.7142857142857143,0.0017444611752584873,,0,2017-12-25
Portugal,45,7,8141008.0,19850.0,7.0,19850.0,0.002438273000100233,1.0,0.002438273000100233,,0,2018-01-01
Portugal,46,7,9189654.0,22636.0,7.0,22636.0,0.0024632048170692825,1.0,0.0024632048170692825,,0,2018-01-08
Portugal,47,7,9119114.0,22068.0,7.0,22068.0,0.0024199719402564768,1.0,0.0024199719402564768,,0,2018-01-15
Portugal,48,7,8771653.0,15046.0,5.0,15046.0,0.0017152981313784301,0.7142857142857143,0.0017152981313784301,,0,2018-01-22
Portugal,49,7,8537913.0,9245.0,3.0,9245.0,0.001082817311443675,0.42857142857142855,0.001082817311443675,,0,2018-01-29
Portugal,50,7,8117030.0,11412.0,4.0,11412.0,0.0014059329582371877,0.5714285714285714,0.0014059329582371877,,0,2018-02-05
Portugal,51,7,8144973.0,2352.0,1.0,2352.0,0.0002887670714193896,0.14285714285714285,0.0002887670714193896,,0,2018-02-12
Portugal,52,7,8499351.0,2860.0,1.0,2860.0,0.00033649628071602176,0.14285714285714285,0.00033649628071602176,,0,2018-02-19
Portugal,53,7,8445507.0,0.0,0.0,0.0,0.0,0.0,0.0,,0,2018-02-26
Portugal,54,7,8368320.0,0.0,0.0,0.0,0.0,0.0,0.0,,0,2018-03-05
Portugal,55,7,7810867.0,0.0,0.0,0.0,0.0,0.0,0.0,,0,2018-03-12
Portugal,56,7,7447049.0,0.0,0.0,0.0,0.0,0.0,0.0,,0,2018-03-19
Portugal,57,7,7446203.0,0.0,0.0,0.0,0.0,0.0,0.0,,0,2018-03-26
Portugal,58,7,7578639.0,0.0,0.0,0.0,0.0,0.0,0.0,,0,2018-04-02
Portugal,59,7,7392228.0,0.0,0.0,0.0,0.0,0.0,0.0,,0,2018-04-09
Portugal,60,7,8218740.0,0.0,0.0,0.0,0.0,0.0,0.0,,0,2018-04-16
Portugal,61,7,8119418.0,0.0,0.0,0.0,0.0,0.0,0.0,,0,2018-04-23
Portugal,62,7,7737383.0,0.0,0.0,0.0,0.0,0.0,0.0,,0,2018-04-30
Portugal,63,7,8091910.0,0.0,0.0,0.0,0.0,0.0,0.0,,0,2018-05-07
Portugal,64,7,8007300.0,0.0,0.0,0.0,0.0,0.0,0.0,,0,2018-05-14
Portugal,65,7,8012563.0,0.0,0.0,0.0,0.0,0.0,0.0,,0,2018-05-21
Portugal,66,7,7883658.0,0.0,0.0,0.0,0.0,0.0,0.0,,0,2018-05-28
Portugal,67,7,8283112.0,0.0,0.0,0.0,0.0,0.0,0.0,,0,2018-06-04
Portugal,68,7,8105221.0,0.0,0.0,0.0,0.0,0.0,0.0,,0,2018-06-11
Portugal,69,7,8783251.0,0.0,0.0,0.0,0.0,0.0,0.0,,0,2018-06-18
Portugal,70,7,8696935.0,0.0,0.0,0.0,0.0,0.0,0.0,,0,2018-06-25
Portugal,71,7,8494526.0,0.0,0.0,0.0,0.0,0.0,0.0,,0,2018-07-02
Portugal,72,7,8264171.0,0.0,0.0,0.0,0.0,0.0,0.0,,0,2018-07-09
Portugal,73,7,8592169.0,0.0,0.0,0.0,0.0,0.0,0.0,,0,2018-07-16
Portugal,74,7,8627195.0,0.0,0.0,0.0,0.0,0.0,0.0,,0,2018-07-23
Portugal,75,7,8913809.0,0.0,0.0,0.0,0.0,0.0,0.0,,0,2018-07-30
Portugal,76,7,8884432.0,0.0,0.0,0.0,0.0,0.0,0.0,,0,2018-08-06
Portugal,77,7,8736133.0,0.0,0.0,0.0,0.0,0.0,0.0,,0,2018-08-13
Portugal,78,7,8715878.0,0.0,0.0,0.0,0.0,0.0,0.0,,0,2018-08-20
Portugal,79,7,8959975.0,0.0,0.0,0.0,0.0,0.0,0.0,,0,2018-08-27
Portugal,80,7,9269163.0,0.0,0.0,0.0,0.0,0.0,0.0,,0,2018-09-03
Portugal,81,7,9248608.0,0.0,0.0,0.0,0.0,0.0,0.0,,0,2018-09-10
Portugal,82,7,9171099.0,0.0,0.0,0.0,0.0,0.0,0.0,,0,2018-09-17
Portugal,83,7,9538243.0,0.0,0.0,0.0,0.0,0.0,0.0,,0,2018-09-24
Portugal,84,7,9839598.0,0.0,0.0,0.0,0.0,0.0,0.0,,0,2018-10-01
Portugal,85,7,10068903.0,0.0,0.0,0.0,0.0,0.0,0.0,,0,2018-10-08
Portugal,86,7,10274124.0,0.0,0.0,0.0,0.0,0.0,0.0,,0,2018-10-15
Portugal,87,7,10044960.0,0.0,0.0,0.0,0.0,0.0,0.0,,0,2018-10-22
Portugal,88,7,9280009.0,0.0,0.0,0.0,0.0,0.0,0.0,,0,2018-10-29
Portugal,89,7,9936092.0,0.0,0.0,0.0,0.0,0.0,0.0,,0,2018-11-05
Portugal,90,7,10128490.0,0.0,0.0,0.0,0.0,0.0,0.0,,0,2018-11-12
Portugal,91,7,9898868.0,0.0,0.0,0.0,0.0,0.0,0.0,,0,2018-11-19
Portugal,92,7,9802571.0,0.0,0.0,0.0,0.0,0.0,0.0,,0,2018-11-26
Portugal,93,7,10096366.0,0.0,0.0,0.0,0.0,0.0,0.0,,0,2018-12-03
Portugal,94,7,9805090.0,0.0,0.0,0.0,0.0,0.0,0.0,,0,2018-12-10
Portugal,95,7,10264849.0,0.0,0.0,0.0,0.0,0.0,0.0,,0,2018-12-17
Portugal,96,7,9750625.0,0.0,0.0,0.0,0.0,0.0,0.0,,0,2018-12-24
Portugal,97,1,1484574.0,0.0,0.0,0.0,0.0,0.0,0.0,,0,2018-12-31
Romania,55,5,921007.0,0.0,0.0,0.0,0.0,0.0,0.0,,0,2018-03-12
Romania,56,7,1161147.0,0.0,0.0,0.0,0.0,0.0,0.0,,0,2018-03-19
Romania,57,7,1138282.0,0.0,0.0,0.0,0.0,0.0,0.0,,0,2018-03-26
Romania,58,7,1084647.0,0.0,0.0,0.0,0.0,0.0,0.0,,0,2018-04-02
Romania,59,7,960553.0,0.0,0.0,0.0,0.0,0.0,0.0,,0,2018-04-09
Romania,60,7,1156515.0,0.0,0.0,0.0,0.0,0.0,0.0,,0,2018-04-16
Romania,61,7,1256899.0,0.0,0.0,0.0,0.0,0.0,0.0,,0,2018-04-23
Romania,62,7,1139669.0,0.0,0.0,0.0,0.0,0.0,0.0,,0,2018-04-30
Romania,63,7,1117082.0,0.0,0.0,0.0,0.0,0.0,0.0,,0,2018-05-07
Romania,64,7,1044184.0,0.0,0.0,0.0,0.0,0.0,0.0,,0,2018-05-14
Romania,65,7,1048063.0,0.0,0.0,0.0,0.0,0.0,0.0,,0,2018-05-21
Romania,66,7,936764.0,0.0,0.0,0.0,0.0,0.0,0.0,,0,2018-05-28
Romania,67,7,1045545.0,0.0,0.0,0.0,0.0,0.0,0.0,,0,2018-06-04
Romania,68,7,1023084.0,0.0,0.0,0.0,0.0,0.0,0.0,,0,2018-06-11
Romania,69,7,1473967.0,0.0,0.0,0.0,0.0,0.0,0.0,,0,2018-06-18
Romania,70,7,1430510.0,0.0,0.0,0.0,0.0,0.0,0.0,,0,2018-06-25
Romania,71,7,1277104.0,0.0,0.0,0.0,0.0,0.0,0.0,,0,2018-07-02
Romania,72,7,1278196.0,0.0,0.0,0.0,0.0,0.0,0.0,,0,2018-07-09
Romania,73,7,1279692.0,0.0,0.0,0.0,0.0,0.0,0.0,,0,2018-07-16
Romania,74,7,1284848.0,0.0,0.0,0.0,0.0,0.0,0.0,,0,2018-07-23
Romania,75,7,1408167.0,0.0,0.0,0.0,0.0,0.0,0.0,,0,2018-07-30
Romania,76,7,1368935.0,0.0,0.0,0.0,0.0,0.0,0.0,,0,2018-08-06
Romania,77,7,1337396.0,0.0,0.0,0.0,0.0,0.0,0.0,,0,2018-08-13
Romania,78,7,1429078.0,0.0,0.0,0.0,0.0,0.0,0.0,,0,2018-08-20
Romania,79,7,1580867.0,0.0,0.0,0.0,0.0,0.0,0.0,,0,2018-08-27
Romania,80,7,1815065.0,0.0,0.0,0.0,0.0,0.0,0.0,,0,2018-09-03
Romania,81,7,1596211.0,0.0,0.0,0.0,0.0,0.0,0.0,,0,2018-09-10
Romania,82,7,1664147.0,0.0,0.0,0.0,0.0,0.0,0.0,,0,2018-09-17
Romania,83,7,1675074.0,0.0,0.0,0.0,0.0,0.0,0.0,,0,2018-09-24
Romania,84,7,1819806.0,0.0,0.0,0.0,0.0,0.0,0.0,,0,2018-10-01
Romania,85,7,1862699.0,0.0,0.0,0.0,0.0,0.0,0.0,,0,2018-10-08
Romania,86,7,1950294.0,0.0,0.0,0.0,0.0,0.0,0.0,,0,2018-10-15
Romania,87,7,2006133.0,0.0,0.0,0.0,0.0,0.0,0.0,,0,2018-10-22
Romania,88,7,2112901.0,0.0,0.0,0.0,0.0,0.0,0.0,,0,2018-10-29
Romania,89,7,2252220.0,0.0,0.0,0.0,0.0,0.0,0.0,,0,2018-11-05
Romania,90,7,2202000.0,0.0,0.0,0.0,0.0,0.0,0.0,,0,2018-11-12
Romania,91,7,2317059.0,0.0,0.0,0.0,0.0,0.0,0.0,,0,2018-11-19
Romania,92,7,2459724.0,0.0,0.0,0.0,0.0,0.0,0.0,,0,2018-11-26
Romania,93,7,2664956.0,0.0,0.0,0.0,0.0,0.0,0.0,,0,2018-12-03
Romania,94,7,2714316.0,0.0,0.0,0.0,0.0,0.0,0.0,,0,2018-12-10
Romania,95,7,3065949.0,0.0,0.0,0.0,0.0,0.0,0.0,,0,2018-12-17
Romania,96,7,2717333.0,0.0,0.0,0.0,0.0,0.0,0.0,,0,2018-12-24
Romania,97,1,424557.0,0.0,0.0,0.0,0.0,0.0,0.0,,0,2018-12-31
Singapore,1,5,10894855.0,0.0,0.0,0.0,0.0,0.0,0.0,2017-11-23,39,2017-02-27
Singapore,2,7,15633101.0,0.0,0.0,0.0,0.0,0.0,0.0,2017-11-23,39,2017-03-06
Singapore,3,7,15316518.0,0.0,0.0,0.0,0.0,0.0,0.0,2017-11-23,39,2017-03-13
Singapore,4,7,14202504.0,0.0,0.0,0.0,0.0,0.0,0.0,2017-11-23,39,2017-03-20
Singapore,5,7,14279792.0,0.0,0.0,0.0,0.0,0.0,0.0,2017-11-23,39,2017-03-27
Singapore,6,7,14240072.0,33721.0,3.0,33721.0,0.0023680357795943727,0.42857142857142855,0.0023680357795943727,2017-11-23,39,2017-04-03
Singapore,7,7,13402629.0,140557.0,7.0,140557.0,0.01048727081828498,1.0,0.01048727081828498,2017-11-23,39,2017-04-10
Singapore,8,7,13942964.0,163182.0,7.0,163182.0,0.011703537354037492,1.0,0.011703537354037492,2017-11-23,39,2017-04-17
Singapore,9,7,14235792.0,153260.0,7.0,153260.0,0.01076582181026528,1.0,0.01076582181026528,2017-11-23,39,2017-04-24
Singapore,10,7,14225953.0,171305.0,12.0,171305.0,0.012041724023691067,1.7142857142857142,0.012041724023691067,2017-11-23,39,2017-05-01
Singapore,11,7,13983068.0,231158.0,23.0,190159.0,0.016531279115570344,3.2857142857142856,0.013599233015243866,2017-11-23,39,2017-05-08
Singapore,12,7,14118432.0,232858.0,20.0,222069.0,0.01649319131189639,2.857142857142857,0.015729012966879043,2017-11-23,39,2017-05-15
Singapore,13,7,14373746.0,197937.0,14.0,197937.0,0.013770731721570702,2.0,0.013770731721570702,2017-11-23,39,2017-05-22
Singapore,14,4,7991417.0,82127.0,4.0,82127.0,0.010276900829977963,1.0,0.010276900829977963,2017-11-23,39,2017-05-29
Singapore,15,7,14325354.0,135148.0,7.0,135148.0,0.009434182219859977,1.0,0.009434182219859977,2017-11-23,39,2017-06-05
Singapore,16,7,14100279.0,123260.0,7.0,123260.0,0.008741670998141243,1.0,0.008741670998141243,2017-11-23,39,2017-06-12
Singapore,17,7,14116909.0,104441.0,7.0,104441.0,0.0073982909431519325,1.0,0.0073982909431519325,2017-11-23,39,2017-06-19
Singapore,18,7,13535279.0,86863.0,7.0,86863.0,0.0064175256380012554,1.0,0.0064175256380012554,2017-11-23,39,2017-06-26
Singapore,19,7,14118291.0,60351.0,7.0,60351.0,0.004274667521727665,1.0,0.004274667521727665,2017-11-23,39,2017-07-03
Singapore,20,7,14235657.0,53831.0,7.0,53831.0,0.00378142013396361,1.0,0.00378142013396361,2017-11-23,39,2017-07-10
Singapore,21,7,14683887.0,50044.0,7.0,50044.0,0.0034080894248232772,1.0,0.0034080894248232772,2017-11-23,39,2017-07-17
Singapore,22,7,14667039.0,46787.0,7.0,46787.0,0.0031899417462515783,1.0,0.0031899417462515783,2017-11-23,39,2017-07-24
Singapore,23,7,14293134.0,43458.0,7.0,43458.0,0.0030404808350638847,1.0,0.0030404808350638847,2017-11-23,39,2017-07-31
Singapore,24,7,13726405.0,40042.0,7.0,40042.0,0.002917151286152492,1.0,0.002917151286152492,2017-11-23,39,2017-08-07
Singapore,25,7,14100109.0,38054.0,7.0,38054.0,0.0026988443848200037,1.0,0.0026988443848200037,2017-11-23,39,2017-08-14
Singapore,26,7,14332511.0,35806.0,7.0,35806.0,0.0024982363523042123,1.0,0.0024982363523042123,2017-11-23,39,2017-08-21
Singapore,27,7,14313861.0,34642.0,7.0,34642.0,0.0024201716084849504,1.0,0.0024201716084849504,2017-11-23,39,2017-08-28
Singapore,28,7,15183842.0,34792.0,7.0,34792.0,0.0022913831690292877,1.0,0.0022913831690292877,2017-11-23,39,2017-09-04
Singapore,29,7,15224226.0,33722.0,7.0,33722.0,0.0022150222940726183,1.0,0.0022150222940726183,2017-11-23,39,2017-09-11
Singapore,30,7,16044807.0,33402.0,7.0,33402.0,0.0020817950630381533,1.0,0.0020817950630381533,2017-11-23,39,2017-09-18
Singapore,31,7,15589955.0,28629.0,6.0,28629.0,0.0018363747682401906,0.8571428571428571,0.0018363747682401906,2017-11-23,39,2017-09-25
Singapore,32,7,15280497.0,31665.0,7.0,31665.0,0.0020722493515754102,1.0,0.0020722493515754102,2017-11-23,39,2017-10-02
Singapore,33,7,14983969.0,8472.0,2.0,8472.0,0.0005654042663862959,0.2857142857142857,0.0005654042663862959,2017-11-23,39,2017-10-09
Singapore,34,7,14584713.0,0.0,0.0,0.0,0.0,0.0,0.0,2017-11-23,39,2017-10-16
Singapore,35,7,15133498.0,0.0,0.0,0.0,0.0,0.0,0.0,2017-11-23,39,2017-10-23
Singapore,36,7,15620085.0,0.0,0.0,0.0,0.0,0.0,0.0,2017-11-23,39,2017-10-30
Singapore,37,7,15774438.0,0.0,0.0,0.0,0.0,0.0,0.0,2017-11-23,39,2017-11-06
Singapore,38,7,15378576.0,0.0,0.0,0.0,0.0,0.0,0.0,2017-11-23,39,2017-11-13
Singapore,39,7,15285543.0,29642.0,6.0,29642.0,0.0019392179917978706,0.8571428571428571,0.0019392179917978706,2017-11-23,39,2017-11-20
Singapore,40,7,15206743.0,0.0,0.0,0.0,0.0,0.0,0.0,2017-11-23,39,2017-11-27
Singapore,41,7,15116781.0,0.0,0.0,0.0,0.0,0.0,0.0,2017-11-23,39,2017-12-04
Singapore,42,7,14517026.0,0.0,0.0,0.0,0.0,0.0,0.0,2017-11-23,39,2017-12-11
Singapore,43,7,14249154.0,0.0,0.0,0.0,0.0,0.0,0.0,2017-11-23,39,2017-12-18
Singapore,44,7,13646143.0,0.0,0.0,0.0,0.0,0.0,0.0,2017-11-23,39,2017-12-25
Singapore,45,7,14551803.0,0.0,0.0,0.0,0.0,0.0,0.0,2017-11-23,39,2018-01-01
Singapore,46,7,15989701.0,0.0,0.0,0.0,0.0,0.0,0.0,2017-11-23,39,2018-01-08
Singapore,47,7,16651930.0,0.0,0.0,0.0,0.0,0.0,0.0,2017-11-23,39,2018-01-15
Singapore,48,7,16300871.0,0.0,0.0,0.0,0.0,0.0,0.0,2017-11-23,39,2018-01-22
Singapore,49,7,16124261.0,0.0,0.0,0.0,0.0,0.0,0.0,2017-11-23,39,2018-01-29
Singapore,50,7,15897896.0,0.0,0.0,0.0,0.0,0.0,0.0,2017-11-23,39,2018-02-05
Singapore,51,7,14097014.0,0.0,0.0,0.0,0.0,0.0,0.0,2017-11-23,39,2018-02-12
Singapore,52,7,15571531.0,5022.0,1.0,5022.0,0.0003225116399922397,0.14285714285714285,0.0003225116399922397,2017-11-23,39,2018-02-19
Singapore,53,7,15604185.0,0.0,0.0,0.0,0.0,0.0,0.0,2017-11-23,39,2018-02-26
Singapore,54,7,14806826.0,0.0,0.0,0.0,0.0,0.0,0.0,2017-11-23,39,2018-03-05
Singapore,55,7,15173913.0,0.0,0.0,0.0,0.0,0.0,0.0,2017-11-23,39,2018-03-12
Singapore,56,7,14782383.0,0.0,0.0,0.0,0.0,0.0,0.0,2017-11-23,39,2018-03-19
Singapore,57,7,14432894.0,0.0,0.0,0.0,0.0,0.0,0.0,2017-11-23,39,2018-03-26
Singapore,58,7,14616961.0,0.0,0.0,0.0,0.0,0.0,0.0,2017-11-23,39,2018-04-02
Singapore,59,7,14518013.0,0.0,0.0,0.0,0.0,0.0,0.0,2017-11-23,39,2018-04-09
Singapore,60,7,15546676.0,0.0,0.0,0.0,0.0,0.0,0.0,2017-11-23,39,2018-04-16
Singapore,61,7,15569436.0,0.0,0.0,0.0,0.0,0.0,0.0,2017-11-23,39,2018-04-23
Singapore,62,7,14762722.0,0.0,0.0,0.0,0.0,0.0,0.0,2017-11-23,39,2018-04-30
Singapore,63,7,14966792.0,0.0,0.0,0.0,0.0,0.0,0.0,2017-11-23,39,2018-05-07
Singapore,64,7,14880882.0,0.0,0.0,0.0,0.0,0.0,0.0,2017-11-23,39,2018-05-14
Singapore,65,7,15148730.0,0.0,0.0,0.0,0.0,0.0,0.0,2017-11-23,39,2018-05-21
Singapore,66,7,14487250.0,0.0,0.0,0.0,0.0,0.0,0.0,2017-11-23,39,2018-05-28
Singapore,67,7,14645479.0,0.0,0.0,0.0,0.0,0.0,0.0,2017-11-23,39,2018-06-04
Singapore,68,7,13802989.0,0.0,0.0,0.0,0.0,0.0,0.0,2017-11-23,39,2018-06-11
Singapore,69,7,15114630.0,0.0,0.0,0.0,0.0,0.0,0.0,2017-11-23,39,2018-06-18
Singapore,70,7,14853068.0,0.0,0.0,0.0,0.0,0.0,0.0,2017-11-23,39,2018-06-25
Singapore,71,7,14645727.0,0.0,0.0,0.0,0.0,0.0,0.0,2017-11-23,39,2018-07-02
Singapore,72,7,15120515.0,0.0,0.0,0.0,0.0,0.0,0.0,2017-11-23,39,2018-07-09
Singapore,73,7,15701911.0,0.0,0.0,0.0,0.0,0.0,0.0,2017-11-23,39,2018-07-16
Singapore,74,7,15454903.0,0.0,0.0,0.0,0.0,0.0,0.0,2017-11-23,39,2018-07-23
Singapore,75,7,15223963.0,0.0,0.0,0.0,0.0,0.0,0.0,2017-11-23,39,2018-07-30
Singapore,76,7,14717301.0,0.0,0.0,0.0,0.0,0.0,0.0,2017-11-23,39,2018-08-06
Singapore,77,7,15245095.0,0.0,0.0,0.0,0.0,0.0,0.0,2017-11-23,39,2018-08-13
Singapore,78,7,15036262.0,0.0,0.0,0.0,0.0,0.0,0.0,2017-11-23,39,2018-08-20
Singapore,79,7,15217888.0,0.0,0.0,0.0,0.0,0.0,0.0,2017-11-23,39,2018-08-27
Singapore,80,7,15404070.0,0.0,0.0,0.0,0.0,0.0,0.0,2017-11-23,39,2018-09-03
Singapore,81,7,14968175.0,0.0,0.0,0.0,0.0,0.0,0.0,2017-11-23,39,2018-09-10
Singapore,82,7,15106733.0,0.0,0.0,0.0,0.0,0.0,0.0,2017-11-23,39,2018-09-17
Singapore,83,7,15110261.0,0.0,0.0,0.0,0.0,0.0,0.0,2017-11-23,39,2018-09-24
Singapore,84,7,15130930.0,0.0,0.0,0.0,0.0,0.0,0.0,2017-11-23,39,2018-10-01
Singapore,85,7,14803127.0,0.0,0.0,0.0,0.0,0.0,0.0,2017-11-23,39,2018-10-08
Singapore,86,7,15281690.0,0.0,0.0,0.0,0.0,0.0,0.0,2017-11-23,39,2018-10-15
Singapore,87,7,15599599.0,0.0,0.0,0.0,0.0,0.0,0.0,2017-11-23,39,2018-10-22
Singapore,88,7,15419869.0,0.0,0.0,0.0,0.0,0.0,0.0,2017-11-23,39,2018-10-29
Singapore,89,7,15439190.0,0.0,0.0,0.0,0.0,0.0,0.0,2017-11-23,39,2018-11-05
Singapore,90,7,15994126.0,0.0,0.0,0.0,0.0,0.0,0.0,2017-11-23,39,2018-11-12
Singapore,91,7,15598017.0,0.0,0.0,0.0,0.0,0.0,0.0,2017-11-23,39,2018-11-19
Singapore,92,7,15212454.0,0.0,0.0,0.0,0.0,0.0,0.0,2017-11-23,39,2018-11-26
Singapore,93,7,14895527.0,0.0,0.0,0.0,0.0,0.0,0.0,2017-11-23,39,2018-12-03
Singapore,94,7,14575591.0,0.0,0.0,0.0,0.0,0.0,0.0,2017-11-23,39,2018-12-10
Singapore,95,7,14596078.0,0.0,0.0,0.0,0.0,0.0,0.0,2017-11-23,39,2018-12-17
Singapore,96,7,14716171.0,0.0,0.0,0.0,0.0,0.0,0.0,2017-11-23,39,2018-12-24
Singapore,97,1,2099571.0,0.0,0.0,0.0,0.0,0.0,0.0,2017-11-23,39,2018-12-31
Slovakia,1,5,667198.0,0.0,0.0,0.0,0.0,0.0,0.0,,0,2017-02-27
Slovakia,2,7,910541.0,0.0,0.0,0.0,0.0,0.0,0.0,,0,2017-03-06
Slovakia,3,7,814598.0,0.0,0.0,0.0,0.0,0.0,0.0,,0,2017-03-13
Slovakia,4,7,730410.0,0.0,0.0,0.0,0.0,0.0,0.0,,0,2017-03-20
Slovakia,5,7,720855.0,0.0,0.0,0.0,0.0,0.0,0.0,,0,2017-03-27
Slovakia,6,7,674789.0,7903.0,3.0,7903.0,0.011711809172941467,0.42857142857142855,0.011711809172941467,,0,2017-04-03
Slovakia,7,7,658549.0,16529.0,7.0,16529.0,0.02509911942771153,1.0,0.02509911942771153,,0,2017-04-10
Slovakia,8,7,690012.0,16478.0,7.0,16478.0,0.023880744103001107,1.0,0.023880744103001107,,0,2017-04-17
Slovakia,9,7,710621.0,14449.0,7.0,14449.0,0.020332920079761223,1.0,0.020332920079761223,,0,2017-04-24
Slovakia,10,7,654892.0,12933.0,8.0,12933.0,0.019748294375255767,1.1428571428571428,0.019748294375255767,,0,2017-05-01
Slovakia,11,7,669700.0,31682.0,21.0,19471.0,0.04730774973868897,3.0,0.02907421233388084,,0,2017-05-08
Slovakia,12,7,770420.0,19261.0,10.0,19261.0,0.02500064899665118,1.4285714285714286,0.02500064899665118,,0,2017-05-15
Slovakia,13,7,856321.0,17662.0,8.0,17662.0,0.0206254430289576,1.1428571428571428,0.0206254430289576,,0,2017-05-22
Slovakia,14,4,448747.0,7746.0,4.0,7746.0,0.01726139673357148,1.0,0.01726139673357148,,0,2017-05-29
Slovakia,15,7,767875.0,12539.0,7.0,12539.0,0.016329480709750935,1.0,0.016329480709750935,,0,2017-06-05
Slovakia,16,7,784595.0,10983.0,7.0,10983.0,0.013998304857920328,1.0,0.013998304857920328,,0,2017-06-12
Slovakia,17,7,896151.0,8830.0,7.0,8830.0,0.009853250177704427,1.0,0.009853250177704427,,0,2017-06-19
Slovakia,18,7,973578.0,6226.0,5.0,6226.0,0.006394967840275766,0.7142857142857143,0.006394967840275766,,0,2017-06-26
Slovakia,19,7,911753.0,0.0,0.0,0.0,0.0,0.0,0.0,,0,2017-07-03
Slovakia,20,7,896912.0,0.0,0.0,0.0,0.0,0.0,0.0,,0,2017-07-10
Slovakia,21,7,902443.0,0.0,0.0,0.0,0.0,0.0,0.0,,0,2017-07-17
Slovakia,22,7,876502.0,0.0,0.0,0.0,0.0,0.0,0.0,,0,2017-07-24
Slovakia,23,7,811617.0,0.0,0.0,0.0,0.0,0.0,0.0,,0,2017-07-31
Slovakia,24,6,718944.0,0.0,0.0,0.0,0.0,0.0,0.0,,0,2017-08-07
Slovakia,25,7,861062.0,0.0,0.0,0.0,0.0,0.0,0.0,,0,2017-08-14
Slovakia,26,6,757331.0,0.0,0.0,0.0,0.0,0.0,0.0,,0,2017-08-21
Slovakia,27,7,798131.0,0.0,0.0,0.0,0.0,0.0,0.0,,0,2017-08-28
Slovakia,28,7,810307.0,0.0,0.0,0.0,0.0,0.0,0.0,,0,2017-09-04
Slovakia,29,6,690504.0,0.0,0.0,0.0,0.0,0.0,0.0,,0,2017-09-11
Slovakia,30,6,692835.0,0.0,0.0,0.0,0.0,0.0,0.0,,0,2017-09-18
Slovakia,31,7,793792.0,0.0,0.0,0.0,0.0,0.0,0.0,,0,2017-09-25
Slovakia,32,7,794930.0,0.0,0.0,0.0,0.0,0.0,0.0,,0,2017-10-02
Slovakia,33,7,799141.0,0.0,0.0,0.0,0.0,0.0,0.0,,0,2017-10-09
Slovakia,34,7,811525.0,0.0,0.0,0.0,0.0,0.0,0.0,,0,2017-10-16
Slovakia,35,7,809676.0,0.0,0.0,0.0,0.0,0.0,0.0,,0,2017-10-23
Slovakia,36,7,841683.0,0.0,0.0,0.0,0.0,0.0,0.0,,0,2017-10-30
Slovakia,37,7,776182.0,0.0,0.0,0.0,0.0,0.0,0.0,,0,2017-11-06
Slovakia,38,7,939527.0,0.0,0.0,0.0,0.0,0.0,0.0,,0,2017-11-13
Slovakia,39,7,891359.0,0.0,0.0,0.0,0.0,0.0,0.0,,0,2017-11-20
Slovakia,40,7,963918.0,0.0,0.0,0.0,0.0,0.0,0.0,,0,2017-11-27
Slovakia,41,7,1066953.0,0.0,0.0,0.0,0.0,0.0,0.0,,0,2017-12-04
Slovakia,42,7,1180538.0,0.0,0.0,0.0,0.0,0.0,0.0,,0,2017-12-11
Slovakia,43,7,1696037.0,0.0,0.0,0.0,0.0,0.0,0.0,,0,2017-12-18
Slovakia,44,7,1033644.0,0.0,0.0,0.0,0.0,0.0,0.0,,0,2017-12-25
Slovakia,45,7,1059718.0,0.0,0.0,0.0,0.0,0.0,0.0,,0,2018-01-01
Slovakia,46,7,1233535.0,0.0,0.0,0.0,0.0,0.0,0.0,,0,2018-01-08
Slovakia,47,7,1233214.0,0.0,0.0,0.0,0.0,0.0,0.0,,0,2018-01-15
Slovakia,48,7,1157114.0,0.0,0.0,0.0,0.0,0.0,0.0,,0,2018-01-22
Slovakia,49,7,1115231.0,0.0,0.0,0.0,0.0,0.0,0.0,,0,2018-01-29
Slovakia,50,7,1044000.0,0.0,0.0,0.0,0.0,0.0,0.0,,0,2018-02-05
Slovakia,51,7,989244.0,0.0,0.0,0.0,0.0,0.0,0.0,,0,2018-02-12
Slovakia,52,7,1118694.0,0.0,0.0,0.0,0.0,0.0,0.0,,0,2018-02-19
Slovakia,53,7,1076371.0,0.0,0.0,0.0,0.0,0.0,0.0,,0,2018-02-26
Slovakia,54,7,1112608.0,0.0,0.0,0.0,0.0,0.0,0.0,,0,2018-03-05
Slovakia,55,7,1094204.0,0.0,0.0,0.0,0.0,0.0,0.0,,0,2018-03-12
Slovakia,56,7,1105714.0,0.0,0.0,0.0,0.0,0.0,0.0,,0,2018-03-19
Slovakia,57,7,1075983.0,0.0,0.0,0.0,0.0,0.0,0.0,,0,2018-03-26
Slovakia,58,7,1052360.0,0.0,0.0,0.0,0.0,0.0,0.0,,0,2018-04-02
Slovakia,59,7,1111834.0,0.0,0.0,0.0,0.0,0.0,0.0,,0,2018-04-09
Slovakia,60,7,1220967.0,0.0,0.0,0.0,0.0,0.0,0.0,,0,2018-04-16
Slovakia,61,7,1451562.0,0.0,0.0,0.0,0.0,0.0,0.0,,0,2018-04-23
Slovakia,62,7,1412055.0,0.0,0.0,0.0,0.0,0.0,0.0,,0,2018-04-30
Slovakia,63,7,1126338.0,0.0,0.0,0.0,0.0,0.0,0.0,,0,2018-05-07
Slovakia,64,7,1042317.0,0.0,0.0,0.0,0.0,0.0,0.0,,0,2018-05-14
Slovakia,65,7,1166074.0,0.0,0.0,0.0,0.0,0.0,0.0,,0,2018-05-21
Slovakia,66,7,1217954.0,0.0,0.0,0.0,0.0,0.0,0.0,,0,2018-05-28
Slovakia,67,7,1183776.0,0.0,0.0,0.0,0.0,0.0,0.0,,0,2018-06-04
Slovakia,68,7,1121173.0,0.0,0.0,0.0,0.0,0.0,0.0,,0,2018-06-11
Slovakia,69,7,1436298.0,0.0,0.0,0.0,0.0,0.0,0.0,,0,2018-06-18
Slovakia,70,7,1432761.0,0.0,0.0,0.0,0.0,0.0,0.0,,0,2018-06-25
Slovakia,71,7,1146681.0,0.0,0.0,0.0,0.0,0.0,0.0,,0,2018-07-02
Slovakia,72,7,1203963.0,0.0,0.0,0.0,0.0,0.0,0.0,,0,2018-07-09
Slovakia,73,7,1251787.0,0.0,0.0,0.0,0.0,0.0,0.0,,0,2018-07-16
Slovakia,74,7,1250681.0,0.0,0.0,0.0,0.0,0.0,0.0,,0,2018-07-23
Slovakia,75,7,1368949.0,0.0,0.0,0.0,0.0,0.0,0.0,,0,2018-07-30
Slovakia,76,7,1312023.0,0.0,0.0,0.0,0.0,0.0,0.0,,0,2018-08-06
Slovakia,77,7,1260782.0,0.0,0.0,0.0,0.0,0.0,0.0,,0,2018-08-13
Slovakia,78,7,1185188.0,0.0,0.0,0.0,0.0,0.0,0.0,,0,2018-08-20
Slovakia,79,7,1235979.0,0.0,0.0,0.0,0.0,0.0,0.0,,0,2018-08-27
Slovakia,80,7,1460417.0,0.0,0.0,0.0,0.0,0.0,0.0,,0,2018-09-03
Slovakia,81,7,1425563.0,0.0,0.0,0.0,0.0,0.0,0.0,,0,2018-09-10
Slovakia,82,7,1432737.0,0.0,0.0,0.0,0.0,0.0,0.0,,0,2018-09-17
Slovakia,83,7,1407175.0,0.0,0.0,0.0,0.0,0.0,0.0,,0,2018-09-24
Slovakia,84,7,1473590.0,0.0,0.0,0.0,0.0,0.0,0.0,,0,2018-10-01
Slovakia,85,7,1553395.0,0.0,0.0,0.0,0.0,0.0,0.0,,0,2018-10-08
Slovakia,86,7,1591114.0,0.0,0.0,0.0,0.0,0.0,0.0,,0,2018-10-15
Slovakia,87,7,1595002.0,0.0,0.0,0.0,0.0,0.0,0.0,,0,2018-10-22
Slovakia,88,7,1496105.0,0.0,0.0,0.0,0.0,0.0,0.0,,0,2018-10-29
Slovakia,89,7,1735321.0,0.0,0.0,0.0,0.0,0.0,0.0,,0,2018-11-05
Slovakia,90,7,1801769.0,0.0,0.0,0.0,0.0,0.0,0.0,,0,2018-11-12
Slovakia,91,7,1775177.0,0.0,0.0,0.0,0.0,0.0,0.0,,0,2018-11-19
Slovakia,92,7,2027322.0,0.0,0.0,0.0,0.0,0.0,0.0,,0,2018-11-26
Slovakia,93,7,2328698.0,0.0,0.0,0.0,0.0,0.0,0.0,,0,2018-12-03
Slovakia,94,7,2631405.0,0.0,0.0,0.0,0.0,0.0,0.0,,0,2018-12-10
Slovakia,95,7,3063248.0,0.0,0.0,0.0,0.0,0.0,0.0,,0,2018-12-17
Slovakia,96,7,2203654.0,0.0,0.0,0.0,0.0,0.0,0.0,,0,2018-12-24
Slovakia,97,1,350583.0,0.0,0.0,0.0,0.0,0.0,0.0,,0,2018-12-31
South Africa,60,2,263647.0,0.0,0.0,0.0,0.0,0.0,0.0,,0,2018-04-16
South Africa,61,3,277038.0,0.0,0.0,0.0,0.0,0.0,0.0,,0,2018-04-23
South Africa,62,2,176223.0,0.0,0.0,0.0,0.0,0.0,0.0,,0,2018-04-30
South Africa,63,1,82175.0,0.0,0.0,0.0,0.0,0.0,0.0,,0,2018-05-07
South Africa,65,1,111298.0,0.0,0.0,0.0,0.0,0.0,0.0,,0,2018-05-21
South Africa,66,2,230150.0,0.0,0.0,0.0,0.0,0.0,0.0,,0,2018-05-28
South Africa,67,6,613600.0,0.0,0.0,0.0,0.0,0.0,0.0,,0,2018-06-04
South Africa,68,6,581221.0,0.0,0.0,0.0,0.0,0.0,0.0,,0,2018-06-11
South Africa,69,6,618390.0,0.0,0.0,0.0,0.0,0.0,0.0,,0,2018-06-18
South Africa,70,7,886468.0,0.0,0.0,0.0,0.0,0.0,0.0,,0,2018-06-25
South Africa,71,6,822366.0,0.0,0.0,0.0,0.0,0.0,0.0,,0,2018-07-02
South Africa,72,6,732427.0,0.0,0.0,0.0,0.0,0.0,0.0,,0,2018-07-09
South Africa,73,6,642547.0,0.0,0.0,0.0,0.0,0.0,0.0,,0,2018-07-16
South Africa,74,6,676357.0,0.0,0.0,0.0,0.0,0.0,0.0,,0,2018-07-23
South Africa,75,7,1040093.0,0.0,0.0,0.0,0.0,0.0,0.0,,0,2018-07-30
South Africa,76,7,1025712.0,0.0,0.0,0.0,0.0,0.0,0.0,,0,2018-08-06
South Africa,77,7,927928.0,0.0,0.0,0.0,0.0,0.0,0.0,,0,2018-08-13
South Africa,78,7,918502.0,0.0,0.0,0.0,0.0,0.0,0.0,,0,2018-08-20
South Africa,79,7,1112197.0,0.0,0.0,0.0,0.0,0.0,0.0,,0,2018-08-27
South Africa,80,7,1298548.0,0.0,0.0,0.0,0.0,0.0,0.0,,0,2018-09-03
South Africa,81,7,1229958.0,0.0,0.0,0.0,0.0,0.0,0.0,,0,2018-09-10
South Africa,82,7,1268143.0,0.0,0.0,0.0,0.0,0.0,0.0,,0,2018-09-17
South Africa,83,7,1379182.0,0.0,0.0,0.0,0.0,0.0,0.0,,0,2018-09-24
South Africa,84,7,1481822.0,0.0,0.0,0.0,0.0,0.0,0.0,,0,2018-10-01
South Africa,85,7,1339971.0,0.0,0.0,0.0,0.0,0.0,0.0,,0,2018-10-08
South Africa,86,7,1443098.0,0.0,0.0,0.0,0.0,0.0,0.0,,0,2018-10-15
South Africa,87,7,1460986.0,0.0,0.0,0.0,0.0,0.0,0.0,,0,2018-10-22
South Africa,88,7,1526866.0,0.0,0.0,0.0,0.0,0.0,0.0,,0,2018-10-29
South Africa,89,7,1733615.0,0.0,0.0,0.0,0.0,0.0,0.0,,0,2018-11-05
South Africa,90,7,1612746.0,0.0,0.0,0.0,0.0,0.0,0.0,,0,2018-11-12
South Africa,91,7,1540930.0,0.0,0.0,0.0,0.0,0.0,0.0,,0,2018-11-19
South Africa,92,7,1578757.0,0.0,0.0,0.0,0.0,0.0,0.0,,0,2018-11-26
South Africa,93,7,1669146.0,0.0,0.0,0.0,0.0,0.0,0.0,,0,2018-12-03
South Africa,94,7,1812527.0,0.0,0.0,0.0,0.0,0.0,0.0,,0,2018-12-10
South Africa,95,7,1819685.0,0.0,0.0,0.0,0.0,0.0,0.0,,0,2018-12-17
South Africa,96,7,2199454.0,0.0,0.0,0.0,0.0,0.0,0.0,,0,2018-12-24
South Africa,97,1,427074.0,0.0,0.0,0.0,0.0,0.0,0.0,,0,2018-12-31
Spain,1,5,52849704.0,0.0,0.0,0.0,0.0,0.0,0.0,2018-03-30,57,2017-02-27
Spain,2,7,74807649.0,0.0,0.0,0.0,0.0,0.0,0.0,2018-03-30,57,2017-03-06
Spain,3,7,71625353.0,0.0,0.0,0.0,0.0,0.0,0.0,2018-03-30,57,2017-03-13
Spain,4,7,67458681.0,0.0,0.0,0.0,0.0,0.0,0.0,2018-03-30,57,2017-03-20
Spain,5,7,68870970.0,0.0,0.0,0.0,0.0,0.0,0.0,2018-03-30,57,2017-03-27
Spain,6,7,69668206.0,78960.0,3.0,78960.0,0.0011333720865440398,0.42857142857142855,0.0011333720865440398,2018-03-30,57,2017-04-03
Spain,7,7,65673339.0,236156.0,7.0,236156.0,0.0035959188857444878,1.0,0.0035959188857444878,2018-03-30,57,2017-04-10
Spain,8,7,66908137.0,224010.0,7.0,224010.0,0.003348023275554661,1.0,0.003348023275554661,2018-03-30,57,2017-04-17
Spain,9,7,67158678.0,254941.0,7.0,254941.0,0.0037960991429878952,1.0,0.0037960991429878952,2018-03-30,57,2017-04-24
Spain,10,7,68146946.0,306136.0,8.0,306136.0,0.004492292288490815,1.1428571428571428,0.004492292288490815,2018-03-30,57,2017-05-01
Spain,11,7,70900990.0,583703.0,16.0,461024.0,0.00823264950179116,2.2857142857142856,0.006502363366153279,2018-03-30,57,2017-05-08
Spain,12,7,73342519.0,501872.0,12.0,501872.0,0.0068428519614931686,1.7142857142857142,0.0068428519614931686,2018-03-30,57,2017-05-15
Spain,13,7,75586515.0,404871.0,8.0,404871.0,0.005356391943721708,1.1428571428571428,0.005356391943721708,2018-03-30,57,2017-05-22
Spain,14,4,41394384.0,195536.0,4.0,195536.0,0.004723732572031993,1.0,0.004723732572031993,2018-03-30,57,2017-05-29
Spain,15,7,74426894.0,329610.0,7.0,329610.0,0.004428641076974138,1.0,0.004428641076974138,2018-03-30,57,2017-06-05
Spain,16,7,74519516.0,302991.0,7.0,302991.0,0.004065928179136322,1.0,0.004065928179136322,2018-03-30,57,2017-06-12
Spain,17,7,76201363.0,270154.0,7.0,270154.0,0.0035452646693471873,1.0,0.0035452646693471873,2018-03-30,57,2017-06-19
Spain,18,7,74613400.0,244039.0,7.0,244039.0,0.0032707127674117516,1.0,0.0032707127674117516,2018-03-30,57,2017-06-26
Spain,19,7,75938442.0,200499.0,7.0,200499.0,0.0026402832968313995,1.0,0.0026402832968313995,2018-03-30,57,2017-07-03
Spain,20,7,77198401.0,190269.0,7.0,190269.0,0.0024646754017612358,1.0,0.0024646754017612358,2018-03-30,57,2017-07-10
Spain,21,7,75476269.0,179801.0,7.0,179801.0,0.002382218972694583,1.0,0.002382218972694583,2018-03-30,57,2017-07-17
Spain,22,7,74690433.0,176157.0,7.0,176157.0,0.002358494828916041,1.0,0.002358494828916041,2018-03-30,57,2017-07-24
Spain,23,7,72878088.0,164542.0,7.0,164542.0,0.0022577705386562833,1.0,0.0022577705386562833,2018-03-30,57,2017-07-31
Spain,24,7,70375103.0,154627.0,7.0,154627.0,0.0021971832851171813,1.0,0.0021971832851171813,2018-03-30,57,2017-08-07
Spain,25,7,66535297.0,132250.0,7.0,132250.0,0.0019876667868484904,1.0,0.0019876667868484904,2018-03-30,57,2017-08-14
Spain,26,7,70076318.0,134900.0,7.0,134900.0,0.0019250440641016555,1.0,0.0019250440641016555,2018-03-30,57,2017-08-21
Spain,27,7,72134016.0,130086.0,7.0,130086.0,0.001803393283967442,1.0,0.001803393283967442,2018-03-30,57,2017-08-28
Spain,28,7,73445489.0,0.0,0.0,0.0,0.0,0.0,0.0,2018-03-30,57,2017-09-04
Spain,29,7,71530592.0,0.0,0.0,0.0,0.0,0.0,0.0,2018-03-30,57,2017-09-11
Spain,30,7,72001966.0,0.0,0.0,0.0,0.0,0.0,0.0,2018-03-30,57,2017-09-18
Spain,31,7,71979237.0,0.0,0.0,0.0,0.0,0.0,0.0,2018-03-30,57,2017-09-25
Spain,32,7,72558065.0,0.0,0.0,0.0,0.0,0.0,0.0,2018-03-30,57,2017-10-02
Spain,33,7,72524594.0,0.0,0.0,0.0,0.0,0.0,0.0,2018-03-30,57,2017-10-09
Spain,34,7,71034037.0,0.0,0.0,0.0,0.0,0.0,0.0,2018-03-30,57,2017-10-16
Spain,35,7,71946099.0,0.0,0.0,0.0,0.0,0.0,0.0,2018-03-30,57,2017-10-23
Spain,36,7,71406697.0,0.0,0.0,0.0,0.0,0.0,0.0,2018-03-30,57,2017-10-30
Spain,37,7,70577711.0,0.0,0.0,0.0,0.0,0.0,0.0,2018-03-30,57,2017-11-06
Spain,38,7,74012215.0,0.0,0.0,0.0,0.0,0.0,0.0,2018-03-30,57,2017-11-13
Spain,39,7,74363242.0,0.0,0.0,0.0,0.0,0.0,0.0,2018-03-30,57,2017-11-20
Spain,40,7,72290696.0,0.0,0.0,0.0,0.0,0.0,0.0,2018-03-30,57,2017-11-27
Spain,41,7,71756985.0,0.0,0.0,0.0,0.0,0.0,0.0,2018-03-30,57,2017-12-04
Spain,42,7,70662757.0,0.0,0.0,0.0,0.0,0.0,0.0,2018-03-30,57,2017-12-11
Spain,43,7,75991915.0,0.0,0.0,0.0,0.0,0.0,0.0,2018-03-30,57,2017-12-18
Spain,44,7,73150453.0,0.0,0.0,0.0,0.0,0.0,0.0,2018-03-30,57,2017-12-25
Spain,45,7,65652687.0,0.0,0.0,0.0,0.0,0.0,0.0,2018-03-30,57,2018-01-01
Spain,46,7,71465176.0,64528.0,3.0,64528.0,0.0009029292812488141,0.42857142857142855,0.0009029292812488141,2018-03-30,57,2018-01-08
Spain,47,7,75946677.0,171708.0,7.0,171708.0,0.002260902080021223,1.0,0.002260902080021223,2018-03-30,57,2018-01-15
Spain,48,7,73990998.0,21736.0,1.0,21736.0,0.0002937654659016763,0.14285714285714285,0.0002937654659016763,2018-03-30,57,2018-01-22
Spain,49,7,78460289.0,0.0,0.0,0.0,0.0,0.0,0.0,2018-03-30,57,2018-01-29
Spain,50,7,76578228.0,0.0,0.0,0.0,0.0,0.0,0.0,2018-03-30,57,2018-02-05
Spain,51,7,79875466.0,0.0,0.0,0.0,0.0,0.0,0.0,2018-03-30,57,2018-02-12
Spain,52,7,80481190.0,0.0,0.0,0.0,0.0,0.0,0.0,2018-03-30,57,2018-02-19
Spain,53,7,79860040.0,0.0,0.0,0.0,0.0,0.0,0.0,2018-03-30,57,2018-02-26
Spain,54,7,77615719.0,0.0,0.0,0.0,0.0,0.0,0.0,2018-03-30,57,2018-03-05
Spain,55,7,77480126.0,0.0,0.0,0.0,0.0,0.0,0.0,2018-03-30,57,2018-03-12
Spain,56,7,79037889.0,0.0,0.0,0.0,0.0,0.0,0.0,2018-03-30,57,2018-03-19
Spain,57,7,77774418.0,0.0,0.0,0.0,0.0,0.0,0.0,2018-03-30,57,2018-03-26
Spain,58,7,78941703.0,0.0,0.0,0.0,0.0,0.0,0.0,2018-03-30,57,2018-04-02
Spain,59,7,80021273.0,0.0,0.0,0.0,0.0,0.0,0.0,2018-03-30,57,2018-04-09
Spain,60,7,86003630.0,0.0,0.0,0.0,0.0,0.0,0.0,2018-03-30,57,2018-04-16
Spain,61,7,82784944.0,0.0,0.0,0.0,0.0,0.0,0.0,2018-03-30,57,2018-04-23
Spain,62,7,77808270.0,0.0,0.0,0.0,0.0,0.0,0.0,2018-03-30,57,2018-04-30
Spain,63,7,81289558.0,0.0,0.0,0.0,0.0,0.0,0.0,2018-03-30,57,2018-05-07
Spain,64,7,83136115.0,0.0,0.0,0.0,0.0,0.0,0.0,2018-03-30,57,2018-05-14
Spain,65,7,84495191.0,0.0,0.0,0.0,0.0,0.0,0.0,2018-03-30,57,2018-05-21
Spain,66,7,87614502.0,0.0,0.0,0.0,0.0,0.0,0.0,2018-03-30,57,2018-05-28
Spain,67,7,88322977.0,0.0,0.0,0.0,0.0,0.0,0.0,2018-03-30,57,2018-06-04
Spain,68,7,91342490.0,0.0,0.0,0.0,0.0,0.0,0.0,2018-03-30,57,2018-06-11
Spain,69,7,96463625.0,0.0,0.0,0.0,0.0,0.0,0.0,2018-03-30,57,2018-06-18
Spain,70,7,97703938.0,0.0,0.0,0.0,0.0,0.0,0.0,2018-03-30,57,2018-06-25
Spain,71,7,100335710.0,0.0,0.0,0.0,0.0,0.0,0.0,2018-03-30,57,2018-07-02
Spain,72,7,100568156.0,0.0,0.0,0.0,0.0,0.0,0.0,2018-03-30,57,2018-07-09
Spain,73,7,103895104.0,0.0,0.0,0.0,0.0,0.0,0.0,2018-03-30,57,2018-07-16
Spain,74,7,107798261.0,0.0,0.0,0.0,0.0,0.0,0.0,2018-03-30,57,2018-07-23
Spain,75,7,108745271.0,0.0,0.0,0.0,0.0,0.0,0.0,2018-03-30,57,2018-07-30
Spain,76,7,101696682.0,0.0,0.0,0.0,0.0,0.0,0.0,2018-03-30,57,2018-08-06
Spain,77,7,95794741.0,0.0,0.0,0.0,0.0,0.0,0.0,2018-03-30,57,2018-08-13
Spain,78,7,97604829.0,0.0,0.0,0.0,0.0,0.0,0.0,2018-03-30,57,2018-08-20
Spain,79,7,97792219.0,0.0,0.0,0.0,0.0,0.0,0.0,2018-03-30,57,2018-08-27
Spain,80,7,95615946.0,0.0,0.0,0.0,0.0,0.0,0.0,2018-03-30,57,2018-09-03
Spain,81,7,92582875.0,0.0,0.0,0.0,0.0,0.0,0.0,2018-03-30,57,2018-09-10
Spain,82,7,92523950.0,0.0,0.0,0.0,0.0,0.0,0.0,2018-03-30,57,2018-09-17
Spain,83,7,94128192.0,0.0,0.0,0.0,0.0,0.0,0.0,2018-03-30,57,2018-09-24
Spain,84,7,94000241.0,0.0,0.0,0.0,0.0,0.0,0.0,2018-03-30,57,2018-10-01
Spain,85,7,94341444.0,0.0,0.0,0.0,0.0,0.0,0.0,2018-03-30,57,2018-10-08
Spain,86,7,94891074.0,0.0,0.0,0.0,0.0,0.0,0.0,2018-03-30,57,2018-10-15
Spain,87,7,94879852.0,0.0,0.0,0.0,0.0,0.0,0.0,2018-03-30,57,2018-10-22
Spain,88,7,96758526.0,0.0,0.0,0.0,0.0,0.0,0.0,2018-03-30,57,2018-10-29
Spain,89,7,100313740.0,0.0,0.0,0.0,0.0,0.0,0.0,2018-03-30,57,2018-11-05
Spain,90,7,100410456.0,0.0,0.0,0.0,0.0,0.0,0.0,2018-03-30,57,2018-11-12
Spain,91,7,98470124.0,0.0,0.0,0.0,0.0,0.0,0.0,2018-03-30,57,2018-11-19
Spain,92,7,100645529.0,0.0,0.0,0.0,0.0,0.0,0.0,2018-03-30,57,2018-11-26
Spain,93,7,101648172.0,0.0,0.0,0.0,0.0,0.0,0.0,2018-03-30,57,2018-12-03
Spain,94,7,97686189.0,0.0,0.0,0.0,0.0,0.0,0.0,2018-03-30,57,2018-12-10
Spain,95,7,97803698.0,0.0,0.0,0.0,0.0,0.0,0.0,2018-03-30,57,2018-12-17
Spain,96,7,99309031.0,0.0,0.0,0.0,0.0,0.0,0.0,2018-03-30,57,2018-12-24
Spain,97,1,17585472.0,0.0,0.0,0.0,0.0,0.0,0.0,2018-03-30,57,2018-12-31
Sweden,1,5,55076900.0,0.0,0.0,0.0,0.0,0.0,0.0,2017-11-05,36,2017-02-27
Sweden,2,7,79179025.0,0.0,0.0,0.0,0.0,0.0,0.0,2017-11-05,36,2017-03-06
Sweden,3,7,77165264.0,0.0,0.0,0.0,0.0,0.0,0.0,2017-11-05,36,2017-03-13
Sweden,4,7,73558008.0,0.0,0.0,0.0,0.0,0.0,0.0,2017-11-05,36,2017-03-20
Sweden,5,7,68391521.0,0.0,0.0,0.0,0.0,0.0,0.0,2017-11-05,36,2017-03-27
Sweden,6,7,63500555.0,276564.0,3.0,276564.0,0.0043553005166647755,0.42857142857142855,0.0043553005166647755,2017-11-05,36,2017-04-03
Sweden,7,7,60987972.0,763667.0,7.0,763667.0,0.012521600160766127,1.0,0.012521600160766127,2017-11-05,36,2017-04-10
Sweden,8,7,60749941.0,584789.0,7.0,584789.0,0.009626165727469596,1.0,0.009626165727469596,2017-11-05,36,2017-04-17
Sweden,9,7,66729088.0,538694.0,7.0,538694.0,0.008072851227938257,1.0,0.008072851227938257,2017-11-05,36,2017-04-24
Sweden,10,7,66902334.0,681580.0,13.0,681580.0,0.010187686426605086,1.8571428571428572,0.010187686426605086,2017-11-05,36,2017-05-01
Sweden,11,7,67727626.0,912616.0,22.0,731113.0,0.013474796828106747,3.142857142857143,0.010794900739618423,2017-11-05,36,2017-05-08
Sweden,12,7,71141251.0,699801.0,14.0,699801.0,0.009836782319163885,2.0,0.009836782319163885,2017-11-05,36,2017-05-15
Sweden,13,7,73148448.0,625950.0,13.0,625950.0,0.008557256060989837,1.8571428571428572,0.008557256060989837,2017-11-05,36,2017-05-22
Sweden,14,4,38230702.0,224558.0,7.0,224558.0,0.005873760832327902,1.75,0.005873760832327902,2017-11-05,36,2017-05-29
Sweden,15,7,67308124.0,277533.0,8.0,277533.0,0.004123320982768737,1.1428571428571428,0.004123320982768737,2017-11-05,36,2017-06-05
Sweden,16,7,69049132.0,276657.0,9.0,276657.0,0.004006668758703585,1.2857142857142858,0.004006668758703585,2017-11-05,36,2017-06-12
Sweden,17,7,72080698.0,231318.0,8.0,231318.0,0.003209153163305938,1.1428571428571428,0.003209153163305938,2017-11-05,36,2017-06-19
Sweden,18,7,67493074.0,209158.0,8.0,209158.0,0.00309895501277657,1.1428571428571428,0.00309895501277657,2017-11-05,36,2017-06-26
Sweden,19,7,66777975.0,190139.0,9.0,190139.0,0.002847331024937489,1.2857142857142858,0.002847331024937489,2017-11-05,36,2017-07-03
Sweden,20,7,65825252.0,141982.0,7.0,141982.0,0.0021569533831788446,1.0,0.0021569533831788446,2017-11-05,36,2017-07-10
Sweden,21,7,61488847.0,134625.0,7.0,134625.0,0.002189421440932207,1.0,0.002189421440932207,2017-11-05,36,2017-07-17
Sweden,22,7,58633749.0,130623.0,7.0,130623.0,0.002227778407960917,1.0,0.002227778407960917,2017-11-05,36,2017-07-24
Sweden,23,7,57003937.0,126428.0,7.0,126428.0,0.0022178818982274856,1.0,0.0022178818982274856,2017-11-05,36,2017-07-31
Sweden,24,7,59423621.0,119462.0,7.0,119462.0,0.002010345347349331,1.0,0.002010345347349331,2017-11-05,36,2017-08-07
Sweden,25,7,61284400.0,117645.0,7.0,117645.0,0.0019196565520752426,1.0,0.0019196565520752426,2017-11-05,36,2017-08-14
Sweden,26,7,59339075.0,116813.0,7.0,116813.0,0.001968567929311335,1.0,0.001968567929311335,2017-11-05,36,2017-08-21
Sweden,27,7,59228138.0,120841.0,7.0,120841.0,0.0020402633626604976,1.0,0.0020402633626604976,2017-11-05,36,2017-08-28
Sweden,28,7,59152596.0,150965.0,9.0,150965.0,0.0025521280587584017,1.2857142857142858,0.0025521280587584017,2017-11-05,36,2017-09-04
Sweden,29,7,60721748.0,119477.0,7.0,119477.0,0.0019676146345457644,1.0,0.0019676146345457644,2017-11-05,36,2017-09-11
Sweden,30,7,61248262.0,129535.0,7.0,129535.0,0.002114917154710447,1.0,0.002114917154710447,2017-11-05,36,2017-09-18
Sweden,31,7,60630113.0,145932.0,8.0,126491.0,0.0024069227777952515,1.1428571428571428,0.0020862735320978207,2017-11-05,36,2017-09-25
Sweden,32,7,59324628.0,119655.0,7.0,119655.0,0.0020169532289355443,1.0,0.0020169532289355443,2017-11-05,36,2017-10-02
Sweden,33,7,57824104.0,77321.0,5.0,77321.0,0.001337175929262994,0.7142857142857143,0.001337175929262994,2017-11-05,36,2017-10-09
Sweden,34,7,57612114.0,30848.0,2.0,30848.0,0.0005354429452111408,0.2857142857142857,0.0005354429452111408,2017-11-05,36,2017-10-16
Sweden,35,7,57858606.0,0.0,0.0,0.0,0.0,0.0,0.0,2017-11-05,36,2017-10-23
Sweden,36,7,58379159.0,0.0,0.0,0.0,0.0,0.0,0.0,2017-11-05,36,2017-10-30
Sweden,37,7,58822181.0,0.0,0.0,0.0,0.0,0.0,0.0,2017-11-05,36,2017-11-06
Sweden,38,7,57124493.0,0.0,0.0,0.0,0.0,0.0,0.0,2017-11-05,36,2017-11-13
Sweden,39,7,56595467.0,0.0,0.0,0.0,0.0,0.0,0.0,2017-11-05,36,2017-11-20
Sweden,40,7,63719931.0,0.0,0.0,0.0,0.0,0.0,0.0,2017-11-05,36,2017-11-27
Sweden,41,7,64727297.0,0.0,0.0,0.0,0.0,0.0,0.0,2017-11-05,36,2017-12-04
Sweden,42,7,66508028.0,0.0,0.0,0.0,0.0,0.0,0.0,2017-11-05,36,2017-12-11
Sweden,43,7,89212783.0,0.0,0.0,0.0,0.0,0.0,0.0,2017-11-05,36,2017-12-18
Sweden,44,7,58031542.0,0.0,0.0,0.0,0.0,0.0,0.0,2017-11-05,36,2017-12-25
Sweden,45,7,46834967.0,0.0,0.0,0.0,0.0,0.0,0.0,2017-11-05,36,2018-01-01
Sweden,46,7,50995191.0,0.0,0.0,0.0,0.0,0.0,0.0,2017-11-05,36,2018-01-08
Sweden,47,7,52129782.0,0.0,0.0,0.0,0.0,0.0,0.0,2017-11-05,36,2018-01-15
Sweden,48,7,52112204.0,0.0,0.0,0.0,0.0,0.0,0.0,2017-11-05,36,2018-01-22
Sweden,49,7,50847051.0,0.0,0.0,0.0,0.0,0.0,0.0,2017-11-05,36,2018-01-29
Sweden,50,7,50665694.0,0.0,0.0,0.0,0.0,0.0,0.0,2017-11-05,36,2018-02-05
Sweden,51,7,52067995.0,0.0,0.0,0.0,0.0,0.0,0.0,2017-11-05,36,2018-02-12
Sweden,52,7,52423395.0,0.0,0.0,0.0,0.0,0.0,0.0,2017-11-05,36,2018-02-19
Sweden,53,7,58127870.0,0.0,0.0,0.0,0.0,0.0,0.0,2017-11-05,36,2018-02-26
Sweden,54,7,61647284.0,0.0,0.0,0.0,0.0,0.0,0.0,2017-11-05,36,2018-03-05
Sweden,55,7,59517932.0,15603.0,1.0,15603.0,0.0002621562859408489,0.14285714285714285,0.0002621562859408489,2017-11-05,36,2018-03-12
Sweden,56,7,56542063.0,16614.0,1.0,16614.0,0.00029383434417665303,0.14285714285714285,0.00029383434417665303,2017-11-05,36,2018-03-19
Sweden,57,7,55640524.0,0.0,0.0,0.0,0.0,0.0,0.0,2017-11-05,36,2018-03-26
Sweden,58,7,55191021.0,0.0,0.0,0.0,0.0,0.0,0.0,2017-11-05,36,2018-04-02
Sweden,59,7,57050481.0,0.0,0.0,0.0,0.0,0.0,0.0,2017-11-05,36,2018-04-09
Sweden,60,7,66277368.0,0.0,0.0,0.0,0.0,0.0,0.0,2017-11-05,36,2018-04-16
Sweden,61,7,73661520.0,0.0,0.0,0.0,0.0,0.0,0.0,2017-11-05,36,2018-04-23
Sweden,62,7,61440559.0,0.0,0.0,0.0,0.0,0.0,0.0,2017-11-05,36,2018-04-30
Sweden,63,7,60460046.0,0.0,0.0,0.0,0.0,0.0,0.0,2017-11-05,36,2018-05-07
Sweden,64,7,59087745.0,0.0,0.0,0.0,0.0,0.0,0.0,2017-11-05,36,2018-05-14
Sweden,65,7,59300333.0,0.0,0.0,0.0,0.0,0.0,0.0,2017-11-05,36,2018-05-21
Sweden,66,7,60505581.0,0.0,0.0,0.0,0.0,0.0,0.0,2017-11-05,36,2018-05-28
Sweden,67,7,59361306.0,0.0,0.0,0.0,0.0,0.0,0.0,2017-11-05,36,2018-06-04
Sweden,68,7,56793882.0,0.0,0.0,0.0,0.0,0.0,0.0,2017-11-05,36,2018-06-11
Sweden,69,7,61258749.0,0.0,0.0,0.0,0.0,0.0,0.0,2017-11-05,36,2018-06-18
Sweden,70,7,58960608.0,0.0,0.0,0.0,0.0,0.0,0.0,2017-11-05,36,2018-06-25
Sweden,71,7,58251062.0,0.0,0.0,0.0,0.0,0.0,0.0,2017-11-05,36,2018-07-02
Sweden,72,7,56756845.0,0.0,0.0,0.0,0.0,0.0,0.0,2017-11-05,36,2018-07-09
Sweden,73,7,55819793.0,0.0,0.0,0.0,0.0,0.0,0.0,2017-11-05,36,2018-07-16
Sweden,74,7,55345385.0,0.0,0.0,0.0,0.0,0.0,0.0,2017-11-05,36,2018-07-23
Sweden,75,7,54389267.0,0.0,0.0,0.0,0.0,0.0,0.0,2017-11-05,36,2018-07-30
Sweden,76,7,52072470.0,0.0,0.0,0.0,0.0,0.0,0.0,2017-11-05,36,2018-08-06
Sweden,77,7,51434377.0,0.0,0.0,0.0,0.0,0.0,0.0,2017-11-05,36,2018-08-13
Sweden,78,7,50870277.0,0.0,0.0,0.0,0.0,0.0,0.0,2017-11-05,36,2018-08-20
Sweden,79,7,52614632.0,0.0,0.0,0.0,0.0,0.0,0.0,2017-11-05,36,2018-08-27
Sweden,80,7,52687692.0,0.0,0.0,0.0,0.0,0.0,0.0,2017-11-05,36,2018-09-03
Sweden,81,7,52568531.0,0.0,0.0,0.0,0.0,0.0,0.0,2017-11-05,36,2018-09-10
Sweden,82,7,52478454.0,0.0,0.0,0.0,0.0,0.0,0.0,2017-11-05,36,2018-09-17
Sweden,83,7,52845698.0,0.0,0.0,0.0,0.0,0.0,0.0,2017-11-05,36,2018-09-24
Sweden,84,7,53116986.0,0.0,0.0,0.0,0.0,0.0,0.0,2017-11-05,36,2018-10-01
Sweden,85,7,53260393.0,0.0,0.0,0.0,0.0,0.0,0.0,2017-11-05,36,2018-10-08
Sweden,86,7,54888809.0,0.0,0.0,0.0,0.0,0.0,0.0,2017-11-05,36,2018-10-15
Sweden,87,7,56002059.0,0.0,0.0,0.0,0.0,0.0,0.0,2017-11-05,36,2018-10-22
Sweden,88,7,53419238.0,0.0,0.0,0.0,0.0,0.0,0.0,2017-11-05,36,2018-10-29
Sweden,89,7,54407182.0,0.0,0.0,0.0,0.0,0.0,0.0,2017-11-05,36,2018-11-05
Sweden,90,7,53933380.0,0.0,0.0,0.0,0.0,0.0,0.0,2017-11-05,36,2018-11-12
Sweden,91,7,54594788.0,0.0,0.0,0.0,0.0,0.0,0.0,2017-11-05,36,2018-11-19
Sweden,92,7,63594484.0,0.0,0.0,0.0,0.0,0.0,0.0,2017-11-05,36,2018-11-26
Sweden,93,7,61637836.0,0.0,0.0,0.0,0.0,0.0,0.0,2017-11-05,36,2018-12-03
Sweden,94,7,62782262.0,0.0,0.0,0.0,0.0,0.0,0.0,2017-11-05,36,2018-12-10
Sweden,95,7,76126746.0,0.0,0.0,0.0,0.0,0.0,0.0,2017-11-05,36,2018-12-17
Sweden,96,7,60053252.0,0.0,0.0,0.0,0.0,0.0,0.0,2017-11-05,36,2018-12-24
Sweden,97,1,12539394.0,0.0,0.0,0.0,0.0,0.0,0.0,2017-11-05,36,2018-12-31
Switzerland,1,5,6889557.0,0.0,0.0,0.0,0.0,0.0,0.0,2018-03-11,54,2017-02-27
Switzerland,2,7,9770072.0,0.0,0.0,0.0,0.0,0.0,0.0,2018-03-11,54,2017-03-06
Switzerland,3,7,9746942.0,0.0,0.0,0.0,0.0,0.0,0.0,2018-03-11,54,2017-03-13
Switzerland,4,7,9841491.0,0.0,0.0,0.0,0.0,0.0,0.0,2018-03-11,54,2017-03-20
Switzerland,5,7,9360364.0,0.0,0.0,0.0,0.0,0.0,0.0,2018-03-11,54,2017-03-27
Switzerland,6,7,9110906.0,23495.0,3.0,23495.0,0.002578777566138867,0.42857142857142855,0.002578777566138867,2018-03-11,54,2017-04-03
Switzerland,7,7,8766791.0,71806.0,7.0,71806.0,0.008190682314657667,1.0,0.008190682314657667,2018-03-11,54,2017-04-10
Switzerland,8,7,8664386.0,69477.0,7.0,69477.0,0.008018687071420871,1.0,0.008018687071420871,2018-03-11,54,2017-04-17
Switzerland,9,7,8997236.0,69870.0,7.0,69870.0,0.007765718271700331,1.0,0.007765718271700331,2018-03-11,54,2017-04-24
Switzerland,10,7,8972419.0,80104.0,11.0,80104.0,0.008927804196393415,1.5714285714285714,0.008927804196393415,2018-03-11,54,2017-05-01
Switzerland,11,7,9011851.0,127868.0,19.0,106723.0,0.014188871964261282,2.7142857142857144,0.01184251714769807,2018-03-11,54,2017-05-08
Switzerland,12,7,9403701.0,121064.0,15.0,118262.0,0.012874080109522837,2.142857142857143,0.012576112320032294,2018-03-11,54,2017-05-15
Switzerland,13,7,9682821.0,98349.0,10.0,98349.0,0.010157060633466218,1.4285714285714286,0.010157060633466218,2018-03-11,54,2017-05-22
Switzerland,14,4,5181932.0,45624.0,4.0,45624.0,0.00880443819023484,1.0,0.00880443819023484,2018-03-11,54,2017-05-29
Switzerland,15,7,9386050.0,77566.0,7.0,77566.0,0.008263966205166177,1.0,0.008263966205166177,2018-03-11,54,2017-06-05
Switzerland,16,7,9710824.0,71426.0,7.0,71426.0,0.007355297552504299,1.0,0.007355297552504299,2018-03-11,54,2017-06-12
Switzerland,17,7,9608311.0,55988.0,7.0,55988.0,0.005827038695978929,1.0,0.005827038695978929,2018-03-11,54,2017-06-19
Switzerland,18,7,9272635.0,45602.0,7.0,45602.0,0.004917911683140768,1.0,0.004917911683140768,2018-03-11,54,2017-06-26
Switzerland,19,7,9346546.0,35244.0,7.0,35244.0,0.0037708047443408507,1.0,0.0037708047443408507,2018-03-11,54,2017-07-03
Switzerland,20,7,9322192.0,32897.0,7.0,32897.0,0.003528891059098547,1.0,0.003528891059098547,2018-03-11,54,2017-07-10
Switzerland,21,7,9350749.0,30046.0,7.0,30046.0,0.003213218534686366,1.0,0.003213218534686366,2018-03-11,54,2017-07-17
Switzerland,22,7,8958666.0,30255.0,7.0,30255.0,0.00337717691450937,1.0,0.00337717691450937,2018-03-11,54,2017-07-24
Switzerland,23,7,8665935.0,28522.0,7.0,28522.0,0.0032912778598039334,1.0,0.0032912778598039334,2018-03-11,54,2017-07-31
Switzerland,24,7,8638163.0,29002.0,7.0,29002.0,0.0033574268047500376,1.0,0.0033574268047500376,2018-03-11,54,2017-08-07
Switzerland,25,7,8810184.0,28329.0,7.0,28329.0,0.0032154833542636565,1.0,0.0032154833542636565,2018-03-11,54,2017-08-14
Switzerland,26,7,9014730.0,27054.0,7.0,27054.0,0.003001088218948321,1.0,0.003001088218948321,2018-03-11,54,2017-08-21
Switzerland,27,7,8927794.0,27861.0,7.0,27861.0,0.003120703725914823,1.0,0.003120703725914823,2018-03-11,54,2017-08-28
Switzerland,28,7,8995752.0,27458.0,7.0,27458.0,0.0030523295884546395,1.0,0.0030523295884546395,2018-03-11,54,2017-09-04
Switzerland,29,7,8931142.0,28022.0,7.0,28022.0,0.0031375606837289118,1.0,0.0031375606837289118,2018-03-11,54,2017-09-11
Switzerland,30,7,9255751.0,28116.0,7.0,28116.0,0.0030376789522535775,1.0,0.0030376789522535775,2018-03-11,54,2017-09-18
Switzerland,31,7,9448260.0,27311.0,7.0,27311.0,0.00289058514477798,1.0,0.00289058514477798,2018-03-11,54,2017-09-25
Switzerland,32,7,9178428.0,26045.0,7.0,26045.0,0.002837631890776939,1.0,0.002837631890776939,2018-03-11,54,2017-10-02
Switzerland,33,7,9082683.0,25567.0,7.0,25567.0,0.0028149171340671035,1.0,0.0028149171340671035,2018-03-11,54,2017-10-09
Switzerland,34,7,9458726.0,24949.0,7.0,24949.0,0.0026376702316992795,1.0,0.0026376702316992795,2018-03-11,54,2017-10-16
Switzerland,35,7,9578914.0,24802.0,7.0,24802.0,0.002589228799840984,1.0,0.002589228799840984,2018-03-11,54,2017-10-23
Switzerland,36,7,9621855.0,25254.0,7.0,25254.0,0.0026246498206426933,1.0,0.0026246498206426933,2018-03-11,54,2017-10-30
Switzerland,37,7,9372532.0,28188.0,7.0,28188.0,0.0030075117374899333,1.0,0.0030075117374899333,2018-03-11,54,2017-11-06
Switzerland,38,7,9502355.0,27536.0,7.0,27536.0,0.0028978079644467083,1.0,0.0028978079644467083,2018-03-11,54,2017-11-13
Switzerland,39,7,9537475.0,26340.0,7.0,26340.0,0.002761737252260163,1.0,0.002761737252260163,2018-03-11,54,2017-11-20
Switzerland,40,7,9830643.0,18219.0,5.0,18219.0,0.001853286707695519,0.7142857142857143,0.001853286707695519,2018-03-11,54,2017-11-27
Switzerland,41,7,9806131.0,10844.0,3.0,10844.0,0.0011058387859595187,0.42857142857142855,0.0011058387859595187,2018-03-11,54,2017-12-04
Switzerland,42,7,10405128.0,14955.0,4.0,14955.0,0.001437272083534196,0.5714285714285714,0.001437272083534196,2018-03-11,54,2017-12-11
Switzerland,43,7,12912465.0,3753.0,1.0,3753.0,0.0002906493841416027,0.14285714285714285,0.0002906493841416027,2018-03-11,54,2017-12-18
Switzerland,44,7,9941510.0,13296.0,4.0,13296.0,0.001337422584697898,0.5714285714285714,0.001337422584697898,2018-03-11,54,2017-12-25
Switzerland,45,7,8882054.0,22795.0,7.0,22795.0,0.0025664108774839695,1.0,0.0025664108774839695,2018-03-11,54,2018-01-01
Switzerland,46,7,9791163.0,25448.0,7.0,25448.0,0.0025990783730186085,1.0,0.0025990783730186085,2018-03-11,54,2018-01-08
Switzerland,47,7,9975785.0,21470.0,6.0,21470.0,0.002152211580341798,0.8571428571428571,0.002152211580341798,2018-03-11,54,2018-01-15
Switzerland,48,7,10122695.0,13755.0,4.0,13755.0,0.0013588278615526794,0.5714285714285714,0.0013588278615526794,2018-03-11,54,2018-01-22
Switzerland,49,7,10068348.0,6645.0,2.0,6645.0,0.0006599891064552,0.2857142857142857,0.0006599891064552,2018-03-11,54,2018-01-29
Switzerland,50,7,9782911.0,3038.0,1.0,3038.0,0.000310541514688215,0.14285714285714285,0.000310541514688215,2018-03-11,54,2018-02-05
Switzerland,51,7,9598331.0,3052.0,1.0,3052.0,0.0003179719474146078,0.14285714285714285,0.0003179719474146078,2018-03-11,54,2018-02-12
Switzerland,52,7,9964811.0,6277.0,2.0,6277.0,0.0006299166135714968,0.2857142857142857,0.0006299166135714968,2018-03-11,54,2018-02-19
Switzerland,53,7,10165332.0,0.0,0.0,0.0,0.0,0.0,0.0,2018-03-11,54,2018-02-26
Switzerland,54,7,10327264.0,11324.0,3.0,11324.0,0.001096515011139446,0.42857142857142855,0.001096515011139446,2018-03-11,54,2018-03-05
Switzerland,55,7,10614880.0,18948.0,5.0,18948.0,0.0017850413758798969,0.7142857142857143,0.0017850413758798969,2018-03-11,54,2018-03-12
Switzerland,56,7,11227737.0,0.0,0.0,0.0,0.0,0.0,0.0,2018-03-11,54,2018-03-19
Switzerland,57,7,11203078.0,0.0,0.0,0.0,0.0,0.0,0.0,2018-03-11,54,2018-03-26
Switzerland,58,7,11264574.0,0.0,0.0,0.0,0.0,0.0,0.0,2018-03-11,54,2018-04-02
Switzerland,59,7,11296914.0,0.0,0.0,0.0,0.0,0.0,0.0,2018-03-11,54,2018-04-09
Switzerland,60,7,12476973.0,0.0,0.0,0.0,0.0,0.0,0.0,2018-03-11,54,2018-04-16
Switzerland,61,7,12367937.0,0.0,0.0,0.0,0.0,0.0,0.0,2018-03-11,54,2018-04-23
Switzerland,62,7,11673566.0,0.0,0.0,0.0,0.0,0.0,0.0,2018-03-11,54,2018-04-30
Switzerland,63,7,11466397.0,0.0,0.0,0.0,0.0,0.0,0.0,2018-03-11,54,2018-05-07
Switzerland,64,7,10997483.0,0.0,0.0,0.0,0.0,0.0,0.0,2018-03-11,54,2018-05-14
Switzerland,65,7,11803999.0,0.0,0.0,0.0,0.0,0.0,0.0,2018-03-11,54,2018-05-21
Switzerland,66,7,12096281.0,0.0,0.0,0.0,0.0,0.0,0.0,2018-03-11,54,2018-05-28
Switzerland,67,7,11983119.0,0.0,0.0,0.0,0.0,0.0,0.0,2018-03-11,54,2018-06-04
Switzerland,68,7,12320436.0,3394.0,1.0,3394.0,0.00027547726395397043,0.14285714285714285,0.00027547726395397043,2018-03-11,54,2018-06-11
Switzerland,69,7,13866682.0,0.0,0.0,0.0,0.0,0.0,0.0,2018-03-11,54,2018-06-18
Switzerland,70,7,13750482.0,0.0,0.0,0.0,0.0,0.0,0.0,2018-03-11,54,2018-06-25
Switzerland,71,7,12662605.0,0.0,0.0,0.0,0.0,0.0,0.0,2018-03-11,54,2018-07-02
Switzerland,72,7,12887194.0,0.0,0.0,0.0,0.0,0.0,0.0,2018-03-11,54,2018-07-09
Switzerland,73,7,12519097.0,0.0,0.0,0.0,0.0,0.0,0.0,2018-03-11,54,2018-07-16
Switzerland,74,7,12299142.0,0.0,0.0,0.0,0.0,0.0,0.0,2018-03-11,54,2018-07-23
Switzerland,75,7,12930251.0,0.0,0.0,0.0,0.0,0.0,0.0,2018-03-11,54,2018-07-30
Switzerland,76,7,12674044.0,0.0,0.0,0.0,0.0,0.0,0.0,2018-03-11,54,2018-08-06
Switzerland,77,7,12564977.0,0.0,0.0,0.0,0.0,0.0,0.0,2018-03-11,54,2018-08-13
Switzerland,78,7,12620723.0,0.0,0.0,0.0,0.0,0.0,0.0,2018-03-11,54,2018-08-20
Switzerland,79,7,13098411.0,0.0,0.0,0.0,0.0,0.0,0.0,2018-03-11,54,2018-08-27
Switzerland,80,7,13338186.0,0.0,0.0,0.0,0.0,0.0,0.0,2018-03-11,54,2018-09-03
Switzerland,81,7,13345382.0,0.0,0.0,0.0,0.0,0.0,0.0,2018-03-11,54,2018-09-10
Switzerland,82,7,13572777.0,0.0,0.0,0.0,0.0,0.0,0.0,2018-03-11,54,2018-09-17
Switzerland,83,7,13349841.0,0.0,0.0,0.0,0.0,0.0,0.0,2018-03-11,54,2018-09-24
Switzerland,84,7,13705315.0,0.0,0.0,0.0,0.0,0.0,0.0,2018-03-11,54,2018-10-01
Switzerland,85,7,13258056.0,0.0,0.0,0.0,0.0,0.0,0.0,2018-03-11,54,2018-10-08
Switzerland,86,7,12851895.0,0.0,0.0,0.0,0.0,0.0,0.0,2018-03-11,54,2018-10-15
Switzerland,87,7,12743900.0,0.0,0.0,0.0,0.0,0.0,0.0,2018-03-11,54,2018-10-22
Switzerland,88,7,13146732.0,0.0,0.0,0.0,0.0,0.0,0.0,2018-03-11,54,2018-10-29
Switzerland,89,7,13101641.0,0.0,0.0,0.0,0.0,0.0,0.0,2018-03-11,54,2018-11-05
Switzerland,90,7,12761459.0,0.0,0.0,0.0,0.0,0.0,0.0,2018-03-11,54,2018-11-12
Switzerland,91,7,12912638.0,0.0,0.0,0.0,0.0,0.0,0.0,2018-03-11,54,2018-11-19
Switzerland,92,7,13745727.0,0.0,0.0,0.0,0.0,0.0,0.0,2018-03-11,54,2018-11-26
Switzerland,93,7,13660834.0,0.0,0.0,0.0,0.0,0.0,0.0,2018-03-11,54,2018-12-03
Switzerland,94,7,13565745.0,0.0,0.0,0.0,0.0,0.0,0.0,2018-03-11,54,2018-12-10
Switzerland,95,7,15016103.0,0.0,0.0,0.0,0.0,0.0,0.0,2018-03-11,54,2018-12-17
Switzerland,96,7,15682839.0,0.0,0.0,0.0,0.0,0.0,0.0,2018-03-11,54,2018-12-24
Switzerland,97,1,2157317.0,0.0,0.0,0.0,0.0,0.0,0.0,2018-03-11,54,2018-12-31
Taiwan,1,5,6073217.0,0.0,0.0,0.0,0.0,0.0,0.0,,0,2017-02-27
Taiwan,2,7,8719374.0,0.0,0.0,0.0,0.0,0.0,0.0,,0,2017-03-06
Taiwan,3,7,8546355.0,0.0,0.0,0.0,0.0,0.0,0.0,,0,2017-03-13
Taiwan,4,7,8058459.0,0.0,0.0,0.0,0.0,0.0,0.0,,0,2017-03-20
Taiwan,5,7,7958779.0,0.0,0.0,0.0,0.0,0.0,0.0,,0,2017-03-27
Taiwan,6,7,7834172.0,13822.0,3.0,13822.0,0.0017643217432550626,0.42857142857142855,0.0017643217432550626,,0,2017-04-03
Taiwan,7,7,9017550.0,63392.0,7.0,63392.0,0.007029847353216783,1.0,0.007029847353216783,,0,2017-04-10
Taiwan,8,7,8292692.0,63034.0,7.0,63034.0,0.007601150506976504,1.0,0.007601150506976504,,0,2017-04-17
Taiwan,9,7,8208791.0,68394.0,7.0,68394.0,0.00833179940870708,1.0,0.00833179940870708,,0,2017-04-24
Taiwan,10,7,8085732.0,79311.0,10.0,79311.0,0.009808759429572982,1.4285714285714286,0.009808759429572982,,0,2017-05-01
Taiwan,11,7,8291906.0,97250.0,14.0,97250.0,0.011728304686522013,2.0,0.011728304686522013,,0,2017-05-08
Taiwan,12,7,8385065.0,96432.0,12.0,96432.0,0.011500447521873713,1.7142857142857142,0.011500447521873713,,0,2017-05-15
Taiwan,13,7,8427778.0,90677.0,7.0,90677.0,0.010759300968772551,1.0,0.010759300968772551,,0,2017-05-22
Taiwan,14,4,4618981.0,41905.0,4.0,41905.0,0.00907234734241167,1.0,0.00907234734241167,,0,2017-05-29
Taiwan,15,7,8612787.0,71599.0,7.0,71599.0,0.00831310468957377,1.0,0.00831310468957377,,0,2017-06-05
Taiwan,16,7,9022704.0,67054.0,7.0,67054.0,0.007431696750774491,1.0,0.007431696750774491,,0,2017-06-12
Taiwan,17,7,9396936.0,52808.0,7.0,52808.0,0.005619704124833882,1.0,0.005619704124833882,,0,2017-06-19
Taiwan,18,7,9123114.0,41800.0,7.0,41800.0,0.004581768900399579,1.0,0.004581768900399579,,0,2017-06-26
Taiwan,19,7,8636407.0,24002.0,7.0,24002.0,0.0027791649930347193,1.0,0.0027791649930347193,,0,2017-07-03
Taiwan,20,7,8740957.0,16588.0,6.0,16588.0,0.0018977327082149015,0.8571428571428571,0.0018977327082149015,,0,2017-07-10
Taiwan,21,7,8906878.0,10264.0,4.0,10264.0,0.0011523678667205277,0.5714285714285714,0.0011523678667205277,,0,2017-07-17
Taiwan,22,7,8342354.0,2450.0,1.0,2450.0,0.0002936820950057981,0.14285714285714285,0.0002936820950057981,,0,2017-07-24
Taiwan,23,7,8224083.0,2344.0,1.0,2344.0,0.0002850165787480501,0.14285714285714285,0.0002850165787480501,,0,2017-07-31
Taiwan,24,7,8380061.0,0.0,0.0,0.0,0.0,0.0,0.0,,0,2017-08-07
Taiwan,25,7,8369619.0,0.0,0.0,0.0,0.0,0.0,0.0,,0,2017-08-14
Taiwan,26,7,8384572.0,0.0,0.0,0.0,0.0,0.0,0.0,,0,2017-08-21
Taiwan,27,7,8520227.0,0.0,0.0,0.0,0.0,0.0,0.0,,0,2017-08-28
Taiwan,28,7,8746241.0,0.0,0.0,0.0,0.0,0.0,0.0,,0,2017-09-04
Taiwan,29,7,8864391.0,0.0,0.0,0.0,0.0,0.0,0.0,,0,2017-09-11
Taiwan,30,7,9045940.0,0.0,0.0,0.0,0.0,0.0,0.0,,0,2017-09-18
Taiwan,31,7,8570673.0,0.0,0.0,0.0,0.0,0.0,0.0,,0,2017-09-25
Taiwan,32,7,8047106.0,0.0,0.0,0.0,0.0,0.0,0.0,,0,2017-10-02
Taiwan,33,7,8100844.0,0.0,0.0,0.0,0.0,0.0,0.0,,0,2017-10-09
Taiwan,34,7,8558075.0,0.0,0.0,0.0,0.0,0.0,0.0,,0,2017-10-16
Taiwan,35,7,8608025.0,0.0,0.0,0.0,0.0,0.0,0.0,,0,2017-10-23
Taiwan,36,7,8893584.0,0.0,0.0,0.0,0.0,0.0,0.0,,0,2017-10-30
Taiwan,37,7,8841496.0,0.0,0.0,0.0,0.0,0.0,0.0,,0,2017-11-06
Taiwan,38,7,8624717.0,0.0,0.0,0.0,0.0,0.0,0.0,,0,2017-11-13
Taiwan,39,7,8619133.0,0.0,0.0,0.0,0.0,0.0,0.0,,0,2017-11-20
Taiwan,40,7,8786283.0,0.0,0.0,0.0,0.0,0.0,0.0,,0,2017-11-27
Taiwan,41,7,8706043.0,0.0,0.0,0.0,0.0,0.0,0.0,,0,2017-12-04
Taiwan,42,7,8812700.0,0.0,0.0,0.0,0.0,0.0,0.0,,0,2017-12-11
Taiwan,43,7,8919452.0,0.0,0.0,0.0,0.0,0.0,0.0,,0,2017-12-18
Taiwan,44,7,9088492.0,0.0,0.0,0.0,0.0,0.0,0.0,,0,2017-12-25
Taiwan,45,6,7850108.0,0.0,0.0,0.0,0.0,0.0,0.0,,0,2018-01-01
Taiwan,46,7,9288552.0,0.0,0.0,0.0,0.0,0.0,0.0,,0,2018-01-08
Taiwan,47,7,9145960.0,0.0,0.0,0.0,0.0,0.0,0.0,,0,2018-01-15
Taiwan,48,7,8647689.0,0.0,0.0,0.0,0.0,0.0,0.0,,0,2018-01-22
Taiwan,49,7,8243211.0,0.0,0.0,0.0,0.0,0.0,0.0,,0,2018-01-29
Taiwan,50,7,8158533.0,0.0,0.0,0.0,0.0,0.0,0.0,,0,2018-02-05
Taiwan,51,7,7508889.0,0.0,0.0,0.0,0.0,0.0,0.0,,0,2018-02-12
Taiwan,52,7,8116719.0,4942.0,1.0,4942.0,0.000608866710797799,0.14285714285714285,0.000608866710797799,,0,2018-02-19
Taiwan,53,7,8724493.0,0.0,0.0,0.0,0.0,0.0,0.0,,0,2018-02-26
Taiwan,54,7,8617135.0,0.0,0.0,0.0,0.0,0.0,0.0,,0,2018-03-05
Taiwan,55,7,8820330.0,0.0,0.0,0.0,0.0,0.0,0.0,,0,2018-03-12
Taiwan,56,7,8998690.0,0.0,0.0,0.0,0.0,0.0,0.0,,0,2018-03-19
Taiwan,57,7,9143122.0,0.0,0.0,0.0,0.0,0.0,0.0,,0,2018-03-26
Taiwan,58,7,8018145.0,0.0,0.0,0.0,0.0,0.0,0.0,,0,2018-04-02
Taiwan,59,7,8540738.0,0.0,0.0,0.0,0.0,0.0,0.0,,0,2018-04-09
Taiwan,60,7,9335945.0,0.0,0.0,0.0,0.0,0.0,0.0,,0,2018-04-16
Taiwan,61,7,8538686.0,0.0,0.0,0.0,0.0,0.0,0.0,,0,2018-04-23
Taiwan,62,7,8097429.0,0.0,0.0,0.0,0.0,0.0,0.0,,0,2018-04-30
Taiwan,63,7,8385739.0,0.0,0.0,0.0,0.0,0.0,0.0,,0,2018-05-07
Taiwan,64,7,8517493.0,0.0,0.0,0.0,0.0,0.0,0.0,,0,2018-05-14
Taiwan,65,7,8562914.0,0.0,0.0,0.0,0.0,0.0,0.0,,0,2018-05-21
Taiwan,66,7,8124414.0,0.0,0.0,0.0,0.0,0.0,0.0,,0,2018-05-28
Taiwan,67,7,8107294.0,0.0,0.0,0.0,0.0,0.0,0.0,,0,2018-06-04
Taiwan,68,7,8295095.0,0.0,0.0,0.0,0.0,0.0,0.0,,0,2018-06-11
Taiwan,69,7,9077923.0,0.0,0.0,0.0,0.0,0.0,0.0,,0,2018-06-18
Taiwan,70,7,9131025.0,0.0,0.0,0.0,0.0,0.0,0.0,,0,2018-06-25
Taiwan,71,7,8451648.0,0.0,0.0,0.0,0.0,0.0,0.0,,0,2018-07-02
Taiwan,72,7,8149809.0,0.0,0.0,0.0,0.0,0.0,0.0,,0,2018-07-09
Taiwan,73,7,8272835.0,0.0,0.0,0.0,0.0,0.0,0.0,,0,2018-07-16
Taiwan,74,7,8110825.0,0.0,0.0,0.0,0.0,0.0,0.0,,0,2018-07-23
Taiwan,75,7,8085872.0,0.0,0.0,0.0,0.0,0.0,0.0,,0,2018-07-30
Taiwan,76,7,7881580.0,0.0,0.0,0.0,0.0,0.0,0.0,,0,2018-08-06
Taiwan,77,7,7865942.0,0.0,0.0,0.0,0.0,0.0,0.0,,0,2018-08-13
Taiwan,78,7,8013129.0,0.0,0.0,0.0,0.0,0.0,0.0,,0,2018-08-20
Taiwan,79,7,7966783.0,0.0,0.0,0.0,0.0,0.0,0.0,,0,2018-08-27
Taiwan,80,7,7759176.0,0.0,0.0,0.0,0.0,0.0,0.0,,0,2018-09-03
Taiwan,81,7,7781977.0,0.0,0.0,0.0,0.0,0.0,0.0,,0,2018-09-10
Taiwan,82,7,7747751.0,0.0,0.0,0.0,0.0,0.0,0.0,,0,2018-09-17
Taiwan,83,7,7872395.0,0.0,0.0,0.0,0.0,0.0,0.0,,0,2018-09-24
Taiwan,84,7,8230151.0,0.0,0.0,0.0,0.0,0.0,0.0,,0,2018-10-01
Taiwan,85,7,8611362.0,0.0,0.0,0.0,0.0,0.0,0.0,,0,2018-10-08
Taiwan,86,7,9534064.0,0.0,0.0,0.0,0.0,0.0,0.0,,0,2018-10-15
Taiwan,87,7,9625152.0,0.0,0.0,0.0,0.0,0.0,0.0,,0,2018-10-22
Taiwan,88,7,9165720.0,0.0,0.0,0.0,0.0,0.0,0.0,,0,2018-10-29
Taiwan,89,7,9027146.0,0.0,0.0,0.0,0.0,0.0,0.0,,0,2018-11-05
Taiwan,90,7,10072037.0,0.0,0.0,0.0,0.0,0.0,0.0,,0,2018-11-12
Taiwan,91,7,9781956.0,0.0,0.0,0.0,0.0,0.0,0.0,,0,2018-11-19
Taiwan,92,7,9850542.0,0.0,0.0,0.0,0.0,0.0,0.0,,0,2018-11-26
Taiwan,93,7,9801691.0,0.0,0.0,0.0,0.0,0.0,0.0,,0,2018-12-03
Taiwan,94,7,9921971.0,0.0,0.0,0.0,0.0,0.0,0.0,,0,2018-12-10
Taiwan,95,7,10268973.0,0.0,0.0,0.0,0.0,0.0,0.0,,0,2018-12-17
Taiwan,96,7,11470368.0,0.0,0.0,0.0,0.0,0.0,0.0,,0,2018-12-24
Taiwan,97,1,1319062.0,0.0,0.0,0.0,0.0,0.0,0.0,,0,2018-12-31
Thailand,26,1,333791.0,0.0,0.0,0.0,0.0,0.0,0.0,2018-05-07,63,2017-08-21
Thailand,27,5,1662288.0,0.0,0.0,0.0,0.0,0.0,0.0,2018-05-07,63,2017-08-28
Thailand,28,7,2144548.0,0.0,0.0,0.0,0.0,0.0,0.0,2018-05-07,63,2017-09-04
Thailand,29,7,2482019.0,0.0,0.0,0.0,0.0,0.0,0.0,2018-05-07,63,2017-09-11
Thailand,30,7,3098549.0,0.0,0.0,0.0,0.0,0.0,0.0,2018-05-07,63,2017-09-18
Thailand,31,7,2797170.0,0.0,0.0,0.0,0.0,0.0,0.0,2018-05-07,63,2017-09-25
Thailand,32,7,2728124.0,0.0,0.0,0.0,0.0,0.0,0.0,2018-05-07,63,2017-10-02
Thailand,33,7,2710663.0,0.0,0.0,0.0,0.0,0.0,0.0,2018-05-07,63,2017-10-09
Thailand,34,7,2711524.0,0.0,0.0,0.0,0.0,0.0,0.0,2018-05-07,63,2017-10-16
Thailand,35,7,2527823.0,0.0,0.0,0.0,0.0,0.0,0.0,2018-05-07,63,2017-10-23
Thailand,36,7,2837341.0,0.0,0.0,0.0,0.0,0.0,0.0,2018-05-07,63,2017-10-30
Thailand,37,7,2960646.0,0.0,0.0,0.0,0.0,0.0,0.0,2018-05-07,63,2017-11-06
Thailand,38,7,3190971.0,0.0,0.0,0.0,0.0,0.0,0.0,2018-05-07,63,2017-11-13
Thailand,39,7,3548860.0,0.0,0.0,0.0,0.0,0.0,0.0,2018-05-07,63,2017-11-20
Thailand,40,7,3618170.0,0.0,0.0,0.0,0.0,0.0,0.0,2018-05-07,63,2017-11-27
Thailand,41,7,3691053.0,0.0,0.0,0.0,0.0,0.0,0.0,2018-05-07,63,2017-12-04
Thailand,42,7,3759220.0,0.0,0.0,0.0,0.0,0.0,0.0,2018-05-07,63,2017-12-11
Thailand,43,7,3678239.0,0.0,0.0,0.0,0.0,0.0,0.0,2018-05-07,63,2017-12-18
Thailand,44,7,3765597.0,0.0,0.0,0.0,0.0,0.0,0.0,2018-05-07,63,2017-12-25
Thailand,45,7,3764749.0,0.0,0.0,0.0,0.0,0.0,0.0,2018-05-07,63,2018-01-01
Thailand,46,7,3883399.0,0.0,0.0,0.0,0.0,0.0,0.0,2018-05-07,63,2018-01-08
Thailand,47,7,3947140.0,0.0,0.0,0.0,0.0,0.0,0.0,2018-05-07,63,2018-01-15
Thailand,48,7,4056716.0,0.0,0.0,0.0,0.0,0.0,0.0,2018-05-07,63,2018-01-22
Thailand,49,7,4227039.0,0.0,0.0,0.0,0.0,0.0,0.0,2018-05-07,63,2018-01-29
Thailand,50,7,4250777.0,0.0,0.0,0.0,0.0,0.0,0.0,2018-05-07,63,2018-02-05
Thailand,51,7,4247105.0,0.0,0.0,0.0,0.0,0.0,0.0,2018-05-07,63,2018-02-12
Thailand,52,7,4534678.0,1580.0,1.0,1580.0,0.0003484260624458892,0.14285714285714285,0.0003484260624458892,2018-05-07,63,2018-02-19
Thailand,53,7,4396315.0,0.0,0.0,0.0,0.0,0.0,0.0,2018-05-07,63,2018-02-26
Thailand,54,7,4214203.0,0.0,0.0,0.0,0.0,0.0,0.0,2018-05-07,63,2018-03-05
Thailand,55,7,4318601.0,0.0,0.0,0.0,0.0,0.0,0.0,2018-05-07,63,2018-03-12
Thailand,56,7,4561344.0,0.0,0.0,0.0,0.0,0.0,0.0,2018-05-07,63,2018-03-19
Thailand,57,7,4780800.0,0.0,0.0,0.0,0.0,0.0,0.0,2018-05-07,63,2018-03-26
Thailand,58,7,4663321.0,0.0,0.0,0.0,0.0,0.0,0.0,2018-05-07,63,2018-04-02
Thailand,59,7,4568322.0,0.0,0.0,0.0,0.0,0.0,0.0,2018-05-07,63,2018-04-09
Thailand,60,7,4822328.0,0.0,0.0,0.0,0.0,0.0,0.0,2018-05-07,63,2018-04-16
Thailand,61,7,4777062.0,0.0,0.0,0.0,0.0,0.0,0.0,2018-05-07,63,2018-04-23
Thailand,62,7,4822472.0,0.0,0.0,0.0,0.0,0.0,0.0,2018-05-07,63,2018-04-30
Thailand,63,7,5066585.0,0.0,0.0,0.0,0.0,0.0,0.0,2018-05-07,63,2018-05-07
Thailand,64,7,5295128.0,0.0,0.0,0.0,0.0,0.0,0.0,2018-05-07,63,2018-05-14
Thailand,65,7,5353200.0,0.0,0.0,0.0,0.0,0.0,0.0,2018-05-07,63,2018-05-21
Thailand,66,7,5167106.0,0.0,0.0,0.0,0.0,0.0,0.0,2018-05-07,63,2018-05-28
Thailand,67,7,5382301.0,0.0,0.0,0.0,0.0,0.0,0.0,2018-05-07,63,2018-06-04
Thailand,68,7,5833599.0,0.0,0.0,0.0,0.0,0.0,0.0,2018-05-07,63,2018-06-11
Thailand,69,7,6447299.0,0.0,0.0,0.0,0.0,0.0,0.0,2018-05-07,63,2018-06-18
Thailand,70,7,6224806.0,0.0,0.0,0.0,0.0,0.0,0.0,2018-05-07,63,2018-06-25
Thailand,71,7,6304971.0,0.0,0.0,0.0,0.0,0.0,0.0,2018-05-07,63,2018-07-02
Thailand,72,7,6361371.0,0.0,0.0,0.0,0.0,0.0,0.0,2018-05-07,63,2018-07-09
Thailand,73,7,6406853.0,0.0,0.0,0.0,0.0,0.0,0.0,2018-05-07,63,2018-07-16
Thailand,74,7,6444020.0,0.0,0.0,0.0,0.0,0.0,0.0,2018-05-07,63,2018-07-23
Thailand,75,7,6495506.0,0.0,0.0,0.0,0.0,0.0,0.0,2018-05-07,63,2018-07-30
Thailand,76,7,6634244.0,0.0,0.0,0.0,0.0,0.0,0.0,2018-05-07,63,2018-08-06
Thailand,77,7,6701029.0,0.0,0.0,0.0,0.0,0.0,0.0,2018-05-07,63,2018-08-13
Thailand,78,7,6963948.0,0.0,0.0,0.0,0.0,0.0,0.0,2018-05-07,63,2018-08-20
Thailand,79,7,6952348.0,0.0,0.0,0.0,0.0,0.0,0.0,2018-05-07,63,2018-08-27
Thailand,80,7,6838249.0,0.0,0.0,0.0,0.0,0.0,0.0,2018-05-07,63,2018-09-03
Thailand,81,7,6825772.0,0.0,0.0,0.0,0.0,0.0,0.0,2018-05-07,63,2018-09-10
Thailand,82,7,7028682.0,0.0,0.0,0.0,0.0,0.0,0.0,2018-05-07,63,2018-09-17
Thailand,83,7,7226780.0,0.0,0.0,0.0,0.0,0.0,0.0,2018-05-07,63,2018-09-24
Thailand,84,7,7177836.0,0.0,0.0,0.0,0.0,0.0,0.0,2018-05-07,63,2018-10-01
Thailand,85,7,7206100.0,0.0,0.0,0.0,0.0,0.0,0.0,2018-05-07,63,2018-10-08
Thailand,86,7,7447479.0,0.0,0.0,0.0,0.0,0.0,0.0,2018-05-07,63,2018-10-15
Thailand,87,7,8318621.0,0.0,0.0,0.0,0.0,0.0,0.0,2018-05-07,63,2018-10-22
Thailand,88,7,8950541.0,0.0,0.0,0.0,0.0,0.0,0.0,2018-05-07,63,2018-10-29
Thailand,89,7,9112889.0,0.0,0.0,0.0,0.0,0.0,0.0,2018-05-07,63,2018-11-05
Thailand,90,7,9510399.0,0.0,0.0,0.0,0.0,0.0,0.0,2018-05-07,63,2018-11-12
Thailand,91,7,9465559.0,0.0,0.0,0.0,0.0,0.0,0.0,2018-05-07,63,2018-11-19
Thailand,92,7,9299119.0,0.0,0.0,0.0,0.0,0.0,0.0,2018-05-07,63,2018-11-26
Thailand,93,7,9081512.0,0.0,0.0,0.0,0.0,0.0,0.0,2018-05-07,63,2018-12-03
Thailand,94,7,8962203.0,0.0,0.0,0.0,0.0,0.0,0.0,2018-05-07,63,2018-12-10
Thailand,95,7,8948721.0,0.0,0.0,0.0,0.0,0.0,0.0,2018-05-07,63,2018-12-17
Thailand,96,7,9112178.0,0.0,0.0,0.0,0.0,0.0,0.0,2018-05-07,63,2018-12-24
Thailand,97,1,1229002.0,0.0,0.0,0.0,0.0,0.0,0.0,2018-05-07,63,2018-12-31
Turkey,1,5,10339365.0,0.0,0.0,0.0,0.0,0.0,0.0,,0,2017-02-27
Turkey,2,7,13836435.0,0.0,0.0,0.0,0.0,0.0,0.0,,0,2017-03-06
Turkey,3,7,13831089.0,0.0,0.0,0.0,0.0,0.0,0.0,,0,2017-03-13
Turkey,4,7,14162095.0,0.0,0.0,0.0,0.0,0.0,0.0,,0,2017-03-20
Turkey,5,7,14102467.0,0.0,0.0,0.0,0.0,0.0,0.0,,0,2017-03-27
Turkey,6,7,14177143.0,32414.0,3.0,32414.0,0.00228635628490169,0.42857142857142855,0.00228635628490169,,0,2017-04-03
Turkey,7,7,14088557.0,95668.0,7.0,95668.0,0.0067904754191646455,1.0,0.0067904754191646455,,0,2017-04-10
Turkey,8,7,14221022.0,115259.0,7.0,115259.0,0.008104832409372547,1.0,0.008104832409372547,,0,2017-04-17
Turkey,9,7,15049576.0,117274.0,7.0,117274.0,0.0077925118953517366,1.0,0.0077925118953517366,,0,2017-04-24
Turkey,10,7,14980115.0,112928.0,8.0,112928.0,0.007538526907169938,1.1428571428571428,0.007538526907169938,,0,2017-05-01
Turkey,11,7,15039042.0,139591.0,11.0,130615.0,0.009281907717260183,1.5714285714285714,0.008685061189402888,,0,2017-05-08
Turkey,12,7,14734631.0,125794.0,8.0,125794.0,0.008537302359319347,1.1428571428571428,0.008537302359319347,,0,2017-05-15
Turkey,13,7,14879456.0,122207.0,7.0,122207.0,0.008213136286702954,1.0,0.008213136286702954,,0,2017-05-22
Turkey,14,4,8631404.0,62207.0,4.0,62207.0,0.007207054611277609,1.0,0.007207054611277609,,0,2017-05-29
Turkey,15,7,15722294.0,105880.0,7.0,105880.0,0.006734386216159041,1.0,0.006734386216159041,,0,2017-06-05
Turkey,16,7,16036406.0,75561.0,7.0,75561.0,0.004711841294115402,1.0,0.004711841294115402,,0,2017-06-12
Turkey,17,7,16436758.0,60517.0,7.0,60517.0,0.003681808784919751,1.0,0.003681808784919751,,0,2017-06-19
Turkey,18,7,16182787.0,49844.0,7.0,49844.0,0.003080062785229763,1.0,0.003080062785229763,,0,2017-06-26
Turkey,19,7,18455964.0,41788.0,7.0,41788.0,0.0022642003419599214,1.0,0.0022642003419599214,,0,2017-07-03
Turkey,20,7,19278036.0,35946.0,6.0,35946.0,0.0018646090296750145,0.8571428571428571,0.0018646090296750145,,0,2017-07-10
Turkey,21,7,18871264.0,17821.0,3.0,17821.0,0.0009443458583378411,0.42857142857142855,0.0009443458583378411,,0,2017-07-17
Turkey,22,7,19566740.0,0.0,0.0,0.0,0.0,0.0,0.0,,0,2017-07-24
Turkey,23,7,21152485.0,0.0,0.0,0.0,0.0,0.0,0.0,,0,2017-07-31
Turkey,24,7,20787015.0,0.0,0.0,0.0,0.0,0.0,0.0,,0,2017-08-07
Turkey,25,7,20506180.0,0.0,0.0,0.0,0.0,0.0,0.0,,0,2017-08-14
Turkey,26,7,20258487.0,0.0,0.0,0.0,0.0,0.0,0.0,,0,2017-08-21
Turkey,27,7,18408799.0,0.0,0.0,0.0,0.0,0.0,0.0,,0,2017-08-28
Turkey,28,7,19870580.0,0.0,0.0,0.0,0.0,0.0,0.0,,0,2017-09-04
Turkey,29,7,20426959.0,0.0,0.0,0.0,0.0,0.0,0.0,,0,2017-09-11
Turkey,30,7,19867816.0,0.0,0.0,0.0,0.0,0.0,0.0,,0,2017-09-18
Turkey,31,7,19465004.0,0.0,0.0,0.0,0.0,0.0,0.0,,0,2017-09-25
Turkey,32,7,19052710.0,0.0,0.0,0.0,0.0,0.0,0.0,,0,2017-10-02
Turkey,33,7,19047137.0,0.0,0.0,0.0,0.0,0.0,0.0,,0,2017-10-09
Turkey,34,7,19488510.0,0.0,0.0,0.0,0.0,0.0,0.0,,0,2017-10-16
Turkey,35,7,20114121.0,0.0,0.0,0.0,0.0,0.0,0.0,,0,2017-10-23
Turkey,36,7,19751135.0,0.0,0.0,0.0,0.0,0.0,0.0,,0,2017-10-30
Turkey,37,7,19895816.0,0.0,0.0,0.0,0.0,0.0,0.0,,0,2017-11-06
Turkey,38,7,19989162.0,0.0,0.0,0.0,0.0,0.0,0.0,,0,2017-11-13
Turkey,39,7,20265191.0,0.0,0.0,0.0,0.0,0.0,0.0,,0,2017-11-20
Turkey,40,7,21434061.0,0.0,0.0,0.0,0.0,0.0,0.0,,0,2017-11-27
Turkey,41,7,22297020.0,0.0,0.0,0.0,0.0,0.0,0.0,,0,2017-12-04
Turkey,42,7,22632376.0,0.0,0.0,0.0,0.0,0.0,0.0,,0,2017-12-11
Turkey,43,7,22554485.0,0.0,0.0,0.0,0.0,0.0,0.0,,0,2017-12-18
Turkey,44,7,23815005.0,0.0,0.0,0.0,0.0,0.0,0.0,,0,2017-12-25
Turkey,45,7,23059551.0,0.0,0.0,0.0,0.0,0.0,0.0,,0,2018-01-01
Turkey,46,7,22859364.0,0.0,0.0,0.0,0.0,0.0,0.0,,0,2018-01-08
Turkey,47,7,22113509.0,0.0,0.0,0.0,0.0,0.0,0.0,,0,2018-01-15
Turkey,48,7,20388664.0,0.0,0.0,0.0,0.0,0.0,0.0,,0,2018-01-22
Turkey,49,7,20691148.0,0.0,0.0,0.0,0.0,0.0,0.0,,0,2018-01-29
Turkey,50,7,21515324.0,0.0,0.0,0.0,0.0,0.0,0.0,,0,2018-02-05
Turkey,51,7,22185161.0,0.0,0.0,0.0,0.0,0.0,0.0,,0,2018-02-12
Turkey,52,6,19734673.0,0.0,0.0,0.0,0.0,0.0,0.0,,0,2018-02-19
Turkey,53,7,23070627.0,0.0,0.0,0.0,0.0,0.0,0.0,,0,2018-02-26
Turkey,54,7,24141496.0,0.0,0.0,0.0,0.0,0.0,0.0,,0,2018-03-05
Turkey,55,7,23297770.0,0.0,0.0,0.0,0.0,0.0,0.0,,0,2018-03-12
Turkey,56,7,23104031.0,0.0,0.0,0.0,0.0,0.0,0.0,,0,2018-03-19
Turkey,57,7,23304614.0,0.0,0.0,0.0,0.0,0.0,0.0,,0,2018-03-26
Turkey,58,7,23542948.0,0.0,0.0,0.0,0.0,0.0,0.0,,0,2018-04-02
Turkey,59,7,23780984.0,0.0,0.0,0.0,0.0,0.0,0.0,,0,2018-04-09
Turkey,60,7,23965662.0,0.0,0.0,0.0,0.0,0.0,0.0,,0,2018-04-16
Turkey,61,7,23854681.0,0.0,0.0,0.0,0.0,0.0,0.0,,0,2018-04-23
Turkey,62,7,22650061.0,0.0,0.0,0.0,0.0,0.0,0.0,,0,2018-04-30
Turkey,63,7,23186582.0,0.0,0.0,0.0,0.0,0.0,0.0,,0,2018-05-07
Turkey,64,7,22886845.0,0.0,0.0,0.0,0.0,0.0,0.0,,0,2018-05-14
Turkey,65,7,27530745.0,0.0,0.0,0.0,0.0,0.0,0.0,,0,2018-05-21
Turkey,66,7,29435565.0,0.0,0.0,0.0,0.0,0.0,0.0,,0,2018-05-28
Turkey,67,7,28915459.0,0.0,0.0,0.0,0.0,0.0,0.0,,0,2018-06-04
Turkey,68,7,27768892.0,0.0,0.0,0.0,0.0,0.0,0.0,,0,2018-06-11
Turkey,69,7,29407586.0,0.0,0.0,0.0,0.0,0.0,0.0,,0,2018-06-18
Turkey,70,7,28202905.0,0.0,0.0,0.0,0.0,0.0,0.0,,0,2018-06-25
Turkey,71,7,27740062.0,0.0,0.0,0.0,0.0,0.0,0.0,,0,2018-07-02
Turkey,72,7,28355405.0,0.0,0.0,0.0,0.0,0.0,0.0,,0,2018-07-09
Turkey,73,7,29085310.0,0.0,0.0,0.0,0.0,0.0,0.0,,0,2018-07-16
Turkey,74,7,28830632.0,0.0,0.0,0.0,0.0,0.0,0.0,,0,2018-07-23
Turkey,75,7,28911888.0,0.0,0.0,0.0,0.0,0.0,0.0,,0,2018-07-30
Turkey,76,7,28720873.0,0.0,0.0,0.0,0.0,0.0,0.0,,0,2018-08-06
Turkey,77,7,28781668.0,0.0,0.0,0.0,0.0,0.0,0.0,,0,2018-08-13
Turkey,78,7,25363477.0,0.0,0.0,0.0,0.0,0.0,0.0,,0,2018-08-20
Turkey,79,7,27781838.0,0.0,0.0,0.0,0.0,0.0,0.0,,0,2018-08-27
Turkey,80,7,29258977.0,0.0,0.0,0.0,0.0,0.0,0.0,,0,2018-09-03
Turkey,81,7,29232949.0,0.0,0.0,0.0,0.0,0.0,0.0,,0,2018-09-10
Turkey,82,7,30188612.0,0.0,0.0,0.0,0.0,0.0,0.0,,0,2018-09-17
Turkey,83,7,31090468.0,0.0,0.0,0.0,0.0,0.0,0.0,,0,2018-09-24
Turkey,84,7,32410253.0,0.0,0.0,0.0,0.0,0.0,0.0,,0,2018-10-01
Turkey,85,7,33713901.0,0.0,0.0,0.0,0.0,0.0,0.0,,0,2018-10-08
Turkey,86,7,33500706.0,0.0,0.0,0.0,0.0,0.0,0.0,,0,2018-10-15
Turkey,87,7,33578088.0,0.0,0.0,0.0,0.0,0.0,0.0,,0,2018-10-22
Turkey,88,7,32683303.0,0.0,0.0,0.0,0.0,0.0,0.0,,0,2018-10-29
Turkey,89,7,32748067.0,0.0,0.0,0.0,0.0,0.0,0.0,,0,2018-11-05
Turkey,90,7,32437989.0,0.0,0.0,0.0,0.0,0.0,0.0,,0,2018-11-12
Turkey,91,7,32487151.0,0.0,0.0,0.0,0.0,0.0,0.0,,0,2018-11-19
Turkey,92,7,32364117.0,0.0,0.0,0.0,0.0,0.0,0.0,,0,2018-11-26
Turkey,93,7,33216759.0,0.0,0.0,0.0,0.0,0.0,0.0,,0,2018-12-03
Turkey,94,7,33848572.0,0.0,0.0,0.0,0.0,0.0,0.0,,0,2018-12-10
Turkey,95,7,33836949.0,0.0,0.0,0.0,0.0,0.0,0.0,,0,2018-12-17
Turkey,96,7,33901842.0,0.0,0.0,0.0,0.0,0.0,0.0,,0,2018-12-24
Turkey,97,1,5095038.0,0.0,0.0,0.0,0.0,0.0,0.0,,0,2018-12-31
United Kingdom,1,5,121642038.0,0.0,0.0,0.0,0.0,0.0,0.0,2017-10-29,35,2017-02-27
United Kingdom,2,7,177382420.0,0.0,0.0,0.0,0.0,0.0,0.0,2017-10-29,35,2017-03-06
United Kingdom,3,7,162117675.0,0.0,0.0,0.0,0.0,0.0,0.0,2017-10-29,35,2017-03-13
United Kingdom,4,7,174074078.0,0.0,0.0,0.0,0.0,0.0,0.0,2017-10-29,35,2017-03-20
United Kingdom,5,7,155022613.0,0.0,0.0,0.0,0.0,0.0,0.0,2017-10-29,35,2017-03-27
United Kingdom,6,7,149758550.0,863046.0,3.0,863046.0,0.005762916374390644,0.42857142857142855,0.005762916374390644,2017-10-29,35,2017-04-03
United Kingdom,7,7,142634739.0,2072899.0,7.0,2072899.0,0.014532918239504053,1.0,0.014532918239504053,2017-10-29,35,2017-04-10
United Kingdom,8,7,137768741.0,1770435.0,7.0,1770435.0,0.012850774327682939,1.0,0.012850774327682939,2017-10-29,35,2017-04-17
United Kingdom,9,7,137420920.0,1641998.0,7.0,1641998.0,0.011948675645600393,1.0,0.011948675645600393,2017-10-29,35,2017-04-24
United Kingdom,10,7,138318594.0,1923482.0,13.0,1923482.0,0.013906170850753442,1.8571428571428572,0.013906170850753442,2017-10-29,35,2017-05-01
United Kingdom,11,7,146908666.0,5462658.0,38.0,2936715.0,0.037184041954339164,5.428571428571429,0.01999007328812039,2017-10-29,35,2017-05-08
United Kingdom,12,7,146009486.0,6075519.0,69.0,3136616.0,0.041610440297009194,9.857142857142858,0.021482275473526425,2017-10-29,35,2017-05-15
United Kingdom,13,7,150466866.0,3378813.0,38.0,2560948.0,0.022455528514829303,5.428571428571429,0.017020012897723275,2017-10-29,35,2017-05-22
United Kingdom,14,4,76945776.0,957952.0,10.0,957952.0,0.012449702242264734,2.5,0.012449702242264734,2017-10-29,35,2017-05-29
United Kingdom,15,7,136495704.0,1252265.0,13.0,1252265.0,0.009174391305384966,1.8571428571428572,0.009174391305384966,2017-10-29,35,2017-06-05
United Kingdom,16,7,145017006.0,1043008.0,10.0,1043008.0,0.007192315086135484,1.4285714285714286,0.007192315086135484,2017-10-29,35,2017-06-12
United Kingdom,17,7,141667750.0,657454.0,7.0,657454.0,0.004640816276110829,1.0,0.004640816276110829,2017-10-29,35,2017-06-19
United Kingdom,18,7,138792190.0,503293.0,7.0,503293.0,0.003626234300359408,1.0,0.003626234300359408,2017-10-29,35,2017-06-26
United Kingdom,19,7,135613921.0,421106.0,7.0,421106.0,0.003105182689909836,1.0,0.003105182689909836,2017-10-29,35,2017-07-03
United Kingdom,20,7,130157663.0,382778.0,7.0,382778.0,0.0029408794778375824,1.0,0.0029408794778375824,2017-10-29,35,2017-07-10
United Kingdom,21,7,132257626.0,380087.0,7.0,380087.0,0.002873838065110892,1.0,0.002873838065110892,2017-10-29,35,2017-07-17
United Kingdom,22,7,129666806.0,391620.0,7.0,391620.0,0.0030202024101681044,1.0,0.0030202024101681044,2017-10-29,35,2017-07-24
United Kingdom,23,7,124140594.0,359363.0,7.0,359363.0,0.0028948065126867366,1.0,0.0028948065126867366,2017-10-29,35,2017-07-31
United Kingdom,24,7,121870674.0,335109.0,7.0,335109.0,0.0027497099097031335,1.0,0.0027497099097031335,2017-10-29,35,2017-08-07
United Kingdom,25,7,120717836.0,312282.0,7.0,312282.0,0.0025868753976007325,1.0,0.0025868753976007325,2017-10-29,35,2017-08-14
United Kingdom,26,7,124248483.0,298674.0,7.0,298674.0,0.002403844238484586,1.0,0.002403844238484586,2017-10-29,35,2017-08-21
United Kingdom,27,7,123333775.0,285238.0,7.0,285238.0,0.0023127322584588043,1.0,0.0023127322584588043,2017-10-29,35,2017-08-28
United Kingdom,28,7,121370820.0,277884.0,7.0,277884.0,0.002289545378370188,1.0,0.002289545378370188,2017-10-29,35,2017-09-04
United Kingdom,29,7,123556614.0,283378.0,7.0,283378.0,0.002293507330979465,1.0,0.002293507330979465,2017-10-29,35,2017-09-11
United Kingdom,30,7,125877300.0,281187.0,7.0,281187.0,0.002233818170551799,1.0,0.002233818170551799,2017-10-29,35,2017-09-18
United Kingdom,31,7,124843910.0,278735.0,7.0,233750.0,0.0022326679771564346,1.0,0.0018723380259397515,2017-10-29,35,2017-09-25
United Kingdom,32,7,128017045.0,188767.0,5.0,188767.0,0.0014745458309868033,0.7142857142857143,0.0014745458309868033,2017-10-29,35,2017-10-02
United Kingdom,33,7,126550354.0,0.0,0.0,0.0,0.0,0.0,0.0,2017-10-29,35,2017-10-09
United Kingdom,34,7,124143798.0,0.0,0.0,0.0,0.0,0.0,0.0,2017-10-29,35,2017-10-16
United Kingdom,35,7,125395900.0,33783.0,1.0,33783.0,0.000269410722360141,0.14285714285714285,0.000269410722360141,2017-10-29,35,2017-10-23
United Kingdom,36,7,126025630.0,167484.0,4.0,167484.0,0.001328967766318645,0.5714285714285714,0.001328967766318645,2017-10-29,35,2017-10-30
United Kingdom,37,7,127617014.0,162731.0,4.0,162731.0,0.001275151289780217,0.5714285714285714,0.001275151289780217,2017-10-29,35,2017-11-06
United Kingdom,38,7,124241719.0,78774.0,2.0,78774.0,0.0006340382331638537,0.2857142857142857,0.0006340382331638537,2017-10-29,35,2017-11-13
United Kingdom,39,7,123617460.0,0.0,0.0,0.0,0.0,0.0,0.0,2017-10-29,35,2017-11-20
United Kingdom,40,7,135631238.0,0.0,0.0,0.0,0.0,0.0,0.0,2017-10-29,35,2017-11-27
United Kingdom,41,7,144060952.0,0.0,0.0,0.0,0.0,0.0,0.0,2017-10-29,35,2017-12-04
United Kingdom,42,7,146973494.0,0.0,0.0,0.0,0.0,0.0,0.0,2017-10-29,35,2017-12-11
United Kingdom,43,7,174244706.0,0.0,0.0,0.0,0.0,0.0,0.0,2017-10-29,35,2017-12-18
United Kingdom,44,7,153469079.0,0.0,0.0,0.0,0.0,0.0,0.0,2017-10-29,35,2017-12-25
United Kingdom,45,7,116754958.0,0.0,0.0,0.0,0.0,0.0,0.0,2017-10-29,35,2018-01-01
United Kingdom,46,7,130780472.0,0.0,0.0,0.0,0.0,0.0,0.0,2017-10-29,35,2018-01-08
United Kingdom,47,7,133921016.0,45014.0,1.0,45014.0,0.00033612349535938407,0.14285714285714285,0.00033612349535938407,2017-10-29,35,2018-01-15
United Kingdom,48,7,139644856.0,0.0,0.0,0.0,0.0,0.0,0.0,2017-10-29,35,2018-01-22
United Kingdom,49,7,136613338.0,0.0,0.0,0.0,0.0,0.0,0.0,2017-10-29,35,2018-01-29
United Kingdom,50,7,138270391.0,0.0,0.0,0.0,0.0,0.0,0.0,2017-10-29,35,2018-02-05
United Kingdom,51,7,139790596.0,0.0,0.0,0.0,0.0,0.0,0.0,2017-10-29,35,2018-02-12
United Kingdom,52,7,140905970.0,155561.0,3.0,155561.0,0.0011040057422691174,0.42857142857142855,0.0011040057422691174,2017-10-29,35,2018-02-19
United Kingdom,53,7,130556244.0,46011.0,1.0,46011.0,0.0003524228224580358,0.14285714285714285,0.0003524228224580358,2017-10-29,35,2018-02-26
United Kingdom,54,7,137306769.0,0.0,0.0,0.0,0.0,0.0,0.0,2017-10-29,35,2018-03-05
United Kingdom,55,7,133661041.0,0.0,0.0,0.0,0.0,0.0,0.0,2017-10-29,35,2018-03-12
United Kingdom,56,7,138494386.0,0.0,0.0,0.0,0.0,0.0,0.0,2017-10-29,35,2018-03-19
United Kingdom,57,7,137993004.0,0.0,0.0,0.0,0.0,0.0,0.0,2017-10-29,35,2018-03-26
United Kingdom,58,7,133617209.0,0.0,0.0,0.0,0.0,0.0,0.0,2017-10-29,35,2018-04-02
United Kingdom,59,7,142066900.0,108770.0,2.0,108770.0,0.0007656252089684508,0.2857142857142857,0.0007656252089684508,2017-10-29,35,2018-04-09
United Kingdom,60,7,166211963.0,51052.0,1.0,51052.0,0.000307149973314496,0.14285714285714285,0.000307149973314496,2017-10-29,35,2018-04-16
United Kingdom,61,7,169292147.0,0.0,0.0,0.0,0.0,0.0,0.0,2017-10-29,35,2018-04-23
United Kingdom,62,7,169402406.0,0.0,0.0,0.0,0.0,0.0,0.0,2017-10-29,35,2018-04-30
United Kingdom,63,7,162954873.0,0.0,0.0,0.0,0.0,0.0,0.0,2017-10-29,35,2018-05-07
United Kingdom,64,7,152466985.0,0.0,0.0,0.0,0.0,0.0,0.0,2017-10-29,35,2018-05-14
United Kingdom,65,7,147143125.0,0.0,0.0,0.0,0.0,0.0,0.0,2017-10-29,35,2018-05-21
United Kingdom,66,7,146769818.0,0.0,0.0,0.0,0.0,0.0,0.0,2017-10-29,35,2018-05-28
United Kingdom,67,7,148349578.0,0.0,0.0,0.0,0.0,0.0,0.0,2017-10-29,35,2018-06-04
United Kingdom,68,7,145086385.0,0.0,0.0,0.0,0.0,0.0,0.0,2017-10-29,35,2018-06-11
United Kingdom,69,7,161080483.0,0.0,0.0,0.0,0.0,0.0,0.0,2017-10-29,35,2018-06-18
United Kingdom,70,7,178263110.0,0.0,0.0,0.0,0.0,0.0,0.0,2017-10-29,35,2018-06-25
United Kingdom,71,7,170743298.0,0.0,0.0,0.0,0.0,0.0,0.0,2017-10-29,35,2018-07-02
United Kingdom,72,7,164460731.0,0.0,0.0,0.0,0.0,0.0,0.0,2017-10-29,35,2018-07-09
United Kingdom,73,7,163570994.0,0.0,0.0,0.0,0.0,0.0,0.0,2017-10-29,35,2018-07-16
United Kingdom,74,7,156918065.0,0.0,0.0,0.0,0.0,0.0,0.0,2017-10-29,35,2018-07-23
United Kingdom,75,7,158984059.0,0.0,0.0,0.0,0.0,0.0,0.0,2017-10-29,35,2018-07-30
United Kingdom,76,7,148271932.0,0.0,0.0,0.0,0.0,0.0,0.0,2017-10-29,35,2018-08-06
United Kingdom,77,7,143744529.0,0.0,0.0,0.0,0.0,0.0,0.0,2017-10-29,35,2018-08-13
United Kingdom,78,7,135860250.0,0.0,0.0,0.0,0.0,0.0,0.0,2017-10-29,35,2018-08-20
United Kingdom,79,7,139188942.0,0.0,0.0,0.0,0.0,0.0,0.0,2017-10-29,35,2018-08-27
United Kingdom,80,7,142776395.0,0.0,0.0,0.0,0.0,0.0,0.0,2017-10-29,35,2018-09-03
United Kingdom,81,7,139106576.0,0.0,0.0,0.0,0.0,0.0,0.0,2017-10-29,35,2018-09-10
United Kingdom,82,7,135852019.0,0.0,0.0,0.0,0.0,0.0,0.0,2017-10-29,35,2018-09-17
United Kingdom,83,7,134513808.0,0.0,0.0,0.0,0.0,0.0,0.0,2017-10-29,35,2018-09-24
United Kingdom,84,7,135083474.0,0.0,0.0,0.0,0.0,0.0,0.0,2017-10-29,35,2018-10-01
United Kingdom,85,7,139469235.0,0.0,0.0,0.0,0.0,0.0,0.0,2017-10-29,35,2018-10-08
United Kingdom,86,7,140277357.0,0.0,0.0,0.0,0.0,0.0,0.0,2017-10-29,35,2018-10-15
United Kingdom,87,7,136935676.0,0.0,0.0,0.0,0.0,0.0,0.0,2017-10-29,35,2018-10-22
United Kingdom,88,7,134253378.0,0.0,0.0,0.0,0.0,0.0,0.0,2017-10-29,35,2018-10-29
United Kingdom,89,7,139525172.0,0.0,0.0,0.0,0.0,0.0,0.0,2017-10-29,35,2018-11-05
United Kingdom,90,7,139910266.0,0.0,0.0,0.0,0.0,0.0,0.0,2017-10-29,35,2018-11-12
United Kingdom,91,7,135620000.0,0.0,0.0,0.0,0.0,0.0,0.0,2017-10-29,35,2018-11-19
United Kingdom,92,7,154852724.0,0.0,0.0,0.0,0.0,0.0,0.0,2017-10-29,35,2018-11-26
United Kingdom,93,7,166443595.0,0.0,0.0,0.0,0.0,0.0,0.0,2017-10-29,35,2018-12-03
United Kingdom,94,7,167148148.0,0.0,0.0,0.0,0.0,0.0,0.0,2017-10-29,35,2018-12-10
United Kingdom,95,7,182603441.0,0.0,0.0,0.0,0.0,0.0,0.0,2017-10-29,35,2018-12-17
United Kingdom,96,7,191802121.0,0.0,0.0,0.0,0.0,0.0,0.0,2017-10-29,35,2018-12-24
United Kingdom,97,1,25218956.0,0.0,0.0,0.0,0.0,0.0,0.0,2017-10-29,35,2018-12-31
United States,1,5,361756216.0,0.0,0.0,0.0,0.0,0.0,0.0,2017-09-19,30,2017-02-27
United States,2,7,521033190.0,0.0,0.0,0.0,0.0,0.0,0.0,2017-09-19,30,2017-03-06
United States,3,7,507646549.0,0.0,0.0,0.0,0.0,0.0,0.0,2017-09-19,30,2017-03-13
United States,4,7,602287863.0,0.0,0.0,0.0,0.0,0.0,0.0,2017-09-19,30,2017-03-20
United States,5,7,532381529.0,0.0,0.0,0.0,0.0,0.0,0.0,2017-09-19,30,2017-03-27
United States,6,7,515255151.0,2192449.0,3.0,2192449.0,0.004255074395170869,0.42857142857142855,0.004255074395170869,2017-09-19,30,2017-04-03
United States,7,7,560970744.0,4685216.0,7.0,4685216.0,0.00835197922549772,1.0,0.00835197922549772,2017-09-19,30,2017-04-10
United States,8,7,583515298.0,4142422.0,7.0,4142422.0,0.0070990803740675875,1.0,0.0070990803740675875,2017-09-19,30,2017-04-17
United States,9,7,556881958.0,3606462.0,7.0,3606462.0,0.00647616958709228,1.0,0.00647616958709228,2017-09-19,30,2017-04-24
United States,10,7,559558898.0,5452804.0,13.0,5452804.0,0.009744825825287831,1.8571428571428572,0.009744825825287831,2017-09-19,30,2017-05-01
United States,11,7,556617396.0,16098779.0,38.0,8126791.0,0.028922522213085843,5.428571428571429,0.014600318025274223,2017-09-19,30,2017-05-08
United States,12,7,541042066.0,17663942.0,63.0,8562814.0,0.032648001163000144,9.0,0.015826521703397458,2017-09-19,30,2017-05-15
United States,13,7,537070507.0,9671212.0,31.0,7204583.0,0.018007341445766635,4.428571428571429,0.01341459437093983,2017-09-19,30,2017-05-22
United States,14,4,280789508.0,2401577.0,6.0,2401577.0,0.008552944221833246,1.5,0.008552944221833246,2017-09-19,30,2017-05-29
United States,15,7,502204986.0,3915113.0,10.0,3915113.0,0.007795846535064071,1.4285714285714286,0.007795846535064071,2017-09-19,30,2017-06-05
United States,16,7,495359083.0,2966930.0,7.0,2966930.0,0.005989453109513286,1.0,0.005989453109513286,2017-09-19,30,2017-06-12
United States,17,7,495412261.0,2138543.0,7.0,2138543.0,0.004316693728337095,1.0,0.004316693728337095,2017-09-19,30,2017-06-19
United States,18,7,487273154.0,1890112.0,7.0,1890112.0,0.0038789577970470336,1.0,0.0038789577970470336,2017-09-19,30,2017-06-26
United States,19,7,468453524.0,1568909.0,7.0,1568909.0,0.003349124127839841,1.0,0.003349124127839841,2017-09-19,30,2017-07-03
United States,20,7,476584487.0,1502867.0,7.0,1502867.0,0.0031534114957459786,1.0,0.0031534114957459786,2017-09-19,30,2017-07-10
United States,21,7,475630409.0,1424000.0,7.0,1424000.0,0.0029939212738603516,1.0,0.0029939212738603516,2017-09-19,30,2017-07-17
United States,22,7,466199679.0,1383446.0,7.0,1383446.0,0.002967496680751683,1.0,0.002967496680751683,2017-09-19,30,2017-07-24
United States,23,7,453467564.0,1290149.0,7.0,1290149.0,0.0028450744935750246,1.0,0.0028450744935750246,2017-09-19,30,2017-07-31
United States,24,7,451234087.0,1217396.0,7.0,1217396.0,0.0026979256112803374,1.0,0.0026979256112803374,2017-09-19,30,2017-08-07
United States,25,7,453594010.0,1144430.0,7.0,1144430.0,0.002523027144913135,1.0,0.002523027144913135,2017-09-19,30,2017-08-14
United States,26,7,500822007.0,644970.0,4.0,644970.0,0.0012878228012851679,0.5714285714285714,0.0012878228012851679,2017-09-19,30,2017-08-21
United States,27,7,530167372.0,187681.0,1.0,187681.0,0.00035400330143289165,0.14285714285714285,0.00035400330143289165,2017-09-19,30,2017-08-28
United States,28,7,502966836.0,0.0,0.0,0.0,0.0,0.0,0.0,2017-09-19,30,2017-09-04
United States,29,7,508501265.0,0.0,0.0,0.0,0.0,0.0,0.0,2017-09-19,30,2017-09-11
United States,30,7,519733490.0,0.0,0.0,0.0,0.0,0.0,0.0,2017-09-19,30,2017-09-18
United States,31,7,514866695.0,0.0,0.0,0.0,0.0,0.0,0.0,2017-09-19,30,2017-09-25
United States,32,7,509371064.0,0.0,0.0,0.0,0.0,0.0,0.0,2017-09-19,30,2017-10-02
United States,33,7,493441656.0,0.0,0.0,0.0,0.0,0.0,0.0,2017-09-19,30,2017-10-09
United States,34,7,505430998.0,0.0,0.0,0.0,0.0,0.0,0.0,2017-09-19,30,2017-10-16
United States,35,7,501376819.0,0.0,0.0,0.0,0.0,0.0,0.0,2017-09-19,30,2017-10-23
United States,36,7,513494525.0,0.0,0.0,0.0,0.0,0.0,0.0,2017-09-19,30,2017-10-30
United States,37,7,510570809.0,0.0,0.0,0.0,0.0,0.0,0.0,2017-09-19,30,2017-11-06
United States,38,7,497123224.0,0.0,0.0,0.0,0.0,0.0,0.0,2017-09-19,30,2017-11-13
United States,39,7,469768849.0,0.0,0.0,0.0,0.0,0.0,0.0,2017-09-19,30,2017-11-20
United States,40,7,505475063.0,0.0,0.0,0.0,0.0,0.0,0.0,2017-09-19,30,2017-11-27
United States,41,7,522553278.0,0.0,0.0,0.0,0.0,0.0,0.0,2017-09-19,30,2017-12-04
United States,42,7,523379899.0,0.0,0.0,0.0,0.0,0.0,0.0,2017-09-19,30,2017-12-11
United States,43,7,551863681.0,0.0,0.0,0.0,0.0,0.0,0.0,2017-09-19,30,2017-12-18
United States,44,7,486085811.0,0.0,0.0,0.0,0.0,0.0,0.0,2017-09-19,30,2017-12-25
United States,45,7,470579086.0,0.0,0.0,0.0,0.0,0.0,0.0,2017-09-19,30,2018-01-01
United States,46,7,507383099.0,0.0,0.0,0.0,0.0,0.0,0.0,2017-09-19,30,2018-01-08
United States,47,7,501759796.0,0.0,0.0,0.0,0.0,0.0,0.0,2017-09-19,30,2018-01-15
United States,48,7,560817665.0,0.0,0.0,0.0,0.0,0.0,0.0,2017-09-19,30,2018-01-22
United States,49,7,552335699.0,0.0,0.0,0.0,0.0,0.0,0.0,2017-09-19,30,2018-01-29
United States,50,7,539819154.0,0.0,0.0,0.0,0.0,0.0,0.0,2017-09-19,30,2018-02-05
United States,51,7,549143817.0,0.0,0.0,0.0,0.0,0.0,0.0,2017-09-19,30,2018-02-12
United States,52,7,553066015.0,0.0,0.0,0.0,0.0,0.0,0.0,2017-09-19,30,2018-02-19
United States,53,7,570666354.0,0.0,0.0,0.0,0.0,0.0,0.0,2017-09-19,30,2018-02-26
United States,54,7,571098285.0,0.0,0.0,0.0,0.0,0.0,0.0,2017-09-19,30,2018-03-05
United States,55,7,565686021.0,0.0,0.0,0.0,0.0,0.0,0.0,2017-09-19,30,2018-03-12
United States,56,7,560896781.0,0.0,0.0,0.0,0.0,0.0,0.0,2017-09-19,30,2018-03-19
United States,57,7,562025262.0,0.0,0.0,0.0,0.0,0.0,0.0,2017-09-19,30,2018-03-26
United States,58,7,569516232.0,0.0,0.0,0.0,0.0,0.0,0.0,2017-09-19,30,2018-04-02
United States,59,7,585545269.0,0.0,0.0,0.0,0.0,0.0,0.0,2017-09-19,30,2018-04-09
United States,60,7,655876258.0,0.0,0.0,0.0,0.0,0.0,0.0,2017-09-19,30,2018-04-16
United States,61,7,711863745.0,0.0,0.0,0.0,0.0,0.0,0.0,2017-09-19,30,2018-04-23
United States,62,7,679996880.0,0.0,0.0,0.0,0.0,0.0,0.0,2017-09-19,30,2018-04-30
United States,63,7,616354772.0,0.0,0.0,0.0,0.0,0.0,0.0,2017-09-19,30,2018-05-07
United States,64,7,573944943.0,0.0,0.0,0.0,0.0,0.0,0.0,2017-09-19,30,2018-05-14
United States,65,7,581688497.0,0.0,0.0,0.0,0.0,0.0,0.0,2017-09-19,30,2018-05-21
United States,66,7,568696109.0,0.0,0.0,0.0,0.0,0.0,0.0,2017-09-19,30,2018-05-28
United States,67,7,590398549.0,0.0,0.0,0.0,0.0,0.0,0.0,2017-09-19,30,2018-06-04
United States,68,7,567451455.0,0.0,0.0,0.0,0.0,0.0,0.0,2017-09-19,30,2018-06-11
United States,69,7,625226865.0,0.0,0.0,0.0,0.0,0.0,0.0,2017-09-19,30,2018-06-18
United States,70,7,707546847.0,0.0,0.0,0.0,0.0,0.0,0.0,2017-09-19,30,2018-06-25
United States,71,7,657014653.0,0.0,0.0,0.0,0.0,0.0,0.0,2017-09-19,30,2018-07-02
United States,72,7,640482121.0,0.0,0.0,0.0,0.0,0.0,0.0,2017-09-19,30,2018-07-09
United States,73,7,593507139.0,0.0,0.0,0.0,0.0,0.0,0.0,2017-09-19,30,2018-07-16
United States,74,7,561107605.0,0.0,0.0,0.0,0.0,0.0,0.0,2017-09-19,30,2018-07-23
United States,75,7,612722721.0,0.0,0.0,0.0,0.0,0.0,0.0,2017-09-19,30,2018-07-30
United States,76,7,593691051.0,0.0,0.0,0.0,0.0,0.0,0.0,2017-09-19,30,2018-08-06
United States,77,7,571915965.0,0.0,0.0,0.0,0.0,0.0,0.0,2017-09-19,30,2018-08-13
United States,78,7,563878194.0,0.0,0.0,0.0,0.0,0.0,0.0,2017-09-19,30,2018-08-20
United States,79,7,584881312.0,0.0,0.0,0.0,0.0,0.0,0.0,2017-09-19,30,2018-08-27
United States,80,7,584121449.0,0.0,0.0,0.0,0.0,0.0,0.0,2017-09-19,30,2018-09-03
United States,81,7,565647331.0,0.0,0.0,0.0,0.0,0.0,0.0,2017-09-19,30,2018-09-10
United States,82,7,575159387.0,0.0,0.0,0.0,0.0,0.0,0.0,2017-09-19,30,2018-09-17
United States,83,7,641757142.0,0.0,0.0,0.0,0.0,0.0,0.0,2017-09-19,30,2018-09-24
United States,84,7,625087923.0,0.0,0.0,0.0,0.0,0.0,0.0,2017-09-19,30,2018-10-01
United States,85,7,582911499.0,0.0,0.0,0.0,0.0,0.0,0.0,2017-09-19,30,2018-10-08
United States,86,7,595625715.0,0.0,0.0,0.0,0.0,0.0,0.0,2017-09-19,30,2018-10-15
United States,87,7,586886709.0,0.0,0.0,0.0,0.0,0.0,0.0,2017-09-19,30,2018-10-22
United States,88,7,573988335.0,0.0,0.0,0.0,0.0,0.0,0.0,2017-09-19,30,2018-10-29
United States,89,7,605117215.0,0.0,0.0,0.0,0.0,0.0,0.0,2017-09-19,30,2018-11-05
United States,90,7,574537575.0,0.0,0.0,0.0,0.0,0.0,0.0,2017-09-19,30,2018-11-12
United States,91,7,546752757.0,0.0,0.0,0.0,0.0,0.0,0.0,2017-09-19,30,2018-11-19
United States,92,7,626821472.0,0.0,0.0,0.0,0.0,0.0,0.0,2017-09-19,30,2018-11-26
United States,93,7,643336634.0,0.0,0.0,0.0,0.0,0.0,0.0,2017-09-19,30,2018-12-03
United States,94,7,623040155.0,0.0,0.0,0.0,0.0,0.0,0.0,2017-09-19,30,2018-12-10
United States,95,7,650513550.0,0.0,0.0,0.0,0.0,0.0,0.0,2017-09-19,30,2018-12-17
United States,96,7,626355798.0,0.0,0.0,0.0,0.0,0.0,0.0,2017-09-19,30,2018-12-24
United States,97,1,79802662.0,0.0,0.0,0.0,0.0,0.0,0.0,2017-09-19,30,2018-12-31
Uruguay,1,5,2651505.0,0.0,0.0,0.0,0.0,0.0,0.0,,0,2017-02-27
Uruguay,2,7,3507714.0,0.0,0.0,0.0,0.0,0.0,0.0,,0,2017-03-06
Uruguay,3,7,3315610.0,0.0,0.0,0.0,0.0,0.0,0.0,,0,2017-03-13
Uruguay,4,7,3264821.0,0.0,0.0,0.0,0.0,0.0,0.0,,0,2017-03-20
Uruguay,5,7,3307842.0,0.0,0.0,0.0,0.0,0.0,0.0,,0,2017-03-27
Uruguay,6,7,3333156.0,7533.0,3.0,7533.0,0.0022600202330763995,0.42857142857142855,0.0022600202330763995,,0,2017-04-03
Uruguay,7,7,2896988.0,12927.0,7.0,12927.0,0.0044622207617014634,1.0,0.0044622207617014634,,0,2017-04-10
Uruguay,8,7,3049358.0,11529.0,7.0,11529.0,0.003780795826531355,1.0,0.003780795826531355,,0,2017-04-17
Uruguay,9,7,3091876.0,12009.0,7.0,12009.0,0.003884049683751871,1.0,0.003884049683751871,,0,2017-04-24
Uruguay,10,7,3332856.0,13626.0,8.0,13626.0,0.004088385456797413,1.1428571428571428,0.004088385456797413,,0,2017-05-01
Uruguay,11,7,3284706.0,34952.0,20.0,22042.0,0.010640830564440165,2.857142857142857,0.006710494028993767,,0,2017-05-08
Uruguay,12,7,3343618.0,24049.0,11.0,24049.0,0.007192508235091449,1.5714285714285714,0.007192508235091449,,0,2017-05-15
Uruguay,13,7,3165660.0,21608.0,7.0,21608.0,0.006825748816992349,1.0,0.006825748816992349,,0,2017-05-22
Uruguay,14,4,1824147.0,11903.0,4.0,11903.0,0.006525241660896847,1.0,0.006525241660896847,,0,2017-05-29
Uruguay,15,7,3288481.0,21127.0,7.0,21127.0,0.006424546774027279,1.0,0.006424546774027279,,0,2017-06-05
Uruguay,16,7,3338424.0,18534.0,7.0,18534.0,0.005551721411061028,1.0,0.005551721411061028,,0,2017-06-12
Uruguay,17,7,3250201.0,16491.0,7.0,16491.0,0.005073840048661606,1.0,0.005073840048661606,,0,2017-06-19
Uruguay,18,7,3289079.0,14876.0,7.0,14876.0,0.004522846669234762,1.0,0.004522846669234762,,0,2017-06-26
Uruguay,19,7,3234458.0,12142.0,7.0,12142.0,0.00375395197587973,1.0,0.00375395197587973,,0,2017-07-03
Uruguay,20,7,3442707.0,8858.0,6.0,8858.0,0.002572975277884525,0.8571428571428571,0.002572975277884525,,0,2017-07-10
Uruguay,21,7,3202443.0,7716.0,6.0,7716.0,0.0024094105656213083,0.8571428571428571,0.0024094105656213083,,0,2017-07-17
Uruguay,22,7,3598334.0,8066.0,6.0,8066.0,0.0022415929149434155,0.8571428571428571,0.0022415929149434155,,0,2017-07-24
Uruguay,23,7,3617269.0,8806.0,7.0,8806.0,0.002434433269961399,1.0,0.002434433269961399,,0,2017-07-31
Uruguay,24,7,3525192.0,5008.0,4.0,5008.0,0.0014206318407621486,0.5714285714285714,0.0014206318407621486,,0,2017-08-07
Uruguay,25,7,3669196.0,3160.0,3.0,3160.0,0.0008612240937796727,0.42857142857142855,0.0008612240937796727,,0,2017-08-14
Uruguay,26,7,3429894.0,2146.0,2.0,2146.0,0.0006256753124149027,0.2857142857142857,0.0006256753124149027,,0,2017-08-21
Uruguay,27,7,3743523.0,4305.0,4.0,4305.0,0.0011499862562618153,0.5714285714285714,0.0011499862562618153,,0,2017-08-28
Uruguay,28,7,3752471.0,4473.0,4.0,4473.0,0.0011920145418845341,0.5714285714285714,0.0011920145418845341,,0,2017-09-04
Uruguay,29,7,4102256.0,4471.0,4.0,4471.0,0.0010898881005963548,0.5714285714285714,0.0010898881005963548,,0,2017-09-11
Uruguay,30,7,4221651.0,0.0,0.0,0.0,0.0,0.0,0.0,,0,2017-09-18
Uruguay,31,7,3953775.0,3248.0,3.0,3248.0,0.0008214933829062098,0.42857142857142855,0.0008214933829062098,,0,2017-09-25
Uruguay,32,7,4071258.0,0.0,0.0,0.0,0.0,0.0,0.0,,0,2017-10-02
Uruguay,33,7,4034741.0,1119.0,1.0,1119.0,0.00027734122215031893,0.14285714285714285,0.00027734122215031893,,0,2017-10-09
Uruguay,34,7,4084890.0,1143.0,1.0,1143.0,0.0002798116962757871,0.14285714285714285,0.0002798116962757871,,0,2017-10-16
Uruguay,35,7,4127886.0,1182.0,1.0,1182.0,0.00028634511708898935,0.14285714285714285,0.00028634511708898935,,0,2017-10-23
Uruguay,36,7,4150787.0,0.0,0.0,0.0,0.0,0.0,0.0,,0,2017-10-30
Uruguay,37,7,4043323.0,2353.0,2.0,2353.0,0.0005819470766990418,0.2857142857142857,0.0005819470766990418,,0,2017-11-06
Uruguay,38,7,3954095.0,2202.0,2.0,2202.0,0.0005568910205748724,0.2857142857142857,0.0005568910205748724,,0,2017-11-13
Uruguay,39,7,4005739.0,2220.0,2.0,2220.0,0.0005542048545848843,0.2857142857142857,0.0005542048545848843,,0,2017-11-20
Uruguay,40,7,4168131.0,1050.0,1.0,1050.0,0.00025191146823360397,0.14285714285714285,0.00025191146823360397,,0,2017-11-27
Uruguay,41,7,4354002.0,0.0,0.0,0.0,0.0,0.0,0.0,,0,2017-12-04
Uruguay,42,7,4233535.0,0.0,0.0,0.0,0.0,0.0,0.0,,0,2017-12-11
Uruguay,43,7,4528640.0,2250.0,2.0,2250.0,0.0004968379027699265,0.2857142857142857,0.0004968379027699265,,0,2017-12-18
Uruguay,44,7,4748320.0,1135.0,1.0,1135.0,0.00023903191023351417,0.14285714285714285,0.00023903191023351417,,0,2017-12-25
Uruguay,45,7,4589621.0,1145.0,1.0,1145.0,0.00024947593711986243,0.14285714285714285,0.00024947593711986243,,0,2018-01-01
Uruguay,46,7,4482322.0,0.0,0.0,0.0,0.0,0.0,0.0,,0,2018-01-08
Uruguay,47,7,4602473.0,4739.0,4.0,4739.0,0.001029663835073014,0.5714285714285714,0.001029663835073014,,0,2018-01-15
Uruguay,48,7,4340010.0,2344.0,2.0,2344.0,0.0005400909214494897,0.2857142857142857,0.0005400909214494897,,0,2018-01-22
Uruguay,49,7,4477840.0,2393.0,2.0,2393.0,0.0005344094474121451,0.2857142857142857,0.0005344094474121451,,0,2018-01-29
Uruguay,50,7,4353829.0,1120.0,1.0,1120.0,0.0002572448297808665,0.14285714285714285,0.0002572448297808665,,0,2018-02-05
Uruguay,51,7,4244155.0,1109.0,1.0,1109.0,0.0002613005415683452,0.14285714285714285,0.0002613005415683452,,0,2018-02-12
Uruguay,52,7,4218068.0,1088.0,1.0,1088.0,0.00025793799436139956,0.14285714285714285,0.00025793799436139956,,0,2018-02-19
Uruguay,53,7,4315940.0,0.0,0.0,0.0,0.0,0.0,0.0,,0,2018-02-26
Uruguay,54,7,3944390.0,0.0,0.0,0.0,0.0,0.0,0.0,,0,2018-03-05
Uruguay,55,7,3794465.0,0.0,0.0,0.0,0.0,0.0,0.0,,0,2018-03-12
Uruguay,56,7,4137988.0,0.0,0.0,0.0,0.0,0.0,0.0,,0,2018-03-19
Uruguay,57,7,3932761.0,0.0,0.0,0.0,0.0,0.0,0.0,,0,2018-03-26
Uruguay,58,7,3812187.0,0.0,0.0,0.0,0.0,0.0,0.0,,0,2018-04-02
Uruguay,59,7,3853867.0,0.0,0.0,0.0,0.0,0.0,0.0,,0,2018-04-09
Uruguay,60,7,3820935.0,0.0,0.0,0.0,0.0,0.0,0.0,,0,2018-04-16
Uruguay,61,7,3543697.0,0.0,0.0,0.0,0.0,0.0,0.0,,0,2018-04-23
Uruguay,62,7,3374839.0,0.0,0.0,0.0,0.0,0.0,0.0,,0,2018-04-30
Uruguay,63,7,3670832.0,0.0,0.0,0.0,0.0,0.0,0.0,,0,2018-05-07
Uruguay,64,7,3763323.0,0.0,0.0,0.0,0.0,0.0,0.0,,0,2018-05-14
Uruguay,65,7,3786054.0,0.0,0.0,0.0,0.0,0.0,0.0,,0,2018-05-21
Uruguay,66,7,3725564.0,0.0,0.0,0.0,0.0,0.0,0.0,,0,2018-05-28
Uruguay,67,7,3598934.0,0.0,0.0,0.0,0.0,0.0,0.0,,0,2018-06-04
Uruguay,68,7,3287190.0,0.0,0.0,0.0,0.0,0.0,0.0,,0,2018-06-11
Uruguay,69,7,3424885.0,0.0,0.0,0.0,0.0,0.0,0.0,,0,2018-06-18
Uruguay,70,7,3305694.0,0.0,0.0,0.0,0.0,0.0,0.0,,0,2018-06-25
Uruguay,71,7,3440901.0,0.0,0.0,0.0,0.0,0.0,0.0,,0,2018-07-02
Uruguay,72,7,3873798.0,0.0,0.0,0.0,0.0,0.0,0.0,,0,2018-07-09
Uruguay,73,7,3728573.0,0.0,0.0,0.0,0.0,0.0,0.0,,0,2018-07-16
Uruguay,74,7,3833640.0,0.0,0.0,0.0,0.0,0.0,0.0,,0,2018-07-23
Uruguay,75,7,4059555.0,0.0,0.0,0.0,0.0,0.0,0.0,,0,2018-07-30
Uruguay,76,7,4093609.0,0.0,0.0,0.0,0.0,0.0,0.0,,0,2018-08-06
Uruguay,77,7,4205610.0,0.0,0.0,0.0,0.0,0.0,0.0,,0,2018-08-13
Uruguay,78,7,3815010.0,0.0,0.0,0.0,0.0,0.0,0.0,,0,2018-08-20
Uruguay,79,7,4000754.0,0.0,0.0,0.0,0.0,0.0,0.0,,0,2018-08-27
Uruguay,80,7,4398811.0,0.0,0.0,0.0,0.0,0.0,0.0,,0,2018-09-03
Uruguay,81,7,4336432.0,0.0,0.0,0.0,0.0,0.0,0.0,,0,2018-09-10
Uruguay,82,7,4451496.0,0.0,0.0,0.0,0.0,0.0,0.0,,0,2018-09-17
Uruguay,83,7,4289479.0,0.0,0.0,0.0,0.0,0.0,0.0,,0,2018-09-24
Uruguay,84,7,4640629.0,0.0,0.0,0.0,0.0,0.0,0.0,,0,2018-10-01
Uruguay,85,7,4633946.0,0.0,0.0,0.0,0.0,0.0,0.0,,0,2018-10-08
Uruguay,86,7,4687531.0,0.0,0.0,0.0,0.0,0.0,0.0,,0,2018-10-15
Uruguay,87,7,4580092.0,0.0,0.0,0.0,0.0,0.0,0.0,,0,2018-10-22
Uruguay,88,7,4570771.0,0.0,0.0,0.0,0.0,0.0,0.0,,0,2018-10-29
Uruguay,89,7,4646788.0,0.0,0.0,0.0,0.0,0.0,0.0,,0,2018-11-05
Uruguay,90,7,4695304.0,0.0,0.0,0.0,0.0,0.0,0.0,,0,2018-11-12
Uruguay,91,7,4793117.0,0.0,0.0,0.0,0.0,0.0,0.0,,0,2018-11-19
Uruguay,92,7,4600411.0,0.0,0.0,0.0,0.0,0.0,0.0,,0,2018-11-26
Uruguay,93,7,4742258.0,0.0,0.0,0.0,0.0,0.0,0.0,,0,2018-12-03
Uruguay,94,7,4735740.0,0.0,0.0,0.0,0.0,0.0,0.0,,0,2018-12-10
Uruguay,95,7,4981734.0,0.0,0.0,0.0,0.0,0.0,0.0,,0,2018-12-17
Uruguay,96,7,5457478.0,0.0,0.0,0.0,0.0,0.0,0.0,,0,2018-12-24
Uruguay,97,1,904514.0,0.0,0.0,0.0,0.0,0.0,0.0,,0,2018-12-31
Vietnam,55,5,2618906.0,0.0,0.0,0.0,0.0,0.0,0.0,,0,2018-03-12
Vietnam,56,7,2895794.0,0.0,0.0,0.0,0.0,0.0,0.0,,0,2018-03-19
Vietnam,57,7,2439554.0,0.0,0.0,0.0,0.0,0.0,0.0,,0,2018-03-26
Vietnam,58,7,2128638.0,0.0,0.0,0.0,0.0,0.0,0.0,,0,2018-04-02
Vietnam,59,7,1672054.0,0.0,0.0,0.0,0.0,0.0,0.0,,0,2018-04-09
Vietnam,60,7,1503950.0,0.0,0.0,0.0,0.0,0.0,0.0,,0,2018-04-16
Vietnam,61,7,1228892.0,0.0,0.0,0.0,0.0,0.0,0.0,,0,2018-04-23
Vietnam,62,7,983303.0,0.0,0.0,0.0,0.0,0.0,0.0,,0,2018-04-30
Vietnam,63,7,1075097.0,0.0,0.0,0.0,0.0,0.0,0.0,,0,2018-05-07
Vietnam,64,7,1824300.0,0.0,0.0,0.0,0.0,0.0,0.0,,0,2018-05-14
Vietnam,65,7,1762508.0,0.0,0.0,0.0,0.0,0.0,0.0,,0,2018-05-21
Vietnam,66,7,1565111.0,0.0,0.0,0.0,0.0,0.0,0.0,,0,2018-05-28
Vietnam,67,7,1568311.0,0.0,0.0,0.0,0.0,0.0,0.0,,0,2018-06-04
Vietnam,68,7,1492798.0,0.0,0.0,0.0,0.0,0.0,0.0,,0,2018-06-11
Vietnam,69,7,1505496.0,0.0,0.0,0.0,0.0,0.0,0.0,,0,2018-06-18
Vietnam,70,7,1308703.0,0.0,0.0,0.0,0.0,0.0,0.0,,0,2018-06-25
Vietnam,71,7,1137215.0,0.0,0.0,0.0,0.0,0.0,0.0,,0,2018-07-02
Vietnam,72,7,1174613.0,0.0,0.0,0.0,0.0,0.0,0.0,,0,2018-07-09
Vietnam,73,7,1195621.0,0.0,0.0,0.0,0.0,0.0,0.0,,0,2018-07-16
Vietnam,74,7,1294379.0,0.0,0.0,0.0,0.0,0.0,0.0,,0,2018-07-23
Vietnam,75,7,1294509.0,0.0,0.0,0.0,0.0,0.0,0.0,,0,2018-07-30
Vietnam,76,7,1227077.0,0.0,0.0,0.0,0.0,0.0,0.0,,0,2018-08-06
Vietnam,77,7,1239048.0,0.0,0.0,0.0,0.0,0.0,0.0,,0,2018-08-13
Vietnam,78,7,1577471.0,0.0,0.0,0.0,0.0,0.0,0.0,,0,2018-08-20
Vietnam,79,7,1541803.0,0.0,0.0,0.0,0.0,0.0,0.0,,0,2018-08-27
Vietnam,80,7,1356878.0,0.0,0.0,0.0,0.0,0.0,0.0,,0,2018-09-03
Vietnam,81,7,1225460.0,0.0,0.0,0.0,0.0,0.0,0.0,,0,2018-09-10
Vietnam,82,7,1235900.0,0.0,0.0,0.0,0.0,0.0,0.0,,0,2018-09-17
Vietnam,83,7,1161250.0,0.0,0.0,0.0,0.0,0.0,0.0,,0,2018-09-24
Vietnam,84,7,1100363.0,0.0,0.0,0.0,0.0,0.0,0.0,,0,2018-10-01
Vietnam,85,7,1134754.0,0.0,0.0,0.0,0.0,0.0,0.0,,0,2018-10-08
Vietnam,86,7,1321753.0,0.0,0.0,0.0,0.0,0.0,0.0,,0,2018-10-15
Vietnam,87,7,1560245.0,0.0,0.0,0.0,0.0,0.0,0.0,,0,2018-10-22
Vietnam,88,7,1476580.0,0.0,0.0,0.0,0.0,0.0,0.0,,0,2018-10-29
Vietnam,89,7,1373108.0,0.0,0.0,0.0,0.0,0.0,0.0,,0,2018-11-05
Vietnam,90,7,1297690.0,0.0,0.0,0.0,0.0,0.0,0.0,,0,2018-11-12
Vietnam,91,7,1628779.0,0.0,0.0,0.0,0.0,0.0,0.0,,0,2018-11-19
Vietnam,92,7,1559748.0,0.0,0.0,0.0,0.0,0.0,0.0,,0,2018-11-26
Vietnam,93,7,1649158.0,0.0,0.0,0.0,0.0,0.0,0.0,,0,2018-12-03
Vietnam,94,7,1494593.0,0.0,0.0,0.0,0.0,0.0,0.0,,0,2018-12-10
Vietnam,95,7,1723692.0,0.0,0.0,0.0,0.0,0.0,0.0,,0,2018-12-17
Vietnam,96,7,1730792.0,0.0,0.0,0.0,0.0,0.0,0.0,,0,2018-12-24
Vietnam,97,1,208166.0,0.0,0.0,0.0,0.0,0.0,0.0,,0,2018-12-31
