geo,coicop,month,index
BE,CP00,2022-01,116.99
BE,CP00,2022-02,119.49
BE,CP00,2022-03,120.28
BE,CP00,2022-04,120.61
BE,CP00,2022-05,121.61
BE,CP00,2022-06,122.82
BE,CP00,2022-07,122.03
BE,CP00,2022-08,124.24
BE,CP00,2022-09,125.9
BE,CP00,2022-10,129.3
BE,CP00,2022-11,128.07
BE,CP00,2022-12,127.77
BE,CP00,2023-01,125.66
BE,CP00,2023-02,125.99
BE,CP00,2023-03,126.23
BE,CP00,2023-04,124.65
BE,CP00,2023-05,124.91
BE,CP00,2023-06,124.79
BE,CP00,2023-07,124.05
BE,CP00,2023-08,127.2
BE,CP00,2023-09,126.73
BE,CP00,2023-10,127.15
BE,CP00,2023-11,127.05
BE,CP00,2023-12,128.45
BE,CP00,2024-01,127.51
BE,CP00,2024-02,130.54
BE,CP00,2024-03,131.05
BE,CP00,2024-04,130.72
BE,CP00,2024-05,130.98
BE,CP00,2024-06,131.56
BE,CP00,2024-07,130.76
BE,CP00,2024-08,132.73
BE,CP00,2024-09,132.21
BE,CP00,2024-10,132.9
BE,CP00,2024-11,133.13
BE,CP00,2024-12,134.12
BE,CP00,2025-01,133.07
BE,CP00,2025-02,136.32
BE,CP00,2025-03,135.71
BE,CP00,2025-04,134.79
BE,CP00,2025-05,134.67
BE,CP00,2025-06,135.32
BE,CP00,2025-07,134.17
BE,CP00,2025-08,136.19
BE,CP00,2025-09,135.76
BE,CP00,2025-10,136.26
BE,CP00,2025-11,136.61
BE,CP00,2025-12,137.04
BG,CP00,2022-01,114.8
BG,CP00,2022-02,116.16
BG,CP00,2022-03,118.59
BG,CP00,2022-04,121.12
BG,CP00,2022-05,122.74
BG,CP00,2022-06,124.16
BG,CP00,2022-07,125.18
BG,CP00,2022-08,126.2
BG,CP00,2022-09,127.1
BG,CP00,2022-10,127.87
BG,CP00,2022-11,128.68
BG,CP00,2022-12,129.69
BG,CP00,2023-01,131.2
BG,CP00,2023-02,132.12
BG,CP00,2023-03,132.9
BG,CP00,2023-04,133.63
BG,CP00,2023-05,133.3
BG,CP00,2023-06,133.45
BG,CP00,2023-07,134.99
BG,CP00,2023-08,135.61
BG,CP00,2023-09,135.18
BG,CP00,2023-10,135.44
BG,CP00,2023-11,135.77
BG,CP00,2023-12,136.16
BG,CP00,2024-01,136.29
BG,CP00,2024-02,136.72
BG,CP00,2024-03,137.05
BG,CP00,2024-04,136.93
BG,CP00,2024-05,136.93
BG,CP00,2024-06,137.15
BG,CP00,2024-07,138.75
BG,CP00,2024-08,138.83
BG,CP00,2024-09,137.25
BG,CP00,2024-10,138.14
BG,CP00,2024-11,138.53
BG,CP00,2024-12,138.99
BG,CP00,2025-01,141.47
BG,CP00,2025-02,142.09
BG,CP00,2025-03,142.53
BG,CP00,2025-04,140.76
BG,CP00,2025-05,140.84
BG,CP00,2025-06,141.44
BG,CP00,2025-07,143.49
BG,CP00,2025-08,143.68
BG,CP00,2025-09,142.81
BG,CP00,2025-10,143.42
BG,CP00,2025-11,143.64
BG,CP00,2025-12,143.83
CZ,CP00,2022-01,122.8
CZ,CP00,2022-02,124.4
CZ,CP00,2022-03,126.8
CZ,CP00,2022-04,129.1
CZ,CP00,2022-05,131.5
CZ,CP00,2022-06,133.5
CZ,CP00,2022-07,135.2
CZ,CP00,2022-08,135.6
CZ,CP00,2022-09,136.8
CZ,CP00,2022-10,135.3
CZ,CP00,2022-11,137.1
CZ,CP00,2022-12,137.1
CZ,CP00,2023-01,146.2
CZ,CP00,2023-02,147.3
CZ,CP00,2023-03,147.7
CZ,CP00,2023-04,147.5
CZ,CP00,2023-05,147.9
CZ,CP00,2023-06,148.4
CZ,CP00,2023-07,149.0
CZ,CP00,2023-08,149.3
CZ,CP00,2023-09,148.1
CZ,CP00,2023-10,148.1
CZ,CP00,2023-11,148.1
CZ,CP00,2023-12,147.5
CZ,CP00,2024-01,150.1
CZ,CP00,2024-02,150.6
CZ,CP00,2024-03,150.9
CZ,CP00,2024-04,152.1
CZ,CP00,2024-05,152.0
CZ,CP00,2024-06,151.6
CZ,CP00,2024-07,152.7
CZ,CP00,2024-08,152.9
CZ,CP00,2024-09,152.2
CZ,CP00,2024-10,152.6
CZ,CP00,2024-11,152.7
CZ,CP00,2024-12,152.3
CZ,CP00,2025-01,154.5
CZ,CP00,2025-02,154.8
CZ,CP00,2025-03,154.9
CZ,CP00,2025-04,154.7
CZ,CP00,2025-05,155.5
CZ,CP00,2025-06,155.8
CZ,CP00,2025-07,156.5
CZ,CP00,2025-08,156.5
CZ,CP00,2025-09,155.3
CZ,CP00,2025-10,156.1
CZ,CP00,2025-11,155.5
CZ,CP00,2025-12,155.0
DK,CP00,2022-01,108.0
DK,CP00,2022-02,109.0
DK,CP00,2022-03,109.8
DK,CP00,2022-04,111.8
DK,CP00,2022-05,113.0
DK,CP00,2022-06,114.0
DK,CP00,2022-07,115.4
DK,CP00,2022-08,115.4
DK,CP00,2022-09,117.1
DK,CP00,2022-10,118.6
DK,CP00,2022-11,117.3
DK,CP00,2022-12,116.5
DK,CP00,2023-01,117.1
DK,CP00,2023-02,118.0
DK,CP00,2023-03,117.8
DK,CP00,2023-04,118.1
DK,CP00,2023-05,116.3
DK,CP00,2023-06,116.7
DK,CP00,2023-07,119.1
DK,CP00,2023-08,118.1
DK,CP00,2023-09,117.8
DK,CP00,2023-10,118.1
DK,CP00,2023-11,117.6
DK,CP00,2023-12,117.0
DK,CP00,2024-01,118.2
DK,CP00,2024-02,118.7
DK,CP00,2024-03,118.7
DK,CP00,2024-04,118.7
DK,CP00,2024-05,118.7
DK,CP00,2024-06,118.8
DK,CP00,2024-07,120.3
DK,CP00,2024-08,119.7
DK,CP00,2024-09,119.2
DK,CP00,2024-10,120.0
DK,CP00,2024-11,119.5
DK,CP00,2024-12,119.1
DK,CP00,2025-01,119.9
DK,CP00,2025-02,121.1
DK,CP00,2025-03,120.4
DK,CP00,2025-04,120.5
DK,CP00,2025-05,120.5
DK,CP00,2025-06,120.9
DK,CP00,2025-07,122.9
DK,CP00,2025-08,122.0
DK,CP00,2025-09,121.8
DK,CP00,2025-10,122.5
DK,CP00,2025-11,121.9
DK,CP00,2025-12,121.4
DE,CP00,2022-01,112.3
DE,CP00,2022-02,113.3
DE,CP00,2022-03,116.1
DE,CP00,2022-04,116.9
DE,CP00,2022-05,118.2
DE,CP00,2022-06,118.1
DE,CP00,2022-07,119.0
DE,CP00,2022-08,119.5
DE,CP00,2022-09,122.1
DE,CP00,2022-10,123.5
DE,CP00,2022-11,123.5
DE,CP00,2022-12,122.0
DE,CP00,2023-01,122.6
DE,CP00,2023-02,123.8
DE,CP00,2023-03,125.1
DE,CP00,2023-04,125.8
DE,CP00,2023-05,125.6
DE,CP00,2023-06,126.1
DE,CP00,2023-07,126.7
DE,CP00,2023-08,127.2
DE,CP00,2023-09,127.4
DE,CP00,2023-10,127.2
DE,CP00,2023-11,126.3
DE,CP00,2023-12,126.6
DE,CP00,2024-01,126.4
DE,CP00,2024-02,127.2
DE,CP00,2024-03,128.0
DE,CP00,2024-04,128.8
DE,CP00,2024-05,129.1
DE,CP00,2024-06,129.3
DE,CP00,2024-07,130.0
DE,CP00,2024-08,129.8
DE,CP00,2024-09,129.7
DE,CP00,2024-10,130.2
DE,CP00,2024-11,129.3
DE,CP00,2024-12,130.2
DE,CP00,2025-01,129.9
DE,CP00,2025-02,130.5
DE,CP00,2025-03,131.0
DE,CP00,2025-04,131.6
DE,CP00,2025-05,131.8
DE,CP00,2025-06,131.9
DE,CP00,2025-07,132.4
DE,CP00,2025-08,132.5
DE,CP00,2025-09,132.8
DE,CP00,2025-10,133.2
DE,CP00,2025-11,132.6
DE,CP00,2025-12,132.8
EE,CP00,2022-01,122.39
EE,CP00,2022-02,124.02
EE,CP00,2022-03,127.31
EE,CP00,2022-04,132.59
EE,CP00,2022-05,135.02
EE,CP00,2022-06,138.79
EE,CP00,2022-07,141.73
EE,CP00,2022-08,145.01
EE,CP00,2022-09,145.5
EE,CP00,2022-10,143.23
EE,CP00,2022-11,144.49
EE,CP00,2022-12,144.3
EE,CP00,2023-01,145.16
EE,CP00,2023-02,146.14
EE,CP00,2023-03,147.2
EE,CP00,2023-04,150.04
EE,CP00,2023-05,150.08
EE,CP00,2023-06,151.3
EE,CP00,2023-07,150.56
EE,CP00,2023-08,151.25
EE,CP00,2023-09,151.17
EE,CP00,2023-10,150.45
EE,CP00,2023-11,150.48
EE,CP00,2023-12,150.45
EE,CP00,2024-01,152.35
EE,CP00,2024-02,152.54
EE,CP00,2024-03,153.2
EE,CP00,2024-04,154.76
EE,CP00,2024-05,154.76
EE,CP00,2024-06,155.48
EE,CP00,2024-07,155.82
EE,CP00,2024-08,156.41
EE,CP00,2024-09,155.95
EE,CP00,2024-10,157.2
EE,CP00,2024-11,156.15
EE,CP00,2024-12,156.57
EE,CP00,2025-01,158.17
EE,CP00,2025-02,160.25
EE,CP00,2025-03,159.76
EE,CP00,2025-04,161.61
EE,CP00,2025-05,161.85
EE,CP00,2025-06,163.64
EE,CP00,2025-07,164.55
EE,CP00,2025-08,166.05
EE,CP00,2025-09,164.19
EE,CP00,2025-10,164.34
EE,CP00,2025-11,163.55
EE,CP00,2025-12,162.91
IE,CP00,2022-01,106.1
IE,CP00,2022-02,107.1
IE,CP00,2022-03,109.3
IE,CP00,2022-04,110.3
IE,CP00,2022-05,111.5
IE,CP00,2022-06,113.0
IE,CP00,2022-07,113.4
IE,CP00,2022-08,113.6
IE,CP00,2022-09,113.6
IE,CP00,2022-10,115.3
IE,CP00,2022-11,115.5
IE,CP00,2022-12,115.2
IE,CP00,2023-01,114.1
IE,CP00,2023-02,115.8
IE,CP00,2023-03,116.9
IE,CP00,2023-04,117.2
IE,CP00,2023-05,117.5
IE,CP00,2023-06,118.4
IE,CP00,2023-07,118.6
IE,CP00,2023-08,119.2
IE,CP00,2023-09,119.3
IE,CP00,2023-10,119.5
IE,CP00,2023-11,118.4
IE,CP00,2023-12,118.9
IE,CP00,2024-01,117.2
IE,CP00,2024-02,118.5
IE,CP00,2024-03,118.9
IE,CP00,2024-04,119.1
IE,CP00,2024-05,119.8
IE,CP00,2024-06,120.2
IE,CP00,2024-07,120.4
IE,CP00,2024-08,120.5
IE,CP00,2024-09,119.3
IE,CP00,2024-10,119.6
IE,CP00,2024-11,119.0
IE,CP00,2024-12,120.1
IE,CP00,2025-01,119.2
IE,CP00,2025-02,120.2
IE,CP00,2025-03,121.0
IE,CP00,2025-04,121.5
IE,CP00,2025-05,121.5
IE,CP00,2025-06,122.1
IE,CP00,2025-07,122.3
IE,CP00,2025-08,122.8
IE,CP00,2025-09,122.5
IE,CP00,2025-10,123.0
IE,CP00,2025-11,122.7
IE,CP00,2025-12,123.4
EL,CP00,2022-01,104.65
EL,CP00,2022-02,105.63
EL,CP00,2022-03,108.43
EL,CP00,2022-04,110.55
EL,CP00,2022-05,111.59
EL,CP00,2022-06,114.05
EL,CP00,2022-07,112.19
EL,CP00,2022-08,111.98
EL,CP00,2022-09,115.29
EL,CP00,2022-10,113.85
EL,CP00,2022-11,113.55
EL,CP00,2022-12,112.81
EL,CP00,2023-01,112.29
EL,CP00,2023-02,112.51
EL,CP00,2023-03,114.28
EL,CP00,2023-04,115.55
EL,CP00,2023-05,116.17
EL,CP00,2023-06,117.23
EL,CP00,2023-07,116.08
EL,CP00,2023-08,115.87
EL,CP00,2023-09,118.04
EL,CP00,2023-10,118.17
EL,CP00,2023-11,116.86
EL,CP00,2023-12,116.97
EL,CP00,2024-01,115.89
EL,CP00,2024-02,116.04
EL,CP00,2024-03,118.13
EL,CP00,2024-04,119.24
EL,CP00,2024-05,118.9
EL,CP00,2024-06,120.11
EL,CP00,2024-07,119.55
EL,CP00,2024-08,119.57
EL,CP00,2024-09,121.71
EL,CP00,2024-10,121.8
EL,CP00,2024-11,120.32
EL,CP00,2024-12,120.42
EL,CP00,2025-01,119.53
EL,CP00,2025-02,119.56
EL,CP00,2025-03,121.82
EL,CP00,2025-04,122.39
EL,CP00,2025-05,122.82
EL,CP00,2025-06,124.39
EL,CP00,2025-07,124.02
EL,CP00,2025-08,123.23
EL,CP00,2025-09,123.9
EL,CP00,2025-10,123.79
EL,CP00,2025-11,123.71
EL,CP00,2025-12,123.87
ES,CP00,2022-01,110.26
ES,CP00,2022-02,111.15
ES,CP00,2022-03,115.51
ES,CP00,2022-04,115.21
ES,CP00,2022-05,116.03
ES,CP00,2022-06,118.22
ES,CP00,2022-07,117.54
ES,CP00,2022-08,117.84
ES,CP00,2022-09,117.55
ES,CP00,2022-10,117.61
ES,CP00,2022-11,117.22
ES,CP00,2022-12,117.22
ES,CP00,2023-01,116.72
ES,CP00,2023-02,117.82
ES,CP00,2023-03,119.06
ES,CP00,2023-04,119.61
ES,CP00,2023-05,119.44
ES,CP00,2023-06,120.13
ES,CP00,2023-07,120.03
ES,CP00,2023-08,120.68
ES,CP00,2023-09,121.38
ES,CP00,2023-10,121.69
ES,CP00,2023-11,121.05
ES,CP00,2023-12,121.06
ES,CP00,2024-01,120.82
ES,CP00,2024-02,121.29
ES,CP00,2024-03,122.93
ES,CP00,2024-04,123.67
ES,CP00,2024-05,123.95
ES,CP00,2024-06,124.44
ES,CP00,2024-07,123.51
ES,CP00,2024-08,123.54
ES,CP00,2024-09,123.42
ES,CP00,2024-10,123.91
ES,CP00,2024-11,123.95
ES,CP00,2024-12,124.49
ES,CP00,2025-01,124.31
ES,CP00,2025-02,124.8
ES,CP00,2025-03,125.66
ES,CP00,2025-04,126.44
ES,CP00,2025-05,126.4
ES,CP00,2025-06,127.27
ES,CP00,2025-07,126.84
ES,CP00,2025-08,126.88
ES,CP00,2025-09,127.17
ES,CP00,2025-10,127.85
ES,CP00,2025-11,127.87
ES,CP00,2025-12,128.28
FR,CP00,2022-01,109.51
FR,CP00,2022-02,110.49
FR,CP00,2022-03,112.26
FR,CP00,2022-04,112.78
FR,CP00,2022-05,113.63
FR,CP00,2022-06,114.6
FR,CP00,2022-07,114.94
FR,CP00,2022-08,115.49
FR,CP00,2022-09,114.9
FR,CP00,2022-10,116.32
FR,CP00,2022-11,116.81
FR,CP00,2022-12,116.7
FR,CP00,2023-01,117.22
FR,CP00,2023-02,118.55
FR,CP00,2023-03,119.76
FR,CP00,2023-04,120.55
FR,CP00,2023-05,120.46
FR,CP00,2023-06,120.71
FR,CP00,2023-07,120.77
FR,CP00,2023-08,122.1
FR,CP00,2023-09,121.4
FR,CP00,2023-10,121.61
FR,CP00,2023-11,121.32
FR,CP00,2023-12,121.49
FR,CP00,2024-01,121.2
FR,CP00,2024-02,122.35
FR,CP00,2024-03,122.65
FR,CP00,2024-04,123.41
FR,CP00,2024-05,123.59
FR,CP00,2024-06,123.78
FR,CP00,2024-07,124.03
FR,CP00,2024-08,124.77
FR,CP00,2024-09,123.15
FR,CP00,2024-10,123.54
FR,CP00,2024-11,123.36
FR,CP00,2024-12,123.62
FR,CP00,2025-01,123.42
FR,CP00,2025-02,123.49
FR,CP00,2025-03,123.73
FR,CP00,2025-04,124.55
FR,CP00,2025-05,124.32
FR,CP00,2025-06,124.85
FR,CP00,2025-07,125.2
FR,CP00,2025-08,125.8
FR,CP00,2025-09,124.47
FR,CP00,2025-10,124.58
FR,CP00,2025-11,124.33
FR,CP00,2025-12,124.43
HR,CP00,2022-01,108.76
HR,CP00,2022-02,109.8
HR,CP00,2022-03,111.93
HR,CP00,2022-04,114.94
HR,CP00,2022-05,116.27
HR,CP00,2022-06,118.14
HR,CP00,2022-07,119.75
HR,CP00,2022-08,119.9
HR,CP00,2022-09,120.21
HR,CP00,2022-10,121.37
HR,CP00,2022-11,122.19
HR,CP00,2022-12,122.03
HR,CP00,2023-01,122.34
HR,CP00,2023-02,122.68
HR,CP00,2023-03,123.73
HR,CP00,2023-04,125.16
HR,CP00,2023-05,125.88
HR,CP00,2023-06,127.91
HR,CP00,2023-07,129.36
HR,CP00,2023-08,130.0
HR,CP00,2023-09,129.15
HR,CP00,2023-10,129.52
HR,CP00,2023-11,128.95
HR,CP00,2023-12,128.56
HR,CP00,2024-01,128.19
HR,CP00,2024-02,128.57
HR,CP00,2024-03,129.74
HR,CP00,2024-04,131.06
HR,CP00,2024-05,131.31
HR,CP00,2024-06,132.34
HR,CP00,2024-07,133.69
HR,CP00,2024-08,133.84
HR,CP00,2024-09,133.11
HR,CP00,2024-10,134.13
HR,CP00,2024-11,134.1
HR,CP00,2024-12,134.35
HR,CP00,2025-01,134.66
HR,CP00,2025-02,134.68
HR,CP00,2025-03,135.28
HR,CP00,2025-04,136.26
HR,CP00,2025-05,136.99
HR,CP00,2025-06,138.1
HR,CP00,2025-07,139.77
HR,CP00,2025-08,140.06
HR,CP00,2025-09,139.25
HR,CP00,2025-10,139.5
HR,CP00,2025-11,139.88
HR,CP00,2025-12,139.41
IT,CP00,2022-01,107.8
IT,CP00,2022-02,108.7
IT,CP00,2022-03,111.3
IT,CP00,2022-04,111.7
IT,CP00,2022-05,112.7
IT,CP00,2022-06,114.1
IT,CP00,2022-07,112.8
IT,CP00,2022-08,113.8
IT,CP00,2022-09,115.6
IT,CP00,2022-10,120.0
IT,CP00,2022-11,120.8
IT,CP00,2022-12,121.1
IT,CP00,2023-01,119.3
IT,CP00,2023-02,119.4
IT,CP00,2023-03,120.3
IT,CP00,2023-04,121.3
IT,CP00,2023-05,121.7
IT,CP00,2023-06,121.8
IT,CP00,2023-07,119.9
IT,CP00,2023-08,120.1
IT,CP00,2023-09,122.1
IT,CP00,2023-10,122.2
IT,CP00,2023-11,121.5
IT,CP00,2023-12,121.7
IT,CP00,2024-01,120.4
IT,CP00,2024-02,120.4
IT,CP00,2024-03,121.8
IT,CP00,2024-04,122.4
IT,CP00,2024-05,122.7
IT,CP00,2024-06,122.9
IT,CP00,2024-07,121.8
IT,CP00,2024-08,121.6
IT,CP00,2024-09,123.0
IT,CP00,2024-10,123.4
IT,CP00,2024-11,123.3
IT,CP00,2024-12,123.4
IT,CP00,2025-01,122.4
IT,CP00,2025-02,122.5
IT,CP00,2025-03,124.4
IT,CP00,2025-04,124.9
IT,CP00,2025-05,124.8
IT,CP00,2025-06,125.1
IT,CP00,2025-07,123.9
IT,CP00,2025-08,123.6
IT,CP00,2025-09,125.2
IT,CP00,2025-10,125.0
IT,CP00,2025-11,124.7
IT,CP00,2025-12,124.9
CY,CP00,2022-01,103.33
CY,CP00,2022-02,104.22
CY,CP00,2022-03,106.13
CY,CP00,2022-04,109.38
CY,CP00,2022-05,110.06
CY,CP00,2022-06,111.34
CY,CP00,2022-07,113.22
CY,CP00,2022-08,113.8
CY,CP00,2022-09,112.63
CY,CP00,2022-10,113.24
CY,CP00,2022-11,112.81
CY,CP00,2022-12,111.93
CY,CP00,2023-01,110.33
CY,CP00,2023-02,111.23
CY,CP00,2023-03,112.64
CY,CP00,2023-04,113.67
CY,CP00,2023-05,114.07
CY,CP00,2023-06,114.41
CY,CP00,2023-07,115.97
CY,CP00,2023-08,117.28
CY,CP00,2023-09,117.48
CY,CP00,2023-10,117.32
CY,CP00,2023-11,115.51
CY,CP00,2023-12,114.09
CY,CP00,2024-01,112.67
CY,CP00,2024-02,113.6
CY,CP00,2024-03,114.46
CY,CP00,2024-04,116.07
CY,CP00,2024-05,117.46
CY,CP00,2024-06,117.88
CY,CP00,2024-07,118.76
CY,CP00,2024-08,119.88
CY,CP00,2024-09,119.41
CY,CP00,2024-10,119.18
CY,CP00,2024-11,118.02
CY,CP00,2024-12,117.65
CY,CP00,2025-01,115.95
CY,CP00,2025-02,116.26
CY,CP00,2025-03,116.86
CY,CP00,2025-04,117.68
CY,CP00,2025-05,117.95
CY,CP00,2025-06,118.45
CY,CP00,2025-07,118.92
CY,CP00,2025-08,119.88
CY,CP00,2025-09,119.39
CY,CP00,2025-10,119.45
CY,CP00,2025-11,118.18
CY,CP00,2025-12,117.74
LV,CP00,2022-01,116.44
LV,CP00,2022-02,118.39
LV,CP00,2022-03,122.24
LV,CP00,2022-04,125.09
LV,CP00,2022-05,129.93
LV,CP00,2022-06,133.08
LV,CP00,2022-07,135.95
LV,CP00,2022-08,136.51
LV,CP00,2022-09,138.56
LV,CP00,2022-10,139.72
LV,CP00,2022-11,141.2
LV,CP00,2022-12,140.57
LV,CP00,2023-01,141.3
LV,CP00,2023-02,142.19
LV,CP00,2023-03,143.26
LV,CP00,2023-04,143.83
LV,CP00,2023-05,145.92
LV,CP00,2023-06,143.9
LV,CP00,2023-07,144.99
LV,CP00,2023-08,144.2
LV,CP00,2023-09,143.48
LV,CP00,2023-10,142.93
LV,CP00,2023-11,142.81
LV,CP00,2023-12,141.77
LV,CP00,2024-01,142.87
LV,CP00,2024-02,142.99
LV,CP00,2024-03,144.67
LV,CP00,2024-04,145.43
LV,CP00,2024-05,145.99
LV,CP00,2024-06,145.99
LV,CP00,2024-07,146.09
LV,CP00,2024-08,145.49
LV,CP00,2024-09,145.73
LV,CP00,2024-10,145.92
LV,CP00,2024-11,146.08
LV,CP00,2024-12,146.54
LV,CP00,2025-01,147.24
LV,CP00,2025-02,148.33
LV,CP00,2025-03,149.67
LV,CP00,2025-04,151.3
LV,CP00,2025-05,151.37
LV,CP00,2025-06,151.7
LV,CP00,2025-07,151.84
LV,CP00,2025-08,151.6
LV,CP00,2025-09,151.78
LV,CP00,2025-10,152.16
LV,CP00,2025-11,151.64
LV,CP00,2025-12,151.58
LT,CP00,2022-01,124.68
LT,CP00,2022-02,126.87
LT,CP00,2022-03,129.93
LT,CP00,2022-04,132.4
LT,CP00,2022-05,135.3
LT,CP00,2022-06,138.31
LT,CP00,2022-07,139.36
LT,CP00,2022-08,140.18
LT,CP00,2022-09,144.23
LT,CP00,2022-10,146.15
LT,CP00,2022-11,146.63
LT,CP00,2022-12,146.82
LT,CP00,2023-01,147.75
LT,CP00,2023-02,148.73
LT,CP00,2023-03,149.7
LT,CP00,2023-04,150.0
LT,CP00,2023-05,149.82
LT,CP00,2023-06,149.67
LT,CP00,2023-07,149.35
LT,CP00,2023-08,149.13
LT,CP00,2023-09,150.17
LT,CP00,2023-10,150.68
LT,CP00,2023-11,150.07
LT,CP00,2023-12,149.17
LT,CP00,2024-01,149.34
LT,CP00,2024-02,150.38
LT,CP00,2024-03,150.27
LT,CP00,2024-04,150.66
LT,CP00,2024-05,151.11
LT,CP00,2024-06,151.18
LT,CP00,2024-07,151.0
LT,CP00,2024-08,150.25
LT,CP00,2024-09,150.79
LT,CP00,2024-10,150.88
LT,CP00,2024-11,151.72
LT,CP00,2024-12,151.95
LT,CP00,2025-01,154.41
LT,CP00,2025-02,155.14
LT,CP00,2025-03,155.78
LT,CP00,2025-04,156.1
LT,CP00,2025-05,155.67
LT,CP00,2025-06,156.0
LT,CP00,2025-07,156.19
LT,CP00,2025-08,155.71
LT,CP00,2025-09,156.37
LT,CP00,2025-10,156.52
LT,CP00,2025-11,157.12
LT,CP00,2025-12,156.83
LU,CP00,2022-01,112.3
LU,CP00,2022-02,114.98
LU,CP00,2022-03,117.22
LU,CP00,2022-04,118.29
LU,CP00,2022-05,118.95
LU,CP00,2022-06,120.65
LU,CP00,2022-07,119.04
LU,CP00,2022-08,119.54
LU,CP00,2022-09,120.15
LU,CP00,2022-10,121.62
LU,CP00,2022-11,120.79
LU,CP00,2022-12,119.09
LU,CP00,2023-01,118.78
LU,CP00,2023-02,120.45
LU,CP00,2023-03,120.67
LU,CP00,2023-04,121.5
LU,CP00,2023-05,121.27
LU,CP00,2023-06,121.81
LU,CP00,2023-07,121.46
LU,CP00,2023-08,123.75
LU,CP00,2023-09,124.21
LU,CP00,2023-10,124.12
LU,CP00,2023-11,123.36
LU,CP00,2023-12,122.85
LU,CP00,2024-01,122.31
LU,CP00,2024-02,124.34
LU,CP00,2024-03,124.55
LU,CP00,2024-04,125.13
LU,CP00,2024-05,125.2
LU,CP00,2024-06,125.19
LU,CP00,2024-07,124.68
LU,CP00,2024-08,125.87
LU,CP00,2024-09,125.25
LU,CP00,2024-10,125.18
LU,CP00,2024-11,124.69
LU,CP00,2024-12,124.84
LU,CP00,2025-01,125.24
LU,CP00,2025-02,126.66
LU,CP00,2025-03,126.48
LU,CP00,2025-04,127.27
LU,CP00,2025-05,127.88
LU,CP00,2025-06,128.23
LU,CP00,2025-07,127.86
LU,CP00,2025-08,129.34
LU,CP00,2025-09,129.17
LU,CP00,2025-10,128.99
LU,CP00,2025-11,129.13
LU,CP00,2025-12,128.92
HU,CP00,2022-01,124.26
HU,CP00,2022-02,125.64
HU,CP00,2022-03,126.9
HU,CP00,2022-04,129.03
HU,CP00,2022-05,131.24
HU,CP00,2022-06,133.9
HU,CP00,2022-07,137.14
HU,CP00,2022-08,142.19
HU,CP00,2022-09,144.82
HU,CP00,2022-10,147.91
HU,CP00,2022-11,150.48
HU,CP00,2022-12,153.14
HU,CP00,2023-01,156.81
HU,CP00,2023-02,158.08
HU,CP00,2023-03,159.42
HU,CP00,2023-04,160.57
HU,CP00,2023-05,159.99
HU,CP00,2023-06,160.55
HU,CP00,2023-07,161.12
HU,CP00,2023-08,162.37
HU,CP00,2023-09,162.49
HU,CP00,2023-10,162.1
HU,CP00,2023-11,162.07
HU,CP00,2023-12,161.55
HU,CP00,2024-01,162.62
HU,CP00,2024-02,163.78
HU,CP00,2024-03,165.12
HU,CP00,2024-04,166.34
HU,CP00,2024-05,166.3
HU,CP00,2024-06,166.33
HU,CP00,2024-07,167.72
HU,CP00,2024-08,167.84
HU,CP00,2024-09,167.42
HU,CP00,2024-10,167.54
HU,CP00,2024-11,168.42
HU,CP00,2024-12,169.3
HU,CP00,2025-01,171.85
HU,CP00,2025-02,173.11
HU,CP00,2025-03,173.12
HU,CP00,2025-04,173.32
HU,CP00,2025-05,173.72
HU,CP00,2025-06,174.03
HU,CP00,2025-07,174.8
HU,CP00,2025-08,174.87
HU,CP00,2025-09,174.55
HU,CP00,2025-10,174.61
HU,CP00,2025-11,174.66
HU,CP00,2025-12,174.86
MT,CP00,2022-01,106.36
MT,CP00,2022-02,107.08
MT,CP00,2022-03,108.46
MT,CP00,2022-04,112.52
MT,CP00,2022-05,114.45
MT,CP00,2022-06,116.37
MT,CP00,2022-07,117.39
MT,CP00,2022-08,118.53
MT,CP00,2022-09,117.83
MT,CP00,2022-10,117.1
MT,CP00,2022-11,114.06
MT,CP00,2022-12,114.08
MT,CP00,2023-01,113.58
MT,CP00,2023-02,114.6
MT,CP00,2023-03,116.15
MT,CP00,2023-04,119.74
MT,CP00,2023-05,121.68
MT,CP00,2023-06,123.54
MT,CP00,2023-07,123.96
MT,CP00,2023-08,124.49
MT,CP00,2023-09,123.65
MT,CP00,2023-10,121.96
MT,CP00,2023-11,118.48
MT,CP00,2023-12,118.3
MT,CP00,2024-01,117.77
MT,CP00,2024-02,118.06
MT,CP00,2024-03,119.23
MT,CP00,2024-04,122.57
MT,CP00,2024-05,124.53
MT,CP00,2024-06,126.23
MT,CP00,2024-07,126.87
MT,CP00,2024-08,127.47
MT,CP00,2024-09,126.22
MT,CP00,2024-10,124.9
MT,CP00,2024-11,120.96
MT,CP00,2024-12,120.48
MT,CP00,2025-01,119.92
MT,CP00,2025-02,120.45
MT,CP00,2025-03,121.79
MT,CP00,2025-04,125.73
MT,CP00,2025-05,127.92
MT,CP00,2025-06,129.43
MT,CP00,2025-07,130.0
MT,CP00,2025-08,130.93
MT,CP00,2025-09,129.23
MT,CP00,2025-10,128.03
MT,CP00,2025-11,123.93
MT,CP00,2025-12,123.43
NL,CP00,2022-01,114.61
NL,CP00,2022-02,115.58
NL,CP00,2022-03,120.7
NL,CP00,2022-04,121.16
NL,CP00,2022-05,120.21
NL,CP00,2022-06,120.13
NL,CP00,2022-07,122.74
NL,CP00,2022-08,125.63
NL,CP00,2022-09,129.2
NL,CP00,2022-10,130.92
NL,CP00,2022-11,125.81
NL,CP00,2022-12,126.64
NL,CP00,2023-01,124.23
NL,CP00,2023-02,125.9
NL,CP00,2023-03,126.16
NL,CP00,2023-04,128.17
NL,CP00,2023-05,128.41
NL,CP00,2023-06,127.78
NL,CP00,2023-07,129.25
NL,CP00,2023-08,129.9
NL,CP00,2023-09,128.81
NL,CP00,2023-10,129.56
NL,CP00,2023-11,127.63
NL,CP00,2023-12,127.88
NL,CP00,2024-01,128.08
NL,CP00,2024-02,129.29
NL,CP00,2024-03,130.09
NL,CP00,2024-04,131.47
NL,CP00,2024-05,131.85
NL,CP00,2024-06,132.07
NL,CP00,2024-07,133.73
NL,CP00,2024-08,134.22
NL,CP00,2024-09,133.01
NL,CP00,2024-10,133.85
NL,CP00,2024-11,132.47
NL,CP00,2024-12,132.93
NL,CP00,2025-01,131.91
NL,CP00,2025-02,133.79
NL,CP00,2025-03,134.5
NL,CP00,2025-04,136.89
NL,CP00,2025-05,135.62
NL,CP00,2025-06,135.6
NL,CP00,2025-07,137.13
NL,CP00,2025-08,137.46
NL,CP00,2025-09,136.96
NL,CP00,2025-10,137.92
NL,CP00,2025-11,135.95
NL,CP00,2025-12,136.58
AT,CP00,2022-01,113.93
AT,CP00,2022-02,115.4
AT,CP00,2022-03,118.0
AT,CP00,2022-04,118.75
AT,CP00,2022-05,119.6
AT,CP00,2022-06,120.99
AT,CP00,2022-07,121.67
AT,CP00,2022-08,121.52
AT,CP00,2022-09,124.58
AT,CP00,2022-10,126.09
AT,CP00,2022-11,126.31
AT,CP00,2022-12,125.96
AT,CP00,2023-01,127.11
AT,CP00,2023-02,128.15
AT,CP00,2023-03,128.88
AT,CP00,2023-04,129.88
AT,CP00,2023-05,130.06
AT,CP00,2023-06,130.42
AT,CP00,2023-07,130.17
AT,CP00,2023-08,130.59
AT,CP00,2023-09,131.75
AT,CP00,2023-10,132.24
AT,CP00,2023-11,132.46
AT,CP00,2023-12,133.08
AT,CP00,2024-01,132.6
AT,CP00,2024-02,133.26
AT,CP00,2024-03,134.12
AT,CP00,2024-04,134.27
AT,CP00,2024-05,134.39
AT,CP00,2024-06,134.44
AT,CP00,2024-07,133.95
AT,CP00,2024-08,133.77
AT,CP00,2024-09,134.13
AT,CP00,2024-10,134.63
AT,CP00,2024-11,135.0
AT,CP00,2024-12,135.92
AT,CP00,2025-01,137.13
AT,CP00,2025-02,137.82
AT,CP00,2025-03,138.27
AT,CP00,2025-04,138.64
AT,CP00,2025-05,138.4
AT,CP00,2025-06,138.77
AT,CP00,2025-07,138.88
AT,CP00,2025-08,139.32
AT,CP00,2025-09,139.37
AT,CP00,2025-10,140.06
AT,CP00,2025-11,140.37
AT,CP00,2025-12,141.09
PL,CP00,2022-01,120.4
PL,CP00,2022-02,120.4
PL,CP00,2022-03,123.9
PL,CP00,2022-04,126.1
PL,CP00,2022-05,128.1
PL,CP00,2022-06,129.9
PL,CP00,2022-07,130.4
PL,CP00,2022-08,131.4
PL,CP00,2022-09,133.4
PL,CP00,2022-10,135.6
PL,CP00,2022-11,136.5
PL,CP00,2022-12,136.8
PL,CP00,2023-01,139.5
PL,CP00,2023-02,141.1
PL,CP00,2023-03,142.7
PL,CP00,2023-04,143.8
PL,CP00,2023-05,144.1
PL,CP00,2023-06,144.2
PL,CP00,2023-07,143.8
PL,CP00,2023-08,143.9
PL,CP00,2023-09,143.7
PL,CP00,2023-10,144.2
PL,CP00,2023-11,145.1
PL,CP00,2023-12,145.3
PL,CP00,2024-01,145.8
PL,CP00,2024-02,146.3
PL,CP00,2024-03,146.6
PL,CP00,2024-04,148.1
PL,CP00,2024-05,148.2
PL,CP00,2024-06,148.4
PL,CP00,2024-07,149.6
PL,CP00,2024-08,149.7
PL,CP00,2024-09,149.8
PL,CP00,2024-10,150.3
PL,CP00,2024-11,150.8
PL,CP00,2024-12,150.9
PL,CP00,2025-01,152.1
PL,CP00,2025-02,152.6
PL,CP00,2025-03,153.1
PL,CP00,2025-04,153.6
PL,CP00,2025-05,153.4
PL,CP00,2025-06,153.5
PL,CP00,2025-07,153.9
PL,CP00,2025-08,153.8
PL,CP00,2025-09,154.1
PL,CP00,2025-10,154.6
PL,CP00,2025-11,154.7
PL,CP00,2025-12,154.7
PT,CP00,2022-01,106.25
PT,CP00,2022-02,106.74
PT,CP00,2022-03,109.49
PT,CP00,2022-04,112.07
PT,CP00,2022-05,113.17
PT,CP00,2022-06,114.37
PT,CP00,2022-07,114.39
PT,CP00,2022-08,114.17
PT,CP00,2022-09,115.62
PT,CP00,2022-10,116.86
PT,CP00,2022-11,116.82
PT,CP00,2022-12,116.36
PT,CP00,2023-01,115.44
PT,CP00,2023-02,115.89
PT,CP00,2023-03,118.22
PT,CP00,2023-04,119.75
PT,CP00,2023-05,119.27
PT,CP00,2023-06,119.79
PT,CP00,2023-07,119.33
PT,CP00,2023-08,120.24
PT,CP00,2023-09,121.18
PT,CP00,2023-10,120.65
PT,CP00,2023-11,119.39
PT,CP00,2023-12,118.56
PT,CP00,2024-01,118.36
PT,CP00,2024-02,118.54
PT,CP00,2024-03,121.26
PT,CP00,2024-04,122.55
PT,CP00,2024-05,123.83
PT,CP00,2024-06,123.46
PT,CP00,2024-07,122.52
PT,CP00,2024-08,122.37
PT,CP00,2024-09,124.28
PT,CP00,2024-10,123.84
PT,CP00,2024-11,122.58
PT,CP00,2024-12,122.24
PT,CP00,2025-01,121.55
PT,CP00,2025-02,121.46
PT,CP00,2025-03,123.54
PT,CP00,2025-04,125.14
PT,CP00,2025-05,125.94
PT,CP00,2025-06,126.02
PT,CP00,2025-07,125.58
PT,CP00,2025-08,125.45
PT,CP00,2025-09,126.67
PT,CP00,2025-10,126.28
PT,CP00,2025-11,125.21
PT,CP00,2025-12,125.16
RO,CP00,2022-01,120.42
RO,CP00,2022-02,121.68
RO,CP00,2022-03,124.05
RO,CP00,2022-04,127.0
RO,CP00,2022-05,128.55
RO,CP00,2022-06,129.55
RO,CP00,2022-07,130.14
RO,CP00,2022-08,130.72
RO,CP00,2022-09,131.94
RO,CP00,2022-10,133.72
RO,CP00,2022-11,135.39
RO,CP00,2022-12,135.55
RO,CP00,2023-01,136.61
RO,CP00,2023-02,137.95
RO,CP00,2023-03,139.13
RO,CP00,2023-04,140.21
RO,CP00,2023-05,140.89
RO,CP00,2023-06,141.55
RO,CP00,2023-07,141.76
RO,CP00,2023-08,142.86
RO,CP00,2023-09,144.04
RO,CP00,2023-10,144.87
RO,CP00,2023-11,144.72
RO,CP00,2023-12,145.05
RO,CP00,2024-01,146.64
RO,CP00,2024-02,147.78
RO,CP00,2024-03,148.44
RO,CP00,2024-04,148.97
RO,CP00,2024-05,149.02
RO,CP00,2024-06,149.11
RO,CP00,2024-07,149.98
RO,CP00,2024-08,150.4
RO,CP00,2024-09,151.01
RO,CP00,2024-10,152.08
RO,CP00,2024-11,152.57
RO,CP00,2024-12,152.96
RO,CP00,2025-01,154.38
RO,CP00,2025-02,155.44
RO,CP00,2025-03,155.97
RO,CP00,2025-04,156.29
RO,CP00,2025-05,157.06
RO,CP00,2025-06,157.74
RO,CP00,2025-07,159.86
RO,CP00,2025-08,163.21
RO,CP00,2025-09,164.02
RO,CP00,2025-10,164.92
RO,CP00,2025-11,165.73
RO,CP00,2025-12,166.1
SI,CP00,2022-01,110.48
SI,CP00,2022-02,111.73
SI,CP00,2022-03,111.3
SI,CP00,2022-04,113.63
SI,CP00,2022-05,115.91
SI,CP00,2022-06,118.61
SI,CP00,2022-07,119.63
SI,CP00,2022-08,119.51
SI,CP00,2022-09,119.17
SI,CP00,2022-10,120.13
SI,CP00,2022-11,121.51
SI,CP00,2022-12,121.64
SI,CP00,2023-01,121.47
SI,CP00,2023-02,122.22
SI,CP00,2023-03,122.87
SI,CP00,2023-04,124.14
SI,CP00,2023-05,125.25
SI,CP00,2023-06,126.43
SI,CP00,2023-07,126.48
SI,CP00,2023-08,126.75
SI,CP00,2023-09,127.6
SI,CP00,2023-10,128.05
SI,CP00,2023-11,126.99
SI,CP00,2023-12,126.29
SI,CP00,2024-01,125.57
SI,CP00,2024-02,126.34
SI,CP00,2024-03,127.04
SI,CP00,2024-04,127.89
SI,CP00,2024-05,128.4
SI,CP00,2024-06,128.44
SI,CP00,2024-07,128.22
SI,CP00,2024-08,128.18
SI,CP00,2024-09,128.44
SI,CP00,2024-10,128.11
SI,CP00,2024-11,128.98
SI,CP00,2024-12,128.82
SI,CP00,2025-01,128.48
SI,CP00,2025-02,128.72
SI,CP00,2025-03,129.8
SI,CP00,2025-04,130.87
SI,CP00,2025-05,130.8
SI,CP00,2025-06,131.64
SI,CP00,2025-07,131.98
SI,CP00,2025-08,131.99
SI,CP00,2025-09,131.97
SI,CP00,2025-10,132.07
SI,CP00,2025-11,132.04
SI,CP00,2025-12,132.13
SK,CP00,2022-01,117.37
SK,CP00,2022-02,118.36
SK,CP00,2022-03,120.43
SK,CP00,2022-04,122.06
SK,CP00,2022-05,123.82
SK,CP00,2022-06,125.21
SK,CP00,2022-07,126.02
SK,CP00,2022-08,126.95
SK,CP00,2022-09,128.14
SK,CP00,2022-10,129.81
SK,CP00,2022-11,131.12
SK,CP00,2022-12,131.31
SK,CP00,2023-01,135.05
SK,CP00,2023-02,136.59
SK,CP00,2023-03,138.31
SK,CP00,2023-04,139.16
SK,CP00,2023-05,139.07
SK,CP00,2023-06,139.39
SK,CP00,2023-07,139.06
SK,CP00,2023-08,139.18
SK,CP00,2023-09,139.62
SK,CP00,2023-10,139.89
SK,CP00,2023-11,140.14
SK,CP00,2023-12,139.96
SK,CP00,2024-01,141.02
SK,CP00,2024-02,141.82
SK,CP00,2024-03,142.0
SK,CP00,2024-04,142.53
SK,CP00,2024-05,142.72
SK,CP00,2024-06,142.79
SK,CP00,2024-07,143.24
SK,CP00,2024-08,143.65
SK,CP00,2024-09,143.73
SK,CP00,2024-10,144.82
SK,CP00,2024-11,145.18
SK,CP00,2024-12,144.48
SK,CP00,2025-01,147.01
SK,CP00,2025-02,147.59
SK,CP00,2025-03,148.01
SK,CP00,2025-04,148.15
SK,CP00,2025-05,148.92
SK,CP00,2025-06,149.32
SK,CP00,2025-07,149.85
SK,CP00,2025-08,150.0
SK,CP00,2025-09,150.29
SK,CP00,2025-10,150.44
SK,CP00,2025-11,150.86
SK,CP00,2025-12,150.36
FI,CP00,2022-01,109.1
FI,CP00,2022-02,109.73
FI,CP00,2022-03,111.54
FI,CP00,2022-04,111.98
FI,CP00,2022-05,113.43
FI,CP00,2022-06,114.31
FI,CP00,2022-07,114.49
FI,CP00,2022-08,114.37
FI,CP00,2022-09,115.2
FI,CP00,2022-10,116.13
FI,CP00,2022-11,117.48
FI,CP00,2022-12,117.06
FI,CP00,2023-01,117.69
FI,CP00,2023-02,118.46
FI,CP00,2023-03,118.98
FI,CP00,2023-04,119.05
FI,CP00,2023-05,119.14
FI,CP00,2023-06,118.96
FI,CP00,2023-07,119.28
FI,CP00,2023-08,117.96
FI,CP00,2023-09,118.66
FI,CP00,2023-10,118.93
FI,CP00,2023-11,118.34
FI,CP00,2023-12,118.61
FI,CP00,2024-01,119.01
FI,CP00,2024-02,119.8
FI,CP00,2024-03,119.64
FI,CP00,2024-04,119.74
FI,CP00,2024-05,119.67
FI,CP00,2024-06,119.61
FI,CP00,2024-07,119.91
FI,CP00,2024-08,119.23
FI,CP00,2024-09,119.79
FI,CP00,2024-10,120.71
FI,CP00,2024-11,120.37
FI,CP00,2024-12,120.46
FI,CP00,2025-01,121.07
FI,CP00,2025-02,121.64
FI,CP00,2025-03,121.8
FI,CP00,2025-04,121.99
FI,CP00,2025-05,122.08
FI,CP00,2025-06,121.87
FI,CP00,2025-07,122.24
FI,CP00,2025-08,121.91
FI,CP00,2025-09,122.48
FI,CP00,2025-10,122.37
FI,CP00,2025-11,122.2
FI,CP00,2025-12,122.49
SE,CP00,2022-01,112.98
SE,CP00,2022-02,113.95
SE,CP00,2022-03,116.12
SE,CP00,2022-04,116.78
SE,CP00,2022-05,118.04
SE,CP00,2022-06,119.61
SE,CP00,2022-07,119.36
SE,CP00,2022-08,121.22
SE,CP00,2022-09,122.7
SE,CP00,2022-10,122.45
SE,CP00,2022-11,123.47
SE,CP00,2022-12,126.04
SE,CP00,2023-01,123.81
SE,CP00,2023-02,125.0
SE,CP00,2023-03,125.57
SE,CP00,2023-04,125.82
SE,CP00,2023-05,125.91
SE,CP00,2023-06,127.17
SE,CP00,2023-07,126.93
SE,CP00,2023-08,126.72
SE,CP00,2023-09,127.19
SE,CP00,2023-10,127.29
SE,CP00,2023-11,127.52
SE,CP00,2023-12,128.38
SE,CP00,2024-01,128.05
SE,CP00,2024-02,128.31
SE,CP00,2024-03,128.48
SE,CP00,2024-04,128.82
SE,CP00,2024-05,129.02
SE,CP00,2024-06,128.92
SE,CP00,2024-07,129.11
SE,CP00,2024-08,128.35
SE,CP00,2024-09,128.76
SE,CP00,2024-10,129.36
SE,CP00,2024-11,130.11
SE,CP00,2024-12,130.46
SE,CP00,2025-01,130.62
SE,CP00,2025-02,131.94
SE,CP00,2025-03,131.19
SE,CP00,2025-04,131.5
SE,CP00,2025-05,131.96
SE,CP00,2025-06,132.71
SE,CP00,2025-07,133.12
SE,CP00,2025-08,132.69
SE,CP00,2025-09,132.9
SE,CP00,2025-10,133.42
SE,CP00,2025-11,133.03
SE,CP00,2025-12,133.14
IS,CP00,2022-01,108.22
IS,CP00,2022-02,109.29
IS,CP00,2022-03,110.31
IS,CP00,2022-04,111.35
IS,CP00,2022-05,111.98
IS,CP00,2022-06,113.82
IS,CP00,2022-07,115.16
IS,CP00,2022-08,114.89
IS,CP00,2022-09,114.62
IS,CP00,2022-10,114.97
IS,CP00,2022-11,115.12
IS,CP00,2022-12,115.78
IS,CP00,2023-01,116.93
IS,CP00,2023-02,118.93
IS,CP00,2023-03,119.76
IS,CP00,2023-04,120.63
IS,CP00,2023-05,120.97
IS,CP00,2023-06,122.92
IS,CP00,2023-07,123.73
IS,CP00,2023-08,124.36
IS,CP00,2023-09,124.31
IS,CP00,2023-10,123.68
IS,CP00,2023-11,123.58
IS,CP00,2023-12,123.77
IS,CP00,2024-01,123.53
IS,CP00,2024-02,125.25
IS,CP00,2024-03,125.85
IS,CP00,2024-04,126.18
IS,CP00,2024-05,127.23
IS,CP00,2024-06,129.02
IS,CP00,2024-07,129.97
IS,CP00,2024-08,129.73
IS,CP00,2024-09,128.49
IS,CP00,2024-10,128.31
IS,CP00,2024-11,127.86
IS,CP00,2024-12,128.18
IS,CP00,2025-01,128.14
IS,CP00,2025-02,129.5
IS,CP00,2025-03,130.09
IS,CP00,2025-04,131.06
IS,CP00,2025-05,131.67
IS,CP00,2025-06,134.07
IS,CP00,2025-07,134.72
IS,CP00,2025-08,134.49
IS,CP00,2025-09,133.96
IS,CP00,2025-10,133.35
IS,CP00,2025-11,132.19
IS,CP00,2025-12,133.36
NO,CP00,2022-01,118.5
NO,CP00,2022-02,119.9
NO,CP00,2022-03,120.9
NO,CP00,2022-04,122.7
NO,CP00,2022-05,122.9
NO,CP00,2022-06,124.3
NO,CP00,2022-07,126.0
NO,CP00,2022-08,125.7
NO,CP00,2022-09,128.0
NO,CP00,2022-10,128.4
NO,CP00,2022-11,128.2
NO,CP00,2022-12,128.1
NO,CP00,2023-01,128.0
NO,CP00,2023-02,128.5
NO,CP00,2023-03,129.7
NO,CP00,2023-04,131.2
NO,CP00,2023-05,131.8
NO,CP00,2023-06,132.7
NO,CP00,2023-07,133.1
NO,CP00,2023-08,131.8
NO,CP00,2023-09,131.6
NO,CP00,2023-10,133.1
NO,CP00,2023-11,134.0
NO,CP00,2023-12,134.1
NO,CP00,2024-01,133.9
NO,CP00,2024-02,134.2
NO,CP00,2024-03,134.4
NO,CP00,2024-04,135.6
NO,CP00,2024-05,135.3
NO,CP00,2024-06,135.7
NO,CP00,2024-07,136.3
NO,CP00,2024-08,134.8
NO,CP00,2024-09,135.1
NO,CP00,2024-10,136.0
NO,CP00,2024-11,136.6
NO,CP00,2024-12,136.4
NO,CP00,2025-01,136.4
NO,CP00,2025-02,138.6
NO,CP00,2025-03,137.5
NO,CP00,2025-04,138.4
NO,CP00,2025-05,139.0
NO,CP00,2025-06,139.3
NO,CP00,2025-07,140.5
NO,CP00,2025-08,139.5
NO,CP00,2025-09,140.0
NO,CP00,2025-10,140.1
NO,CP00,2025-11,140.3
NO,CP00,2025-12,140.5
CH,CP00,2022-01,101.69
CH,CP00,2022-02,102.25
CH,CP00,2022-03,102.73
CH,CP00,2022-04,103.15
CH,CP00,2022-05,103.72
CH,CP00,2022-06,104.27
CH,CP00,2022-07,104.42
CH,CP00,2022-08,104.72
CH,CP00,2022-09,104.53
CH,CP00,2022-10,104.62
CH,CP00,2022-11,104.49
CH,CP00,2022-12,104.3
CH,CP00,2023-01,104.99
CH,CP00,2023-02,105.54
CH,CP00,2023-03,105.53
CH,CP00,2023-04,105.8
CH,CP00,2023-05,106.03
CH,CP00,2023-06,106.1
CH,CP00,2023-07,106.58
CH,CP00,2023-08,106.75
CH,CP00,2023-09,106.57
CH,CP00,2023-10,106.72
CH,CP00,2023-11,106.17
CH,CP00,2023-12,106.44
CH,CP00,2024-01,106.57
CH,CP00,2024-02,106.8
CH,CP00,2024-03,106.74
CH,CP00,2024-04,107.3
CH,CP00,2024-05,107.58
CH,CP00,2024-06,107.44
CH,CP00,2024-07,107.89
CH,CP00,2024-08,107.86
CH,CP00,2024-09,107.5
CH,CP00,2024-10,107.48
CH,CP00,2024-11,106.92
CH,CP00,2024-12,106.86
CH,CP00,2025-01,106.8
CH,CP00,2025-02,106.95
CH,CP00,2025-03,106.86
CH,CP00,2025-04,107.61
CH,CP00,2025-05,107.4
CH,CP00,2025-06,107.66
CH,CP00,2025-07,108.02
CH,CP00,2025-08,107.91
CH,CP00,2025-09,107.55
CH,CP00,2025-10,107.55
CH,CP00,2025-11,106.91
CH,CP00,2025-12,107.07
BE,CP111,2022-01,118.27
BE,CP111,2022-02,118.55
BE,CP111,2022-03,119.14
BE,CP111,2022-04,119.54
BE,CP111,2022-05,120.55
BE,CP111,2022-06,121.23
BE,CP111,2022-07,121.79
BE,CP111,2022-08,122.14
BE,CP111,2022-09,123.23
BE,CP111,2022-10,124.2
BE,CP111,2022-11,125.35
BE,CP111,2022-12,126.08
BE,CP111,2023-01,127.21
BE,CP111,2023-02,127.81
BE,CP111,2023-03,128.82
BE,CP111,2023-04,129.51
BE,CP111,2023-05,131.07
BE,CP111,2023-06,131.74
BE,CP111,2023-07,132.56
BE,CP111,2023-08,132.92
BE,CP111,2023-09,133.55
BE,CP111,2023-10,133.9
BE,CP111,2023-11,134.49
BE,CP111,2023-12,134.83
BE,CP111,2024-01,135.45
BE,CP111,2024-02,135.69
BE,CP111,2024-03,136.06
BE,CP111,2024-04,136.92
BE,CP111,2024-05,137.6
BE,CP111,2024-06,138.18
BE,CP111,2024-07,138.73
BE,CP111,2024-08,139.12
BE,CP111,2024-09,139.65
BE,CP111,2024-10,140.16
BE,CP111,2024-11,140.49
BE,CP111,2024-12,140.96
BE,CP111,2025-01,141.7
BE,CP111,2025-02,142.14
BE,CP111,2025-03,142.63
BE,CP111,2025-04,143.06
BE,CP111,2025-05,143.39
BE,CP111,2025-06,143.89
BE,CP111,2025-07,144.63
BE,CP111,2025-08,144.96
BE,CP111,2025-09,145.44
BE,CP111,2025-10,146.16
BE,CP111,2025-11,146.36
BE,CP111,2025-12,146.55
BG,CP111,2022-01,132.0
BG,CP111,2022-02,134.67
BG,CP111,2022-03,138.63
BG,CP111,2022-04,142.07
BG,CP111,2022-05,144.74
BG,CP111,2022-06,147.58
BG,CP111,2022-07,149.17
BG,CP111,2022-08,150.3
BG,CP111,2022-09,152.66
BG,CP111,2022-10,154.98
BG,CP111,2022-11,156.46
BG,CP111,2022-12,157.93
BG,CP111,2023-01,159.61
BG,CP111,2023-02,160.99
BG,CP111,2023-03,163.37
BG,CP111,2023-04,164.67
BG,CP111,2023-05,165.81
BG,CP111,2023-06,167.04
BG,CP111,2023-07,167.87
BG,CP111,2023-08,169.02
BG,CP111,2023-09,169.91
BG,CP111,2023-10,170.94
BG,CP111,2023-11,172.24
BG,CP111,2023-12,172.62
BG,CP111,2024-01,173.39
BG,CP111,2024-02,174.6
BG,CP111,2024-03,175.56
BG,CP111,2024-04,176.13
BG,CP111,2024-05,177.35
BG,CP111,2024-06,178.45
BG,CP111,2024-07,179.34
BG,CP111,2024-08,180.32
BG,CP111,2024-09,181.47
BG,CP111,2024-10,182.71
BG,CP111,2024-11,183.79
BG,CP111,2024-12,185.03
BG,CP111,2025-01,189.79
BG,CP111,2025-02,192.22
BG,CP111,2025-03,193.83
BG,CP111,2025-04,195.85
BG,CP111,2025-05,197.05
BG,CP111,2025-06,198.27
BG,CP111,2025-07,199.98
BG,CP111,2025-08,201.94
BG,CP111,2025-09,203.87
BG,CP111,2025-10,205.04
BG,CP111,2025-11,206.46
BG,CP111,2025-12,207.17
CZ,CP111,2022-01,140.3
CZ,CP111,2022-02,142.3
CZ,CP111,2022-03,145.3
CZ,CP111,2022-04,151.1
CZ,CP111,2022-05,155.5
CZ,CP111,2022-06,158.1
CZ,CP111,2022-07,160.4
CZ,CP111,2022-08,162.8
CZ,CP111,2022-09,166.1
CZ,CP111,2022-10,168.5
CZ,CP111,2022-11,170.1
CZ,CP111,2022-12,171.2
CZ,CP111,2023-01,173.5
CZ,CP111,2023-02,174.8
CZ,CP111,2023-03,176.5
CZ,CP111,2023-04,177.7
CZ,CP111,2023-05,179.0
CZ,CP111,2023-06,180.0
CZ,CP111,2023-07,180.9
CZ,CP111,2023-08,181.7
CZ,CP111,2023-09,182.8
CZ,CP111,2023-10,183.4
CZ,CP111,2023-11,184.3
CZ,CP111,2023-12,185.2
CZ,CP111,2024-01,188.4
CZ,CP111,2024-02,189.9
CZ,CP111,2024-03,190.9
CZ,CP111,2024-04,191.6
CZ,CP111,2024-05,192.3
CZ,CP111,2024-06,193.2
CZ,CP111,2024-07,193.8
CZ,CP111,2024-08,194.1
CZ,CP111,2024-09,195.4
CZ,CP111,2024-10,196.1
CZ,CP111,2024-11,196.8
CZ,CP111,2024-12,197.1
CZ,CP111,2025-01,198.1
CZ,CP111,2025-02,199.1
CZ,CP111,2025-03,199.9
CZ,CP111,2025-04,200.5
CZ,CP111,2025-05,201.2
CZ,CP111,2025-06,201.6
CZ,CP111,2025-07,202.5
CZ,CP111,2025-08,203.0
CZ,CP111,2025-09,204.2
CZ,CP111,2025-10,204.8
CZ,CP111,2025-11,205.3
CZ,CP111,2025-12,205.9
DK,CP111,2022-01,113.5
DK,CP111,2022-02,114.5
DK,CP111,2022-03,115.9
DK,CP111,2022-04,116.9
DK,CP111,2022-05,118.8
DK,CP111,2022-06,119.7
DK,CP111,2022-07,120.5
DK,CP111,2022-08,121.6
DK,CP111,2022-09,121.6
DK,CP111,2022-10,122.5
DK,CP111,2022-11,123.2
DK,CP111,2022-12,123.6
DK,CP111,2023-01,124.5
DK,CP111,2023-02,125.9
DK,CP111,2023-03,126.5
DK,CP111,2023-04,127.6
DK,CP111,2023-05,127.9
DK,CP111,2023-06,128.4
DK,CP111,2023-07,128.8
DK,CP111,2023-08,129.4
DK,CP111,2023-09,129.6
DK,CP111,2023-10,129.5
DK,CP111,2023-11,130.0
DK,CP111,2023-12,130.7
DK,CP111,2024-01,131.5
DK,CP111,2024-02,131.4
DK,CP111,2024-03,131.2
DK,CP111,2024-04,132.6
DK,CP111,2024-05,132.6
DK,CP111,2024-06,133.2
DK,CP111,2024-07,132.5
DK,CP111,2024-08,132.6
DK,CP111,2024-09,132.8
DK,CP111,2024-10,131.5
DK,CP111,2024-11,131.8
DK,CP111,2024-12,132.0
DK,CP111,2025-01,132.5
DK,CP111,2025-02,133.1
DK,CP111,2025-03,132.8
DK,CP111,2025-04,133.8
DK,CP111,2025-05,132.7
DK,CP111,2025-06,133.5
DK,CP111,2025-07,133.4
DK,CP111,2025-08,133.7
DK,CP111,2025-09,134.0
DK,CP111,2025-10,134.3
DK,CP111,2025-11,135.2
DK,CP111,2025-12,135.8
DE,CP111,2022-01,118.0
DE,CP111,2022-02,118.5
DE,CP111,2022-03,119.2
DE,CP111,2022-04,120.3
DE,CP111,2022-05,121.5
DE,CP111,2022-06,123.2
DE,CP111,2022-07,124.3
DE,CP111,2022-08,125.1
DE,CP111,2022-09,125.9
DE,CP111,2022-10,126.7
DE,CP111,2022-11,128.2
DE,CP111,2022-12,129.1
DE,CP111,2023-01,130.5
DE,CP111,2023-02,131.3
DE,CP111,2023-03,131.9
DE,CP111,2023-04,132.4
DE,CP111,2023-05,132.9
DE,CP111,2023-06,133.4
DE,CP111,2023-07,133.8
DE,CP111,2023-08,134.3
DE,CP111,2023-09,134.9
DE,CP111,2023-10,135.2
DE,CP111,2023-11,135.7
DE,CP111,2023-12,136.1
DE,CP111,2024-01,139.1
DE,CP111,2024-02,140.3
DE,CP111,2024-03,141.0
DE,CP111,2024-04,141.6
DE,CP111,2024-05,142.0
DE,CP111,2024-06,142.5
DE,CP111,2024-07,142.8
DE,CP111,2024-08,143.3
DE,CP111,2024-09,143.9
DE,CP111,2024-10,144.4
DE,CP111,2024-11,144.8
DE,CP111,2024-12,145.1
DE,CP111,2025-01,145.7
DE,CP111,2025-02,146.3
DE,CP111,2025-03,147.0
DE,CP111,2025-04,147.4
DE,CP111,2025-05,148.0
DE,CP111,2025-06,148.4
DE,CP111,2025-07,148.6
DE,CP111,2025-08,148.8
DE,CP111,2025-09,149.0
DE,CP111,2025-10,149.7
DE,CP111,2025-11,150.1
DE,CP111,2025-12,150.3
EE,CP111,2022-01,129.29
EE,CP111,2022-02,131.38
EE,CP111,2022-03,132.65
EE,CP111,2022-04,134.56
EE,CP111,2022-05,135.68
EE,CP111,2022-06,139.96
EE,CP111,2022-07,142.34
EE,CP111,2022-08,144.23
EE,CP111,2022-09,145.41
EE,CP111,2022-10,146.47
EE,CP111,2022-11,148.09
EE,CP111,2022-12,148.94
EE,CP111,2023-01,150.07
EE,CP111,2023-02,150.9
EE,CP111,2023-03,152.14
EE,CP111,2023-04,152.69
EE,CP111,2023-05,154.1
EE,CP111,2023-06,155.42
EE,CP111,2023-07,156.08
EE,CP111,2023-08,156.62
EE,CP111,2023-09,157.79
EE,CP111,2023-10,158.73
EE,CP111,2023-11,159.12
EE,CP111,2023-12,159.53
EE,CP111,2024-01,162.43
EE,CP111,2024-02,163.04
EE,CP111,2024-03,163.7
EE,CP111,2024-04,164.38
EE,CP111,2024-05,165.27
EE,CP111,2024-06,166.26
EE,CP111,2024-07,165.62
EE,CP111,2024-08,165.84
EE,CP111,2024-09,166.12
EE,CP111,2024-10,166.14
EE,CP111,2024-11,166.7
EE,CP111,2024-12,167.08
EE,CP111,2025-01,167.97
EE,CP111,2025-02,168.41
EE,CP111,2025-03,170.01
EE,CP111,2025-04,169.75
EE,CP111,2025-05,171.38
EE,CP111,2025-06,172.94
EE,CP111,2025-07,175.23
EE,CP111,2025-08,175.88
EE,CP111,2025-09,176.23
EE,CP111,2025-10,176.08
EE,CP111,2025-11,176.68
EE,CP111,2025-12,177.02
IE,CP111,2022-01,114.7
IE,CP111,2022-02,115.0
IE,CP111,2022-03,116.7
IE,CP111,2022-04,117.7
IE,CP111,2022-05,118.4
IE,CP111,2022-06,119.1
IE,CP111,2022-07,119.5
IE,CP111,2022-08,119.7
IE,CP111,2022-09,120.1
IE,CP111,2022-10,120.6
IE,CP111,2022-11,121.2
IE,CP111,2022-12,122.5
IE,CP111,2023-01,122.9
IE,CP111,2023-02,124.4
IE,CP111,2023-03,125.2
IE,CP111,2023-04,126.1
IE,CP111,2023-05,126.5
IE,CP111,2023-06,126.8
IE,CP111,2023-07,127.1
IE,CP111,2023-08,127.5
IE,CP111,2023-09,128.7
IE,CP111,2023-10,129.5
IE,CP111,2023-11,129.9
IE,CP111,2023-12,130.5
IE,CP111,2024-01,131.1
IE,CP111,2024-02,132.1
IE,CP111,2024-03,132.5
IE,CP111,2024-04,132.9
IE,CP111,2024-05,133.7
IE,CP111,2024-06,134.2
IE,CP111,2024-07,134.6
IE,CP111,2024-08,135.0
IE,CP111,2024-09,135.1
IE,CP111,2024-10,135.4
IE,CP111,2024-11,135.6
IE,CP111,2024-12,136.0
IE,CP111,2025-01,136.7
IE,CP111,2025-02,137.1
IE,CP111,2025-03,137.8
IE,CP111,2025-04,138.2
IE,CP111,2025-05,138.4
IE,CP111,2025-06,138.8
IE,CP111,2025-07,139.4
IE,CP111,2025-08,139.7
IE,CP111,2025-09,139.9
IE,CP111,2025-10,140.5
IE,CP111,2025-11,140.7
IE,CP111,2025-12,141.0
EL,CP111,2022-01,106.54
EL,CP111,2022-02,106.73
EL,CP111,2022-03,107.39
EL,CP111,2022-04,108.58
EL,CP111,2022-05,109.44
EL,CP111,2022-06,109.99
EL,CP111,2022-07,110.08
EL,CP111,2022-08,110.57
EL,CP111,2022-09,113.29
EL,CP111,2022-10,113.88
EL,CP111,2022-11,114.12
EL,CP111,2022-12,114.22
EL,CP111,2023-01,114.94
EL,CP111,2023-02,115.56
EL,CP111,2023-03,115.68
EL,CP111,2023-04,117.24
EL,CP111,2023-05,117.58
EL,CP111,2023-06,117.88
EL,CP111,2023-07,117.93
EL,CP111,2023-08,118.16
EL,CP111,2023-09,119.7
EL,CP111,2023-10,119.96
EL,CP111,2023-11,120.23
EL,CP111,2023-12,120.98
EL,CP111,2024-01,122.74
EL,CP111,2024-02,123.36
EL,CP111,2024-03,123.24
EL,CP111,2024-04,123.34
EL,CP111,2024-05,123.63
EL,CP111,2024-06,123.93
EL,CP111,2024-07,125.67
EL,CP111,2024-08,126.1
EL,CP111,2024-09,126.56
EL,CP111,2024-10,126.7
EL,CP111,2024-11,127.13
EL,CP111,2024-12,127.9
EL,CP111,2025-01,128.4
EL,CP111,2025-02,129.56
EL,CP111,2025-03,130.33
EL,CP111,2025-04,131.34
EL,CP111,2025-05,132.0
EL,CP111,2025-06,132.57
EL,CP111,2025-07,133.26
EL,CP111,2025-08,134.46
EL,CP111,2025-09,135.04
EL,CP111,2025-10,136.62
EL,CP111,2025-11,136.96
EL,CP111,2025-12,137.33
ES,CP111,2022-01,111.52
ES,CP111,2022-02,112.25
ES,CP111,2022-03,112.9
ES,CP111,2022-04,113.75
ES,CP111,2022-05,114.59
ES,CP111,2022-06,115.46
ES,CP111,2022-07,116.16
ES,CP111,2022-08,116.56
ES,CP111,2022-09,117.35
ES,CP111,2022-10,118.06
ES,CP111,2022-11,118.79
ES,CP111,2022-12,119.39
ES,CP111,2023-01,120.13
ES,CP111,2023-02,120.7
ES,CP111,2023-03,121.34
ES,CP111,2023-04,122.04
ES,CP111,2023-05,122.58
ES,CP111,2023-06,123.19
ES,CP111,2023-07,123.62
ES,CP111,2023-08,123.97
ES,CP111,2023-09,124.4
ES,CP111,2023-10,125.04
ES,CP111,2023-11,125.44
ES,CP111,2023-12,125.75
ES,CP111,2024-01,126.4
ES,CP111,2024-02,127.01
ES,CP111,2024-03,127.69
ES,CP111,2024-04,128.19
ES,CP111,2024-05,128.6
ES,CP111,2024-06,128.91
ES,CP111,2024-07,129.27
ES,CP111,2024-08,129.49
ES,CP111,2024-09,129.88
ES,CP111,2024-10,130.28
ES,CP111,2024-11,130.58
ES,CP111,2024-12,130.9
ES,CP111,2025-01,131.57
ES,CP111,2025-02,132.13
ES,CP111,2025-03,132.79
ES,CP111,2025-04,133.26
ES,CP111,2025-05,133.72
ES,CP111,2025-06,134.11
ES,CP111,2025-07,134.45
ES,CP111,2025-08,134.79
ES,CP111,2025-09,135.22
ES,CP111,2025-10,135.69
ES,CP111,2025-11,136.05
ES,CP111,2025-12,136.51
FR,CP111,2022-01,109.78
FR,CP111,2022-02,109.99
FR,CP111,2022-03,110.31
FR,CP111,2022-04,110.66
FR,CP111,2022-05,111.49
FR,CP111,2022-06,111.99
FR,CP111,2022-07,112.54
FR,CP111,2022-08,113.09
FR,CP111,2022-09,113.63
FR,CP111,2022-10,114.0
FR,CP111,2022-11,114.4
FR,CP111,2022-12,114.78
FR,CP111,2023-01,115.59
FR,CP111,2023-02,116.12
FR,CP111,2023-03,116.68
FR,CP111,2023-04,117.23
FR,CP111,2023-05,117.94
FR,CP111,2023-06,118.29
FR,CP111,2023-07,118.65
FR,CP111,2023-08,118.96
FR,CP111,2023-09,119.23
FR,CP111,2023-10,119.61
FR,CP111,2023-11,119.86
FR,CP111,2023-12,120.17
FR,CP111,2024-01,120.74
FR,CP111,2024-02,120.92
FR,CP111,2024-03,121.07
FR,CP111,2024-04,121.32
FR,CP111,2024-05,121.57
FR,CP111,2024-06,121.73
FR,CP111,2024-07,122.1
FR,CP111,2024-08,122.29
FR,CP111,2024-09,122.47
FR,CP111,2024-10,122.72
FR,CP111,2024-11,122.79
FR,CP111,2024-12,123.02
FR,CP111,2025-01,123.33
FR,CP111,2025-02,123.53
FR,CP111,2025-03,123.69
FR,CP111,2025-04,123.88
FR,CP111,2025-05,124.17
FR,CP111,2025-06,124.39
FR,CP111,2025-07,124.52
FR,CP111,2025-08,124.7
FR,CP111,2025-09,124.96
FR,CP111,2025-10,125.16
FR,CP111,2025-11,125.43
FR,CP111,2025-12,125.61
HR,CP111,2022-01,122.23
HR,CP111,2022-02,123.95
HR,CP111,2022-03,126.15
HR,CP111,2022-04,129.56
HR,CP111,2022-05,132.35
HR,CP111,2022-06,134.33
HR,CP111,2022-07,136.31
HR,CP111,2022-08,138.14
HR,CP111,2022-09,140.96
HR,CP111,2022-10,141.81
HR,CP111,2022-11,142.51
HR,CP111,2022-12,143.03
HR,CP111,2023-01,147.81
HR,CP111,2023-02,147.99
HR,CP111,2023-03,148.86
HR,CP111,2023-04,150.91
HR,CP111,2023-05,152.46
HR,CP111,2023-06,154.57
HR,CP111,2023-07,156.9
HR,CP111,2023-08,158.19
HR,CP111,2023-09,159.03
HR,CP111,2023-10,159.78
HR,CP111,2023-11,160.56
HR,CP111,2023-12,162.19
HR,CP111,2024-01,163.25
HR,CP111,2024-02,164.31
HR,CP111,2024-03,165.38
HR,CP111,2024-04,166.8
HR,CP111,2024-05,168.23
HR,CP111,2024-06,170.1
HR,CP111,2024-07,172.06
HR,CP111,2024-08,173.24
HR,CP111,2024-09,175.12
HR,CP111,2024-10,176.06
HR,CP111,2024-11,176.95
HR,CP111,2024-12,177.59
HR,CP111,2025-01,178.52
HR,CP111,2025-02,179.56
HR,CP111,2025-03,180.47
HR,CP111,2025-04,181.47
HR,CP111,2025-05,182.82
HR,CP111,2025-06,184.44
HR,CP111,2025-07,185.22
HR,CP111,2025-08,186.84
HR,CP111,2025-09,187.23
HR,CP111,2025-10,187.85
HR,CP111,2025-11,188.86
HR,CP111,2025-12,189.34
IT,CP111,2022-01,110.1
IT,CP111,2022-02,110.6
IT,CP111,2022-03,111.2
IT,CP111,2022-04,111.8
IT,CP111,2022-05,112.6
IT,CP111,2022-06,113.2
IT,CP111,2022-07,113.8
IT,CP111,2022-08,114.1
IT,CP111,2022-09,115.2
IT,CP111,2022-10,116.0
IT,CP111,2022-11,117.0
IT,CP111,2022-12,117.5
IT,CP111,2023-01,118.1
IT,CP111,2023-02,118.6
IT,CP111,2023-03,119.0
IT,CP111,2023-04,119.4
IT,CP111,2023-05,119.8
IT,CP111,2023-06,120.1
IT,CP111,2023-07,120.5
IT,CP111,2023-08,120.7
IT,CP111,2023-09,121.1
IT,CP111,2023-10,121.5
IT,CP111,2023-11,121.9
IT,CP111,2023-12,122.0
IT,CP111,2024-01,122.5
IT,CP111,2024-02,122.8
IT,CP111,2024-03,123.0
IT,CP111,2024-04,123.3
IT,CP111,2024-05,123.7
IT,CP111,2024-06,123.9
IT,CP111,2024-07,124.4
IT,CP111,2024-08,124.6
IT,CP111,2024-09,124.8
IT,CP111,2024-10,125.1
IT,CP111,2024-11,125.4
IT,CP111,2024-12,125.6
IT,CP111,2025-01,126.1
IT,CP111,2025-02,126.5
IT,CP111,2025-03,127.0
IT,CP111,2025-04,127.4
IT,CP111,2025-05,127.7
IT,CP111,2025-06,128.0
IT,CP111,2025-07,128.3
IT,CP111,2025-08,128.5
IT,CP111,2025-09,129.0
IT,CP111,2025-10,129.4
IT,CP111,2025-11,129.7
IT,CP111,2025-12,129.9
CY,CP111,2022-01,109.21
CY,CP111,2022-02,109.71
CY,CP111,2022-03,110.09
CY,CP111,2022-04,112.53
CY,CP111,2022-05,114.35
CY,CP111,2022-06,115.47
CY,CP111,2022-07,116.24
CY,CP111,2022-08,116.36
CY,CP111,2022-09,116.88
CY,CP111,2022-10,117.2
CY,CP111,2022-11,117.75
CY,CP111,2022-12,118.18
CY,CP111,2023-01,118.52
CY,CP111,2023-02,118.61
CY,CP111,2023-03,119.19
CY,CP111,2023-04,119.54
CY,CP111,2023-05,119.71
CY,CP111,2023-06,121.1
CY,CP111,2023-07,121.53
CY,CP111,2023-08,121.69
CY,CP111,2023-09,122.2
CY,CP111,2023-10,122.66
CY,CP111,2023-11,124.33
CY,CP111,2023-12,124.43
CY,CP111,2024-01,125.05
CY,CP111,2024-02,125.92
CY,CP111,2024-03,126.23
CY,CP111,2024-04,126.4
CY,CP111,2024-05,126.77
CY,CP111,2024-06,127.24
CY,CP111,2024-07,127.93
CY,CP111,2024-08,128.35
CY,CP111,2024-09,128.85
CY,CP111,2024-10,129.23
CY,CP111,2024-11,129.49
CY,CP111,2024-12,129.76
CY,CP111,2025-01,130.14
CY,CP111,2025-02,130.3
CY,CP111,2025-03,132.62
CY,CP111,2025-04,133.03
CY,CP111,2025-05,133.16
CY,CP111,2025-06,134.44
CY,CP111,2025-07,134.74
CY,CP111,2025-08,134.72
CY,CP111,2025-09,134.88
CY,CP111,2025-10,135.25
CY,CP111,2025-11,135.93
CY,CP111,2025-12,136.15
LV,CP111,2022-01,122.44
LV,CP111,2022-02,123.69
LV,CP111,2022-03,124.97
LV,CP111,2022-04,127.11
LV,CP111,2022-05,129.31
LV,CP111,2022-06,133.35
LV,CP111,2022-07,135.0
LV,CP111,2022-08,137.13
LV,CP111,2022-09,139.02
LV,CP111,2022-10,140.39
LV,CP111,2022-11,142.73
LV,CP111,2022-12,143.68
LV,CP111,2023-01,144.4
LV,CP111,2023-02,145.17
LV,CP111,2023-03,145.74
LV,CP111,2023-04,146.77
LV,CP111,2023-05,148.0
LV,CP111,2023-06,149.36
LV,CP111,2023-07,150.46
LV,CP111,2023-08,151.46
LV,CP111,2023-09,151.85
LV,CP111,2023-10,152.68
LV,CP111,2023-11,152.72
LV,CP111,2023-12,152.98
LV,CP111,2024-01,153.49
LV,CP111,2024-02,153.75
LV,CP111,2024-03,154.45
LV,CP111,2024-04,154.57
LV,CP111,2024-05,155.14
LV,CP111,2024-06,156.0
LV,CP111,2024-07,156.57
LV,CP111,2024-08,157.24
LV,CP111,2024-09,157.61
LV,CP111,2024-10,157.96
LV,CP111,2024-11,157.9
LV,CP111,2024-12,158.58
LV,CP111,2025-01,158.93
LV,CP111,2025-02,159.11
LV,CP111,2025-03,160.0
LV,CP111,2025-04,161.18
LV,CP111,2025-05,161.79
LV,CP111,2025-06,163.04
LV,CP111,2025-07,164.15
LV,CP111,2025-08,165.1
LV,CP111,2025-09,165.81
LV,CP111,2025-10,166.47
LV,CP111,2025-11,166.91
LV,CP111,2025-12,167.02
LT,CP111,2022-01,153.64
LT,CP111,2022-02,155.54
LT,CP111,2022-03,157.31
LT,CP111,2022-04,159.03
LT,CP111,2022-05,162.91
LT,CP111,2022-06,166.18
LT,CP111,2022-07,167.86
LT,CP111,2022-08,169.14
LT,CP111,2022-09,175.33
LT,CP111,2022-10,178.4
LT,CP111,2022-11,179.87
LT,CP111,2022-12,182.48
LT,CP111,2023-01,184.14
LT,CP111,2023-02,185.26
LT,CP111,2023-03,186.48
LT,CP111,2023-04,189.14
LT,CP111,2023-05,189.85
LT,CP111,2023-06,190.61
LT,CP111,2023-07,191.85
LT,CP111,2023-08,192.76
LT,CP111,2023-09,193.96
LT,CP111,2023-10,194.51
LT,CP111,2023-11,194.86
LT,CP111,2023-12,196.17
LT,CP111,2024-01,201.95
LT,CP111,2024-02,205.01
LT,CP111,2024-03,205.54
LT,CP111,2024-04,207.07
LT,CP111,2024-05,207.54
LT,CP111,2024-06,208.5
LT,CP111,2024-07,209.53
LT,CP111,2024-08,209.83
LT,CP111,2024-09,211.25
LT,CP111,2024-10,211.86
LT,CP111,2024-11,213.05
LT,CP111,2024-12,214.22
LT,CP111,2025-01,216.72
LT,CP111,2025-02,218.22
LT,CP111,2025-03,218.91
LT,CP111,2025-04,219.9
LT,CP111,2025-05,220.27
LT,CP111,2025-06,221.12
LT,CP111,2025-07,223.32
LT,CP111,2025-08,223.56
LT,CP111,2025-09,224.68
LT,CP111,2025-10,225.72
LT,CP111,2025-11,226.17
LT,CP111,2025-12,226.66
LU,CP111,2022-01,116.07
LU,CP111,2022-02,116.89
LU,CP111,2022-03,117.33
LU,CP111,2022-04,118.76
LU,CP111,2022-05,119.24
LU,CP111,2022-06,119.91
LU,CP111,2022-07,120.85
LU,CP111,2022-08,121.29
LU,CP111,2022-09,121.51
LU,CP111,2022-10,119.95
LU,CP111,2022-11,119.15
LU,CP111,2022-12,118.02
LU,CP111,2023-01,120.09
LU,CP111,2023-02,120.9
LU,CP111,2023-03,121.59
LU,CP111,2023-04,122.26
LU,CP111,2023-05,123.0
LU,CP111,2023-06,123.08
LU,CP111,2023-07,123.55
LU,CP111,2023-08,123.54
LU,CP111,2023-09,124.46
LU,CP111,2023-10,125.2
LU,CP111,2023-11,125.47
LU,CP111,2023-12,125.48
LU,CP111,2024-01,126.31
LU,CP111,2024-02,126.79
LU,CP111,2024-03,127.04
LU,CP111,2024-04,127.43
LU,CP111,2024-05,127.8
LU,CP111,2024-06,128.17
LU,CP111,2024-07,128.19
LU,CP111,2024-08,128.42
LU,CP111,2024-09,128.78
LU,CP111,2024-10,128.88
LU,CP111,2024-11,129.02
LU,CP111,2024-12,129.36
LU,CP111,2025-01,130.05
LU,CP111,2025-02,130.33
LU,CP111,2025-03,130.43
LU,CP111,2025-04,130.6
LU,CP111,2025-05,131.65
LU,CP111,2025-06,131.68
LU,CP111,2025-07,131.86
LU,CP111,2025-08,132.06
LU,CP111,2025-09,132.72
LU,CP111,2025-10,132.98
LU,CP111,2025-11,133.33
LU,CP111,2025-12,133.5
HU,CP111,2022-01,141.88
HU,CP111,2022-02,143.57
HU,CP111,2022-03,145.31
HU,CP111,2022-04,148.76
HU,CP111,2022-05,152.83
HU,CP111,2022-06,157.2
HU,CP111,2022-07,160.33
HU,CP111,2022-08,164.53
HU,CP111,2022-09,170.1
HU,CP111,2022-10,174.14
HU,CP111,2022-11,178.54
HU,CP111,2022-12,183.19
HU,CP111,2023-01,186.27
HU,CP111,2023-02,189.55
HU,CP111,2023-03,192.85
HU,CP111,2023-04,195.81
HU,CP111,2023-05,197.51
HU,CP111,2023-06,198.93
HU,CP111,2023-07,200.14
HU,CP111,2023-08,202.19
HU,CP111,2023-09,203.58
HU,CP111,2023-10,204.42
HU,CP111,2023-11,204.93
HU,CP111,2023-12,205.71
HU,CP111,2024-01,207.84
HU,CP111,2024-02,209.37
HU,CP111,2024-03,210.98
HU,CP111,2024-04,212.66
HU,CP111,2024-05,213.47
HU,CP111,2024-06,214.92
HU,CP111,2024-07,216.01
HU,CP111,2024-08,217.25
HU,CP111,2024-09,218.48
HU,CP111,2024-10,218.91
HU,CP111,2024-11,219.96
HU,CP111,2024-12,220.64
HU,CP111,2025-01,223.29
HU,CP111,2025-02,225.97
HU,CP111,2025-03,228.91
HU,CP111,2025-04,230.98
HU,CP111,2025-05,232.72
HU,CP111,2025-06,234.25
HU,CP111,2025-07,234.79
HU,CP111,2025-08,235.48
HU,CP111,2025-09,236.74
HU,CP111,2025-10,237.97
HU,CP111,2025-11,239.59
HU,CP111,2025-12,240.49
MT,CP111,2022-01,117.13
MT,CP111,2022-02,117.76
MT,CP111,2022-03,118.01
MT,CP111,2022-04,119.66
MT,CP111,2022-05,121.18
MT,CP111,2022-06,123.16
MT,CP111,2022-07,123.48
MT,CP111,2022-08,124.26
MT,CP111,2022-09,125.1
MT,CP111,2022-10,125.99
MT,CP111,2022-11,126.57
MT,CP111,2022-12,127.07
MT,CP111,2023-01,127.71
MT,CP111,2023-02,128.15
MT,CP111,2023-03,128.92
MT,CP111,2023-04,130.14
MT,CP111,2023-05,130.52
MT,CP111,2023-06,131.48
MT,CP111,2023-07,132.31
MT,CP111,2023-08,132.58
MT,CP111,2023-09,133.16
MT,CP111,2023-10,133.23
MT,CP111,2023-11,134.19
MT,CP111,2023-12,134.45
MT,CP111,2024-01,134.62
MT,CP111,2024-02,135.48
MT,CP111,2024-03,136.34
MT,CP111,2024-04,136.49
MT,CP111,2024-05,137.01
MT,CP111,2024-06,136.19
MT,CP111,2024-07,136.68
MT,CP111,2024-08,136.71
MT,CP111,2024-09,137.03
MT,CP111,2024-10,137.45
MT,CP111,2024-11,137.39
MT,CP111,2024-12,139.16
MT,CP111,2025-01,139.59
MT,CP111,2025-02,140.15
MT,CP111,2025-03,140.02
MT,CP111,2025-04,140.58
MT,CP111,2025-05,141.46
MT,CP111,2025-06,142.75
MT,CP111,2025-07,142.58
MT,CP111,2025-08,143.64
MT,CP111,2025-09,143.76
MT,CP111,2025-10,144.26
MT,CP111,2025-11,144.91
MT,CP111,2025-12,145.62
NL,CP111,2022-01,122.67
NL,CP111,2022-02,123.04
NL,CP111,2022-03,123.73
NL,CP111,2022-04,124.8
NL,CP111,2022-05,126.08
NL,CP111,2022-06,126.97
NL,CP111,2022-07,128.37
NL,CP111,2022-08,128.97
NL,CP111,2022-09,129.46
NL,CP111,2022-10,130.26
NL,CP111,2022-11,131.11
NL,CP111,2022-12,132.25
NL,CP111,2023-01,133.72
NL,CP111,2023-02,135.41
NL,CP111,2023-03,136.5
NL,CP111,2023-04,137.4
NL,CP111,2023-05,138.14
NL,CP111,2023-06,138.54
NL,CP111,2023-07,139.26
NL,CP111,2023-08,139.66
NL,CP111,2023-09,139.89
NL,CP111,2023-10,140.58
NL,CP111,2023-11,140.94
NL,CP111,2023-12,141.28
NL,CP111,2024-01,142.94
NL,CP111,2024-02,143.91
NL,CP111,2024-03,144.21
NL,CP111,2024-04,144.94
NL,CP111,2024-05,145.22
NL,CP111,2024-06,145.67
NL,CP111,2024-07,145.96
NL,CP111,2024-08,146.36
NL,CP111,2024-09,146.77
NL,CP111,2024-10,147.64
NL,CP111,2024-11,147.9
NL,CP111,2024-12,148.13
NL,CP111,2025-01,149.15
NL,CP111,2025-02,149.38
NL,CP111,2025-03,149.81
NL,CP111,2025-04,150.49
NL,CP111,2025-05,151.11
NL,CP111,2025-06,151.29
NL,CP111,2025-07,151.86
NL,CP111,2025-08,152.12
NL,CP111,2025-09,152.35
NL,CP111,2025-10,152.53
NL,CP111,2025-11,152.83
NL,CP111,2025-12,153.59
AT,CP111,2022-01,124.35
AT,CP111,2022-02,125.07
AT,CP111,2022-03,125.69
AT,CP111,2022-04,126.18
AT,CP111,2022-05,127.83
AT,CP111,2022-06,130.28
AT,CP111,2022-07,132.12
AT,CP111,2022-08,132.97
AT,CP111,2022-09,134.09
AT,CP111,2022-10,135.22
AT,CP111,2022-11,136.21
AT,CP111,2022-12,138.2
AT,CP111,2023-01,140.18
AT,CP111,2023-02,142.0
AT,CP111,2023-03,143.07
AT,CP111,2023-04,143.99
AT,CP111,2023-05,144.96
AT,CP111,2023-06,146.67
AT,CP111,2023-07,147.39
AT,CP111,2023-08,148.51
AT,CP111,2023-09,149.21
AT,CP111,2023-10,149.97
AT,CP111,2023-11,150.47
AT,CP111,2023-12,151.33
AT,CP111,2024-01,152.8
AT,CP111,2024-02,154.22
AT,CP111,2024-03,154.82
AT,CP111,2024-04,155.29
AT,CP111,2024-05,155.89
AT,CP111,2024-06,156.91
AT,CP111,2024-07,157.33
AT,CP111,2024-08,157.46
AT,CP111,2024-09,157.86
AT,CP111,2024-10,158.67
AT,CP111,2024-11,159.71
AT,CP111,2024-12,160.8
AT,CP111,2025-01,161.79
AT,CP111,2025-02,163.33
AT,CP111,2025-03,163.85
AT,CP111,2025-04,164.32
AT,CP111,2025-05,164.93
AT,CP111,2025-06,165.61
AT,CP111,2025-07,166.43
AT,CP111,2025-08,167.03
AT,CP111,2025-09,167.82
AT,CP111,2025-10,168.45
AT,CP111,2025-11,169.21
AT,CP111,2025-12,169.63
PL,CP111,2022-01,137.5
PL,CP111,2022-02,139.5
PL,CP111,2022-03,141.3
PL,CP111,2022-04,143.3
PL,CP111,2022-05,146.3
PL,CP111,2022-06,147.7
PL,CP111,2022-07,149.3
PL,CP111,2022-08,150.6
PL,CP111,2022-09,156.5
PL,CP111,2022-10,158.9
PL,CP111,2022-11,160.6
PL,CP111,2022-12,162.1
PL,CP111,2023-01,164.4
PL,CP111,2023-02,166.0
PL,CP111,2023-03,167.3
PL,CP111,2023-04,168.5
PL,CP111,2023-05,170.5
PL,CP111,2023-06,171.5
PL,CP111,2023-07,172.4
PL,CP111,2023-08,173.3
PL,CP111,2023-09,175.6
PL,CP111,2023-10,176.6
PL,CP111,2023-11,177.3
PL,CP111,2023-12,177.8
PL,CP111,2024-01,179.8
PL,CP111,2024-02,181.3
PL,CP111,2024-03,182.4
PL,CP111,2024-04,183.4
PL,CP111,2024-05,184.7
PL,CP111,2024-06,185.4
PL,CP111,2024-07,186.2
PL,CP111,2024-08,186.9
PL,CP111,2024-09,188.7
PL,CP111,2024-10,189.4
PL,CP111,2024-11,189.9
PL,CP111,2024-12,190.4
PL,CP111,2025-01,191.7
PL,CP111,2025-02,192.8
PL,CP111,2025-03,193.6
PL,CP111,2025-04,194.3
PL,CP111,2025-05,195.3
PL,CP111,2025-06,195.9
PL,CP111,2025-07,196.7
PL,CP111,2025-08,197.1
PL,CP111,2025-09,199.0
PL,CP111,2025-10,199.5
PL,CP111,2025-11,200.0
PL,CP111,2025-12,200.3
PT,CP111,2022-01,113.69
PT,CP111,2022-02,114.68
PT,CP111,2022-03,115.42
PT,CP111,2022-04,116.17
PT,CP111,2022-05,117.04
PT,CP111,2022-06,117.8
PT,CP111,2022-07,118.82
PT,CP111,2022-08,119.5
PT,CP111,2022-09,120.49
PT,CP111,2022-10,121.89
PT,CP111,2022-11,122.43
PT,CP111,2022-12,122.92
PT,CP111,2023-01,124.91
PT,CP111,2023-02,125.91
PT,CP111,2023-03,126.65
PT,CP111,2023-04,127.45
PT,CP111,2023-05,127.75
PT,CP111,2023-06,128.39
PT,CP111,2023-07,129.38
PT,CP111,2023-08,129.68
PT,CP111,2023-09,130.05
PT,CP111,2023-10,130.47
PT,CP111,2023-11,130.73
PT,CP111,2023-12,131.0
PT,CP111,2024-01,132.96
PT,CP111,2024-02,133.69
PT,CP111,2024-03,134.42
PT,CP111,2024-04,135.0
PT,CP111,2024-05,135.19
PT,CP111,2024-06,135.64
PT,CP111,2024-07,136.0
PT,CP111,2024-08,136.56
PT,CP111,2024-09,136.92
PT,CP111,2024-10,137.33
PT,CP111,2024-11,137.52
PT,CP111,2024-12,137.97
PT,CP111,2025-01,140.1
PT,CP111,2025-02,141.08
PT,CP111,2025-03,141.9
PT,CP111,2025-04,142.32
PT,CP111,2025-05,142.95
PT,CP111,2025-06,143.4
PT,CP111,2025-07,144.08
PT,CP111,2025-08,144.61
PT,CP111,2025-09,145.1
PT,CP111,2025-10,145.69
PT,CP111,2025-11,146.34
PT,CP111,2025-12,146.64
RO,CP111,2022-01,120.15
RO,CP111,2022-02,120.92
RO,CP111,2022-03,121.93
RO,CP111,2022-04,124.05
RO,CP111,2022-05,125.5
RO,CP111,2022-06,126.63
RO,CP111,2022-07,127.51
RO,CP111,2022-08,128.45
RO,CP111,2022-09,130.44
RO,CP111,2022-10,131.85
RO,CP111,2022-11,133.97
RO,CP111,2022-12,135.26
RO,CP111,2023-01,138.45
RO,CP111,2023-02,140.61
RO,CP111,2023-03,142.56
RO,CP111,2023-04,143.29
RO,CP111,2023-05,145.6
RO,CP111,2023-06,146.95
RO,CP111,2023-07,147.94
RO,CP111,2023-08,148.69
RO,CP111,2023-09,150.72
RO,CP111,2023-10,152.06
RO,CP111,2023-11,152.59
RO,CP111,2023-12,154.27
RO,CP111,2024-01,157.56
RO,CP111,2024-02,159.0
RO,CP111,2024-03,159.78
RO,CP111,2024-04,160.84
RO,CP111,2024-05,161.69
RO,CP111,2024-06,162.37
RO,CP111,2024-07,163.92
RO,CP111,2024-08,164.84
RO,CP111,2024-09,165.88
RO,CP111,2024-10,167.83
RO,CP111,2024-11,168.93
RO,CP111,2024-12,169.72
RO,CP111,2025-01,170.61
RO,CP111,2025-02,171.55
RO,CP111,2025-03,173.33
RO,CP111,2025-04,174.11
RO,CP111,2025-05,175.11
RO,CP111,2025-06,176.02
RO,CP111,2025-07,177.76
RO,CP111,2025-08,185.32
RO,CP111,2025-09,188.03
RO,CP111,2025-10,189.1
RO,CP111,2025-11,190.07
RO,CP111,2025-12,190.25
SI,CP111,2022-01,120.34
SI,CP111,2022-02,120.46
SI,CP111,2022-03,120.72
SI,CP111,2022-04,122.09
SI,CP111,2022-05,125.06
SI,CP111,2022-06,126.03
SI,CP111,2022-07,126.9
SI,CP111,2022-08,127.3
SI,CP111,2022-09,131.85
SI,CP111,2022-10,132.2
SI,CP111,2022-11,133.22
SI,CP111,2022-12,134.62
SI,CP111,2023-01,136.41
SI,CP111,2023-02,136.64
SI,CP111,2023-03,136.48
SI,CP111,2023-04,136.53
SI,CP111,2023-05,138.41
SI,CP111,2023-06,139.29
SI,CP111,2023-07,139.77
SI,CP111,2023-08,140.27
SI,CP111,2023-09,143.77
SI,CP111,2023-10,144.4
SI,CP111,2023-11,144.46
SI,CP111,2023-12,145.03
SI,CP111,2024-01,145.83
SI,CP111,2024-02,145.87
SI,CP111,2024-03,145.93
SI,CP111,2024-04,146.48
SI,CP111,2024-05,147.37
SI,CP111,2024-06,147.66
SI,CP111,2024-07,147.76
SI,CP111,2024-08,148.55
SI,CP111,2024-09,149.88
SI,CP111,2024-10,149.83
SI,CP111,2024-11,150.81
SI,CP111,2024-12,151.58
SI,CP111,2025-01,153.31
SI,CP111,2025-02,153.49
SI,CP111,2025-03,153.6
SI,CP111,2025-04,154.4
SI,CP111,2025-05,156.31
SI,CP111,2025-06,156.62
SI,CP111,2025-07,157.0
SI,CP111,2025-08,157.67
SI,CP111,2025-09,159.19
SI,CP111,2025-10,159.05
SI,CP111,2025-11,159.18
SI,CP111,2025-12,159.56
SK,CP111,2022-01,134.27
SK,CP111,2022-02,135.9
SK,CP111,2022-03,137.42
SK,CP111,2022-04,138.47
SK,CP111,2022-05,141.02
SK,CP111,2022-06,142.34
SK,CP111,2022-07,143.26
SK,CP111,2022-08,144.41
SK,CP111,2022-09,147.34
SK,CP111,2022-10,148.51
SK,CP111,2022-11,150.42
SK,CP111,2022-12,151.7
SK,CP111,2023-01,160.91
SK,CP111,2023-02,163.29
SK,CP111,2023-03,166.03
SK,CP111,2023-04,167.63
SK,CP111,2023-05,159.51
SK,CP111,2023-06,160.76
SK,CP111,2023-07,161.51
SK,CP111,2023-08,163.29
SK,CP111,2023-09,164.64
SK,CP111,2023-10,165.32
SK,CP111,2023-11,165.65
SK,CP111,2023-12,166.02
SK,CP111,2024-01,167.96
SK,CP111,2024-02,168.55
SK,CP111,2024-03,169.16
SK,CP111,2024-04,169.85
SK,CP111,2024-05,170.75
SK,CP111,2024-06,171.19
SK,CP111,2024-07,171.77
SK,CP111,2024-08,172.43
SK,CP111,2024-09,174.13
SK,CP111,2024-10,175.04
SK,CP111,2024-11,175.54
SK,CP111,2024-12,175.97
SK,CP111,2025-01,180.64
SK,CP111,2025-02,181.84
SK,CP111,2025-03,184.51
SK,CP111,2025-04,185.64
SK,CP111,2025-05,186.36
SK,CP111,2025-06,188.11
SK,CP111,2025-07,188.62
SK,CP111,2025-08,189.11
SK,CP111,2025-09,191.1
SK,CP111,2025-10,191.34
SK,CP111,2025-11,192.22
SK,CP111,2025-12,192.47
FI,CP111,2022-01,113.06
FI,CP111,2022-02,113.52
FI,CP111,2022-03,113.99
FI,CP111,2022-04,114.42
FI,CP111,2022-05,115.61
FI,CP111,2022-06,115.95
FI,CP111,2022-07,116.52
FI,CP111,2022-08,117.21
FI,CP111,2022-09,118.5
FI,CP111,2022-10,119.12
FI,CP111,2022-11,119.67
FI,CP111,2022-12,120.05
FI,CP111,2023-01,121.73
FI,CP111,2023-02,123.16
FI,CP111,2023-03,123.68
FI,CP111,2023-04,124.18
FI,CP111,2023-05,124.77
FI,CP111,2023-06,125.09
FI,CP111,2023-07,125.33
FI,CP111,2023-08,125.67
FI,CP111,2023-09,125.88
FI,CP111,2023-10,126.2
FI,CP111,2023-11,126.47
FI,CP111,2023-12,126.53
FI,CP111,2024-01,127.41
FI,CP111,2024-02,128.16
FI,CP111,2024-03,128.46
FI,CP111,2024-04,128.7
FI,CP111,2024-05,128.91
FI,CP111,2024-06,128.97
FI,CP111,2024-07,129.18
FI,CP111,2024-08,129.36
FI,CP111,2024-09,129.96
FI,CP111,2024-10,130.1
FI,CP111,2024-11,130.33
FI,CP111,2024-12,130.48
FI,CP111,2025-01,130.74
FI,CP111,2025-02,131.05
FI,CP111,2025-03,131.32
FI,CP111,2025-04,131.47
FI,CP111,2025-05,131.89
FI,CP111,2025-06,132.02
FI,CP111,2025-07,132.21
FI,CP111,2025-08,132.78
FI,CP111,2025-09,132.99
FI,CP111,2025-10,133.2
FI,CP111,2025-11,133.41
FI,CP111,2025-12,133.61
SE,CP111,2022-01,119.25
SE,CP111,2022-02,119.54
SE,CP111,2022-03,121.3
SE,CP111,2022-04,122.32
SE,CP111,2022-05,123.56
SE,CP111,2022-06,124.75
SE,CP111,2022-07,125.32
SE,CP111,2022-08,126.43
SE,CP111,2022-09,127.09
SE,CP111,2022-10,128.1
SE,CP111,2022-11,128.76
SE,CP111,2022-12,129.17
SE,CP111,2023-01,129.97
SE,CP111,2023-02,130.58
SE,CP111,2023-03,130.99
SE,CP111,2023-04,130.63
SE,CP111,2023-05,133.29
SE,CP111,2023-06,133.36
SE,CP111,2023-07,134.14
SE,CP111,2023-08,134.56
SE,CP111,2023-09,134.78
SE,CP111,2023-10,134.88
SE,CP111,2023-11,135.65
SE,CP111,2023-12,136.13
SE,CP111,2024-01,136.56
SE,CP111,2024-02,136.66
SE,CP111,2024-03,136.66
SE,CP111,2024-04,137.57
SE,CP111,2024-05,138.59
SE,CP111,2024-06,139.12
SE,CP111,2024-07,140.12
SE,CP111,2024-08,140.12
SE,CP111,2024-09,140.67
SE,CP111,2024-10,140.86
SE,CP111,2024-11,141.53
SE,CP111,2024-12,141.49
SE,CP111,2025-01,141.88
SE,CP111,2025-02,141.84
SE,CP111,2025-03,142.29
SE,CP111,2025-04,143.08
SE,CP111,2025-05,143.98
SE,CP111,2025-06,144.98
SE,CP111,2025-07,145.07
SE,CP111,2025-08,145.31
SE,CP111,2025-09,145.87
SE,CP111,2025-10,146.33
SE,CP111,2025-11,146.42
SE,CP111,2025-12,146.53
IS,CP111,2022-01,126.5
IS,CP111,2022-02,127.53
IS,CP111,2022-03,128.31
IS,CP111,2022-04,128.53
IS,CP111,2022-05,129.69
IS,CP111,2022-06,130.5
IS,CP111,2022-07,132.26
IS,CP111,2022-08,133.4
IS,CP111,2022-09,134.23
IS,CP111,2022-10,134.96
IS,CP111,2022-11,136.77
IS,CP111,2022-12,137.15
IS,CP111,2023-01,140.39
IS,CP111,2023-02,141.81
IS,CP111,2023-03,143.44
IS,CP111,2023-04,144.97
IS,CP111,2023-05,145.87
IS,CP111,2023-06,147.66
IS,CP111,2023-07,148.07
IS,CP111,2023-08,148.63
IS,CP111,2023-09,149.13
IS,CP111,2023-10,149.52
IS,CP111,2023-11,150.15
IS,CP111,2023-12,151.17
IS,CP111,2024-01,153.3
IS,CP111,2024-02,153.81
IS,CP111,2024-03,154.18
IS,CP111,2024-04,155.32
IS,CP111,2024-05,155.7
IS,CP111,2024-06,156.34
IS,CP111,2024-07,156.47
IS,CP111,2024-08,156.71
IS,CP111,2024-09,151.3
IS,CP111,2024-10,151.95
IS,CP111,2024-11,152.62
IS,CP111,2024-12,152.7
IS,CP111,2025-01,153.66
IS,CP111,2025-02,154.31
IS,CP111,2025-03,155.66
IS,CP111,2025-04,156.3
IS,CP111,2025-05,157.68
IS,CP111,2025-06,159.28
IS,CP111,2025-07,158.34
IS,CP111,2025-08,158.73
IS,CP111,2025-09,160.36
IS,CP111,2025-10,160.02
IS,CP111,2025-11,160.96
IS,CP111,2025-12,161.31
NO,CP111,2022-01,123.0
NO,CP111,2022-02,123.5
NO,CP111,2022-03,124.7
NO,CP111,2022-04,125.2
NO,CP111,2022-05,126.2
NO,CP111,2022-06,126.7
NO,CP111,2022-07,128.8
NO,CP111,2022-08,129.7
NO,CP111,2022-09,130.5
NO,CP111,2022-10,131.2
NO,CP111,2022-11,131.7
NO,CP111,2022-12,132.1
NO,CP111,2023-01,132.8
NO,CP111,2023-02,134.4
NO,CP111,2023-03,135.1
NO,CP111,2023-04,135.5
NO,CP111,2023-05,136.6
NO,CP111,2023-06,136.8
NO,CP111,2023-07,137.6
NO,CP111,2023-08,138.8
NO,CP111,2023-09,139.3
NO,CP111,2023-10,140.0
NO,CP111,2023-11,140.4
NO,CP111,2023-12,140.4
NO,CP111,2024-01,141.3
NO,CP111,2024-02,138.9
NO,CP111,2024-03,140.2
NO,CP111,2024-04,140.6
NO,CP111,2024-05,141.7
NO,CP111,2024-06,142.2
NO,CP111,2024-07,143.0
NO,CP111,2024-08,143.5
NO,CP111,2024-09,143.7
NO,CP111,2024-10,144.2
NO,CP111,2024-11,144.4
NO,CP111,2024-12,144.2
NO,CP111,2025-01,143.8
NO,CP111,2025-02,145.0
NO,CP111,2025-03,145.0
NO,CP111,2025-04,145.6
NO,CP111,2025-05,146.2
NO,CP111,2025-06,146.9
NO,CP111,2025-07,147.7
NO,CP111,2025-08,148.1
NO,CP111,2025-09,148.0
NO,CP111,2025-10,148.6
NO,CP111,2025-11,151.6
NO,CP111,2025-12,152.1
CH,CP111,2022-01,104.19
CH,CP111,2022-02,104.37
CH,CP111,2022-03,104.37
CH,CP111,2022-04,104.76
CH,CP111,2022-05,104.96
CH,CP111,2022-06,105.21
CH,CP111,2022-07,105.76
CH,CP111,2022-08,105.93
CH,CP111,2022-09,106.11
CH,CP111,2022-10,106.4
CH,CP111,2022-11,106.5
CH,CP111,2022-12,106.89
CH,CP111,2023-01,107.17
CH,CP111,2023-02,107.42
CH,CP111,2023-03,107.49
CH,CP111,2023-04,108.01
CH,CP111,2023-05,108.24
CH,CP111,2023-06,108.61
CH,CP111,2023-07,108.7
CH,CP111,2023-08,108.74
CH,CP111,2023-09,108.79
CH,CP111,2023-10,109.06
CH,CP111,2023-11,109.14
CH,CP111,2023-12,109.29
CH,CP111,2024-01,109.66
CH,CP111,2024-02,109.97
CH,CP111,2024-03,110.18
CH,CP111,2024-04,110.38
CH,CP111,2024-05,110.5
CH,CP111,2024-06,110.6
CH,CP111,2024-07,110.69
CH,CP111,2024-08,110.91
CH,CP111,2024-09,111.05
CH,CP111,2024-10,111.09
CH,CP111,2024-11,111.17
CH,CP111,2024-12,111.17
CH,CP111,2025-01,111.44
CH,CP111,2025-02,111.55
CH,CP111,2025-03,111.63
CH,CP111,2025-04,111.92
CH,CP111,2025-05,111.99
CH,CP111,2025-06,112.14
CH,CP111,2025-07,112.2
CH,CP111,2025-08,112.23
CH,CP111,2025-09,112.27
CH,CP111,2025-10,112.46
CH,CP111,2025-11,112.56
CH,CP111,2025-12,112.65
BE,CP112,2022-01,102.94
BE,CP112,2022-02,118.21
BE,CP112,2022-03,105.01
BE,CP112,2022-04,144.13
BE,CP112,2022-05,126.35
BE,CP112,2022-06,122.07
BE,CP112,2022-07,163.83
BE,CP112,2022-08,164.97
BE,CP112,2022-09,117.29
BE,CP112,2022-10,126.8
BE,CP112,2022-11,108.27
BE,CP112,2022-12,134.0
BE,CP112,2023-01,120.15
BE,CP112,2023-02,134.17
BE,CP112,2023-03,121.68
BE,CP112,2023-04,153.03
BE,CP112,2023-05,157.72
BE,CP112,2023-06,142.09
BE,CP112,2023-07,192.94
BE,CP112,2023-08,195.55
BE,CP112,2023-09,146.97
BE,CP112,2023-10,153.64
BE,CP112,2023-11,127.19
BE,CP112,2023-12,156.56
BE,CP112,2024-01,129.56
BE,CP112,2024-02,142.27
BE,CP112,2024-03,139.37
BE,CP112,2024-04,153.03
BE,CP112,2024-05,156.28
BE,CP112,2024-06,150.16
BE,CP112,2024-07,196.02
BE,CP112,2024-08,192.36
BE,CP112,2024-09,146.82
BE,CP112,2024-10,151.31
BE,CP112,2024-11,135.23
BE,CP112,2024-12,160.5
BE,CP112,2025-01,133.2
BE,CP112,2025-02,144.19
BE,CP112,2025-03,136.71
BE,CP112,2025-04,163.68
BE,CP112,2025-05,156.28
BE,CP112,2025-06,158.54
BE,CP112,2025-07,202.99
BE,CP112,2025-08,204.74
BE,CP112,2025-09,152.67
BE,CP112,2025-10,159.4
BE,CP112,2025-11,142.34
BE,CP112,2025-12,166.94
BG,CP112,2022-01,119.28
BG,CP112,2022-02,120.04
BG,CP112,2022-03,120.74
BG,CP112,2022-04,122.24
BG,CP112,2022-05,126.15
BG,CP112,2022-06,134.61
BG,CP112,2022-07,136.99
BG,CP112,2022-08,136.8
BG,CP112,2022-09,124.13
BG,CP112,2022-10,115.45
BG,CP112,2022-11,116.11
BG,CP112,2022-12,121.73
BG,CP112,2023-01,122.26
BG,CP112,2023-02,125.13
BG,CP112,2023-03,123.48
BG,CP112,2023-04,126.49
BG,CP112,2023-05,122.29
BG,CP112,2023-06,134.0
BG,CP112,2023-07,166.26
BG,CP112,2023-08,166.27
BG,CP112,2023-09,134.87
BG,CP112,2023-10,127.43
BG,CP112,2023-11,127.94
BG,CP112,2023-12,134.7
BG,CP112,2024-01,134.86
BG,CP112,2024-02,137.34
BG,CP112,2024-03,137.47
BG,CP112,2024-04,131.57
BG,CP112,2024-05,132.55
BG,CP112,2024-06,147.05
BG,CP112,2024-07,177.03
BG,CP112,2024-08,172.91
BG,CP112,2024-09,146.4
BG,CP112,2024-10,145.31
BG,CP112,2024-11,145.4
BG,CP112,2024-12,146.45
BG,CP112,2025-01,149.71
BG,CP112,2025-02,149.6
BG,CP112,2025-03,150.03
BG,CP112,2025-04,143.79
BG,CP112,2025-05,147.33
BG,CP112,2025-06,156.17
BG,CP112,2025-07,176.4
BG,CP112,2025-08,172.27
BG,CP112,2025-09,150.25
BG,CP112,2025-10,144.69
BG,CP112,2025-11,143.67
BG,CP112,2025-12,145.03
CZ,CP112,2022-01,113.9
CZ,CP112,2022-02,116.9
CZ,CP112,2022-03,121.8
CZ,CP112,2022-04,127.4
CZ,CP112,2022-05,132.9
CZ,CP112,2022-06,137.3
CZ,CP112,2022-07,137.9
CZ,CP112,2022-08,139.3
CZ,CP112,2022-09,140.0
CZ,CP112,2022-10,138.0
CZ,CP112,2022-11,138.2
CZ,CP112,2022-12,140.0
CZ,CP112,2023-01,139.2
CZ,CP112,2023-02,143.0
CZ,CP112,2023-03,147.8
CZ,CP112,2023-04,152.0
CZ,CP112,2023-05,154.1
CZ,CP112,2023-06,157.8
CZ,CP112,2023-07,158.5
CZ,CP112,2023-08,159.9
CZ,CP112,2023-09,158.9
CZ,CP112,2023-10,157.1
CZ,CP112,2023-11,156.4
CZ,CP112,2023-12,157.4
CZ,CP112,2024-01,157.3
CZ,CP112,2024-02,158.0
CZ,CP112,2024-03,161.8
CZ,CP112,2024-04,166.4
CZ,CP112,2024-05,170.8
CZ,CP112,2024-06,170.8
CZ,CP112,2024-07,173.7
CZ,CP112,2024-08,174.4
CZ,CP112,2024-09,173.4
CZ,CP112,2024-10,172.5
CZ,CP112,2024-11,171.4
CZ,CP112,2024-12,172.9
CZ,CP112,2025-01,172.4
CZ,CP112,2025-02,173.2
CZ,CP112,2025-03,176.1
CZ,CP112,2025-04,181.6
CZ,CP112,2025-05,185.3
CZ,CP112,2025-06,185.2
CZ,CP112,2025-07,185.5
CZ,CP112,2025-08,185.8
CZ,CP112,2025-09,185.1
CZ,CP112,2025-10,184.3
CZ,CP112,2025-11,183.7
CZ,CP112,2025-12,184.9
DK,CP112,2022-01,100.4
DK,CP112,2022-02,101.0
DK,CP112,2022-03,103.2
DK,CP112,2022-04,116.5
DK,CP112,2022-05,118.0
DK,CP112,2022-06,129.7
DK,CP112,2022-07,157.9
DK,CP112,2022-08,147.1
DK,CP112,2022-09,118.8
DK,CP112,2022-10,118.7
DK,CP112,2022-11,109.9
DK,CP112,2022-12,108.2
DK,CP112,2023-01,112.0
DK,CP112,2023-02,119.4
DK,CP112,2023-03,111.4
DK,CP112,2023-04,128.9
DK,CP112,2023-05,124.5
DK,CP112,2023-06,136.7
DK,CP112,2023-07,193.9
DK,CP112,2023-08,167.6
DK,CP112,2023-09,129.1
DK,CP112,2023-10,144.7
DK,CP112,2023-11,115.3
DK,CP112,2023-12,114.8
DK,CP112,2024-01,116.3
DK,CP112,2024-02,126.0
DK,CP112,2024-03,115.8
DK,CP112,2024-04,120.1
DK,CP112,2024-05,129.6
DK,CP112,2024-06,139.7
DK,CP112,2024-07,201.7
DK,CP112,2024-08,170.9
DK,CP112,2024-09,128.4
DK,CP112,2024-10,142.3
DK,CP112,2024-11,111.2
DK,CP112,2024-12,127.5
DK,CP112,2025-01,125.2
DK,CP112,2025-02,125.3
DK,CP112,2025-03,120.0
DK,CP112,2025-04,152.7
DK,CP112,2025-05,133.9
DK,CP112,2025-06,148.6
DK,CP112,2025-07,213.2
DK,CP112,2025-08,181.9
DK,CP112,2025-09,138.8
DK,CP112,2025-10,152.1
DK,CP112,2025-11,123.1
DK,CP112,2025-12,135.1
DE,CP112,2022-01,114.6
DE,CP112,2022-02,115.6
DE,CP112,2022-03,116.2
DE,CP112,2022-04,118.8
DE,CP112,2022-05,121.2
DE,CP112,2022-06,122.9
DE,CP112,2022-07,125.8
DE,CP112,2022-08,125.9
DE,CP112,2022-09,127.5
DE,CP112,2022-10,125.7
DE,CP112,2022-11,123.3
DE,CP112,2022-12,122.8
DE,CP112,2023-01,125.1
DE,CP112,2023-02,126.0
DE,CP112,2023-03,127.6
DE,CP112,2023-04,129.6
DE,CP112,2023-05,132.0
DE,CP112,2023-06,134.2
DE,CP112,2023-07,135.7
DE,CP112,2023-08,134.9
DE,CP112,2023-09,134.1
DE,CP112,2023-10,132.9
DE,CP112,2023-11,131.3
DE,CP112,2023-12,130.6
DE,CP112,2024-01,131.2
DE,CP112,2024-02,131.5
DE,CP112,2024-03,133.4
DE,CP112,2024-04,135.4
DE,CP112,2024-05,137.9
DE,CP112,2024-06,141.2
DE,CP112,2024-07,140.6
DE,CP112,2024-08,140.6
DE,CP112,2024-09,139.8
DE,CP112,2024-10,137.9
DE,CP112,2024-11,134.9
DE,CP112,2024-12,135.0
DE,CP112,2025-01,135.5
DE,CP112,2025-02,136.0
DE,CP112,2025-03,136.4
DE,CP112,2025-04,138.0
DE,CP112,2025-05,144.7
DE,CP112,2025-06,143.3
DE,CP112,2025-07,143.9
DE,CP112,2025-08,144.2
DE,CP112,2025-09,146.0
DE,CP112,2025-10,142.4
DE,CP112,2025-11,139.0
DE,CP112,2025-12,139.7
EE,CP112,2022-01,100.05
EE,CP112,2022-02,101.98
EE,CP112,2022-03,102.85
EE,CP112,2022-04,112.5
EE,CP112,2022-05,115.66
EE,CP112,2022-06,129.22
EE,CP112,2022-07,150.47
EE,CP112,2022-08,140.09
EE,CP112,2022-09,122.52
EE,CP112,2022-10,117.09
EE,CP112,2022-11,114.74
EE,CP112,2022-12,117.78
EE,CP112,2023-01,116.57
EE,CP112,2023-02,123.9
EE,CP112,2023-03,129.08
EE,CP112,2023-04,126.02
EE,CP112,2023-05,129.64
EE,CP112,2023-06,150.36
EE,CP112,2023-07,157.05
EE,CP112,2023-08,150.45
EE,CP112,2023-09,131.44
EE,CP112,2023-10,123.08
EE,CP112,2023-11,127.37
EE,CP112,2023-12,123.86
EE,CP112,2024-01,115.81
EE,CP112,2024-02,116.41
EE,CP112,2024-03,113.29
EE,CP112,2024-04,126.79
EE,CP112,2024-05,133.4
EE,CP112,2024-06,141.83
EE,CP112,2024-07,157.85
EE,CP112,2024-08,145.42
EE,CP112,2024-09,136.07
EE,CP112,2024-10,136.95
EE,CP112,2024-11,126.55
EE,CP112,2024-12,128.34
EE,CP112,2025-01,124.32
EE,CP112,2025-02,126.13
EE,CP112,2025-03,124.99
EE,CP112,2025-04,139.97
EE,CP112,2025-05,150.32
EE,CP112,2025-06,191.05
EE,CP112,2025-07,174.32
EE,CP112,2025-08,156.42
EE,CP112,2025-09,138.14
EE,CP112,2025-10,131.59
EE,CP112,2025-11,127.78
EE,CP112,2025-12,130.52
IE,CP112,2022-01,118.5
IE,CP112,2022-02,121.5
IE,CP112,2022-03,128.2
IE,CP112,2022-04,138.8
IE,CP112,2022-05,145.9
IE,CP112,2022-06,153.9
IE,CP112,2022-07,165.1
IE,CP112,2022-08,166.5
IE,CP112,2022-09,159.9
IE,CP112,2022-10,150.3
IE,CP112,2022-11,145.4
IE,CP112,2022-12,142.6
IE,CP112,2023-01,132.6
IE,CP112,2023-02,140.8
IE,CP112,2023-03,152.6
IE,CP112,2023-04,155.7
IE,CP112,2023-05,167.4
IE,CP112,2023-06,173.9
IE,CP112,2023-07,175.3
IE,CP112,2023-08,176.1
IE,CP112,2023-09,170.1
IE,CP112,2023-10,161.8
IE,CP112,2023-11,153.5
IE,CP112,2023-12,152.4
IE,CP112,2024-01,142.6
IE,CP112,2024-02,150.4
IE,CP112,2024-03,160.1
IE,CP112,2024-04,161.1
IE,CP112,2024-05,173.6
IE,CP112,2024-06,177.6
IE,CP112,2024-07,176.7
IE,CP112,2024-08,179.9
IE,CP112,2024-09,172.2
IE,CP112,2024-10,163.1
IE,CP112,2024-11,153.0
IE,CP112,2024-12,152.8
IE,CP112,2025-01,141.2
IE,CP112,2025-02,145.0
IE,CP112,2025-03,155.6
IE,CP112,2025-04,160.8
IE,CP112,2025-05,175.7
IE,CP112,2025-06,177.5
IE,CP112,2025-07,178.8
IE,CP112,2025-08,182.4
IE,CP112,2025-09,177.6
IE,CP112,2025-10,165.2
IE,CP112,2025-11,156.6
IE,CP112,2025-12,156.1
EL,CP112,2022-01,107.55
EL,CP112,2022-02,107.2
EL,CP112,2022-03,114.82
EL,CP112,2022-04,114.04
EL,CP112,2022-05,123.03
EL,CP112,2022-06,135.92
EL,CP112,2022-07,138.33
EL,CP112,2022-08,137.38
EL,CP112,2022-09,144.17
EL,CP112,2022-10,133.33
EL,CP112,2022-11,122.64
EL,CP112,2022-12,116.01
EL,CP112,2023-01,116.16
EL,CP112,2023-02,113.51
EL,CP112,2023-03,124.53
EL,CP112,2023-04,138.95
EL,CP112,2023-05,140.8
EL,CP112,2023-06,142.77
EL,CP112,2023-07,147.32
EL,CP112,2023-08,147.24
EL,CP112,2023-09,154.0
EL,CP112,2023-10,139.85
EL,CP112,2023-11,119.28
EL,CP112,2023-12,122.62
EL,CP112,2024-01,113.77
EL,CP112,2024-02,114.21
EL,CP112,2024-03,130.47
EL,CP112,2024-04,148.91
EL,CP112,2024-05,147.18
EL,CP112,2024-06,159.69
EL,CP112,2024-07,165.6
EL,CP112,2024-08,158.38
EL,CP112,2024-09,161.26
EL,CP112,2024-10,163.02
EL,CP112,2024-11,133.24
EL,CP112,2024-12,133.24
EL,CP112,2025-01,132.52
EL,CP112,2025-02,133.72
EL,CP112,2025-03,144.35
EL,CP112,2025-04,153.63
EL,CP112,2025-05,155.26
EL,CP112,2025-06,170.39
EL,CP112,2025-07,175.05
EL,CP112,2025-08,154.44
EL,CP112,2025-09,147.0
EL,CP112,2025-10,137.25
EL,CP112,2025-11,135.7
EL,CP112,2025-12,131.32
ES,CP112,2022-01,107.26
ES,CP112,2022-02,109.36
ES,CP112,2022-03,115.9
ES,CP112,2022-04,130.4
ES,CP112,2022-05,131.11
ES,CP112,2022-06,140.56
ES,CP112,2022-07,144.94
ES,CP112,2022-08,146.57
ES,CP112,2022-09,140.59
ES,CP112,2022-10,135.15
ES,CP112,2022-11,122.59
ES,CP112,2022-12,125.74
ES,CP112,2023-01,116.59
ES,CP112,2023-02,123.36
ES,CP112,2023-03,129.26
ES,CP112,2023-04,145.49
ES,CP112,2023-05,144.56
ES,CP112,2023-06,152.08
ES,CP112,2023-07,157.71
ES,CP112,2023-08,157.98
ES,CP112,2023-09,154.02
ES,CP112,2023-10,149.71
ES,CP112,2023-11,136.43
ES,CP112,2023-12,135.48
ES,CP112,2024-01,126.21
ES,CP112,2024-02,134.07
ES,CP112,2024-03,140.66
ES,CP112,2024-04,148.63
ES,CP112,2024-05,156.04
ES,CP112,2024-06,163.76
ES,CP112,2024-07,165.78
ES,CP112,2024-08,166.83
ES,CP112,2024-09,165.28
ES,CP112,2024-10,157.04
ES,CP112,2024-11,144.15
ES,CP112,2024-12,141.54
ES,CP112,2025-01,134.65
ES,CP112,2025-02,140.11
ES,CP112,2025-03,148.04
ES,CP112,2025-04,163.54
ES,CP112,2025-05,167.01
ES,CP112,2025-06,171.82
ES,CP112,2025-07,175.03
ES,CP112,2025-08,176.69
ES,CP112,2025-09,175.22
ES,CP112,2025-10,167.52
ES,CP112,2025-11,154.55
ES,CP112,2025-12,152.03
FR,CP112,2022-01,112.05
FR,CP112,2022-02,113.1
FR,CP112,2022-03,116.81
FR,CP112,2022-04,112.9
FR,CP112,2022-05,118.41
FR,CP112,2022-06,124.08
FR,CP112,2022-07,145.28
FR,CP112,2022-08,152.02
FR,CP112,2022-09,120.91
FR,CP112,2022-10,117.79
FR,CP112,2022-11,115.88
FR,CP112,2022-12,115.62
FR,CP112,2023-01,114.76
FR,CP112,2023-02,116.41
FR,CP112,2023-03,117.81
FR,CP112,2023-04,120.78
FR,CP112,2023-05,124.15
FR,CP112,2023-06,130.31
FR,CP112,2023-07,147.85
FR,CP112,2023-08,154.83
FR,CP112,2023-09,129.54
FR,CP112,2023-10,126.34
FR,CP112,2023-11,119.85
FR,CP112,2023-12,117.39
FR,CP112,2024-01,117.14
FR,CP112,2024-02,118.97
FR,CP112,2024-03,119.34
FR,CP112,2024-04,123.98
FR,CP112,2024-05,127.58
FR,CP112,2024-06,133.21
FR,CP112,2024-07,150.14
FR,CP112,2024-08,160.98
FR,CP112,2024-09,133.16
FR,CP112,2024-10,130.05
FR,CP112,2024-11,124.85
FR,CP112,2024-12,124.51
FR,CP112,2025-01,123.62
FR,CP112,2025-02,126.16
FR,CP112,2025-03,126.15
FR,CP112,2025-04,125.6
FR,CP112,2025-05,129.61
FR,CP112,2025-06,140.5
FR,CP112,2025-07,157.08
FR,CP112,2025-08,168.87
FR,CP112,2025-09,137.6
FR,CP112,2025-10,134.24
FR,CP112,2025-11,125.86
FR,CP112,2025-12,126.55
HR,CP112,2022-01,103.55
HR,CP112,2022-02,104.66
HR,CP112,2022-03,106.77
HR,CP112,2022-04,115.45
HR,CP112,2022-05,111.25
HR,CP112,2022-06,126.42
HR,CP112,2022-07,151.36
HR,CP112,2022-08,151.48
HR,CP112,2022-09,125.32
HR,CP112,2022-10,124.66
HR,CP112,2022-11,118.99
HR,CP112,2022-12,120.36
HR,CP112,2023-01,118.96
HR,CP112,2023-02,121.72
HR,CP112,2023-03,125.89
HR,CP112,2023-04,134.48
HR,CP112,2023-05,134.03
HR,CP112,2023-06,157.2
HR,CP112,2023-07,180.99
HR,CP112,2023-08,180.33
HR,CP112,2023-09,145.97
HR,CP112,2023-10,142.53
HR,CP112,2023-11,134.29
HR,CP112,2023-12,134.47
HR,CP112,2024-01,131.94
HR,CP112,2024-02,134.37
HR,CP112,2024-03,141.06
HR,CP112,2024-04,151.31
HR,CP112,2024-05,153.69
HR,CP112,2024-06,174.34
HR,CP112,2024-07,203.0
HR,CP112,2024-08,203.75
HR,CP112,2024-09,169.66
HR,CP112,2024-10,163.18
HR,CP112,2024-11,151.58
HR,CP112,2024-12,151.6
HR,CP112,2025-01,150.44
HR,CP112,2025-02,153.74
HR,CP112,2025-03,159.35
HR,CP112,2025-04,167.02
HR,CP112,2025-05,173.81
HR,CP112,2025-06,195.09
HR,CP112,2025-07,227.04
HR,CP112,2025-08,228.0
HR,CP112,2025-09,190.82
HR,CP112,2025-10,183.66
HR,CP112,2025-11,170.93
HR,CP112,2025-12,174.51
IT,CP112,2022-01,108.9
IT,CP112,2022-02,105.6
IT,CP112,2022-03,106.7
IT,CP112,2022-04,111.7
IT,CP112,2022-05,118.9
IT,CP112,2022-06,125.8
IT,CP112,2022-07,123.4
IT,CP112,2022-08,125.6
IT,CP112,2022-09,130.3
IT,CP112,2022-10,122.5
IT,CP112,2022-11,114.5
IT,CP112,2022-12,115.1
IT,CP112,2023-01,116.4
IT,CP112,2023-02,117.9
IT,CP112,2023-03,119.8
IT,CP112,2023-04,128.7
IT,CP112,2023-05,135.0
IT,CP112,2023-06,141.8
IT,CP112,2023-07,142.9
IT,CP112,2023-08,139.8
IT,CP112,2023-09,144.9
IT,CP112,2023-10,137.5
IT,CP112,2023-11,124.5
IT,CP112,2023-12,124.2
IT,CP112,2024-01,123.3
IT,CP112,2024-02,125.0
IT,CP112,2024-03,127.1
IT,CP112,2024-04,137.4
IT,CP112,2024-05,143.9
IT,CP112,2024-06,148.8
IT,CP112,2024-07,149.8
IT,CP112,2024-08,147.5
IT,CP112,2024-09,151.0
IT,CP112,2024-10,142.1
IT,CP112,2024-11,131.1
IT,CP112,2024-12,127.5
IT,CP112,2025-01,127.2
IT,CP112,2025-02,127.8
IT,CP112,2025-03,131.4
IT,CP112,2025-04,144.2
IT,CP112,2025-05,148.6
IT,CP112,2025-06,153.6
IT,CP112,2025-07,151.7
IT,CP112,2025-08,150.9
IT,CP112,2025-09,156.5
IT,CP112,2025-10,148.5
IT,CP112,2025-11,135.5
IT,CP112,2025-12,130.0
CY,CP112,2022-01,84.59
CY,CP112,2022-02,83.27
CY,CP112,2022-03,88.17
CY,CP112,2022-04,98.46
CY,CP112,2022-05,109.2
CY,CP112,2022-06,123.1
CY,CP112,2022-07,135.74
CY,CP112,2022-08,141.16
CY,CP112,2022-09,128.56
CY,CP112,2022-10,115.7
CY,CP112,2022-11,96.73
CY,CP112,2022-12,95.38
CY,CP112,2023-01,91.11
CY,CP112,2023-02,92.45
CY,CP112,2023-03,101.3
CY,CP112,2023-04,108.6
CY,CP112,2023-05,121.35
CY,CP112,2023-06,136.25
CY,CP112,2023-07,154.78
CY,CP112,2023-08,167.17
CY,CP112,2023-09,153.61
CY,CP112,2023-10,137.24
CY,CP112,2023-11,114.13
CY,CP112,2023-12,100.55
CY,CP112,2024-01,98.8
CY,CP112,2024-02,97.62
CY,CP112,2024-03,105.65
CY,CP112,2024-04,111.15
CY,CP112,2024-05,128.55
CY,CP112,2024-06,142.51
CY,CP112,2024-07,156.91
CY,CP112,2024-08,172.75
CY,CP112,2024-09,160.5
CY,CP112,2024-10,141.61
CY,CP112,2024-11,121.82
CY,CP112,2024-12,113.79
CY,CP112,2025-01,108.82
CY,CP112,2025-02,110.44
CY,CP112,2025-03,119.56
CY,CP112,2025-04,119.41
CY,CP112,2025-05,135.37
CY,CP112,2025-06,147.91
CY,CP112,2025-07,168.28
CY,CP112,2025-08,181.55
CY,CP112,2025-09,167.46
CY,CP112,2025-10,150.87
CY,CP112,2025-11,123.6
CY,CP112,2025-12,115.43
LV,CP112,2022-01,86.58
LV,CP112,2022-02,88.1
LV,CP112,2022-03,90.63
LV,CP112,2022-04,103.39
LV,CP112,2022-05,116.07
LV,CP112,2022-06,119.78
LV,CP112,2022-07,127.79
LV,CP112,2022-08,126.79
LV,CP112,2022-09,123.2
LV,CP112,2022-10,119.75
LV,CP112,2022-11,113.74
LV,CP112,2022-12,111.06
LV,CP112,2023-01,109.26
LV,CP112,2023-02,111.23
LV,CP112,2023-03,113.25
LV,CP112,2023-04,119.14
LV,CP112,2023-05,154.92
LV,CP112,2023-06,141.01
LV,CP112,2023-07,147.84
LV,CP112,2023-08,145.91
LV,CP112,2023-09,129.87
LV,CP112,2023-10,127.45
LV,CP112,2023-11,119.61
LV,CP112,2023-12,118.42
LV,CP112,2024-01,114.19
LV,CP112,2024-02,114.65
LV,CP112,2024-03,112.89
LV,CP112,2024-04,119.51
LV,CP112,2024-05,134.68
LV,CP112,2024-06,145.64
LV,CP112,2024-07,141.05
LV,CP112,2024-08,152.8
LV,CP112,2024-09,139.2
LV,CP112,2024-10,127.02
LV,CP112,2024-11,121.18
LV,CP112,2024-12,131.51
LV,CP112,2025-01,121.65
LV,CP112,2025-02,120.19
LV,CP112,2025-03,122.05
LV,CP112,2025-04,126.4
LV,CP112,2025-05,145.91
LV,CP112,2025-06,154.9
LV,CP112,2025-07,154.84
LV,CP112,2025-08,163.62
LV,CP112,2025-09,151.93
LV,CP112,2025-10,134.19
LV,CP112,2025-11,124.49
LV,CP112,2025-12,126.02
LT,CP112,2022-01,105.8
LT,CP112,2022-02,105.19
LT,CP112,2022-03,108.55
LT,CP112,2022-04,109.77
LT,CP112,2022-05,115.18
LT,CP112,2022-06,119.79
LT,CP112,2022-07,123.91
LT,CP112,2022-08,124.72
LT,CP112,2022-09,126.24
LT,CP112,2022-10,125.18
LT,CP112,2022-11,124.37
LT,CP112,2022-12,125.61
LT,CP112,2023-01,126.0
LT,CP112,2023-02,126.58
LT,CP112,2023-03,126.75
LT,CP112,2023-04,130.13
LT,CP112,2023-05,142.66
LT,CP112,2023-06,148.09
LT,CP112,2023-07,155.89
LT,CP112,2023-08,154.2
LT,CP112,2023-09,147.8
LT,CP112,2023-10,141.32
LT,CP112,2023-11,137.03
LT,CP112,2023-12,137.69
LT,CP112,2024-01,136.04
LT,CP112,2024-02,134.4
LT,CP112,2024-03,136.81
LT,CP112,2024-04,140.19
LT,CP112,2024-05,150.17
LT,CP112,2024-06,158.54
LT,CP112,2024-07,168.0
LT,CP112,2024-08,165.68
LT,CP112,2024-09,164.4
LT,CP112,2024-10,151.54
LT,CP112,2024-11,147.36
LT,CP112,2024-12,146.08
LT,CP112,2025-01,143.03
LT,CP112,2025-02,143.09
LT,CP112,2025-03,146.12
LT,CP112,2025-04,152.34
LT,CP112,2025-05,165.47
LT,CP112,2025-06,176.72
LT,CP112,2025-07,183.42
LT,CP112,2025-08,182.39
LT,CP112,2025-09,176.28
LT,CP112,2025-10,163.9
LT,CP112,2025-11,156.68
LT,CP112,2025-12,157.98
LU,CP112,2022-01,110.83
LU,CP112,2022-02,112.17
LU,CP112,2022-03,117.37
LU,CP112,2022-04,119.69
LU,CP112,2022-05,121.99
LU,CP112,2022-06,125.39
LU,CP112,2022-07,125.29
LU,CP112,2022-08,123.32
LU,CP112,2022-09,122.15
LU,CP112,2022-10,121.22
LU,CP112,2022-11,122.04
LU,CP112,2022-12,121.9
LU,CP112,2023-01,125.65
LU,CP112,2023-02,124.01
LU,CP112,2023-03,122.42
LU,CP112,2023-04,127.79
LU,CP112,2023-05,131.97
LU,CP112,2023-06,130.36
LU,CP112,2023-07,132.6
LU,CP112,2023-08,130.4
LU,CP112,2023-09,132.38
LU,CP112,2023-10,133.81
LU,CP112,2023-11,132.45
LU,CP112,2023-12,134.74
LU,CP112,2024-01,131.44
LU,CP112,2024-02,131.17
LU,CP112,2024-03,131.1
LU,CP112,2024-04,134.9
LU,CP112,2024-05,136.67
LU,CP112,2024-06,141.36
LU,CP112,2024-07,137.8
LU,CP112,2024-08,136.03
LU,CP112,2024-09,139.47
LU,CP112,2024-10,140.1
LU,CP112,2024-11,138.6
LU,CP112,2024-12,135.54
LU,CP112,2025-01,136.88
LU,CP112,2025-02,134.96
LU,CP112,2025-03,132.27
LU,CP112,2025-04,135.49
LU,CP112,2025-05,139.05
LU,CP112,2025-06,138.15
LU,CP112,2025-07,140.4
LU,CP112,2025-08,141.97
LU,CP112,2025-09,141.03
LU,CP112,2025-10,139.45
LU,CP112,2025-11,136.81
LU,CP112,2025-12,137.35
HU,CP112,2022-01,125.35
HU,CP112,2022-02,125.9
HU,CP112,2022-03,129.1
HU,CP112,2022-04,131.56
HU,CP112,2022-05,135.12
HU,CP112,2022-06,142.89
HU,CP112,2022-07,152.71
HU,CP112,2022-08,156.91
HU,CP112,2022-09,144.46
HU,CP112,2022-10,142.08
HU,CP112,2022-11,142.41
HU,CP112,2022-12,149.79
HU,CP112,2023-01,152.1
HU,CP112,2023-02,154.92
HU,CP112,2023-03,159.64
HU,CP112,2023-04,167.25
HU,CP112,2023-05,170.45
HU,CP112,2023-06,176.36
HU,CP112,2023-07,187.03
HU,CP112,2023-08,192.17
HU,CP112,2023-09,176.72
HU,CP112,2023-10,168.15
HU,CP112,2023-11,164.57
HU,CP112,2023-12,165.13
HU,CP112,2024-01,164.94
HU,CP112,2024-02,165.08
HU,CP112,2024-03,168.36
HU,CP112,2024-04,171.92
HU,CP112,2024-05,177.57
HU,CP112,2024-06,183.45
HU,CP112,2024-07,194.19
HU,CP112,2024-08,199.43
HU,CP112,2024-09,184.98
HU,CP112,2024-10,179.02
HU,CP112,2024-11,176.41
HU,CP112,2024-12,176.16
HU,CP112,2025-01,175.53
HU,CP112,2025-02,174.14
HU,CP112,2025-03,177.09
HU,CP112,2025-04,185.03
HU,CP112,2025-05,191.71
HU,CP112,2025-06,197.67
HU,CP112,2025-07,205.16
HU,CP112,2025-08,207.0
HU,CP112,2025-09,190.54
HU,CP112,2025-10,188.81
HU,CP112,2025-11,184.48
HU,CP112,2025-12,191.45
MT,CP112,2022-01,74.56
MT,CP112,2022-02,76.66
MT,CP112,2022-03,82.78
MT,CP112,2022-04,108.83
MT,CP112,2022-05,120.56
MT,CP112,2022-06,131.89
MT,CP112,2022-07,136.05
MT,CP112,2022-08,142.92
MT,CP112,2022-09,128.76
MT,CP112,2022-10,114.07
MT,CP112,2022-11,81.74
MT,CP112,2022-12,76.15
MT,CP112,2023-01,75.9
MT,CP112,2023-02,77.97
MT,CP112,2023-03,84.51
MT,CP112,2023-04,110.52
MT,CP112,2023-05,122.43
MT,CP112,2023-06,134.31
MT,CP112,2023-07,139.25
MT,CP112,2023-08,146.69
MT,CP112,2023-09,132.27
MT,CP112,2023-10,116.61
MT,CP112,2023-11,85.04
MT,CP112,2023-12,77.7
MT,CP112,2024-01,78.32
MT,CP112,2024-02,79.29
MT,CP112,2024-03,86.44
MT,CP112,2024-04,111.64
MT,CP112,2024-05,124.14
MT,CP112,2024-06,137.04
MT,CP112,2024-07,142.72
MT,CP112,2024-08,148.7
MT,CP112,2024-09,134.05
MT,CP112,2024-10,118.76
MT,CP112,2024-11,87.09
MT,CP112,2024-12,79.16
MT,CP112,2025-01,78.29
MT,CP112,2025-02,81.07
MT,CP112,2025-03,88.16
MT,CP112,2025-04,114.49
MT,CP112,2025-05,127.85
MT,CP112,2025-06,141.03
MT,CP112,2025-07,145.46
MT,CP112,2025-08,151.6
MT,CP112,2025-09,136.67
MT,CP112,2025-10,121.59
MT,CP112,2025-11,89.13
MT,CP112,2025-12,80.09
NL,CP112,2022-01,100.23
NL,CP112,2022-02,109.82
NL,CP112,2022-03,107.66
NL,CP112,2022-04,157.87
NL,CP112,2022-05,158.59
NL,CP112,2022-06,152.28
NL,CP112,2022-07,178.26
NL,CP112,2022-08,190.6
NL,CP112,2022-09,146.98
NL,CP112,2022-10,159.12
NL,CP112,2022-11,114.1
NL,CP112,2022-12,128.14
NL,CP112,2023-01,112.41
NL,CP112,2023-02,124.46
NL,CP112,2023-03,120.86
NL,CP112,2023-04,163.1
NL,CP112,2023-05,164.83
NL,CP112,2023-06,155.66
NL,CP112,2023-07,198.75
NL,CP112,2023-08,201.44
NL,CP112,2023-09,153.19
NL,CP112,2023-10,161.16
NL,CP112,2023-11,124.28
NL,CP112,2023-12,127.81
NL,CP112,2024-01,123.32
NL,CP112,2024-02,134.84
NL,CP112,2024-03,139.52
NL,CP112,2024-04,165.26
NL,CP112,2024-05,180.11
NL,CP112,2024-06,178.94
NL,CP112,2024-07,215.69
NL,CP112,2024-08,221.41
NL,CP112,2024-09,166.02
NL,CP112,2024-10,169.24
NL,CP112,2024-11,132.5
NL,CP112,2024-12,152.25
NL,CP112,2025-01,122.89
NL,CP112,2025-02,134.42
NL,CP112,2025-03,139.03
NL,CP112,2025-04,195.93
NL,CP112,2025-05,172.88
NL,CP112,2025-06,183.2
NL,CP112,2025-07,213.88
NL,CP112,2025-08,213.89
NL,CP112,2025-09,174.65
NL,CP112,2025-10,187.69
NL,CP112,2025-11,138.11
NL,CP112,2025-12,161.38
AT,CP112,2022-01,132.04
AT,CP112,2022-02,133.95
AT,CP112,2022-03,133.7
AT,CP112,2022-04,130.68
AT,CP112,2022-05,131.17
AT,CP112,2022-06,132.35
AT,CP112,2022-07,135.03
AT,CP112,2022-08,138.74
AT,CP112,2022-09,136.47
AT,CP112,2022-10,137.86
AT,CP112,2022-11,137.98
AT,CP112,2022-12,148.12
AT,CP112,2023-01,145.51
AT,CP112,2023-02,149.49
AT,CP112,2023-03,147.29
AT,CP112,2023-04,148.27
AT,CP112,2023-05,148.82
AT,CP112,2023-06,150.08
AT,CP112,2023-07,154.3
AT,CP112,2023-08,155.0
AT,CP112,2023-09,149.83
AT,CP112,2023-10,149.97
AT,CP112,2023-11,150.47
AT,CP112,2023-12,160.4
AT,CP112,2024-01,154.58
AT,CP112,2024-02,159.47
AT,CP112,2024-03,156.28
AT,CP112,2024-04,156.5
AT,CP112,2024-05,157.45
AT,CP112,2024-06,159.46
AT,CP112,2024-07,160.77
AT,CP112,2024-08,163.63
AT,CP112,2024-09,159.44
AT,CP112,2024-10,158.85
AT,CP112,2024-11,158.7
AT,CP112,2024-12,169.28
AT,CP112,2025-01,163.43
AT,CP112,2025-02,167.73
AT,CP112,2025-03,163.96
AT,CP112,2025-04,165.02
AT,CP112,2025-05,164.69
AT,CP112,2025-06,166.23
AT,CP112,2025-07,168.76
AT,CP112,2025-08,169.0
AT,CP112,2025-09,165.79
AT,CP112,2025-10,165.22
AT,CP112,2025-11,165.57
AT,CP112,2025-12,176.86
PL,CP112,2022-01,120.1
PL,CP112,2022-02,121.7
PL,CP112,2022-03,123.6
PL,CP112,2022-04,126.3
PL,CP112,2022-05,131.3
PL,CP112,2022-06,134.6
PL,CP112,2022-07,137.2
PL,CP112,2022-08,138.2
PL,CP112,2022-09,137.1
PL,CP112,2022-10,136.8
PL,CP112,2022-11,138.2
PL,CP112,2022-12,138.7
PL,CP112,2023-01,140.9
PL,CP112,2023-02,142.9
PL,CP112,2023-03,145.6
PL,CP112,2023-04,148.4
PL,CP112,2023-05,150.1
PL,CP112,2023-06,151.6
PL,CP112,2023-07,154.3
PL,CP112,2023-08,154.5
PL,CP112,2023-09,154.1
PL,CP112,2023-10,152.6
PL,CP112,2023-11,152.8
PL,CP112,2023-12,155.6
PL,CP112,2024-01,154.0
PL,CP112,2024-02,153.5
PL,CP112,2024-03,154.7
PL,CP112,2024-04,156.9
PL,CP112,2024-05,160.3
PL,CP112,2024-06,162.3
PL,CP112,2024-07,164.4
PL,CP112,2024-08,165.0
PL,CP112,2024-09,164.6
PL,CP112,2024-10,162.1
PL,CP112,2024-11,161.2
PL,CP112,2024-12,162.1
PL,CP112,2025-01,161.2
PL,CP112,2025-02,163.1
PL,CP112,2025-03,162.4
PL,CP112,2025-04,166.7
PL,CP112,2025-05,169.5
PL,CP112,2025-06,172.0
PL,CP112,2025-07,172.6
PL,CP112,2025-08,173.4
PL,CP112,2025-09,171.6
PL,CP112,2025-10,170.8
PL,CP112,2025-11,170.0
PL,CP112,2025-12,169.3
PT,CP112,2022-01,102.97
PT,CP112,2022-02,108.61
PT,CP112,2022-03,115.05
PT,CP112,2022-04,139.81
PT,CP112,2022-05,143.53
PT,CP112,2022-06,163.2
PT,CP112,2022-07,165.99
PT,CP112,2022-08,175.72
PT,CP112,2022-09,180.31
PT,CP112,2022-10,164.22
PT,CP112,2022-11,138.85
PT,CP112,2022-12,127.15
PT,CP112,2023-01,124.07
PT,CP112,2023-02,129.16
PT,CP112,2023-03,142.1
PT,CP112,2023-04,174.8
PT,CP112,2023-05,186.41
PT,CP112,2023-06,192.81
PT,CP112,2023-07,188.72
PT,CP112,2023-08,207.46
PT,CP112,2023-09,196.16
PT,CP112,2023-10,184.08
PT,CP112,2023-11,152.34
PT,CP112,2023-12,138.27
PT,CP112,2024-01,130.46
PT,CP112,2024-02,135.6
PT,CP112,2024-03,152.74
PT,CP112,2024-04,175.73
PT,CP112,2024-05,211.38
PT,CP112,2024-06,199.55
PT,CP112,2024-07,192.04
PT,CP112,2024-08,199.68
PT,CP112,2024-09,214.18
PT,CP112,2024-10,193.73
PT,CP112,2024-11,159.06
PT,CP112,2024-12,144.82
PT,CP112,2025-01,142.84
PT,CP112,2025-02,142.29
PT,CP112,2025-03,154.24
PT,CP112,2025-04,181.29
PT,CP112,2025-05,198.62
PT,CP112,2025-06,196.21
PT,CP112,2025-07,195.68
PT,CP112,2025-08,202.5
PT,CP112,2025-09,200.19
PT,CP112,2025-10,182.85
PT,CP112,2025-11,155.15
PT,CP112,2025-12,151.89
RO,CP112,2022-01,119.05
RO,CP112,2022-02,119.58
RO,CP112,2022-03,119.82
RO,CP112,2022-04,120.25
RO,CP112,2022-05,120.61
RO,CP112,2022-06,121.25
RO,CP112,2022-07,121.82
RO,CP112,2022-08,122.19
RO,CP112,2022-09,123.92
RO,CP112,2022-10,129.21
RO,CP112,2022-11,131.54
RO,CP112,2022-12,131.77
RO,CP112,2023-01,133.28
RO,CP112,2023-02,133.96
RO,CP112,2023-03,135.59
RO,CP112,2023-04,135.93
RO,CP112,2023-05,137.6
RO,CP112,2023-06,139.06
RO,CP112,2023-07,140.15
RO,CP112,2023-08,140.66
RO,CP112,2023-09,144.24
RO,CP112,2023-10,147.28
RO,CP112,2023-11,147.48
RO,CP112,2023-12,147.95
RO,CP112,2024-01,148.89
RO,CP112,2024-02,149.44
RO,CP112,2024-03,149.54
RO,CP112,2024-04,150.18
RO,CP112,2024-05,151.19
RO,CP112,2024-06,151.63
RO,CP112,2024-07,152.28
RO,CP112,2024-08,153.66
RO,CP112,2024-09,154.38
RO,CP112,2024-10,160.68
RO,CP112,2024-11,161.37
RO,CP112,2024-12,161.5
RO,CP112,2025-01,161.99
RO,CP112,2025-02,162.59
RO,CP112,2025-03,163.16
RO,CP112,2025-04,163.9
RO,CP112,2025-05,164.11
RO,CP112,2025-06,165.24
RO,CP112,2025-07,165.94
RO,CP112,2025-08,170.01
RO,CP112,2025-09,174.46
RO,CP112,2025-10,181.36
RO,CP112,2025-11,182.2
RO,CP112,2025-12,182.35
SI,CP112,2022-01,114.34
SI,CP112,2022-02,116.54
SI,CP112,2022-03,118.21
SI,CP112,2022-04,121.44
SI,CP112,2022-05,125.63
SI,CP112,2022-06,128.25
SI,CP112,2022-07,131.2
SI,CP112,2022-08,134.6
SI,CP112,2022-09,127.7
SI,CP112,2022-10,124.55
SI,CP112,2022-11,120.57
SI,CP112,2022-12,122.18
SI,CP112,2023-01,124.12
SI,CP112,2023-02,121.89
SI,CP112,2023-03,121.49
SI,CP112,2023-04,126.06
SI,CP112,2023-05,129.63
SI,CP112,2023-06,133.08
SI,CP112,2023-07,139.03
SI,CP112,2023-08,140.17
SI,CP112,2023-09,134.13
SI,CP112,2023-10,130.08
SI,CP112,2023-11,125.07
SI,CP112,2023-12,126.39
SI,CP112,2024-01,125.14
SI,CP112,2024-02,125.73
SI,CP112,2024-03,126.95
SI,CP112,2024-04,133.32
SI,CP112,2024-05,136.89
SI,CP112,2024-06,141.41
SI,CP112,2024-07,145.43
SI,CP112,2024-08,149.12
SI,CP112,2024-09,141.54
SI,CP112,2024-10,136.12
SI,CP112,2024-11,130.29
SI,CP112,2024-12,132.77
SI,CP112,2025-01,130.72
SI,CP112,2025-02,130.11
SI,CP112,2025-03,128.96
SI,CP112,2025-04,136.35
SI,CP112,2025-05,142.91
SI,CP112,2025-06,146.41
SI,CP112,2025-07,153.47
SI,CP112,2025-08,154.75
SI,CP112,2025-09,145.68
SI,CP112,2025-10,138.07
SI,CP112,2025-11,129.99
SI,CP112,2025-12,133.44
SK,CP112,2022-01,116.08
SK,CP112,2022-02,117.26
SK,CP112,2022-03,119.02
SK,CP112,2022-04,119.54
SK,CP112,2022-05,121.81
SK,CP112,2022-06,121.42
SK,CP112,2022-07,122.06
SK,CP112,2022-08,123.24
SK,CP112,2022-09,124.51
SK,CP112,2022-10,125.2
SK,CP112,2022-11,125.44
SK,CP112,2022-12,125.89
SK,CP112,2023-01,129.01
SK,CP112,2023-02,130.47
SK,CP112,2023-03,131.73
SK,CP112,2023-04,131.02
SK,CP112,2023-05,132.27
SK,CP112,2023-06,132.99
SK,CP112,2023-07,135.62
SK,CP112,2023-08,136.34
SK,CP112,2023-09,137.04
SK,CP112,2023-10,136.77
SK,CP112,2023-11,137.85
SK,CP112,2023-12,138.03
SK,CP112,2024-01,140.63
SK,CP112,2024-02,141.37
SK,CP112,2024-03,141.73
SK,CP112,2024-04,141.75
SK,CP112,2024-05,143.01
SK,CP112,2024-06,143.86
SK,CP112,2024-07,144.13
SK,CP112,2024-08,144.35
SK,CP112,2024-09,144.87
SK,CP112,2024-10,144.6
SK,CP112,2024-11,144.85
SK,CP112,2024-12,144.8
SK,CP112,2025-01,146.7
SK,CP112,2025-02,147.15
SK,CP112,2025-03,148.86
SK,CP112,2025-04,148.86
SK,CP112,2025-05,150.32
SK,CP112,2025-06,151.43
SK,CP112,2025-07,152.57
SK,CP112,2025-08,152.55
SK,CP112,2025-09,152.02
SK,CP112,2025-10,151.7
SK,CP112,2025-11,150.79
SK,CP112,2025-12,150.83
FI,CP112,2022-01,123.14
FI,CP112,2022-02,125.63
FI,CP112,2022-03,131.86
FI,CP112,2022-04,128.68
FI,CP112,2022-05,139.9
FI,CP112,2022-06,140.41
FI,CP112,2022-07,140.93
FI,CP112,2022-08,141.03
FI,CP112,2022-09,138.32
FI,CP112,2022-10,134.04
FI,CP112,2022-11,135.57
FI,CP112,2022-12,138.68
FI,CP112,2023-01,134.07
FI,CP112,2023-02,138.31
FI,CP112,2023-03,146.2
FI,CP112,2023-04,138.28
FI,CP112,2023-05,135.14
FI,CP112,2023-06,144.62
FI,CP112,2023-07,148.72
FI,CP112,2023-08,143.58
FI,CP112,2023-09,136.67
FI,CP112,2023-10,134.97
FI,CP112,2023-11,138.31
FI,CP112,2023-12,142.12
FI,CP112,2024-01,136.56
FI,CP112,2024-02,145.03
FI,CP112,2024-03,147.86
FI,CP112,2024-04,138.81
FI,CP112,2024-05,137.17
FI,CP112,2024-06,147.78
FI,CP112,2024-07,152.44
FI,CP112,2024-08,148.62
FI,CP112,2024-09,138.45
FI,CP112,2024-10,136.86
FI,CP112,2024-11,139.68
FI,CP112,2024-12,141.79
FI,CP112,2025-01,136.7
FI,CP112,2025-02,139.97
FI,CP112,2025-03,141.36
FI,CP112,2025-04,134.86
FI,CP112,2025-05,133.66
FI,CP112,2025-06,140.92
FI,CP112,2025-07,140.28
FI,CP112,2025-08,147.11
FI,CP112,2025-09,128.51
FI,CP112,2025-10,127.28
FI,CP112,2025-11,138.37
FI,CP112,2025-12,143.0
SE,CP112,2022-01,108.24
SE,CP112,2022-02,112.87
SE,CP112,2022-03,114.37
SE,CP112,2022-04,119.69
SE,CP112,2022-05,128.33
SE,CP112,2022-06,134.43
SE,CP112,2022-07,126.84
SE,CP112,2022-08,134.51
SE,CP112,2022-09,133.19
SE,CP112,2022-10,130.08
SE,CP112,2022-11,133.6
SE,CP112,2022-12,130.02
SE,CP112,2023-01,122.16
SE,CP112,2023-02,128.45
SE,CP112,2023-03,130.73
SE,CP112,2023-04,128.4
SE,CP112,2023-05,139.54
SE,CP112,2023-06,141.56
SE,CP112,2023-07,137.98
SE,CP112,2023-08,140.99
SE,CP112,2023-09,144.55
SE,CP112,2023-10,140.28
SE,CP112,2023-11,137.96
SE,CP112,2023-12,134.7
SE,CP112,2024-01,128.68
SE,CP112,2024-02,133.58
SE,CP112,2024-03,136.5
SE,CP112,2024-04,139.66
SE,CP112,2024-05,155.28
SE,CP112,2024-06,141.67
SE,CP112,2024-07,148.24
SE,CP112,2024-08,150.96
SE,CP112,2024-09,150.03
SE,CP112,2024-10,147.36
SE,CP112,2024-11,144.33
SE,CP112,2024-12,136.04
SE,CP112,2025-01,133.03
SE,CP112,2025-02,139.87
SE,CP112,2025-03,142.18
SE,CP112,2025-04,139.39
SE,CP112,2025-05,158.04
SE,CP112,2025-06,152.45
SE,CP112,2025-07,150.99
SE,CP112,2025-08,151.58
SE,CP112,2025-09,159.56
SE,CP112,2025-10,157.73
SE,CP112,2025-11,152.52
SE,CP112,2025-12,141.3
IS,CP112,2022-01,111.65
IS,CP112,2022-02,113.99
IS,CP112,2022-03,111.91
IS,CP112,2022-04,115.07
IS,CP112,2022-05,123.2
IS,CP112,2022-06,140.22
IS,CP112,2022-07,151.33
IS,CP112,2022-08,146.61
IS,CP112,2022-09,138.62
IS,CP112,2022-10,125.48
IS,CP112,2022-11,120.52
IS,CP112,2022-12,114.91
IS,CP112,2023-01,116.77
IS,CP112,2023-02,123.16
IS,CP112,2023-03,127.24
IS,CP112,2023-04,123.94
IS,CP112,2023-05,125.13
IS,CP112,2023-06,149.27
IS,CP112,2023-07,163.57
IS,CP112,2023-08,170.01
IS,CP112,2023-09,159.6
IS,CP112,2023-10,136.17
IS,CP112,2023-11,135.72
IS,CP112,2023-12,131.78
IS,CP112,2024-01,129.36
IS,CP112,2024-02,132.85
IS,CP112,2024-03,132.82
IS,CP112,2024-04,131.05
IS,CP112,2024-05,138.37
IS,CP112,2024-06,161.93
IS,CP112,2024-07,169.82
IS,CP112,2024-08,166.7
IS,CP112,2024-09,158.6
IS,CP112,2024-10,147.86
IS,CP112,2024-11,137.12
IS,CP112,2024-12,133.74
IS,CP112,2025-01,133.75
IS,CP112,2025-02,138.44
IS,CP112,2025-03,138.02
IS,CP112,2025-04,139.11
IS,CP112,2025-05,146.2
IS,CP112,2025-06,168.19
IS,CP112,2025-07,175.26
IS,CP112,2025-08,177.38
IS,CP112,2025-09,167.25
IS,CP112,2025-10,149.19
IS,CP112,2025-11,136.49
IS,CP112,2025-12,139.26
NO,CP112,2022-01,113.3
NO,CP112,2022-02,111.6
NO,CP112,2022-03,115.3
NO,CP112,2022-04,118.8
NO,CP112,2022-05,122.3
NO,CP112,2022-06,136.6
NO,CP112,2022-07,127.4
NO,CP112,2022-08,129.9
NO,CP112,2022-09,129.8
NO,CP112,2022-10,123.4
NO,CP112,2022-11,120.4
NO,CP112,2022-12,120.3
NO,CP112,2023-01,119.9
NO,CP112,2023-02,121.3
NO,CP112,2023-03,122.8
NO,CP112,2023-04,124.2
NO,CP112,2023-05,126.0
NO,CP112,2023-06,127.4
NO,CP112,2023-07,127.5
NO,CP112,2023-08,127.9
NO,CP112,2023-09,128.6
NO,CP112,2023-10,126.5
NO,CP112,2023-11,126.0
NO,CP112,2023-12,125.8
NO,CP112,2024-01,126.8
NO,CP112,2024-02,128.3
NO,CP112,2024-03,127.3
NO,CP112,2024-04,127.5
NO,CP112,2024-05,128.3
NO,CP112,2024-06,131.4
NO,CP112,2024-07,129.1
NO,CP112,2024-08,129.5
NO,CP112,2024-09,129.2
NO,CP112,2024-10,128.6
NO,CP112,2024-11,130.0
NO,CP112,2024-12,129.5
NO,CP112,2025-01,129.6
NO,CP112,2025-02,129.0
NO,CP112,2025-03,131.1
NO,CP112,2025-04,129.3
NO,CP112,2025-05,131.0
NO,CP112,2025-06,136.2
NO,CP112,2025-07,137.9
NO,CP112,2025-08,138.7
NO,CP112,2025-09,135.4
NO,CP112,2025-10,132.6
NO,CP112,2025-11,132.5
NO,CP112,2025-12,132.8
CH,CP112,2022-01,102.7
CH,CP112,2022-02,104.88
CH,CP112,2022-03,101.44
CH,CP112,2022-04,98.46
CH,CP112,2022-05,97.45
CH,CP112,2022-06,99.21
CH,CP112,2022-07,104.62
CH,CP112,2022-08,103.55
CH,CP112,2022-09,99.28
CH,CP112,2022-10,97.58
CH,CP112,2022-11,93.64
CH,CP112,2022-12,99.11
CH,CP112,2023-01,106.0
CH,CP112,2023-02,112.3
CH,CP112,2023-03,105.36
CH,CP112,2023-04,101.95
CH,CP112,2023-05,101.58
CH,CP112,2023-06,103.7
CH,CP112,2023-07,109.83
CH,CP112,2023-08,108.37
CH,CP112,2023-09,102.95
CH,CP112,2023-10,101.11
CH,CP112,2023-11,96.49
CH,CP112,2023-12,103.93
CH,CP112,2024-01,111.75
CH,CP112,2024-02,112.91
CH,CP112,2024-03,111.14
CH,CP112,2024-04,108.12
CH,CP112,2024-05,108.61
CH,CP112,2024-06,111.54
CH,CP112,2024-07,113.44
CH,CP112,2024-08,111.47
CH,CP112,2024-09,110.89
CH,CP112,2024-10,107.66
CH,CP112,2024-11,104.08
CH,CP112,2024-12,106.61
CH,CP112,2025-01,115.98
CH,CP112,2025-02,113.89
CH,CP112,2025-03,112.9
CH,CP112,2025-04,110.72
CH,CP112,2025-05,109.35
CH,CP112,2025-06,113.43
CH,CP112,2025-07,116.62
CH,CP112,2025-08,116.12
CH,CP112,2025-09,112.85
CH,CP112,2025-10,109.09
CH,CP112,2025-11,101.73
CH,CP112,2025-12,106.13
