coder,district,term,spell_start,spell_end,date_precision,mayor_party_member,mayor_nominated_by,council_parties,source_urls,confidence,vacant,member,nominated
A,Praha 1,2014,2014-11-25,2018-11-19,day,TOP 09,TOP 09,TOP 09;ČSSD;ODS,https://prazsky.denik.cz/zpravy_region/starostou-prahy-1-byl-opet-zvolen-oldrich-lomecky-z-top-09-20141125.html https://cs.wikipedia.org/wiki/Old%C5%99ich_Lomeck%C3%BD https://cs.wikipedia.org/wiki/Praha_1,medium,False,TOP 09,TOP 09
A,Praha 1,2018,2018-11-19,2020-01-14,day,bez PP,Praha 1 Sobě,Praha 1 Sobě;Piráti;My co tady žijeme (STAN;KDU-ČSL;Iniciativa občanů);Zelená pro Jedničku,https://prazsky.denik.cz/zpravy_region/starostou-prahy-1-je-pavel-cizinsky-dostal-22-z-23-hlasu-zastupitelu-20181119.html https://zpravy.aktualne.cz/regiony/praha/v-praze-1-se-rozpadla-koalice-uskupeni-my-co-tady-zijeme-sta/r~933b1722200a11eaac760cc47ab5f122/ https://cs.wikipedia.org/wiki/Praha_1,medium,False,BEZPP,
A,Praha 1,2018,2020-01-14,2022-11-09,day,STAN,My co tady žijeme (STAN;KDU-ČSL;Iniciativa občanů),STAN;KDU-ČSL;Iniciativa občanů;LES;TOP 09;ODS;ANO,https://ct24.ceskatelevize.cz/regiony/3029300-praha-1-ma-novou-koalici-kluby-se-dohodly-jeste-pred-odvolanim-starosty https://www.seznamzpravy.cz/clanek/praha-1-zmeni-vedeni-novy-starosta-hejma-se-domluvil-s-top-09-ods-a-ano-86352 https://cs.wikipedia.org/wiki/Petr_Hejma_(politik),high,False,STAN,KDU-ČSL
A,Praha 1,2022,2022-11-09,2099-12-31,day,TOP 09,TOP 09,TOP 09;ODS;Piráti a občané Prahy 1;Naše Praha 1;Rezidenti 1,https://www.prazskypatriot.cz/praha-1-ma-nove-vedeni-sirokou-koalici-vede-starostka-radomerska-z-top-09/ https://www.praha1.cz/praha-1-ma-nove-vedeni-o-srdce-hlavniho-mesta-se-budeme-starat-se-vsim-nasazenim-rekla-terezie-radomerska-historicky-prvni-starostka-prahy-1/ https://cs.wikipedia.org/wiki/Terezie_Radom%C4%9B%C5%99sk%C3%A1 https://echo24.cz/a/Sc2AZ/zpravy-domaci-praha-1-koalice-volby-terezie-radomerska,medium,False,TOP 09,TOP 09
A,Praha 2,2014,2014-11-07,2018-11-05,day,ODS,ODS,ODS;TOP 09;OSB (Občané za spokojené bydlení),https://www.nasepraha.cz/starostkou-prahy-2-je-opet-jana-cernochova/ https://prazsky.denik.cz/zpravy_region/starostkou-prahy-2-byla-opet-zvolena-jana-cernochova-20141107.html,high,False,ODS,ODS
A,Praha 2,2018,2018-11-05,2021-12-20,day,ODS,ODS,ODS;TOP 09;OSB (Občané za spokojené bydlení);ANO,https://www.prazskypatriot.cz/v-praze-2-zustane-vladnout-koalice-ods-top-09-a-ano-starostkou-bude-alexandra-udzenija/ https://www.praha2.cz/ustavujici-zasedani-zastupitelstva-mc-praha-2-zvolilo-vedeni-mestske-casti/d-15418 https://www.novinky.cz/domaci/clanek/novou-starostkou-prahy-2-je-udzenija-strida-cernochovou-40381756,medium,False,ODS,ODS
A,Praha 2,2018,2021-12-20,2022-10-17,day,ODS,ODS,ODS;TOP 09;OSB (Občané za spokojené bydlení);ANO,https://www.novinky.cz/domaci/clanek/novou-starostkou-prahy-2-je-udzenija-strida-cernochovou-40381756 https://archiv.prahatv.eu/zpravy/praha/praha-2/16078/starostkou-prahy-2-byla-zvolena-alexandra-udzenija https://cs.wikipedia.org/wiki/Praha_2,medium,False,ODS,ODS
A,Praha 2,2022,2022-10-17,2023-06-19,day,ODS,Společně pro Prahu 2 (ODS a TOP 09),ODS;TOP 09;ANO,https://www.prazskypatriot.cz/zastupitele-prahy-2-zvolili-vedeni-mestske-casti-starostkou-je-opet-udzenija-z-ods/ https://prazska.drbna.cz/politika/10213-starostkou-prahy-2-je-znovu-udzenija-byla-zvolena-s-podporou-spd-nelibi-se-piratum.html https://www.ceskenoviny.cz/zpravy/2380345,medium,False,ODS,TOP 09
A,Praha 2,2022,2023-06-19,2099-12-31,day,ODS,Společně pro Prahu 2 (ODS a TOP 09),ODS;TOP 09;ANO,https://www.ceskenoviny.cz/zpravy/2380345 https://cs.wikipedia.org/wiki/Praha_2,high,False,ODS,TOP 09
A,Praha 3,2014,2014-11-04,2018-06-12,day,TOP 09,TOP 09,TOP 09;ODS;ČSSD;Volba pro město (VPM-NK),https://archiv.prahatv.eu/zpravy/praha/vsechny-mestske-casti/516/starostkou-prahy-3-bude-znovu-vladislava-hujova https://cs.wikipedia.org/wiki/Vladislava_Hujov%C3%A1,medium,False,TOP 09,TOP 09
A,Praha 3,2014,2018-06-12,2018-11-20,day,ODS,ODS,ODS;ČSSD;KDU-ČSL;TOP 09;Svobodní;Volba pro město (VPM-NK),https://zpravy.aktualne.cz/regiony/praha/v-praze-3-se-zmenila-koalice-starostku-hujovou-nahradil-bell/r~9c721e5c6e5a11e89f2fac1f6b220ee8/ https://cs.wikipedia.org/wiki/Vladislava_Hujov%C3%A1,medium,False,ODS,ODS
A,Praha 3,2018,2018-11-20,2022-11-29,day,TOP 09,TOP 09 a STAN,TOP 09;STAN;Piráti;SZ,https://prazsky.denik.cz/zpravy_region/praha-3-ma-noveho-starostu-alexandra-bellu-nahradil-jiri-ptacek-20181120.html https://cs.wikipedia.org/wiki/Ji%C5%99%C3%AD_Pt%C3%A1%C4%8Dek,high,False,TOP 09,TOP 09
A,Praha 3,2022,2022-11-29,2099-12-31,day,TOP 09,TOP 09 a STAN,TOP 09;STAN;Piráti;Praha 3 Sobě;SZ,https://www.prazskypatriot.cz/praha-3-ma-noveho-starostu-ptacka-z-top-09-vystridal-stranicky-kolegy-vronsky/ https://prazsky.denik.cz/zpravy-region/praha-trojka-uzavrena-koalice-novy-starosta-michal-vronsky/ https://cs.wikipedia.org/wiki/Ji%C5%99%C3%AD_Pt%C3%A1%C4%8Dek,medium,False,TOP 09,TOP 09
A,Praha 4,2014,2014-11-26,2015-03-01,day,SZ,Trojkoalice (SZ;KDU-ČSL;STAN),Trojkoalice (SZ;KDU-ČSL;STAN);TOP 09;ČSSD,https://prazsky.denik.cz/zpravy_region/starostou-prahy-4-byl-zvolen-predseda-prazske-sz-petr-stepanek-20141126.html https://www.irozhlas.cz/regiony/starostou-prahy-4-byl-zvolen-predseda-prazskych-zelenych-petr-stepanek_201411261322_kpracharova https://cs.wikipedia.org/wiki/Petr_%C5%A0t%C4%9Bp%C3%A1nek_(1965),medium,False,SZ,KDU-ČSL
A,Praha 4,2014,2015-03-01,2018-11-16,month,SZ,Trojkoalice (SZ;KDU-ČSL;STAN),Trojkoalice (SZ;KDU-ČSL;STAN);ANO;ODS;Pro Prahu,https://prazsky.denik.cz/zpravy_region/prazske-radnice-od-voleb-menily-koalice-starosty-i-radni-20161126.html https://cs.wikipedia.org/wiki/Praha_4,medium,False,SZ,KDU-ČSL
A,Praha 4,2018,2018-11-16,2019-04-24,day,SZ,Praha 4 Sobě (Zelení a nezávislí),Piráti;Praha 4 Sobě;Společně pro Prahu 4 (STAN;KDU-ČSL;nezávislí),https://prazsky.denik.cz/zpravy-region/v-praze-4-vznikla-nova-koalice-starostou-bude-opet-petr-stepanek/ https://cs.wikipedia.org/wiki/Petr_%C5%A0t%C4%9Bp%C3%A1nek_(1965),medium,False,SZ,SZ
A,Praha 4,2018,2019-04-24,2022-11-09,day,ANO,ANO,ANO;ODS;TOP 09,https://www.prazskypatriot.cz/novou-starostkou-prahy-4-se-stala-michalcova-z-ano-vystridala-odvolaneho-stepanka/ https://prazsky.denik.cz/zpravy_region/starosta-prahy-4-byl-odvolan-za-rozpad-koalice-muze-rebel-svoboda-20190424.html https://cs.wikipedia.org/wiki/Irena_Michalcov%C3%A1,medium,False,ANO,ANO
A,Praha 4,2022,2022-11-09,2099-12-31,day,ODS,Společně (ODS a TOP 09),ODS;TOP 09;ANO,https://www.prazskypatriot.cz/praha-4-ma-nove-vedeni-starostou-se-stal-ondrej-kubin-z-ods/ https://cs.wikipedia.org/wiki/Ond%C5%99ej_Kub%C3%ADn https://praha4.cz/samosprava/starosta/,high,False,ODS,TOP 09
A,Praha 5,2014,2014-11-01,2016-01-01,month,TOP 09,TOP 09,TOP 09;ČSSD;SZ;KDU-ČSL,https://prazsky.denik.cz/zpravy_region/prazske-radnice-od-voleb-menily-koalice-starosty-i-radni-20161126.html https://cs.wikipedia.org/wiki/Praha_5,low,False,TOP 09,TOP 09
A,Praha 5,2014,2016-01-01,2017-03-30,year,TOP 09,TOP 09,TOP 09;ANO;ODS,https://prazsky.denik.cz/zpravy_region/prazske-radnice-od-voleb-menily-koalice-starosty-i-radni-20161126.html https://cs.wikipedia.org/wiki/Pavel_Richter_(politik),low,False,TOP 09,TOP 09
A,Praha 5,2014,2017-03-30,2018-11-13,day,TOP 09,TOP 09,TOP 09;ANO;ODS,https://cs.wikipedia.org/wiki/Pavel_Richter_(politik) https://cs.wikipedia.org/wiki/Praha_5,medium,False,TOP 09,TOP 09
A,Praha 5,2018,2018-11-13,2019-09-17,day,Piráti,Piráti a nezávislí,Piráti a nezávislí;ODS;ANO,https://www.prazskypatriot.cz/starostou-prahy-5-byl-zvolen-pirat-mazur-podporila-ho-i-opozice/ https://www.e15.cz/volby/komunalni-volby/komunalni-volby-2018/praha-5-postavila-koalici-starostou-bude-pirat-mazur-1352209 https://cs.wikipedia.org/wiki/Daniel_Mazur,high,False,Piráti,Piráti
A,Praha 5,2018,2019-09-17,2022-11-08,day,ODS,ODS,ODS;ANO;SNOP 5,https://cs.wikipedia.org/wiki/Ren%C3%A1ta_Zaj%C3%AD%C4%8Dkov%C3%A1 https://www.irozhlas.cz/zpravy-domov/pirati-praha-5-daniel-mazur-koalice-rozpad_1909171245_zit,medium,False,ODS,ODS
A,Praha 5,2022,2022-11-08,2023-09-12,day,unverified,Praha 5 Sobě,Praha 5 Sobě;Piráti;SEN 21,https://www.prahain.cz/politika/starostou-prahy-5-je-jaroslav-pasmik-navzdory-grilovani-koncici-rady-9586.html https://cs.wikipedia.org/wiki/Jaroslav_Pa%C5%A1mik https://www.praha5.cz/starostou-mestske-casti-praha-5-je-mgr-jaroslav-pasmik-mba/,medium,False,,
A,Praha 5,2022,2023-09-12,2024-12-01,month,unverified,Praha 5 Sobě,Praha 5 Sobě;Piráti;SEN 21,https://cs.wikipedia.org/wiki/Praha_5 https://cs.wikipedia.org/wiki/Jaroslav_Pa%C5%A1mik https://prazsky.denik.cz/zpravy_region/praha-5-novy-starosta-lukas-herold-zastupitelstvo.html https://www.novinky.cz/clanek/domaci-zpravy-hlavni-mesto-praha-zastupitele-prahy-5-po-ctyrech-mesicich-zvolili-noveho-starostu-40517529,medium,False,,
A,Praha 5,2022,2024-12-01,2025-04-15,month,ODS,Společně pro Prahu 5 (ODS a TOP 09),ODS;ANO;TOP 09;STAN;ex-Piráti (Rattay;Krátký),https://cs.wikipedia.org/wiki/Luk%C3%A1%C5%A1_Herold https://cs.wikipedia.org/wiki/Praha_5 https://prazsky.denik.cz/zpravy_region/praha-5-novy-starosta-lukas-herold-zastupitelstvo.html,low,True,ODS,TOP 09
A,Praha 5,2022,2025-04-15,2099-12-31,day,ODS,Společně pro Prahu 5 (ODS a TOP 09),ODS;TOP 09;ANO;STAN;ex-Piráti (Rattay;Krátký),https://www.novinky.cz/clanek/domaci-zpravy-hlavni-mesto-praha-zastupitele-prahy-5-po-ctyrech-mesicich-zvolili-noveho-starostu-40517529 https://prazsky.denik.cz/zpravy_region/praha-5-novy-starosta-lukas-herold-zastupitelstvo.html https://cs.wikipedia.org/wiki/Luk%C3%A1%C5%A1_Herold https://www.praha5.cz/mestska-cast/vedeni-a-organy-mc/rada/,high,False,ODS,TOP 09
A,Praha-Suchdol,2014,2014-11-06,2018-11-15,day,STAN,Sdružení občanů Suchdola (SOS),Sdružení občanů Suchdola (SOS);Žijeme pro Suchdol,https://praha-suchdol.cz/files/141106_usn_zmc_01.pdf https://praha-suchdol.cz/zapisy-a-usneseni-zastupitelstva/ https://praha-suchdol.cz/urad-a-samosprava/samosprava/ZMC-2018-22/,medium,False,STAN,
A,Praha-Suchdol,2018,2018-11-15,2022-10-20,day,STAN,Sdružení občanů Suchdola (SOS),Sdružení občanů Suchdola (SOS),https://praha-suchdol.cz/files/_processed_181115_usn_zmc_01.pdf https://praha-suchdol.cz/urad-a-samosprava/samosprava/ZMC-2018-22/,high,False,STAN,
A,Praha-Suchdol,2022,2022-10-20,2099-12-31,day,STAN,Sdružení občanů Suchdola (SOS),Sdružení občanů Suchdola (SOS),https://praha-suchdol.cz/wp-content/uploads/2022/10/processed_221020_usn_zmc_01.pdf https://praha-suchdol.cz/urad-a-samosprava/samosprava/zastupitelstvo/,high,False,STAN,
A,Praha-Petrovice,2014,2014-11-05,2018-10-31,day,STAN,Sdružení občanů Petrovic,Sdružení občanů Petrovic;TOP 09;other lists unverified,https://www.prahapetrovice.cz/sites/default/files/usneseni/2017/12/usneseni_12.11.2014.pdf https://www.prahapetrovice.cz/zapisy-usneseni-ze-zasedani-zmc https://cs.wikipedia.org/wiki/Praha-Petrovice,low,False,STAN,
A,Praha-Petrovice,2018,2018-10-31,2022-10-17,day,STAN,STAN,STAN;TOP 09;ODS,https://www.prahapetrovice.cz/sites/default/files/usneseni/2018/12/usneseni_ustavujici_zmc_31-10-2018.pdf https://www.prahapetrovice.cz/zapisy-usneseni-ze-zasedani-zmc,medium,False,STAN,STAN
A,Praha-Petrovice,2022,2022-10-17,2099-12-31,day,STAN,STAN,STAN;Sdružení občanů Petrovic;Společně pro Petrovice;ODS,https://www.prahapetrovice.cz/sites/default/files/usneseni/2022/10/usneseni_ustavujici_zmc_17.10.2022.pdf https://www.prahapetrovice.cz/rada-mc-0 https://www.prahapetrovice.cz/zastupitelstvo-mc,high,False,STAN,STAN
A,Praha 6,2014,2014-11-21,2015-11-27,day,TOP 09,TOP 09,TOP 09;ANO;STAN;KDU-ČSL;SZ,https://cs.wikipedia.org/wiki/Praha_6 https://cs.wikipedia.org/wiki/Ond%C5%99ej_Kol%C3%A1%C5%99_(politik) https://zpravy.aktualne.cz/domaci/koalice-v-praze-6-odvolala-radni-ze-strany-zelenych-obcane-s/r~66e224f0951611e5b745002590604f2e/,high,False,TOP 09,TOP 09
A,Praha 6,2014,2015-11-27,2018-11-01,day,TOP 09,TOP 09,TOP 09;ANO;STAN;KDU-ČSL,https://zpravy.aktualne.cz/domaci/koalice-v-praze-6-odvolala-radni-ze-strany-zelenych-obcane-s/r~66e224f0951611e5b745002590604f2e/ https://prazsky.denik.cz/zpravy_region/prazske-radnice-od-voleb-menily-koalice-starosty-i-radni-20161126.html,high,False,TOP 09,TOP 09
A,Praha 6,2018,2018-11-01,2022-10-24,month,TOP 09,TOP 09,TOP 09;KDU-ČSL;ODS;STAN,https://www.parlamentnilisty.cz/arena/monitor/Pirati-v-Praze-6-chteli-jednat-o-odvolani-starosty-Ondreje-Kolare-z-TOP-09-607619 https://cs.wikipedia.org/wiki/Jakub_St%C3%A1rek https://cs.wikipedia.org/wiki/Ond%C5%99ej_Kol%C3%A1%C5%99_(politik),medium,False,TOP 09,TOP 09
A,Praha 6,2022,2022-10-24,2099-12-31,day,ODS,ODS a KDU-ČSL,ODS;KDU-ČSL;STAN;SZ;Praha 6 Sobě,https://www.prazskypatriot.cz/starostou-prahy-6-byl-zvolen-jakub-starek/ https://cs.wikipedia.org/wiki/Jakub_St%C3%A1rek https://cs.wikipedia.org/wiki/Praha_6,high,False,ODS,ODS
A,Praha 7,2014,2014-11-20,2018-11-12,day,KDU-ČSL,Praha 7 sobě (KDU-ČSL a nezávislí),Praha 7 sobě;Koalice PRO 7 (SZ;Piráti;SNK ED;nezávislí),https://prazsky.denik.cz/zpravy-region/na-sedmicce-bude-mit-koalice-pohodlnou-vetsinu/ https://cs.wikipedia.org/wiki/Jan_%C4%8Ci%C5%BEinsk%C3%BD https://cs.wikipedia.org/wiki/Ond%C5%99ej_Mirovsk%C3%BD,high,False,KDU-ČSL,KDU-ČSL
A,Praha 7,2018,2018-11-12,2022-11-07,day,bez PP,Praha 7 sobě,Praha 7 sobě;Piráti a Zelení Praha 7,https://www.praha7.cz/wp-content/uploads/2018/11/Hobulet_12-2018_WEB.pdf https://cs.wikipedia.org/wiki/Jan_%C4%8Ci%C5%BEinsk%C3%BD https://cs.wikipedia.org/wiki/Ond%C5%99ej_Mirovsk%C3%BD,medium,False,BEZPP,
A,Praha 7,2022,2022-11-07,2099-12-31,day,bez PP,PRAHA 7 SOBĚ,PRAHA 7 SOBĚ,https://www.praha7.cz/radnice/voleni-zastupci-mistni-samospravy/zastupitelstvo/ https://www.praha7.cz/radnice/ https://cs.wikipedia.org/wiki/Jan_%C4%8Ci%C5%BEinsk%C3%BD,high,False,BEZPP,
A,Praha 8,2014,2014-11-26,2018-11-14,day,ČSSD,ČSSD,ANO;ČSSD;SZ,http://www.praha8.cz/Zastupitele-zvolili-novou-Radu-MC-Praha-8.html https://cs.wikipedia.org/wiki/Roman_Petrus https://cs.wikipedia.org/wiki/Praha_8,high,False,ČSSD,ČSSD
A,Praha 8,2018,2018-11-14,2022-11-10,day,ODS,ODS,ODS;Spojené síly pro Prahu 8 (TOP 09;STAN);Patrioti pro Prahu 8,https://prazsky.denik.cz/zpravy_region/starostou-prahy-8-se-stal-nekdejsi-mistostarosta-gros-20181114.html https://cs.wikipedia.org/wiki/Ond%C5%99ej_Gros https://cs.wikipedia.org/wiki/Praha_8,high,False,ODS,ODS
A,Praha 8,2022,2022-11-10,2099-12-31,day,ODS,ODS,ODS;ANO;Společně pro Prahu 8 (TOP 09;STAN);Patrioti pro Prahu 8,https://www.nasepraha.cz/v-praze-8-byl-zvolen-starostou-opet-ondrej-gros/ https://cs.wikipedia.org/wiki/Ond%C5%99ej_Gros https://cs.wikipedia.org/wiki/Praha_8,high,False,ODS,ODS
A,Praha-Čakovice,2014,2014-11-07,2018-11-01,day,unverified (likely Pro Prahu),Pro Prahu,Pro Prahu;ODS;TOP 09;KDU-ČSL a Zelení;ČSSD,https://www.cakovice.cz/file/o461/1-zapis-ustavujici-ZMC.pdf https://www.cakovice.cz/file/s761/Cakovicke-noviny-12-2014-3.pdf https://www.cakovice.cz/file/r761/Cakovicke-noviny-10-2014.pdf https://cs.wikipedia.org/wiki/Praha-%C4%8Cakovice,high,False,,
A,Praha-Čakovice,2018,2018-11-01,2022-10-17,day,ODS,ODS a TOP 09,Pro Prahu;ČMT (Čakovice Miškovice Třeboradice);ODS a TOP 09;ANO,https://www.cakovice.cz/file/8G71/5-Zapis-GDPR.pdf https://www.cakovice.cz/file/dA71/Cakovicke-noviny-11-2018.pdf https://www.cakovice.cz/2018-2022.html,high,False,ODS,TOP 09
A,Praha-Čakovice,2022,2022-10-17,2099-12-31,day,ODS,Společně pro Čakovice,Společně pro Čakovice;Pro Prahu Čakovice Miškovice Třeboradice,https://www.cakovice.cz/Rada-MC https://www.cakovice.cz/Zapisy-z-jednani-Zastupitelstva-MC https://cs.wikipedia.org/wiki/Praha-%C4%8Cakovice,medium,False,ODS,
A,Praha-Dolní Chabry,2014,2014-11-05,2018-11-01,day,unverified (likely bez PP),Volba pro Chabry,Volba pro Chabry,https://www.dchabry.cz/system/files_force/zpravodaj/2018/77_0.pdf https://www.dchabry.cz/rada-mc https://www.dchabry.cz/zastupitelstvo,high,False,BEZPP,
A,Praha-Dolní Chabry,2018,2018-11-01,2020-05-15,month,bez PP,ODS,ODS;Volba pro Chabry,https://www.dchabry.cz/rada-mc https://www.dchabry.cz/zastupitelstvo https://www.dchabry.cz/sites/default/files/prilohy/2022/09/28/predesla_slozeni_zastupitelstva_mc_praha_2018-2022.pdf,medium,False,BEZPP,ODS
A,Praha-Dolní Chabry,2018,2020-05-15,2022-03-07,day,bez PP,184 00.cz - ZA LEPŠÍ CHABRY,184 00.cz - ZA LEPŠÍ CHABRY;ODS;Volba pro Chabry,https://www.dchabry.cz/starostka https://www.dchabry.cz/sites/default/files/prilohy/2022/03/08/rada_mc_praha-dolni_chabry_15.05.2020_-_07.03.2022_.pdf,high,False,BEZPP,
A,Praha-Dolní Chabry,2018,2022-03-07,2022-10-17,day,bez PP,184 00.cz - ZA LEPŠÍ CHABRY,184 00.cz - ZA LEPŠÍ CHABRY;ODS list (Floriánová; non-member),https://www.dchabry.cz/sites/default/files/prilohy/2022/10/18/predesle_slozeni_rady_rada_mc_praha-dolni_chabry_15.05.2020-07.03.2022.pdf https://www.dchabry.cz/rada-mc,high,False,BEZPP,
A,Praha-Dolní Chabry,2022,2022-10-17,2099-12-31,day,bez PP,18400.CZ S PODPOROU STAROSTŮ,18400.CZ S PODPOROU STAROSTŮ;Budoucnost pro Chabry,https://www.dchabry.cz/starostka https://www.dchabry.cz/rada-mc https://www.dchabry.cz/zastupitelstvo,medium,False,BEZPP,
A,Praha-Dolní Měcholupy,2014,2014-11-03,2016-06-27,day,ODS,ODS,no rada,http://www.dolnimecholupy.cz/wp-content/uploads/2020/03/USN-1-z-3.11.2014-1.pdf https://cs.wikipedia.org/wiki/Praha-Doln%C3%AD_M%C4%9Bcholupy,high,False,ODS,ODS
A,Praha-Dolní Měcholupy,2014,2016-06-27,2017-06-21,day,unverified,Naše Měcholupy,no rada,http://www.dolnimecholupy.cz/wp-content/uploads/2020/03/USN-20-z-27.6.2016-1.pdf https://cs.wikipedia.org/wiki/Praha-Doln%C3%AD_M%C4%9Bcholupy,medium,False,,
A,Praha-Dolní Měcholupy,2014,2017-06-21,2018-10-31,day,ODS,ODS,no rada,http://www.dolnimecholupy.cz/wp-content/uploads/2020/03/USN-32-z-21.6.2017-1.pdf,high,False,ODS,ODS
A,Praha-Dolní Měcholupy,2018,2018-10-31,2022-10-17,day,ODS,ODS & TOP 09 & Nezávislí,no rada,https://www.dolnimecholupy.cz/wp-content/uploads/2020/03/Z%C3%A1pis-1-z-31-10-2018.pdf https://cs.wikipedia.org/wiki/Praha-Doln%C3%AD_M%C4%9Bcholupy,high,False,ODS,TOP 09
A,Praha-Dolní Měcholupy,2022,2022-10-17,2099-12-31,day,ODS,ODS,ODS;TOP 09,https://www.dolnimecholupy.cz/wp-content/uploads/2022/10/4-ZAPIS-z-1.pdf https://www.dolnimecholupy.cz/2022/10/25/slozeni-rady-mc/ https://www.dolnimecholupy.cz/2022/10/25/slozeni-zastupitelstva/,high,False,ODS,ODS
A,Praha-Lysolaje,2014,2014-11-05,2018-10-31,day,bez PP,STAN,no rada,https://e-deska.cz/lysolaje/index.php?slozka=2578&doc=80168 https://cs.wikipedia.org/wiki/Petr_Hlubu%C4%8Dek,medium,False,BEZPP,STAN
A,Praha-Lysolaje,2018,2018-10-31,2022-06-20,day,STAN,STAN,no rada,https://e-deska.cz/lysolaje/index.php?slozka=2578&doc=107516 https://www.praha-lysolaje.cz/sites/default/files/uredni_deska/2022/06/scan0000.pdf https://cs.wikipedia.org/wiki/Petr_Hlubu%C4%8Dek,high,False,STAN,STAN
A,Praha-Lysolaje,2018,2022-06-20,2022-11-09,day,unverified (STAN per Wikipedia),STAN (not verified),no rada,https://www.praha-lysolaje.cz/sites/default/files/uredni_deska/2022/06/scan0000.pdf https://cs.wikipedia.org/wiki/Praha-Lysolaje,medium,False,STAN,STAN
A,Praha-Lysolaje,2022,2022-11-09,2099-12-31,day,unverified (STAN per Wikipedia),STAN (not verified),no rada,https://www.praha-lysolaje.cz/sites/default/files/uredni_deska/2022/11/vypis_usneseni_1.zasedani_zastupitelstva.pdf https://www.praha-lysolaje.cz/zastupitelstvo-mc,medium,False,STAN,STAN
A,Praha-Nebušice,2014,2014-11-01,2018-10-31,month,unverified,STAN (inferred),no rada,https://www.prahanebusice.cz/modules/file_storage/download.php?file=83a73a28%7C52 https://cs.wikipedia.org/wiki/Praha-Nebu%C5%A1ice,low,False,,STAN
A,Praha-Nebušice,2018,2018-10-31,2022-10-17,day,unverified,STAN,no rada,https://www.prahanebusice.cz/modules/file_storage/download.php?file=83a73a28%7C52 https://www.prahanebusice.cz/modules/file_storage/download.php?file=8ad03645%7C67,high,False,,STAN
A,Praha-Nebušice,2022,2022-10-17,2099-12-31,day,unverified,STAN,no rada,https://www.prahanebusice.cz/modules/file_storage/download.php?file=1e8d432c%7C278 https://www.prahanebusice.cz/modules/file_storage/download.php?file=82cb26a3%7C284,high,False,,STAN
A,Praha-Ďáblice,2014,2014-11-05,2018-11-05,day,unverified,STAN,STAN;Volba 2010;ČSSD,https://www.dablice.cz/sites/default/files/zapisy/201510/01zmc05112014.pdf https://www.dablice.cz/sites/default/files/zpravodaj/1416206964_zprav11_14.pdf,medium,False,,STAN
A,Praha-Ďáblice,2018,2018-11-05,2022-10-24,day,unverified,STAN,STAN,https://www.dablice.cz/sites/default/files/zapisy/201812/zapisz1zmckonecny.pdf https://www.dablice.cz/sites/default/files/zpravodaj/zprav11_18.pdf,high,False,,STAN
A,Praha-Ďáblice,2022,2022-10-24,2026-06-16,day,unverified (likely bez PP),VOLBA 2010,VOLBA 2010;Ďáblice Spolu,https://www.dablice.cz/sites/default/files/zapisy/202301/zapisz1zmckonecny.pdf https://www.dablice.cz/sites/default/files/zpravodaj/zp11_22.pdf https://www.dablice.cz/sites/default/files/zapisy/202406/zapisz122024zmc-konecny-verejny.pdf,high,False,BEZPP,
A,Praha-Ďáblice,2022,2026-06-16,2099-12-31,day,unverified (likely bez PP),VOLBA 2010,VOLBA 2010;Ďáblice Spolu;ŽIVÉ ĎÁBLICE,https://www.dablice.cz/sites/default/files/zapisy/202606/zapisz262026zmc-konecny.pdf https://www.dablice.cz/skupina-osob/258-radni-mc,high,False,BEZPP,
A,Praha-Zbraslav,2014,2014-11-24,2018-10-31,day,bez PP,100pro Zbraslav (nominated by SZ),100pro Zbraslav,https://www.mc-zbraslav.cz/assets/File.ashx?id_org=80134&id_dokumenty=11829 https://www.mc-zbraslav.cz/assets/File.ashx?id_org=80134&id_dokumenty=11827,high,False,BEZPP,SZ
A,Praha-Zbraslav,2018,2018-10-31,2022-10-17,day,bez PP (not verified for 2018),100pro Zbraslav,100pro Zbraslav,https://www.mc-zbraslav.cz/assets/File.ashx?id_org=80134&id_dokumenty=11899 https://www.mc-zbraslav.cz/assets/File.ashx?id_org=80134&id_dokumenty=11897,high,False,BEZPP,
A,Praha-Zbraslav,2022,2022-10-17,2025-04-28,day,unverified,Nezávislá Zbraslav,Nezávislá Zbraslav;Společně pro Zbraslav,https://zbraslav.praha.eu/usneseni/jednani/priloha/18886 https://www.mc-zbraslav.cz/assets/File.ashx?id_org=80134&id_dokumenty=14443,high,False,,
A,Praha-Zbraslav,2022,2025-04-28,2099-12-31,day,unverified,Nezávislá Zbraslav,Nezávislá Zbraslav,https://zbraslav.praha.eu/usneseni/usneseni/4986 https://zbraslav.praha.eu/usneseni/usneseni/5611 https://www.mc-zbraslav.cz/clenove%2Dzastupitelstva/os-1026/p1=10179,medium,False,,
A,Praha-Satalice,2014,2014-11-01,2018-11-01,month,unverified (bez PP in 2018),STAN (not verified for 2014),no rada,https://www.satalice.cz/system/files_force/zpravodaj/2018/2015-01.pdf?download=1 https://www.satalice.cz/system/files_force/zpravodaj/2018/2014_03.pdf,low,False,BEZPP,STAN
A,Praha-Satalice,2018,2018-11-01,2022-10-18,day,bez PP,STAN,no rada,https://www.satalice.cz/sites/default/files/prilohy/2019/02/zapis_1_2018.pdf https://www.satalice.cz/system/files_force/zpravodaj/2018/184966_zpravodaj_prosinec_2018_final_web.pdf?download=1,high,False,BEZPP,STAN
A,Praha-Satalice,2022,2022-10-18,2099-12-31,day,unverified (site says STAN),STAN,no rada,https://www.satalice.cz/sites/default/files/prilohy/2022/10/zapis_01_podepsany_anonym.pdf https://www.satalice.cz/zastupitele-mc,high,False,STAN,STAN
A,Praha-Velká Chuchle,2014,2014-11-10,2018-11-05,day,unverified (probably ODS),ODS,no rada,https://www.chuchle.cz/index.php?page=vypis_modul&akce=show&kategorie=1&level=2&uroven1=4&uroven2=6&modul=2&id=31&rok=2014&ids=174 https://www.chuchle.cz/index.php?page=vypis_modul&akce=show&kategorie=1&level=2&uroven1=4&uroven2=5&modul=1&id=30&rok=2014&ids=923,medium,False,ODS,ODS
A,Praha-Velká Chuchle,2018,2018-11-05,2021-04-07,day,unverified,unverified,no rada,https://www.chuchle.cz/index.php?page=vypis_modul&akce=show&kategorie=1&level=2&uroven1=4&uroven2=6&modul=2&id=31&rok=2018&ids=136 https://www.chuchle.cz/index.php?page=vypis_modul&akce=show&kategorie=1&level=2&uroven1=4&uroven2=5&modul=1&id=30&rok=2018&ids=885 https://www.chuchle.cz/index.php?page=vypis_modul&akce=show&kategorie=1&level=2&uroven1=4&uroven2=6&modul=2&id=31&rok=2021&ids=105,medium,False,,
A,Praha-Velká Chuchle,2018,2021-04-07,2022-01-25,day,,,no rada,https://www.chuchle.cz/index.php?page=vypis_modul&akce=show&kategorie=1&level=2&uroven1=4&uroven2=6&modul=2&id=31&rok=2021&ids=111 https://www.chuchle.cz/index.php?page=vypis_modul&akce=show&kategorie=1&level=2&uroven1=4&uroven2=6&modul=2&id=31&rok=2022&ids=93,medium,True,,
A,Praha-Velká Chuchle,2018,2022-01-25,2022-10-18,day,unverified,unverified (voted with the ODS bloc in 2018),no rada,https://www.chuchle.cz/index.php?page=vypis_modul&akce=show&kategorie=1&level=2&uroven1=4&uroven2=6&modul=2&id=31&rok=2022&ids=94,medium,False,,ODS
A,Praha-Velká Chuchle,2022,2022-10-18,2023-09-01,day,unverified,Lepší Chuchle (inferred),no rada,https://www.chuchle.cz/index.php?page=vypis_modul&akce=show&kategorie=1&level=2&uroven1=4&uroven2=6&modul=2&id=31&rok=2022&ids=101 https://www.chuchle.cz/index.php?page=vypis_modul&akce=show&kategorie=1&level=2&uroven1=4&uroven2=5&modul=1&id=30&rok=2022&ids=851,medium,False,,
A,Praha-Velká Chuchle,2022,2023-09-01,2023-10-11,month,,,no rada,https://www.chuchle.cz/index.php?page=vypis_modul&akce=show&kategorie=1&level=2&uroven1=4&uroven2=6&modul=2&id=31&rok=2023&ids=33,low,True,,
A,Praha-Velká Chuchle,2022,2023-10-11,2099-12-31,day,ODS (per Wikipedia),ODS,no rada,https://www.chuchle.cz/index.php?page=vypis_modul&akce=show&kategorie=1&level=2&uroven1=4&uroven2=6&modul=2&id=31&rok=2023&ids=33 https://www.chuchle.cz/index.php?page=vypis_modul&akce=show&kategorie=1&level=2&uroven1=4&uroven2=5&modul=1&id=30&rok=2023&ids=839 https://www.chuchle.cz/index.php?page=sekce&kategorie=1&level=2&uroven1=4&uroven2=1&modul=&id=26,high,False,ODS,ODS
A,Praha 9,2014,2014-11-06,2018-11-13,day,ODS,ODS,ODS;TOP 09;Hnutí pro Prahu,https://www.praha9.cz/sites/default/files/devitka_12-2014_nahled.pdf https://cs.wikipedia.org/wiki/Jan_Jarol%C3%ADm_(1946),high,False,ODS,ODS
A,Praha 9,2018,2018-11-13,2021-03-30,day,ODS,ODS,ODS;TOP 09 a STAN;ANO 2011,https://www.prazskypatriot.cz/praha-9-ma-nove-vedeni-radnice-starostou-se-stal-opet-jan-jarolim-ods/ https://archiv.prahatv.eu/zpravy/praha/praha-9/8828/starostou-prahy-9-je-opet-jan-jarolim-z-ods https://cs.wikipedia.org/wiki/Jan_Jarol%C3%ADm_(1946),high,False,ODS,ODS
A,Praha 9,2018,2021-03-30,2022-11-01,day,ODS,ODS,ODS;TOP 09 a STAN;ANO 2011,https://www.praha9.cz/tomas-portlik-se-stal-novym-starostou-mc-praha9-vystridal-tak-sveho-stranickeho-kolegu-jana https://www.prazskypatriot.cz/novym-starostou-prahy-9-se-stal-portlik-z-ods-vystridal-stranickeho-kolegu-jarolima/,medium,False,ODS,ODS
A,Praha 9,2022,2022-11-01,2099-12-31,day,ODS,SPOLEČNĚ pro DEVÍTKU (ODS a TOP 09),SPOLEČNĚ pro DEVÍTKU (ODS a TOP 09);PRAHA 9 SOBĚ;NAŠE DEVÍTKA (STAN s podporou KDU-ČSL),https://www.praha9.cz/devitka-ma-nove-vedeni-povede-ji-koalice-spolecne-pro-devitku-ods-a-top-09-praha-9-sobe-a-nase https://cs.wikipedia.org/wiki/Praha_9 https://archiv.prahatv.eu/zpravy/praha/praha/17490/v-kresle-starosty-prahy-9-zustava-tomas-portlik-z-ods,high,False,ODS,TOP 09
A,Praha 10,2014,2014-11-27,2016-01-12,day,ANO,ANO 2011,ANO 2011;ČSSD;Strana zelených;Nezávislí pro Prahu 10 – Hnutí pro lepší desítku,https://prazsky.denik.cz/zpravy_region/starostkou-prahy-10-byla-zvolena-radmila-kleslova-z-hnuti-ano-20141127.html https://ct24.ceskatelevize.cz/clanek/regiony/kleslova-opousti-dalsi-funkci-konci-i-jako-starostka-prahy-10-121852 https://cs.wikipedia.org/wiki/Praha_10,medium,False,ANO,ANO
A,Praha 10,2014,2016-01-12,2016-06-01,day,ČSSD,ČSSD,ČSSD;Strana zelených;Nezávislí pro Prahu 10;one ANO councillor who stayed,https://ct24.ceskatelevize.cz/clanek/regiony/praha-10-ma-novou-koalici-kleslovou-strida-starosta-novak-114359,medium,True,ČSSD,ČSSD
A,Praha 10,2014,2016-06-01,2018-11-21,day,ČSSD (left ČSSD in 2018),ČSSD,TOP 09;ČSSD;ODS;Strana zelených;Nezávislí pro Prahu 10,https://ct24.ceskatelevize.cz/clanek/regiony/praha-10-ma-novou-koalici-kleslovou-strida-starosta-novak-114359 https://praha10.cz/nova-koalice-v-praze-10-v-cele-se-starostou-novakem/ https://zpravy.aktualne.cz/domaci/starosta-prahy-10-novak-vystoupil-z-cssd-objevi-se-na-kandid/r~4bba60aea20911e8b5b20cc47ab5f122/,high,False,ČSSD,ČSSD
A,Praha 10,2018,2018-11-21,2022-06-27,day,bez PP,VLASTA,VLASTA;Piráti;ODS,https://www.prazskypatriot.cz/radnici-prahy-10-povede-zena-novou-starostkou-se-stala-renata-chmelova/ https://praha10.cz/mc-praha-10-ma-nove-vedeni-starostkou-se-stala-renata-chmelova-v-koalici-jsou-vlasta-pirati-a-ods/ https://cs.wikipedia.org/wiki/Renata_Chmelov%C3%A1,high,False,BEZPP,
A,Praha 10,2018,2022-06-27,2022-11-10,day,Piráti,Piráti,ODS;Piráti,https://www.irozhlas.cz/zpravy-domov/odvolani-starostky-prahy-10-chmelova-hlubucek_2206271736_cen https://cs.wikipedia.org/wiki/Praha_10,medium,True,Piráti,Piráti
A,Praha 10,2022,2022-11-10,2099-12-31,day,ODS,Společně pro Prahu 10 (ODS a TOP 09),Společně pro Prahu 10 (ODS a TOP 09);VLASTA a STAN s podporou KDU-ČSL,https://ct24.ceskatelevize.cz/clanek/regiony/starostou-prahy-10-zvolili-zastupitele-martina-valovice-z-ods-14217 https://cs.wikipedia.org/wiki/Martin_Valovi%C4%8D https://prazska.drbna.cz/politika/10246-starostou-prahy-10-bude-valovic-v-koalici-jsou-spolu-vlasta-stan-a-lidovci.html,high,False,ODS,TOP 09
A,Praha 11,2014,2014-11-10,2016-11-16,day,HPP 11 (membership not verified),Hnutí pro Prahu 11,Hnutí pro Prahu 11;ANO 2011;TOP 09,http://www.praha11.cz/redakce/tisk.php?lanG=cs&slozka=5&clanek=6905 https://www.praha11.cz/cs/aktuality/aktuality-z-prahy-11/starosta-jizniho-mesta-odvolan.html https://prazsky.denik.cz/zpravy_region/zastupitele-prahy-11-odvolali-starostu-jiriho-stylera-20161116.html,high,False,,
A,Praha 11,2014,2016-11-16,2017-01-19,day,,,not verified,https://prazsky.denik.cz/zpravy_region/novym-starostou-prahy-11-se-stal-dosavadni-mistostarosta-jirava-20170119.html,low,True,,
A,Praha 11,2014,2017-01-19,2018-11-01,day,ANO,ANO 2011,ANO 2011;TOP 09;two independents,https://prazsky.denik.cz/zpravy_region/novym-starostou-prahy-11-se-stal-dosavadni-mistostarosta-jirava-20170119.html https://cs.wikipedia.org/wiki/Praha_11,high,False,ANO,ANO
A,Praha 11,2018,2018-11-01,2019-02-19,month,ANO,ANO 2011,ANO 2011;TOP 09;independents (outgoing rada),https://zpravy.aktualne.cz/domaci/praha-11-ma-konecne-koalici-vladnout-budou-pirati-ano-ods-a/r~029bba52312a11e99d3cac1f6b220ee8/ https://cs.wikipedia.org/wiki/Praha_11,medium,False,ANO,ANO
A,Praha 11,2018,2019-02-19,2022-11-01,day,Piráti,Piráti,Piráti;ANO 2011;TOP 09 a STAN;ODS,https://www.praha11.cz/cs/media/aktuality-z-prahy-11/praha-11-ma-novou-radu-starostou-se-stal-jiri-dohnal.html https://www.prazskypatriot.cz/praha-11-ma-nove-vedeni-starostou-byl-zvolen-pirat-dohnal/,high,False,Piráti,Piráti
A,Praha 11,2022,2022-11-01,2022-12-21,month,Piráti,Piráti,Piráti;ANO 2011;TOP 09 a STAN;ODS (outgoing rada),https://cs.wikipedia.org/wiki/Praha_11 https://www.prahain.cz/politika/kdo-povede-radnice-prazskych-obvodu-ii-dil-mestske-casti-praha-11-22-9338.html,low,False,Piráti,Piráti
A,Praha 11,2022,2022-12-21,2023-12-07,day,HPP 11,Hnutí pro Prahu 11,HPP 11;PRAHA 11 SOBĚ;Piráti,https://www.praha11.cz/cs/media/aktuality-z-prahy-11/praha-11-ma-nove-vedeni-starostkou-se-stala-phdr-sarka-zdenkova-z-vitezneho-hnuti-pro-prahu-11.html https://prazsky.denik.cz/zpravy_region/praha-koalice-rozpad-praha11-sarka-zdenkova-odvolani-20231208.html https://cs.wikipedia.org/wiki/Praha_11,high,False,,
A,Praha 11,2022,2023-12-07,2024-06-13,day,Praha 11 Sobě (membership not verified),PRAHA 11 SOBĚ,PRAHA 11 SOBĚ;Piráti (reduced rada),https://www.blesk.cz/clanek/regiony-praha-praha-zpravy/788038/vice-nez-pulrocni-bezvladi-je-u-konce-starostou-prahy-11-byl-s-podporou-opozice-zvolen-martin-sedeke-ods.html https://cs.wikipedia.org/wiki/Praha_11,medium,True,,
A,Praha 11,2022,2024-06-13,2099-12-31,day,ODS,Společně pro Prahu 11 – ODS a NK,ODS;Piráti;PRAHA 11 SOBĚ (Praha 11 Sobě/Zelení),https://www.praha11.cz/cs/media/aktuality-z-prahy-11/novym-starostou-byl-zvolen-ing-martin-sedeke.html https://www.blesk.cz/clanek/regiony-praha-praha-zpravy/788038/vice-nez-pulrocni-bezvladi-je-u-konce-starostou-prahy-11-byl-s-podporou-opozice-zvolen-martin-sedeke-ods.html https://cs.wikipedia.org/wiki/Martin_Sedeke,high,False,ODS,ODS
A,Praha 12,2014,2014-11-27,2016-11-22,day,KDU-ČSL,Změna pro Prahu 12,ANO 2011;Změna pro Prahu 12;ČSSD,https://prazsky.denik.cz/zpravy-region/praha-12-bude-mit-dva-roky-starostu-zmeny-pro-prahu-12-pak-z-ano/ https://www.praha12.cz/materialy-zapis-a-audiozaznam-z-1-ustavujiciho-zastupitelstva-mestske-casti-praha-12-konaneho-dne-27-11-2014/d-38048 https://www.praha12.cz/probehla-planovana-vymena-starostu-prahy-12/d-51412,medium,False,KDU-ČSL,
A,Praha 12,2014,2016-11-22,2018-11-21,day,ANO,ANO 2011,ANO 2011;ČSSD (Změna pro Prahu 12 until 2017-03-28),https://www.praha12.cz/probehla-planovana-vymena-starostu-prahy-12/d-51412 https://www.praha12.cz/zastupitele-prahy-12-schvalili-zmeny-v-rade/d-54175,high,False,ANO,ANO
A,Praha 12,2018,2018-11-21,2022-10-19,day,Piráti,Piráti (s podporou Zelených),Piráti;ODS;TOP 09,https://www.praha12.cz/nova-rada-prahy-12/d-65716 https://www.prazskypatriot.cz/starostou-praha-12-byl-zvolen-pirat-jan-adamec/,high,False,Piráti,Piráti
A,Praha 12,2022,2022-10-19,2099-12-31,day,ODS,ODS a TOP 09,ODS a TOP 09;ANO 2011,https://www.praha12.cz/mestska-cast-praha-12-ma-nove-vedeni/d-93135 https://cs.wikipedia.org/wiki/Vojt%C4%9Bch_Kos,high,False,ODS,TOP 09
A,Praha 13,2014,2014-11-12,2018-10-29,day,ODS,ODS,ODS;ANO 2011;ČSSD,https://stop.p13.cz/cs/prosinec-2014/nove-zastupitelstvo-zvolilo-vedeni-prahy-13/4978/ https://prazsky.denik.cz/zpravy-region/volba-zastupitele-za-kscm-je-podle-soudu-neplatna/ https://www.e15.cz/domaci/soud-volba-zastupitele-na-praze-13-neplati-komise-mu-pridala-hlasy-1134984,high,False,ODS,ODS
A,Praha 13,2018,2018-10-29,2022-10-19,day,ODS,ODS,ODS;ANO 2011;KDU-ČSL a STAN,https://stop.p13.cz/cs/prosinec-2018/nove-zastupitelstvo-zvolilo-vedeni-prahy-13/13653/,high,False,ODS,ODS
A,Praha 13,2022,2022-10-19,2099-12-31,day,ODS,ODS,ODS;ANO 2011;Společně pro Prahu 13 (KDU-ČSL a TOP 09),https://www.prazskypatriot.cz/zastupitelstvo-prahy-13-zvolilo-vedeni-mestske-casti-starostou-je-opet-vodrazka-z-ods/ https://www.praha13.cz/wp-content/uploads/file/UVu1/Zapis-ustavujiciho-zasedani-19-10-2022.pdf https://cs.wikipedia.org/wiki/Praha_13,high,False,ODS,ODS
A,Praha 14,2014,2014-11-27,2018-10-31,day,TOP 09,TOP 09,TOP 09;ČSSD;ODS;Strana zelených a Piráti,https://prazsky.denik.cz/zpravy-region/staronovym-starostou-prahy-14-se-stal-radek-vondra-z-top-09/ https://www.praha14.cz/app/uploads/sites/4/2014/11/Program-ust-2014-ZM%C4%8C-2-up%C5%99esn%C4%9Bn%C3%BD.doc https://www.nasepraha.cz/na-praze-14-se-dockali-novych-radnich/,high,False,TOP 09,TOP 09
A,Praha 14,2018,2018-10-31,2021-06-24,day,TOP 09,SPOJENÉ SÍLY PRO PRAHU 14 (TOP 09 a STAN s podporou KDU-ČSL),SPOJENÉ SÍLY PRO PRAHU 14 (TOP 09 a STAN a KDU-ČSL);ODS;Piráti,https://www.parlamentnilisty.cz/arena/monitor/V-Praze-14-dokoncuji-koalicni-smlouvu-Spojene-sily-ODS-a-Pirati-557190 https://cs.wikipedia.org/wiki/Radek_Vondra https://ct24.ceskatelevize.cz/clanek/regiony/praha-14-ma-noveho-starostu-radka-vondru-nahradil-jiri-zajac-32750,medium,False,TOP 09,TOP 09
A,Praha 14,2018,2021-06-24,2022-10-24,day,ODS,ODS,TOP 09;ODS;Piráti,https://ct24.ceskatelevize.cz/clanek/regiony/praha-14-ma-noveho-starostu-radka-vondru-nahradil-jiri-zajac-32750 https://www.seznamzpravy.cz/clanek/starostou-prahy-14-se-stal-jiri-zajac-ods-nahradil-radka-vondru-top-09-168070,high,False,ODS,ODS
A,Praha 14,2022,2022-10-24,2099-12-31,day,ODS,ODS,ODS;ANO 2011;NAŠE Čtrnáctka;Srdcem pro Prahu 14 (STAN),https://www.praha14.cz/zivot-na-praze-14/kreslo-starosty-prahy-14-obhajil-jiri-zajac/ https://www.ods.cz/clanek/23719-kreslo-starosty-prahy-14-obhajil-jiri-zajac https://www.prahain.cz/politika/kdo-povede-radnice-prazskych-obvodu-ii-dil-mestske-casti-praha-11-22-9338.html,high,False,ODS,ODS
A,Praha 15,2014,2014-11-10,2018-10-31,day,bez PP,ANO 2011,ANO 2011;Patnáctka náš domov;ČSSD,https://prazsky.denik.cz/zpravy-region/starostou-prahy-15-byl-zvolen-milan-wenzl-ano/ https://cs.wikipedia.org/wiki/Milan_Wenzl,high,False,BEZPP,ANO
A,Praha 15,2018,2018-10-31,2022-11-09,day,bez PP,ANO 2011,ANO 2011;ODS;TOP 09,https://www.ods.cz/clanek/16704-ustavujici-zasedani-zastupitelstva-mc-praha-15 https://archiv.prahatv.eu/zpravy/praha/praha-15/8747/koalici-v-praze-15-tvori-ano-ods-a-top-09 https://cs.wikipedia.org/wiki/Milan_Wenzl,high,False,BEZPP,ANO
A,Praha 15,2022,2022-11-09,2099-12-31,day,bez PP,Společně pro Prahu 15 (ODS a TOP 09),Společně pro Prahu 15 (ODS a TOP 09);ANO 2011;NEZÁVISLÍ,https://www.prazskypatriot.cz/praha-15-ma-noveho-starostu-i-kdyz-zadne-strany-dosud-neoznamily-vznik-koalice/ https://volby.blesk.cz/clanek/volby-komunalni-volby/728067/v-praze-15-se-krehka-koalice-opira-o-hlasy-z-spd-neobhajitelne-rika-pekarova-adamova-divi-se-i-pospisil.html https://cs.wikipedia.org/wiki/Michal_Fischer,high,False,BEZPP,TOP 09
A,Praha 16,2014,2014-11-01,2018-10-31,month,ODS,ODS,ODS,https://www.praha16.eu/prakticke-info/volby-slavnostni-akce-spravni-agendy/volby-do-zastupitelstev-obci/volby-do-zastupitelstev-obci-10-11-rijna-2014/vysledky-voleb-do-zastupitelstev-827cs.html https://www.praha16.eu/seniori/radnice/samosprava/starosta-1/strucny-zivotopis/,medium,False,ODS,ODS
A,Praha 16,2018,2018-10-31,2022-11-04,day,ODS,ODS,ODS,https://nasregion.cz/v-radotine-bude-ctvrte-obdobi-starostou-karel-hanzlik-z-ods-66578/,high,False,ODS,ODS
A,Praha 16,2022,2022-11-04,2099-12-31,day,ODS,ODS,ODS,https://www.ods.cz/clanek/23742-ods-radotin-probehlo-ustavujici-zastupitelstvo-mc-praha-16 https://cs.wikipedia.org/wiki/Praha_16,high,False,ODS,ODS
A,Praha 17,2014,2014-11-05,2018-11-01,day,ODS,ODS,ODS;TOP 09;KDU-ČSL;independents,https://archiv.prahatv.eu/zpravy/praha/praha/519/starostkou-rep-je-opet-jitka-synkova https://www.repy.cz/system/files/files/Vyrocni_zprava_za_rok_2014_kv.pdf,medium,False,ODS,ODS
A,Praha 17,2018,2018-11-01,2021-05-28,day,ODS,ODS,ODS;TOP 09 a KDU-ČSL,https://www.repy.cz/clanky/tiskove-zpravy/prahu-17-povede-ctvrte-volebni-obdobi-jitka-synkova,high,False,ODS,ODS
A,Praha 17,2018,2021-05-28,2022-11-01,day,ODS,ODS,ODS;TOP 09 a KDU-ČSL,https://www.repy.cz/system/files/files/Zapis_ZMC_24_2021.pdf https://www.prazskypatriot.cz/novou-starostkou-prahy-17-je-kopejtkova-vystridala-odvolanou-synkovou/,medium,False,ODS,ODS
A,Praha 17,2022,2022-11-01,2099-12-31,day,ODS,ODS,ODS;ANO 2011;Řepy Sobě,https://www.repy.cz/system/files/files/%C5%98epsk%C3%A1%20sedmn%C3%A1ctka%2C%20prosinec%202022.pdf https://www.prahain.cz/politika/kdo-povede-radnice-prazskych-obvodu-ii-dil-mestske-casti-praha-11-22-9338.html,high,False,ODS,ODS
A,Praha 18,2014,2014-11-20,2018-11-01,day,ODS (left March 2015; then bez PP),ODS,ODS;other partners not verified,https://cs.wikipedia.org/wiki/Ivan_Kabick%C3%BD https://letnany.cz/file/2841542 https://www.parlamentnilisty.cz/arena/rozhovory/Starosta-Prahy-18-K-oslavam-ODS-nevidim-mnoho-duvodu-435368,low,False,ODS,ODS
A,Praha 18,2018,2018-11-01,2022-11-09,day,ANO,ANO 2011,ANO 2011;ODS a Svobodní;TOP 09;ODA,https://letnany.cz/novym-starostou-letnan-se-stal-zdenek-kucera-z-hnuti-ano/ https://cs.wikipedia.org/wiki/Zden%C4%9Bk_Ku%C4%8Dera_(politik_ANO),high,False,ANO,ANO
A,Praha 18,2022,2022-11-09,2099-12-31,day,ANO,ANO 2011,ANO 2011;ODS;TOP 09,https://letnany.pirati.cz/aktuality/zastupitelstvo-letnan-se-dalo-do-chodu/ https://letnany.cz/mestska-cast-praha-18-ma-nove-vedeni https://www.prazskypatriot.cz/prahu-18-povede-koalice-ano-ods-a-top-09-starostou-bude-nadale-kucera/,medium,False,ANO,ANO
A,Praha 19,2014,2014-11-05,2018-11-14,day,bez PP,SNK Kbely náš domov,Kbely náš domov,https://www.praha19.cz/samosprava/volene-organy/zastupitelstvo/usneseni/ https://www.prazskypatriot.cz/dlouholety-starosta-kbel-zdarsky-opustil-ods/ https://archiv.prahatv.eu/zpravy/praha/praha-19/8518/kbely-maji-nejdele-slouziciho-starostu-v-praze,medium,False,BEZPP,
A,Praha 19,2018,2018-11-14,2022-10-19,day,bez PP,SNK Kbely náš domov,Kbely náš domov,https://www.praha19.cz/samosprava/volene-organy/zastupitelstvo/usneseni/ https://volby.blesk.cz/clanek/volby-komunalni-volby-komunalni-volby-2018/569524/v-praze-18-slavi-vyhru-zdrave-letnany-kbely-ovladli-nezavisli.html,medium,False,BEZPP,
A,Praha 19,2022,2022-10-19,2025-12-15,day,bez PP,SNK Kbely náš domov,Kbely náš domov,https://www.praha19.cz/samosprava/poradni-organy/ https://www.praha19.cz/kbely-maji-noveho-starostu/ https://www.prahain.cz/politika/kdo-povede-radnice-prazskych-obvodu-ii-dil-mestske-casti-praha-11-22-9338.html,high,False,BEZPP,
A,Praha 19,2022,2025-12-15,2099-12-31,day,bez PP,Kbely náš domov,Kbely náš domov,https://www.praha19.cz/kbely-maji-noveho-starostu/ https://www.praha19.cz/samosprava/rada/ https://www.praha19.cz/app/uploads/2026/01/WEB_USNESENI_16_zzmc_15.12.2025.pdf,high,False,BEZPP,
A,Praha 20,2014,2014-11-01,2018-11-05,month,bez PP (former ODS member; not verified),Šance pro Počernice (not verified for 2014),not verified,https://cs.wikipedia.org/wiki/Hana_Moravcov%C3%A1 https://www.pocernice.cz/app/uploads/2018/11/Zapis_zased%C3%A1n%C3%AD_-ZM%C4%8C-%C4%8D.-1_ustavujici_5.112018-1.pdf,low,False,ODS,
A,Praha 20,2018,2018-11-05,2020-02-24,day,not verified,Hnutí občanů Počernic (HOP) s podporou Pirátů,HOP;Piráti;ANO 2011;Společně pro Počernice;Počernice JINAK,https://www.pocernice.cz/app/uploads/2018/11/Zapis_zased%C3%A1n%C3%AD_-ZM%C4%8C-%C4%8D.-1_ustavujici_5.112018-1.pdf https://www.blesk.cz/clanek/regiony-praha-praha-zpravy/587290/prodlouzeni-metra-je-sci-fi-zastavky-na-znameni-trapi-mistni-rika-nova-starostka-prahy-20-alena-strobova.html https://prazska.drbna.cz/zpravy/politika/1330-rozpadajici-se-koalice-stala-kreslo-starostku-hornich-pocernic.html,medium,False,,Piráti
A,Praha 20,2018,2020-02-24,2022-10-19,day,bez PP (joined ODS in 2021),ODS a NHP (Nezávislí Horní Počernice),ODS a NHP;Počernice JINAK;Šance pro Počernice;KSČM,https://prazska.drbna.cz/zpravy/politika/1330-rozpadajici-se-koalice-stala-kreslo-starostku-hornich-pocernic.html https://www.ods.cz/ms.horni-pocernice/profil/29226-petr-mestan https://www.pocernice.cz/app/uploads/2020/03/Zapis_zased%C3%A1n%C3%AD_-ZM%C4%8C-%C4%8D.-11_24.02.2020-1.pdf,medium,False,ODS,ODS
A,Praha 20,2022,2022-10-19,2099-12-31,day,ODS,ODS a TOP 09 s podporou NK Horních Počernic,ODS a TOP 09;Šance pro Počernice;Počernice JINAK,https://www.prazskypatriot.cz/starostou-prahy-20-je-opet-mestan-z-ods/ https://www.pocernice.cz/samosprava/rada/radni/ https://www.prahain.cz/politika/kdo-povede-radnice-prazskych-obvodu-ii-dil-mestske-casti-praha-11-22-9338.html,high,False,ODS,TOP 09
A,Praha 21,2014,2014-11-01,2015-11-11,month,ANO,ANO 2011,ANO 2011;TOP 09;ČSSD;Pro Prahu,https://www.echo24.cz/a/iCjRr/politicky-prevrat-v-praze-21-svrhli-vladu-ano https://www.praha21.cz/kontakty/ruzicka-zdenek,medium,False,ANO,ANO
A,Praha 21,2014,2015-11-11,2016-02-01,day,,,not verified,https://prazsky.denik.cz/zpravy-region/prazske-radnice-od-voleb-menily-koalice-starosty-i-radni/ https://otevrenenoviny.cz/zastupitele-ujezda-nad-lesy-dnes-odvolali-starostu-ruzicku-ano-i-zbyle-dva-radni-ano/,low,True,,
A,Praha 21,2014,2016-02-01,2018-11-01,day,TOP 09,TOP 09,ČSSD;TOP 09;Otevřený Újezd;Pro Prahu;Strana svobodných občanů;two independents,https://prazsky.denik.cz/zpravy-region/starostkou-prahy-21-byla-zvolena-karla-jakob-cechova/ https://www.prazskypatriot.cz/starostkou-prahy-21-byla-zvolena-karla-jakob-cechova-top-09/,medium,False,TOP 09,TOP 09
A,Praha 21,2018,2018-11-01,2022-10-01,month,ODS,ODS,ANO 2011;ODS,https://archiv.prahatv.eu/zpravy/praha/praha/8905/novym-starostou-prahy-21-je-milan-samec,medium,False,ODS,ODS
A,Praha 21,2022,2022-10-01,2023-11-01,month,ODS,Společně pro Újezd (ODS a TOP 09),Společně pro Újezd (ODS a TOP 09),https://www.prahain.cz/politika/kdo-povede-radnice-prazskych-obvodu-ii-dil-mestske-casti-praha-11-22-9338.html https://www.praha21.cz/aktuality/8422-ujezd-nad-lesy-ma-noveho-starostu-stal-se-jim-michal-hazdra,medium,False,ODS,TOP 09
A,Praha 21,2022,2023-11-01,2099-12-31,month,ODS (per Wikipedia infobox; not confirmed),Společně pro Újezd (ODS a TOP 09),Společně pro Újezd (ODS a TOP 09),https://www.praha21.cz/aktuality/8422-ujezd-nad-lesy-ma-noveho-starostu-stal-se-jim-michal-hazdra https://cs.wikipedia.org/wiki/Praha_21,medium,False,ODS,TOP 09
A,Praha 22,2014,2014-11-10,2018-11-14,day,bez PP,Hnutí Pro Prahu,Hnutí Pro Prahu;TOP 09;ČSSD;SOUSEDÉ – nezávislí kandidáti s podporou KDU-ČSL,https://www.praha22.cz/data/kontakty/zasedani/zapis-1-zmc-dne-10112014.pdf https://www.praha22.cz/e_download.php?file=data/editor/173cs_110.pdf&original=uz12-2014.pdf,high,False,BEZPP,
A,Praha 22,2018,2018-11-14,2021-03-24,day,STAN,STAN + Svobodní,STAN + Svobodní;Praha 22. Naše město (TOP 09 + Piráti + KDU-ČSL + independents),https://www.praha22.cz/mestska-cast/tiskove-zpravy/praha-22-ma-noveho-starostu-i-celou-radu-3365cs.html https://www.praha22.cz/mestska-cast/tiskove-zpravy/byvaly-starosta-prahy-22-vojtech-zelenka-stan-je-v-podezreni-ze-zneuziti-pravomoci-a-poskozovani-majetku-mestske-casti-5657cs.html,high,False,STAN,STAN
A,Praha 22,2018,2021-03-24,2021-06-24,day,bez PP,Praha 22. Naše město,STAN + Svobodní;Praha 22. Naše město (rada shrinking; most members resigned by May 2021),https://www.prazskypatriot.cz/starosta-prahy-22-zelenka-odvolan-v-tajne-volbe-jeho-konec-v-cele-radnice-podporila-i-cast-koalice/ https://www.regionpraha.cz/zpravodajstvi/praha-22-je-stale-bez-starosty-rezignov-159390/,medium,True,BEZPP,
A,Praha 22,2018,2021-06-24,2022-10-19,day,ANO,ANO 2011,ANO 2011;KDU-ČSL (elected on Praha 22. Naše město);Svobodní (elected on STAN + Svobodní),https://www.prazskypatriot.cz/starostou-prahy-22-se-stal-kanera-nahradil-pred-ctvrt-rokem-odvolaneho-zelenku/ https://www.seznamzpravy.cz/clanek/starostou-prahy-22-se-stal-kanera-ano-nahradil-zelenku-stan-a-svobodni-168077 https://cs.wikipedia.org/wiki/Praha_22,medium,False,ANO,ANO
A,Praha 22,2022,2022-10-19,2099-12-31,day,ANO,ANO 2011,ANO 2011;Společně pro Prahu 22 (ODS);DvacetDvojka + Svobodní,https://www.praha22.cz/mestska-cast/tiskove-zpravy/radnici-prahy-22-povede-znovu-tomas-kanera-ano-v-tymu-budou-byvaly-starosta-turnovsky-22-a-mistostarosta-langmajer-ods-6056cs.html https://www.prahain.cz/politika/kdo-povede-radnice-prazskych-obvodu-ii-dil-mestske-casti-praha-11-22-9338.html,high,False,ANO,ANO
A,Praha-Štěrboholy,2014,2014-11-01,2018-11-01,month,bez PP (Wikipedia: NK za ODS; some media label him ODS),ODS,no rada,https://www.stavbaweb.cz/clanek/nova-radnice-v-praze-strboholech-19632 https://www.parlamentnilisty.cz/arena/rozhovory/Starosta-Sterbohol-Jihovychod-Prahy-vysvobodi-od-tranzitni-dopravy-jedine-obchvat-440052 https://www.novinky.cz/p/vysledky-voleb/2018/komunalni-volby/obvod/547409-praha-sterboholy,medium,False,ODS,ODS
A,Praha-Štěrboholy,2018,2018-11-01,2022-10-01,month,bez PP (see 2014 note),ODS,no rada,https://www.novinky.cz/p/vysledky-voleb/2018/komunalni-volby/obvod/547409-praha-sterboholy,medium,False,BEZPP,ODS
A,Praha-Štěrboholy,2022,2022-10-01,2099-12-31,month,bez PP,ODS,no rada,https://www.novinky.cz/p/vysledky-voleb/2022/komunalni-volby/obvod/547409-praha-sterboholy https://cs.wikipedia.org/wiki/%C5%A0t%C4%9Brboholy,medium,False,BEZPP,ODS
A,Praha-Běchovice,2014,2014-11-01,2018-11-01,month,ODS,ODS,ODS;TOP 09,https://zpravy.aktualne.cz/domaci/rarita-bechovicim-ubyli-obyvatele-ale-pribyl-mistostarosta/r~db46bc24aaad11e49fc3002590604f2e/ https://www.novinky.cz/p/vysledky-voleb/2018/komunalni-volby/obvod/538060-praha-bechovice,medium,False,ODS,ODS
A,Praha-Běchovice,2018,2018-11-01,2022-10-01,month,ODS,ODS,ODS,https://www.novinky.cz/p/vysledky-voleb/2018/komunalni-volby/obvod/538060-praha-bechovice https://www.ods.cz/region.prazsky/profil/1108-ondrej-martan,low,False,ODS,ODS
A,Praha-Běchovice,2022,2022-10-01,2099-12-31,month,ODS,SPOLEČNĚ pro Běchovice (ODS a TOP 09),SPOLEČNĚ pro Běchovice (ODS a TOP 09),https://www.novinky.cz/p/vysledky-voleb/2022/komunalni-volby/obvod/538060-praha-bechovice https://volby.blesk.cz/clanek/volby-komunalni-volby/723880/bourlivak-novotny-odklada-odchod-z-politiky-v-reporyjich-jasne-zvitezil-zustane-starostou.html,medium,False,ODS,TOP 09
A,Praha-Benice,2014,2014-11-01,2018-11-01,month,not verified,not verified,no rada,https://www.wikidata.org/wiki/Q2709316,low,False,,
A,Praha-Benice,2018,2018-11-01,2022-10-01,month,bez PP,SNK Benice – místo pro spokojený život,no rada,https://www.novinky.cz/p/vysledky-voleb/2018/komunalni-volby/obvod/538078-praha-benice https://www.praha-benice.cz/urad-mc/povinne-informace/osoba-ing-hana-karasova-1.html,medium,False,BEZPP,
A,Praha-Benice,2022,2022-10-01,2099-12-31,month,bez PP,SNK Benice – místo pro spokojený život,no rada,https://nasregion.cz/obyvatele-benic-uz-vedi-kdo-jim-bude-vladnout-v-praze-jsou-prvni-296581/ https://www.praha-benice.cz/urad-mc/povinne-informace/osoba-ing-hana-karasova-1.html https://cs.wikipedia.org/wiki/Benice_(Praha),medium,False,BEZPP,
A,Praha-Březiněves,2014,2014-11-01,2018-11-05,month,not verified,not verified,no rada,https://brezineves.cz/upload/Z%C3%A1pis_ze_zased%C3%A1n%C3%AD_%C4%8D._1.docx.pdf,low,False,,
A,Praha-Březiněves,2018,2018-11-05,2022-10-19,day,not verified,not stated in minutes (proposed by Zdeněk Korint),no rada,https://brezineves.cz/upload/Z%C3%A1pis_ze_zased%C3%A1n%C3%AD_%C4%8D._1.docx.pdf,medium,False,,
A,Praha-Březiněves,2022,2022-10-19,2099-12-31,day,not verified,Občané pro Březiněves,no rada,https://www.brezineves.cz/uploads/20221114_--1668437896-1.-Zapis-ze-zasedani-c.1.pdf https://www.brezineves.cz/zastupitelstvo,high,False,,
A,Praha-Dolní Počernice,2014,2014-11-01,2018-11-05,month,ODS,ODS,ODS;other partners not verified,https://praha-dolnipocernice.cz/slovo-starosty/2999-ustavujici-zasedani-zastupitelstva-mestske-casti-praha-dolni-pocernice https://www.novinky.cz/p/vysledky-voleb/2018/komunalni-volby/obvod/538175-praha-dolni-pocernice,low,False,ODS,ODS
A,Praha-Dolní Počernice,2018,2018-11-05,2022-10-17,day,ODS,ODS,ODS;other partners not verified,https://praha-dolnipocernice.cz/slovo-starosty/2999-ustavujici-zasedani-zastupitelstva-mestske-casti-praha-dolni-pocernice https://www.novinky.cz/p/vysledky-voleb/2018/komunalni-volby/obvod/538175-praha-dolni-pocernice,low,False,ODS,ODS
A,Praha-Dolní Počernice,2022,2022-10-17,2099-12-31,day,ODS,ODS,ODS;Občané Dolních Počernic;POČERNICKÁ PATNÁCTKA (STAN+NK),https://dolnipocernice.eu/rada-mc/ https://praha-dolnipocernice.cz/zastupitele-mc https://www.novinky.cz/p/vysledky-voleb/2022/komunalni-volby/obvod/538175-praha-dolni-pocernice,high,False,ODS,ODS
A,Praha-Dubeč,2014,2014-11-05,2018-10-31,day,ODS,ODS,ODS; ANO 2011; ČSSD,https://www.praha-dubec.cz/assets/File.ashx?id_org=80158&id_dokumenty=46298 https://web.archive.org/web/2024/https://www.volby.cz/pls/kv2014/kv21111?xjazyk=CZ&xid=1&xv=23&xdz=5&xnumnuts=1100&xobec=538205&xstrana=0&xstat=0&xodkaz=1,high,False,ODS,ODS
A,Praha-Dubeč,2018,2018-10-31,2022-10-17,day,ODS,ODS,ODS; ANO 2011; ČSSD,https://www.praha-dubec.cz/assets/File.ashx?id_org=80158&id_dokumenty=49259 https://web.archive.org/web/2024/https://www.volby.cz/pls/kv2018/kv21111?xjazyk=CZ&xid=1&xv=23&xdz=5&xnumnuts=1100&xobec=538205&xstrana=0&xstat=0&xodkaz=1 https://www.novinky.cz/p/vysledky-voleb/2018/komunalni-volby/obvod/538205-praha-dubec,high,False,ODS,ODS
A,Praha-Dubeč,2022,2022-10-17,2099-12-31,day,ODS,ODS,ODS; ANO 2011; ČSSD a nezávislí kandidáti pro Prahu – Dubeč,https://www.praha-dubec.cz/assets/File.ashx?id_org=80158&id_dokumenty=55217 https://www.praha-dubec.cz/rada-mc-praha-dubec/os-1002 https://web.archive.org/web/2025/https://www.volby.cz/pls/kv2022/kv21111?xjazyk=CZ&xid=1&xv=23&xdz=5&xnumnuts=1100&xobec=538205&xstrana=0&xstat=0&xodkaz=1 https://www.novinky.cz/p/vysledky-voleb/2022/komunalni-volby/obvod/538205-praha-dubec,high,False,ODS,ODS
A,Praha-Klánovice,2014,2014-11-01,2017-01-01,month,bez PP,SPOLU PRO KLÁNOVICE (SNK),SPOLU PRO KLÁNOVICE; KLÁNOVICKÁ PRAVICE (ODS a NK); HLAS KLÁNOVIC (ČSSD a NK),https://web.archive.org/web/20141107015159/http://www.praha-klanovice.cz/mestska-cast/rada https://web.archive.org/web/20161101051123/http://www.praha-klanovice.cz/mestska-cast/rada/ https://web.archive.org/web/20170112055652/http://www.praha-klanovice.cz/mestska-cast/rada/ https://web.archive.org/web/2024/https://www.volby.cz/pls/kv2014/kv21111?xjazyk=CZ&xid=1&xv=23&xdz=5&xnumnuts=1100&xobec=538302&xstrana=0&xstat=0&xodkaz=1,medium,False,BEZPP,
A,Praha-Klánovice,2014,2017-02-01,2018-11-01,month,ODS,"KLÁNOVICKÁ PRAVICE, sdružení ODS a nezávislých kandidátů",KLÁNOVICKÁ PRAVICE (ODS a NK); SPOLU PRO KLÁNOVICE,https://web.archive.org/web/20170223071813/http://www.praha-klanovice.cz/mestska-cast/rada/ https://web.archive.org/web/20181030234039/http://www.praha-klanovice.cz/mestska-cast/rada/,medium,False,ODS,ODS
A,Praha-Klánovice,2018,2018-11-01,2022-10-01,month,bez PP,"Čas na změnu. SNK, LES a Pirátů (nominated by LES)","Čas na změnu (SNK, LES a Piráti); STAROSTOVÉ A NEZÁVISLÍ; HLAS KLÁNOVIC (KDU-ČSL, ČSSD a NK)",https://www.praha-klanovice.cz/urad-a-samosprava/volene-organy-samospravy/zastupitelstvo-mc/zapisy-ze-zasedani-a-prijata-usneseni-zastupitelstva-podklady-video-zaznam/zapis-z-ustavujicihozasedani-ze-dne-1-11-2018-849.html https://web.archive.org/web/2019/https://www.praha-klanovice.cz/kontakty-1/zastupitelstvo/ https://web.archive.org/web/20200813003107/https://www.praha-klanovice.cz/kontakty/rada-mc/ https://web.archive.org/web/2025/https://www.volby.cz/pls/kv2018/kv21111?xjazyk=CZ&xid=1&xv=23&xdz=5&xnumnuts=1100&xobec=538302&xstrana=0&xstat=0&xodkaz=1,medium,False,BEZPP,Piráti
A,Praha-Klánovice,2022,2022-10-01,2024-12-16,month,bez PP,KLIDNÉ KLÁNOVICE 22 (SNK),KLIDNÉ KLÁNOVICE 22; ODS,https://web.archive.org/web/20230208174320/https://www.praha-klanovice.cz/kontakty/rada-mc/ https://web.archive.org/web/20241007120653/https://www.praha-klanovice.cz/kontakty/rada-mc/ https://www.praha-klanovice.cz/e_download.php?file=data/uredni_deska/obsah2605_11.pdf&original=Usneseni.pdf https://cs.wikipedia.org/wiki/Kl%C3%A1novice,medium,False,BEZPP,
A,Praha-Klánovice,2022,2024-12-16,2025-11-20,day,ODS,ODS,ODS; STAN KLÁNOVICE,https://www.praha-klanovice.cz/e_download.php?file=data/uredni_deska/obsah2605_11.pdf&original=Usneseni.pdf https://www.praha-klanovice.cz/e_download.php?file=data/uredni_deska/obsah2626_5.pdf&original=Organy.pdf https://www.praha-klanovice.cz/e_download.php?file=data/uredni_deska/obsah2626_14.pdf&original=Usneseni.pdf https://www.praha-klanovice.cz/e_download.php?file=/data/uredni_deska/obsah2836_34.pdf&original=Usneseni.pdf,high,False,ODS,ODS
A,Praha-Klánovice,2022,2025-11-20,2099-12-31,day,n/a (acting deputy: STAN),n/a (acting deputy elected on STAN KLÁNOVICE list),no functioning rada (rada tasks entrusted to mayor by usn. 13/86/2025),https://www.praha-klanovice.cz/e_download.php?file=/data/uredni_deska/obsah2836_34.pdf&original=Usneseni.pdf https://www.praha-klanovice.cz/urad-a-samosprava/volene-organy-samospravy/zastupitelstvo-mc/ https://cs.wikipedia.org/wiki/Kl%C3%A1novice,medium,True,STAN,STAN
A,Praha-Koloděje,2014,2014-10-11,2015-07-01,month,Pro Prahu,Pro Prahu (mayor from the 2010-14 term),no rada,https://cs.wikipedia.org/wiki/Kolod%C4%9Bje https://prazsky.denik.cz/zpravy_region/starostkou-v-kolodejich-se-stala-moravkova-vystridala-passera-20150714.html https://web.archive.org/web/2024/https://www.volby.cz/pls/kv2014/kv21111?xjazyk=CZ&xid=1&xv=23&xdz=5&xnumnuts=1100&xobec=538353&xstrana=0&xstat=0&xodkaz=1,medium,False,,
A,Praha-Koloděje,2014,2015-07-01,2018-10-30,month,bez PP,Naděje pro Koloděje (SNK),no rada,https://prazsky.denik.cz/zpravy_region/starostkou-v-kolodejich-se-stala-moravkova-vystridala-passera-20150714.html https://cs.wikipedia.org/wiki/Kolod%C4%9Bje,medium,False,BEZPP,
A,Praha-Koloděje,2018,2018-10-30,2022-10-20,day,bez PP,Naděje pro Koloděje (SNK),no rada,https://www.praha-kolodeje.cz/assets/File.ashx?id_org=80150&id_dokumenty=2871 https://web.archive.org/web/2025/https://www.volby.cz/pls/kv2018/kv21111?xjazyk=CZ&xid=1&xv=23&xdz=5&xnumnuts=1100&xobec=538353&xstrana=0&xstat=0&xodkaz=1,high,False,BEZPP,
A,Praha-Koloděje,2022,2022-10-20,2099-12-31,day,bez PP,Naděje pro Koloděje (SNK),no rada,https://www.praha-kolodeje.cz/assets/File.ashx?id_org=80150&id_dokumenty=5159 https://web.archive.org/web/2025/https://www.volby.cz/pls/kv2022/kv21111?xjazyk=CZ&xid=1&xv=23&xdz=5&xnumnuts=1100&xobec=538353&xstrana=0&xstat=0&xodkaz=1,high,False,BEZPP,
A,Praha-Kolovraty,2014,2014-11-01,2018-10-31,month,bez PP,NAŠE KOLOVRATY (SNK),no rada,https://www.kolovraty.cz/2412956 https://www.kolovraty.cz/file/2409748 https://web.archive.org/web/2024/https://www.volby.cz/pls/kv2014/kv21111?xjazyk=CZ&xid=1&xv=23&xdz=5&xnumnuts=1100&xobec=538361&xstrana=0&xstat=0&xodkaz=1,medium,False,BEZPP,
A,Praha-Kolovraty,2018,2018-10-31,2022-10-19,day,STAN,NAŠE KOLOVRATY (SNK),NAŠE KOLOVRATY,https://www.kolovraty.cz/file/2409748 https://www.kolovraty.cz/rok-2018-2 https://web.archive.org/web/2025/https://www.volby.cz/pls/kv2018/kv21111?xjazyk=CZ&xid=1&xv=23&xdz=5&xnumnuts=1100&xobec=538361&xstrana=0&xstat=0&xodkaz=1,high,False,STAN,
A,Praha-Kolovraty,2022,2022-10-19,2023-06-21,day,STAN,NAŠE KOLOVRATY (SNK),NAŠE KOLOVRATY,https://www.kolovraty.cz/rok-2022-3 https://www.kolovraty.cz/2413581 https://www.novinky.cz/p/vysledky-voleb/2022/komunalni-volby/obvod/538361-praha-kolovraty https://cs.wikipedia.org/wiki/Praha-Kolovraty,medium,False,STAN,
A,Praha-Kolovraty,2022,2023-06-21,2099-12-31,day,bez PP,NAŠE KOLOVRATY (SNK),NAŠE KOLOVRATY,https://www.kolovraty.cz/file/2409457 https://www.kolovraty.cz/clenove-rady-mc,high,False,BEZPP,
A,Praha-Královice,2014,2014-11-01,2018-11-01,month,bez PP,Sdružení pro Královice (SNK),no rada,https://web.archive.org/web/20160325200225/https://www.mckralovice.cz/zastupitelstvo-mestske-casti-praha-kralovice https://web.archive.org/web/2024/https://www.volby.cz/pls/kv2014/kv21111?xjazyk=CZ&xid=1&xv=23&xdz=5&xnumnuts=1100&xobec=538388&xstrana=0&xstat=0&xodkaz=1,medium,False,BEZPP,
A,Praha-Královice,2018,2018-11-01,2022-10-17,day,bez PP,Sdružení pro Královice (SNK),no rada,https://www.mckralovice.cz/store/101-usneseni-1-4-z-ustavujiciho-jednani-zastupitelstva-mc.pdf https://web.archive.org/web/20210511015342/https://www.mckralovice.cz/zastupitelstvo-mestske-casti-praha-kralovice https://web.archive.org/web/2025/https://www.volby.cz/pls/kv2018/kv21111?xjazyk=CZ&xid=1&xv=23&xdz=5&xnumnuts=1100&xobec=538388&xstrana=0&xstat=0&xodkaz=1,medium,False,BEZPP,
A,Praha-Královice,2022,2022-10-17,2099-12-31,day,bez PP,SDRUŽENÍ NAŠE KRÁLOVICE 2022 (SNK),no rada,https://www.mckralovice.cz/store/131-zapis-z-1-ustavujiciho-zasedani-zastupitelstva-mc.pdf https://www.mckralovice.cz/zastupitelstvo-mestske-casti-praha-kralovice,high,False,BEZPP,
A,Praha-Křeslice,2014,2014-11-04,2018-11-01,day,bez PP,SPOLEČNĚ PRO KŘESLICE (SNK),no rada,https://www.kreslice.cz/zapis-c-1-z-ustavujiciho-jednani-zmc-praha-kreslice-ze-dne-4-11-2014 https://web.archive.org/web/2024/https://www.volby.cz/pls/kv2014/kv21111?xjazyk=CZ&xid=1&xv=23&xdz=5&xnumnuts=1100&xobec=538400&xstrana=0&xstat=0&xodkaz=1,high,False,BEZPP,
A,Praha-Křeslice,2018,2018-11-01,2022-03-09,day,bez PP,SPOLEČNĚ PRO KŘESLICE (SNK),no rada,https://www.kreslice.cz/zapis-c-1-z-ustavujiciho-jednani-zmc-praha-kreslice-ze-dne-1-11-2018 https://www.kreslice.cz/zapis-z-20-zasedani-zmc-praha-kreslice-ze-dne-24-2-2022 https://web.archive.org/web/2025/https://www.volby.cz/pls/kv2018/kv21111?xjazyk=CZ&xid=1&xv=23&xdz=5&xnumnuts=1100&xobec=538400&xstrana=0&xstat=0&xodkaz=1,high,False,BEZPP,
A,Praha-Křeslice,2018,2022-03-09,2022-10-20,day,bez PP,SPOLEČNĚ PRO KŘESLICE (SNK),no rada,https://www.kreslice.cz/zapis-z-21-zasedani-zmc-praha-kreslice-ze-dne-20-4-2022 https://www.kreslice.cz/zapis-z-22-zasedani-zmc-praha-kreslice-ze-dne-26-5-2022 https://www.kreslice.cz/zapis-z-ustavujiciho-zasedani-zmc-dne-20-10-2022,medium,True,BEZPP,
A,Praha-Křeslice,2022,2022-10-20,2023-05-04,day,ODS,Společně pro Křeslice – ODS a nezávislí kandidáti,no rada,https://www.kreslice.cz/zapis-z-ustavujiciho-zasedani-zmc-dne-20-10-2022 https://www.kreslice.cz/zapis-z-5-zastupitelstva-mc-praha-kreslice-dne-4-5-2023 https://web.archive.org/web/2025/https://www.volby.cz/pls/kv2022/kv21111?xjazyk=CZ&xid=1&xv=23&xdz=5&xnumnuts=1100&xobec=538400&xstrana=0&xstat=0&xodkaz=1,medium,False,ODS,ODS
A,Praha-Křeslice,2022,2023-05-15,2023-11-21,day,bez PP,MY ZA KŘESLICE (SNK),no rada,https://www.kreslice.cz/zapis-z-5-zastupitelstva-mc-praha-kreslice-dne-4-5-2023 https://www.kreslice.cz/zapis-z-11-zasedani-zmc-praha-kreslice-dne-21-11-2023,high,False,BEZPP,
A,Praha-Křeslice,2022,2023-11-21,2025-02-01,month,bez PP,Okolo Křeslic (SNK),no rada,https://www.kreslice.cz/zapis-z-11-zasedani-zmc-praha-kreslice-dne-21-11-2023 https://www.kreslice.cz/zapis-z-13-zasedani-zmc-druha-cast-ze-dne-31-1-2024 https://www.kreslice.cz/zapis-z-20-zasedani-zmc-dne-dne-8-10-2024-a-7-11-2024-a-26-11-2024,medium,True,BEZPP,
A,Praha-Křeslice,2022,2025-02-01,2099-12-31,month,ODS,Společně pro Křeslice – ODS a nezávislí kandidáti,no rada,https://www.kreslice.cz/zapis-4-mimoradne-jednani-zmc-dne-28-1-2025 https://www.kreslice.cz/zapis-z-22-zasedani-zmc-1-cast-25-3-2025 https://cs.wikipedia.org/wiki/K%C5%99eslice,low,False,ODS,ODS
A,Praha-Nedvězí,2014,2014-11-01,2016-11-01,month,Pro Prahu,Pro Prahu,no rada,https://www.mcnedvezi.cz/urad-2/samosprava/zastupitele-v-minulych-letech/ https://web.archive.org/web/2024/https://www.volby.cz/pls/kv2014/kv21111?xjazyk=CZ&xid=1&xv=23&xdz=5&xnumnuts=1100&xobec=538531&xstrana=0&xstat=0&xodkaz=1 https://cs.wikipedia.org/wiki/Nedv%C4%9Bz%C3%AD_u_%C5%98%C3%AD%C4%8Dan,low,False,,
A,Praha-Nedvězí,2014,2016-11-01,2018-11-01,month,Pro Prahu (2014 membership; not verified for 2016),list not identified (new election 5 Nov 2016),no rada,https://www.mcnedvezi.cz/urad-2/samosprava/zastupitele-v-minulych-letech/ https://web.archive.org/web/20170422143304/http://www.mcnedvezi.cz:80/kontakty/ https://web.archive.org/web/20180719035630/http://www.mcnedvezi.cz:80/kontakty/,medium,False,,
A,Praha-Nedvězí,2018,2018-11-01,2019-10-01,month,bez PP,Sdružení nezávislých kandidátů Nedvězí (SNK),no rada,https://cs.wikipedia.org/wiki/Nedv%C4%9Bz%C3%AD_u_%C5%98%C3%AD%C4%8Dan https://web.archive.org/web/2025/https://www.volby.cz/pls/kv2018/kv21111?xjazyk=CZ&xid=1&xv=23&xdz=5&xnumnuts=1100&xobec=538531&xstrana=0&xstat=0&xodkaz=1 https://www.mcnedvezi.cz/urad-2/samosprava/zastupitele-v-minulych-letech/,low,False,BEZPP,
A,Praha-Nedvězí,2018,2019-10-01,2022-10-01,month,bez PP,Sdružení nezávislých kandidátů (SNK),no rada,https://web.archive.org/web/2023/https://www.mcnedvezi.cz/e_download.php?file=data/uredni_deska/obsah265_2.pdf&original=Usneseni_07_2019.pdf https://web.archive.org/web/20191217130340/http://www.mcnedvezi.cz:80/kontakty/ https://www.mcnedvezi.cz/urad-2/samosprava/zastupitele-v-minulych-letech/,medium,False,BEZPP,
A,Praha-Nedvězí,2022,2022-10-01,2099-12-31,month,bez PP,Sdružení nezávislých kandidátů Nedvězí (SNK),no rada,https://www.novinky.cz/p/vysledky-voleb/2022/komunalni-volby/obvod/538531-praha-nedvezi https://www.mcnedvezi.cz/urad-2/samosprava/zastupitele-v-minulych-letech/ https://cs.wikipedia.org/wiki/Nedv%C4%9Bz%C3%AD_u_%C5%98%C3%AD%C4%8Dan,medium,False,BEZPP,
A,Praha-Vinoř,2014,2014-11-06,2018-10-31,day,ODS,ODS,no rada,https://www.praha-vinor.cz/wp-content/uploads/2019/07/Zapis_ZMC_Praha_Vinor_6_11_2014.pdf https://web.archive.org/web/2024/https://www.volby.cz/pls/kv2014/kv21111?xjazyk=CZ&xid=1&xv=23&xdz=5&xnumnuts=1100&xobec=539007&xstrana=0&xstat=0&xodkaz=1 https://www.novinky.cz/p/vysledky-voleb/2018/komunalni-volby/obvod/539007-praha-vinor,medium,False,ODS,ODS
A,Praha-Vinoř,2018,2018-10-31,2022-10-01,day,bez PP,SDRUŽENÍ PRO VINOŘ (nominated by STAN),SDRUŽENÍ PRO VINOŘ; ODS,https://web.archive.org/web/20190822163204/https://www.praha-vinor.cz/mestska-cast/rada/ https://web.archive.org/web/2025/https://www.volby.cz/pls/kv2018/kv21111?xjazyk=CZ&xid=1&xv=23&xdz=5&xnumnuts=1100&xobec=539007&xstrana=0&xstat=0&xodkaz=1,high,False,BEZPP,STAN
A,Praha-Vinoř,2022,2022-10-01,2025-01-01,month,STAN,SDRUŽENÍ PRO VINOŘ (STAN a NK),SDRUŽENÍ PRO VINOŘ; ODS,https://web.archive.org/web/20230208235425/https://www.praha-vinor.cz/mestska-cast/rada/ https://web.archive.org/web/20241209233257/https://www.praha-vinor.cz/mestska-cast/rada/ https://web.archive.org/web/2025/https://www.volby.cz/pls/kv2022/kv21111?xjazyk=CZ&xid=1&xv=23&xdz=5&xnumnuts=1100&xobec=539007&xstrana=0&xstat=0&xodkaz=1,medium,False,STAN,STAN
A,Praha-Vinoř,2022,2025-01-01,2099-12-31,month,STAN,SDRUŽENÍ PRO VINOŘ (STAN a NK),SDRUŽENÍ PRO VINOŘ; Libeňský mourek,https://web.archive.org/web/20250321205219/https://www.praha-vinor.cz/mestska-cast/rada/ https://www.praha-vinor.cz/mestska-cast/rada/,low,False,STAN,STAN
A,Praha-Lipence,2014,2014-11-05,2018-11-01,day,Pro Prahu,Pro Prahu,Pro Prahu; ODS,https://www.praha-lipence.cz/urad-a-samosprava/zastupitelstvo-mc/zapisy-a-usneseni-zastupitelstva-mc/zapis-a-usneseni-zmc-c1-ustavujiciho-z-5112014-2704.html https://web.archive.org/web/2024/https://www.volby.cz/pls/kv2014/kv21111?xjazyk=CZ&xid=1&xv=23&xdz=5&xnumnuts=1100&xobec=539449&xstrana=0&xstat=0&xodkaz=1,high,False,,
A,Praha-Lipence,2018,2018-11-01,2019-02-26,day,bez PP,Sdružení pro Lipence (SNK),Sdružení pro Lipence; HaFo Lipaňáků,https://www.praha-lipence.cz/urad-a-samosprava/zastupitelstvo-mc/zapisy-a-usneseni-zastupitelstva-mc/zapis-a-usneseni-zmc-praha-lipence-c1-z-1112018-2674.html https://www.praha-lipence.cz/urad-a-samosprava/zastupitelstvo-mc/zapisy-a-usneseni-zastupitelstva-mc/zapis-a-usneseni-c78-2019-102-2019-z-5-zasedani-zastupitelstva-mestske-casti-praha-lipence-dne-2622019-2670.html https://web.archive.org/web/2025/https://www.volby.cz/pls/kv2018/kv21111?xjazyk=CZ&xid=1&xv=23&xdz=5&xnumnuts=1100&xobec=539449&xstrana=0&xstat=0&xodkaz=1,high,False,BEZPP,
A,Praha-Lipence,2018,2019-02-26,2022-10-17,day,bez PP,Sdružení pro Lipence (SNK),Sdružení pro Lipence; HaFo Lipaňáků,https://www.praha-lipence.cz/urad-a-samosprava/zastupitelstvo-mc/zapisy-a-usneseni-zastupitelstva-mc/zapis-a-usneseni-c78-2019-102-2019-z-5-zasedani-zastupitelstva-mestske-casti-praha-lipence-dne-2622019-2670.html https://web.archive.org/web/20190820213112/https://www.praha-lipence.cz/urad-a-samosprava/rada-mc/rada-mc-praha-lipence/,high,False,BEZPP,
A,Praha-Lipence,2022,2022-10-17,2099-12-31,day,bez PP,Sdružení pro Lipence (SNK),Sdružení pro Lipence; HaFo Lipaňáků,https://www.praha-lipence.cz/urad-a-samosprava/zastupitelstvo-mc/zapisy-a-usneseni-zastupitelstva-mc/zapis-a-usneseni-c-1-2022-az-c-43-2022-z-ustavujiciho-1-zasedani-zastupitelstva-mestske-casti-praha-lipence-konaneho-dne-17-10-2022-4090.html https://www.praha-lipence.cz/urad-a-samosprava/rada-mc/rada-mc-praha-lipence/ https://web.archive.org/web/2025/https://www.volby.cz/pls/kv2022/kv21111?xjazyk=CZ&xid=1&xv=23&xdz=5&xnumnuts=1100&xobec=539449&xstrana=0&xstat=0&xodkaz=1,high,False,BEZPP,
A,Praha-Lochkov,2014,2014-11-01,2018-11-01,month,bez PP,Sdružení Lochkov 2014 (SNK),no rada,https://web.archive.org/web/2024/https://www.volby.cz/pls/kv2014/kv21111?xjazyk=CZ&xid=1&xv=23&xdz=5&xnumnuts=1100&xobec=539465&xstrana=0&xstat=0&xodkaz=1 https://cs.wikipedia.org/wiki/Lochkov https://www.novinky.cz/p/vysledky-voleb/2018/komunalni-volby/obvod/539465-praha-lochkov,low,False,BEZPP,
A,Praha-Lochkov,2018,2018-11-01,2022-10-01,month,bez PP,Sdružení Lochkov 2018 (SNK),no rada,https://web.archive.org/web/2025/https://www.volby.cz/pls/kv2018/kv21111?xjazyk=CZ&xid=1&xv=23&xdz=5&xnumnuts=1100&xobec=539465&xstrana=0&xstat=0&xodkaz=1 https://cs.wikipedia.org/wiki/Lochkov,medium,False,BEZPP,
A,Praha-Lochkov,2022,2022-10-01,2099-12-31,month,bez PP,Sdružení Lochkov 2022 (SNK),no rada,https://www.praha-lochkov.cz/urad-a-samosprava/zastupitelstvo/clenove-zastupitelstva/ https://web.archive.org/web/2025/https://www.volby.cz/pls/kv2022/kv21111?xjazyk=CZ&xid=1&xv=23&xdz=5&xnumnuts=1100&xobec=539465&xstrana=0&xstat=0&xodkaz=1,medium,False,BEZPP,
A,Praha-Přední Kopanina,2014,2014-11-01,2018-10-27,month,bez PP,Za Kopaninu krásnější (SNK),no rada,https://web.archive.org/web/2024/https://www.volby.cz/pls/kv2014/kv21111?xjazyk=CZ&xid=1&xv=23&xdz=5&xnumnuts=1100&xobec=539589&xstrana=0&xstat=0&xodkaz=1 https://cs.wikipedia.org/wiki/P%C5%99edn%C3%AD_Kopanina,low,False,BEZPP,
A,Praha-Přední Kopanina,2018,2018-10-27,2022-10-20,day,bez PP,Za Kopaninu krásnější (SNK),no rada,https://web.archive.org/web/20240615172429/http://www.prednikopanina.cz/wp-content/uploads/2018/11/Zapis_z_ustavujiciho_zasedani_ZMC.pdf https://web.archive.org/web/2025/https://www.volby.cz/pls/kv2018/kv21111?xjazyk=CZ&xid=1&xv=23&xdz=5&xnumnuts=1100&xobec=539589&xstrana=0&xstat=0&xodkaz=1,high,False,BEZPP,
A,Praha-Přední Kopanina,2022,2022-10-20,2099-12-31,day,STAN,ZA KOPANINU KRÁSNĚJŠÍ S PODPOROU STAN,no rada,https://web.archive.org/web/2023/http://www.prednikopanina.cz/wp-content/uploads/2022/10/SKM_C22722102615330.pdf https://web.archive.org/web/2025/https://www.volby.cz/pls/kv2022/kv21111?xjazyk=CZ&xid=1&xv=23&xdz=5&xnumnuts=1100&xobec=539589&xstrana=0&xstat=0&xodkaz=1,high,False,STAN,STAN
A,Praha-Řeporyje,2014,2014-11-01,2018-11-05,month,bez PP,SNK Řeporyje (nominated by STAN),no rada,https://cs.wikipedia.org/wiki/Pavel_Novotn%C3%BD_(novin%C3%A1%C5%99) https://web.archive.org/web/2024/https://www.volby.cz/pls/kv2014/kv21111?xjazyk=CZ&xid=1&xv=23&xdz=5&xnumnuts=1100&xobec=539635&xstrana=0&xstat=0&xodkaz=1,low,False,BEZPP,STAN
A,Praha-Řeporyje,2018,2018-11-05,2022-11-07,day,ODS,ODS,no rada,https://cs.wikipedia.org/wiki/Pavel_Novotn%C3%BD_(novin%C3%A1%C5%99) https://web.archive.org/web/2025/https://www.volby.cz/pls/kv2018/kv21111?xjazyk=CZ&xid=1&xv=23&xdz=5&xnumnuts=1100&xobec=539635&xstrana=0&xstat=0&xodkaz=1 https://www.novinky.cz/p/vysledky-voleb/2018/komunalni-volby/obvod/539635-praha-reporyje,medium,False,ODS,ODS
A,Praha-Řeporyje,2022,2022-11-07,2025-06-16,day,ODS,ODS,no rada,https://www.prahareporyje.cz/samosprava/zastupitelstvo https://prahareporyje.cz/aktuality/ustavujici-zasedani-zastupitelstva-mestske-casti-praha-reporyje-07-11-2022-13-00 https://cs.wikipedia.org/wiki/Pavel_Novotn%C3%BD_(novin%C3%A1%C5%99),medium,False,ODS,ODS
A,Praha-Řeporyje,2022,2025-06-16,2099-12-31,day,TOP 09,TOP 09,no rada,https://www.prahareporyje.cz/samosprava/zastupitelstvo https://cs.wikipedia.org/wiki/Praha-%C5%98eporyje https://web.archive.org/web/2025/https://www.volby.cz/pls/kv2022/kv21111?xjazyk=CZ&xid=1&xv=23&xdz=5&xnumnuts=1100&xobec=539635&xstrana=0&xstat=0&xodkaz=1,medium,False,TOP 09,TOP 09
A,Praha-Slivenec,2014,2014-11-03,2018-10-29,day,STAN,STAROSTOVÉ A NEZÁVISLÍ,no rada,https://web.archive.org/web/2016/http://www.praha-slivenec.cz/usneseni/1-zasedani-zastupitelstva-3-11-2014/ https://web.archive.org/web/2024/https://www.volby.cz/pls/kv2014/kv21111?xjazyk=CZ&xid=1&xv=23&xdz=5&xnumnuts=1100&xobec=539678&xstrana=0&xstat=0&xodkaz=1 https://cs.wikipedia.org/wiki/Jana_Plam%C3%ADnkov%C3%A1,medium,False,STAN,STAN
A,Praha-Slivenec,2018,2018-10-29,2022-10-01,day,STAN,STAROSTOVÉ A NEZÁVISLÍ,no rada,https://web.archive.org/web/20190915080930/http://www.praha-slivenec.cz/usneseni/1-ustavujici-zasedani-zastupitelstva-29-10-2018/ https://web.archive.org/web/2025/https://www.volby.cz/pls/kv2018/kv21111?xjazyk=CZ&xid=1&xv=23&xdz=5&xnumnuts=1100&xobec=539678&xstrana=0&xstat=0&xodkaz=1,high,False,STAN,STAN
A,Praha-Slivenec,2022,2022-10-01,2099-12-31,month,STAN,STAROSTOVÉ A NEZÁVISLÍ,no rada,https://web.archive.org/web/2025/https://www.volby.cz/pls/kv2022/kv21111?xjazyk=CZ&xid=1&xv=23&xdz=5&xnumnuts=1100&xobec=539678&xstrana=0&xstat=0&xodkaz=1 https://www.novinky.cz/p/vysledky-voleb/2022/komunalni-volby/obvod/539678-praha-slivenec https://cs.wikipedia.org/wiki/Praha-Slivenec,medium,False,STAN,STAN
A,Praha-Zličín,2014,2014-11-01,2018-10-31,month,Pro Prahu,Pro Prahu,Pro Prahu; Občané pro Zličín a Sobín; STAROSTOVÉ A NEZÁVISLÍ,https://web.archive.org/web/20160207210555/http://www.mczlicin.cz:80/index.php?menu=3&obsah=rada https://web.archive.org/web/2024/https://www.volby.cz/pls/kv2014/kv21111?xjazyk=CZ&xid=1&xv=23&xdz=5&xnumnuts=1100&xobec=539899&xstrana=0&xstat=0&xodkaz=1,medium,False,,
A,Praha-Zličín,2018,2018-10-31,2022-10-19,day,bez PP,Pro Zličín a Sobín (SNK),Pro Zličín a Sobín; STAROSTOVÉ A NEZÁVISLÍ,https://www.mczlicin.cz/assets/File.ashx?id_org=80135&id_dokumenty=3147 https://web.archive.org/web/2025/https://www.volby.cz/pls/kv2018/kv21111?xjazyk=CZ&xid=1&xv=23&xdz=5&xnumnuts=1100&xobec=539899&xstrana=0&xstat=0&xodkaz=1,high,False,BEZPP,
A,Praha-Zličín,2022,2022-10-19,2099-12-31,day,bez PP,Pro Zličín a Sobín (SNK),Pro Zličín a Sobín,https://www.mczlicin.cz/assets/File.ashx?id_org=80135&id_dokumenty=6787 https://www.mczlicin.cz/clenove%2Drmc/os-1004/p1=2765 https://web.archive.org/web/2025/https://www.volby.cz/pls/kv2022/kv21111?xjazyk=CZ&xid=1&xv=23&xdz=5&xnumnuts=1100&xobec=539899&xstrana=0&xstat=0&xodkaz=1,high,False,BEZPP,
A,Praha-Troja,2014,2014-11-06,2018-11-01,day,bez PP,TROJSKÝ KŮŇ 2014 (SNK),no rada,https://www.mctroja.cz/files/art/523/files/zapis-z-ustavujiciho-zasedani-zmc-6.11.2014.pdf https://web.archive.org/web/2024/https://www.volby.cz/pls/kv2014/kv21111?xjazyk=CZ&xid=1&xv=23&xdz=5&xnumnuts=1100&xobec=547328&xstrana=0&xstat=0&xodkaz=1,high,False,BEZPP,
A,Praha-Troja,2018,2018-11-01,2022-10-18,month,bez PP,TROJSKÝ KŮŇ 2018 – SNK a STAN,no rada,https://www.novinky.cz/p/vysledky-voleb/2018/komunalni-volby/obvod/547328-praha-troja https://www.mctroja.cz/files/mc-troja-zapis-z-ustavujiciho-zasedani-zastupitelstva-mestske-casti-praha-troja-18-10-2022-1136.pdf https://web.archive.org/web/2025/https://www.volby.cz/pls/kv2018/kv21111?xjazyk=CZ&xid=1&xv=23&xdz=5&xnumnuts=1100&xobec=547328&xstrana=0&xstat=0&xodkaz=1,medium,False,BEZPP,STAN
A,Praha-Troja,2022,2022-10-18,2099-12-31,day,bez PP,TROJSKÝ KŮŇ 2022 (SNK),no rada,https://www.mctroja.cz/files/mc-troja-zapis-z-ustavujiciho-zasedani-zastupitelstva-mestske-casti-praha-troja-18-10-2022-1136.pdf https://web.archive.org/web/2025/https://www.volby.cz/pls/kv2022/kv21111?xjazyk=CZ&xid=1&xv=23&xdz=5&xnumnuts=1100&xobec=547328&xstrana=0&xstat=0&xodkaz=1,high,False,BEZPP,
A,Praha-Kunratice,2014,2014-11-26,2018-11-05,day,Hnutí Praha-Kunratice,Hnutí Praha-Kunratice,no rada,https://www.praha-kunratice.cz/sites/default/files/soubory/01_zmc_usneseni_26_11_2014.docx https://www.praha-kunratice.cz/zasedani-zastupitelstva/1848-1-ustavujici-zasedani-z-26112014 https://web.archive.org/web/2024/https://www.volby.cz/pls/kv2014/kv21111?xjazyk=CZ&xid=1&xv=23&xdz=5&xnumnuts=1100&xobec=547042&xstrana=0&xstat=0&xodkaz=1,high,False,,
A,Praha-Kunratice,2018,2018-11-05,2022-10-17,day,Hnutí Praha-Kunratice,"Hnutí Praha-Kunratice s podporou Starostů a nezávislých (koalice STAN, HPK)",no rada,https://www.praha-kunratice.cz/zasedani-zastupitelstva/3715-1-ustavujici-zasedani-zastupitelstva-mc-praha-kunratice-ze-dne-5112018 https://web.archive.org/web/2025/https://www.volby.cz/pls/kv2018/kv21111?xjazyk=CZ&xid=1&xv=23&xdz=5&xnumnuts=1100&xobec=547042&xstrana=0&xstat=0&xodkaz=1 https://www.novinky.cz/p/vysledky-voleb/2018/komunalni-volby/obvod/547042-praha-kunratice,medium,False,,STAN
A,Praha-Kunratice,2022,2022-10-17,2099-12-31,day,Hnutí Praha-Kunratice,Hnutí Praha-Kunratice,no rada,https://www.praha-kunratice.cz/zasedani-zastupitelstva/5823-1-zasedani-zastupitelstva-mc-praha-kunratice-dne-17-10-2022 https://web.archive.org/web/2025/https://www.volby.cz/pls/kv2022/kv21111?xjazyk=CZ&xid=1&xv=23&xdz=5&xnumnuts=1100&xobec=547042&xstrana=0&xstat=0&xodkaz=1 https://cs.wikipedia.org/wiki/Praha-Kunratice,medium,False,,
A,Praha-Libuš,2014,2014-11-05,2018-11-01,day,TOP 09,TOP 09 a nezávislí kandidáti,TOP 09 a nezávislí kandidáti; ČSSD,https://www.praha-libus.cz/sites/default/files/zapis/2014/11/_z_5_11_2014_overeny.pdf https://web.archive.org/web/2024/https://www.volby.cz/pls/kv2014/kv21111?xjazyk=CZ&xid=1&xv=23&xdz=5&xnumnuts=1100&xobec=547051&xstrana=0&xstat=0&xodkaz=1,high,False,TOP 09,TOP 09
A,Praha-Libuš,2018,2018-11-01,2022-10-18,month,TOP 09,"Spojené síly pro Libuš a Písnici – TOP 09, STAN a nezávislí kandidáti","Spojené síly pro Libuš a Písnici (TOP 09, STAN a NK)",https://www.praha-libus.cz/sites/default/files/zapis/2018/11/usneseni_rady_2018_11_07.pdf https://web.archive.org/web/2025/https://www.volby.cz/pls/kv2018/kv21111?xjazyk=CZ&xid=1&xv=23&xdz=5&xnumnuts=1100&xobec=547051&xstrana=0&xstat=0&xodkaz=1,high,False,TOP 09,TOP 09
A,Praha-Libuš,2022,2022-10-18,2023-11-07,day,bez PP,"SPOLEČNĚ PRO LIBUŠ A PÍSNICI – koalice ODS, KDU-ČSL a NK (nominated by KDU-ČSL)","SPOLEČNĚ PRO LIBUŠ A PÍSNICI (ODS, KDU-ČSL, NK); Patrioti Libuše a Písnice (ANO 2011, ČSSD a NK)",https://www.praha-libus.cz/sites/default/files/zapis/2022/10/usneseni_zastupitelstva_2022_10_18.pdf https://web.archive.org/web/2025/https://www.volby.cz/pls/kv2022/kv21111?xjazyk=CZ&xid=1&xv=23&xdz=5&xnumnuts=1100&xobec=547051&xstrana=0&xstat=0&xodkaz=1 https://www.novinky.cz/p/vysledky-voleb/2022/komunalni-volby/obvod/547051-praha-libus,high,False,BEZPP,ODS
A,Praha-Libuš,2022,2023-11-16,2099-12-31,day,bez PP,"Spojené síly pro Libuš a Písnici – TOP 09, STAN a NK (nominated by STAN in 2018; 2022 nomination not verified)","Spojené síly pro Libuš a Písnici (TOP 09, STAN, NK); Patrioti Libuše a Písnice (ANO 2011, ČSSD a NK)",https://www.praha-libus.cz/sites/default/files/zapis/2023/11/usneseni_zastupitelstva_2023_11_07_2023_11_16.pdf https://www.praha-libus.cz/skupina-osob/7974-rada-mc,medium,False,BEZPP,TOP 09
A,Praha-Šeberov,2014,2014-11-10,2017-01-30,day,TOP 09,TOP 09,TOP 09; Náš Domov – dobrá adresa,https://web.archive.org/web/2024/http://www.seberov.cz/upload/zapisy/usneseni_93_Ustavuj%C3%ADc%C3%AD%2011-2014.pdf https://web.archive.org/web/20170407102540/http://www.seberov.cz:80/samosprava/rada-mc.htm https://web.archive.org/web/2024/https://www.volby.cz/pls/kv2014/kv21111?xjazyk=CZ&xid=1&xv=23&xdz=5&xnumnuts=1100&xobec=539724&xstrana=0&xstat=0&xodkaz=1,high,False,TOP 09,TOP 09
A,Praha-Šeberov,2014,2017-01-30,2018-11-08,day,Pro Prahu (member per 2014 candidate data; not verified for 2017),Pro lepší obec (nominated by Pro Prahu),Pro lepší obec; ODS; TOP 09 (list),https://web.archive.org/web/20170407102540/http://www.seberov.cz:80/samosprava/rada-mc.htm https://web.archive.org/web/2024/https://www.volby.cz/pls/kv2014/kv21111?xjazyk=CZ&xid=1&xv=23&xdz=5&xnumnuts=1100&xobec=539724&xstrana=0&xstat=0&xodkaz=1,high,False,,
A,Praha-Šeberov,2018,2018-11-08,2022-10-17,day,bez PP,PRO LEPŠÍ OBEC (SNK),PRO LEPŠÍ OBEC; SNK Pro Hrnčíře a Šeberov; DOBŘÍ SOUSEDÉ s podporou ODS,https://www.seberov.cz/samosprava/zastupitelstvo-mc/usneseni-a-zapisy-zmc/usneseni-a-zapisy-zmc-uz-1187.html https://web.archive.org/web/20190104045536/http://www.seberov.cz/samosprava/rada-mc.htm https://web.archive.org/web/2025/https://www.volby.cz/pls/kv2018/kv21111?xjazyk=CZ&xid=1&xv=23&xdz=5&xnumnuts=1100&xobec=539724&xstrana=0&xstat=0&xodkaz=1,high,False,BEZPP,
A,Praha-Šeberov,2022,2022-10-17,2099-12-31,day,bez PP,PRO LEPŠÍ OBEC A STAN (nominated by STAN),PRO LEPŠÍ OBEC a STAN,https://www.seberov.cz/samosprava/zastupitelstvo-mc/usneseni-a-zapisy-zmc/usneseni-a-zapisy-zmc-uz-1212.html https://www.seberov.cz/samosprava/rada-mc/ https://www.novinky.cz/p/vysledky-voleb/2022/komunalni-volby/obvod/539724-praha-seberov,high,False,BEZPP,STAN
A,Praha-Újezd,2014,2014-11-01,2018-11-01,month,Pro Prahu,Pro Prahu,no rada,https://web.archive.org/web/2024/https://www.volby.cz/pls/kv2014/kv21111?xjazyk=CZ&xid=1&xv=23&xdz=5&xnumnuts=1100&xobec=539791&xstrana=0&xstat=0&xodkaz=1 https://cs.wikipedia.org/wiki/%C3%9Ajezd_u_Pr%C5%AFhonic,medium,False,,
A,Praha-Újezd,2018,2018-11-01,2022-10-19,month,Pro Prahu,PRO PRAHU,no rada,https://www.novinky.cz/p/vysledky-voleb/2018/komunalni-volby/obvod/539791-praha-ujezd https://cs.wikipedia.org/wiki/%C3%9Ajezd_u_Pr%C5%AFhonic,medium,False,,
A,Praha-Újezd,2022,2022-10-19,2099-12-31,day,ODS,ODS,no rada,https://praha-ujezd.cz/zapis/zapis-c-1-2022-z-ustavujiciho-zasedani-zmc-ze-dne-19-10-2022/ https://www.novinky.cz/p/vysledky-voleb/2022/komunalni-volby/obvod/539791-praha-ujezd,medium,False,ODS,ODS
B,Praha 1,2014,2014-11-25,2018-11-19,day,TOP 09,TOP 09,TOP 09;ČSSD;ODS,https://prazsky.denik.cz/zpravy-region/starostou-prahy-1-byl-opet-zvolen-oldrich-lomecky-z-top-09/ https://cs.wikipedia.org/wiki/Old%C5%99ich_Lomeck%C3%BD https://archiv.prahatv.eu/zpravy/praha/praha-1/599/v-cele-prahy-1-zustava-oldrich-lomecky,medium,False,TOP 09,TOP 09
B,Praha 1,2018,2018-11-19,2020-01-14,day,bez PP (not verified),Praha 1 sobě,"Praha 1 sobě;My, co tady žijeme (STAN+KDU-ČSL+independents);Piráti;Zelená pro jedničku (SZ)",https://www.praha1.cz/praha-1-ma-nove-vedeni/ https://prazsky.denik.cz/zpravy_region/starostou-prahy-1-je-pavel-cizinsky-dostal-22-z-23-hlasu-zastupitelu-20181119.html https://www.prazskypatriot.cz/novym-starostou-prahy-1-se-stal-pavel-cizinsky-zmena-zacina-rekl-po-zvoleni/,high,False,BEZPP,
B,Praha 1,2018,2020-01-14,2022-11-09,day,STAN,"My, co tady žijeme (STAN+KDU-ČSL+independents)","My, co tady žijeme (STAN+KDU-ČSL+Iniciativa občanů);TOP 09;ODS;ANO",https://www.praha1.cz/praha-1-si-zvolila-nove-vedeni/ https://www.seznamzpravy.cz/clanek/praha-1-zmeni-vedeni-novy-starosta-hejma-se-domluvil-s-top-09-ods-a-ano-86352 https://zpravy.aktualne.cz/regiony/praha/praha-1-ma-novou-a-nezvyklou-koalici-v-centru-metropole-povl/r~cada779836d211ea9b40ac1f6b220ee8/,high,False,STAN,KDU-ČSL
B,Praha 1,2022,2022-11-09,2099-12-31,day,TOP 09,TOP 09,TOP 09;ODS;Piráti a občané z Prahy 1;Naše Praha 1 (ANO);Rezidenti 1,https://www.prazskypatriot.cz/praha-1-ma-nove-vedeni-sirokou-koalici-vede-starostka-radomerska-z-top-09/ https://www.praha1.cz/politicka-reprezentace/rada/clenove-rady/ https://cs.wikipedia.org/wiki/Terezie_Radom%C4%9B%C5%99sk%C3%A1 https://echo24.cz/a/Sc2AZ/zpravy-domaci-praha-1-koalice-volby-terezie-radomerska,high,False,TOP 09,TOP 09
B,Praha 2,2014,2014-11-07,2018-11-05,day,ODS,ODS,ODS;TOP 09;OSB (Občané spokojeně bydlící),https://www.nasepraha.cz/starostkou-prahy-2-je-opet-jana-cernochova/ https://prazsky.denik.cz/zpravy_region/starostkou-prahy-2-byla-opet-zvolena-jana-cernochova-20141107.html,high,False,ODS,ODS
B,Praha 2,2018,2018-11-05,2021-12-20,day,ODS,ODS,ODS;TOP 09;ANO;OSB,https://www.praha2.cz/assets/File.ashx?id_org=80102&id_dokumenty=27914 https://www.prazskypatriot.cz/v-praze-2-zustane-vladnout-koalice-ods-top-09-a-ano-starostkou-bude-alexandra-udzenija/,medium,False,ODS,ODS
B,Praha 2,2018,2021-12-20,2022-10-17,day,ODS,ODS,ODS;TOP 09;ANO;OSB,https://www.irozhlas.cz/zpravy-domov/jana-cernochova-udzenija-praha-2-zastupitelstvo-starostka-ministerstvo-obrany_2112201629_ban https://www.novinky.cz/clanek/domaci-novou-starostkou-prahy-2-je-udzenija-strida-cernochovou-40381756,high,False,ODS,ODS
B,Praha 2,2022,2022-10-17,2023-06-19,day,ODS,Společně pro Prahu 2 (ODS a TOP 09),Společně pro Prahu 2 (ODS+TOP 09);ANO,https://www.prazskypatriot.cz/zastupitele-prahy-2-zvolili-vedeni-mestske-casti-starostkou-je-opet-udzenija-z-ods/ https://ct24.ceskatelevize.cz/clanek/regiony/hlavni-mesto-praha/prahu-2-povede-ods-top-09-a-ano-starostkou-zustane-udzenija-16050 https://prazska.drbna.cz/politika/10213-starostkou-prahy-2-je-znovu-udzenija-byla-zvolena-s-podporou-spd-nelibi-se-piratum.html,medium,False,ODS,TOP 09
B,Praha 2,2022,2023-06-19,2099-12-31,day,ODS,Společně pro Prahu 2 (ODS a TOP 09),Společně pro Prahu 2 (ODS+TOP 09);ANO,https://www.praha2.cz/jan-korseska-se-stal-novym-starostou-mc-praha-2-vystridal-tak-svou-stranickou-kolegyni-alexandru-udzenija/d-116351/p1=28204 https://www.irozhlas.cz/zpravy-domov/praha-primator-starostka-rezignace-alexandra-udzenija_2306191803_jar https://www.praha2.cz/rada-mc-praha-2/os-1270,high,False,ODS,TOP 09
B,Praha 3,2014,2014-11-04,2018-06-12,day,TOP 09 (left party May 2018; bez PP thereafter),TOP 09,TOP 09;ODS;ČSSD;Volba pro město,https://archiv.prahatv.eu/zpravy/praha/vsechny-mestske-casti/516/starostkou-prahy-3-bude-znovu-vladislava-hujova https://cs.wikipedia.org/wiki/Vladislava_Hujov%C3%A1 https://www.prazskypatriot.cz/v-praze-3-vznikla-nova-koalice-odvolanou-starostku-hujovou-nahradil-v-cele-radnice-bellu-z-ods/,medium,False,TOP 09,TOP 09
B,Praha 3,2014,2018-06-12,2018-11-20,day,ODS,ODS,ODS;TOP 09;ČSSD;Volba pro město;KDU-ČSL;Svobodní;STAN,https://www.prazskypatriot.cz/v-praze-3-vznikla-nova-koalice-odvolanou-starostku-hujovou-nahradil-v-cele-radnice-bellu-z-ods/ https://zpravy.aktualne.cz/regiony/praha/v-praze-3-se-zmenila-koalice-starostku-hujovou-nahradil-bell/r~9c721e5c6e5a11e89f2fac1f6b220ee8/ https://cs.wikipedia.org/wiki/Alexander_Bellu,high,False,ODS,ODS
B,Praha 3,2018,2018-11-20,2022-11-29,day,TOP 09,TOP 09 a Starostové (TOP 09+STAN),TOP 09+STAN;Piráti;Zelení (SZ),https://www.praha3.cz/aktualne-z-trojky/zpravy/praha-3-ma-novou-radu-mestske-casti-n754768.htm https://www.kauza3.cz/kauzy/kauza-radnice/praha-3-ma-zcela-noveho-starostu-i-vladni-koalici-16-hodin-superman-rut-a-iluminati-z-kauzy3.html https://cs.wikipedia.org/wiki/Ji%C5%99%C3%AD_Pt%C3%A1%C4%8Dek,high,False,TOP 09,TOP 09
B,Praha 3,2022,2022-11-29,2099-12-31,day,TOP 09,TOP 09 (joint list with STAN not verified),TOP 09;STAN;Piráti;Praha 3 sobě;Zelení (SZ),https://ct24.ceskatelevize.cz/clanek/regiony/hlavni-mesto-praha/praha-3-ma-noveho-starostu-vronsky-povede-radu-s-tesnou-vetsinou-12812 https://www.praha3.cz/samosprava/rada https://praha.pirati.cz/aktuality/pirati-pokracuji-ve-vedeni-prahy-3-v-nove-rade-je-marhounova-a-bartko/,high,False,TOP 09,TOP 09
B,Praha 4,2014,2014-11-26,2015-03-20,month,SZ,Trojkoalice (SZ+KDU-ČSL+STAN),Trojkoalice (SZ+KDU-ČSL+STAN);TOP 09;ČSSD,https://www.echo24.cz/a/ickZy/starostou-prahy-4-byl-zvolen-stepanek-ze-strany-zelenych https://cs.wikipedia.org/wiki/Petr_%C5%A0t%C4%9Bp%C3%A1nek_(1965) https://www.nasepraha.cz/novym-starostou-prahy-4-je-petr-stepanek/,high,False,SZ,KDU-ČSL
B,Praha 4,2014,2015-03-20,2018-11-16,month,SZ,Trojkoalice (SZ+KDU-ČSL+STAN),Trojkoalice (SZ+KDU-ČSL+STAN);ODS;ANO (breakaway group around Viktor Janouškovec);Pro Prahu,https://www.prazskypatriot.cz/koalice-v-praze-4-vydrzela-jen-par-mesicu-trojkoalice-se-rozkmotrila-s-top-09-a-cssd/ https://zpravy.aktualne.cz/regiony/praha/v-praze-4-se-rozpadla-koalice-trojkoalice-top-09-a-cssd/r~c098c6c8cf0c11e485d7002590604f2e/ https://prazsky.denik.cz/zpravy-region/opozice-prahy-4-naplanovala-odvolani-starosty-stepanka/ https://www.mojecelebrity.cz/clanek/trojkoalice-praha-musi-zacit-stavet-obecni-byty-616856,low,False,SZ,KDU-ČSL
B,Praha 4,2018,2018-11-16,2019-04-24,day,SZ,Praha 4 sobě – Zelení a nezávislí,Piráti;Praha 4 sobě (SZ+independents);Společně pro Prahu 4 (STAN+KDU-ČSL),https://www.prazskypatriot.cz/staronovym-starostou-prahy-4-se-stal-petr-stepanek/ https://nasregion.cz/petr-stepanek-byl-napodruhe-zvolen-starostou-prahy-4-71825/ https://ct24.ceskatelevize.cz/clanek/regiony/starostou-prahy-4-zustane-predseda-zelenych-petr-stepanek-i-kdyz-volby-tesne-vyhrali-pirati-73837 https://cs.wikipedia.org/wiki/Praha_4,high,False,SZ,SZ
B,Praha 4,2018,2019-04-24,2022-11-09,day,ANO,ANO,"ANO;ODS;TOP 09;KDU-ČSL (Josef Svoboda, elected on Společně pro Prahu 4)",https://www.prazskypatriot.cz/novou-starostkou-prahy-4-se-stala-michalcova-z-ano-vystridala-odvolaneho-stepanka/ https://cs.wikipedia.org/wiki/Irena_Michalcov%C3%A1 https://prazsky.denik.cz/zpravy-region/starosta-prahy-4-byl-odvolan-za-rozpad-koalice-muze-rebel-svoboda/,high,False,ANO,ANO
B,Praha 4,2022,2022-11-09,2099-12-31,day,ODS,Společně (ODS+TOP 09),Společně (ODS+TOP 09);ANO,https://www.prazskypatriot.cz/praha-4-ma-nove-vedeni-starostou-se-stal-ondrej-kubin-z-ods/ https://prazska.drbna.cz/zpravy/politika/10409-novym-starostou-prahy-4-je-ondrej-kubin-chce-se-zamerit-na-hospodareni.html https://archiv.prahatv.eu/zpravy/praha/praha/17532/praha-4-si-zvolila-sveho-starostu,medium,False,ODS,TOP 09
B,Praha 5,2014,2014-11-21,2016-04-28,day,TOP 09,TOP 09,TOP 09;ČSSD;KDU-ČSL;SZ,https://www.top09.cz/regiony/praha/tiskove-zpravy/radek-klima-zvolen-starostou-prahy-5-17361.html https://zpravy.aktualne.cz/domaci/starosta-prahy-5-zrejme-konci-odvolat-ho-chce-jeho-vlastni-s/r~e435e35cfff911e698c20025900fea04/,high,False,TOP 09,TOP 09
B,Praha 5,2014,2016-04-28,2017-03-30,day,TOP 09,TOP 09,TOP 09;ANO;ODS;KDU-ČSL;Demokraté Jana Kasla,https://praha5.zeleni.cz/jancikovsky-styl-vladnuti-se-vraci-na-prahu-5/ https://praha.zeleni.cz/volba-noveho-starosty-prahy-5-stara-hra-v-novem-obsazeni/ https://www.euro.cz/clanky/prahu-5-vede-novy-starosta-pavel-richter-nahradil-radka-klimu-1339468/,medium,False,TOP 09,TOP 09
B,Praha 5,2014,2017-03-30,2018-11-13,day,TOP 09,TOP 09,TOP 09;ANO;ODS;KDU-ČSL;Demokraté Jana Kasla,https://www.e15.cz/domaci/starostou-prahy-5-se-stal-pavel-richter-predchozi-ztratil-duveru-1330609 https://cs.wikipedia.org/wiki/Pavel_Richter_(politik) https://praha.zeleni.cz/volba-noveho-starosty-prahy-5-stara-hra-v-novem-obsazeni/,high,False,TOP 09,TOP 09
B,Praha 5,2018,2018-11-13,2019-09-17,day,Piráti,Piráti,Piráti;ODS;ANO;SNOP 5,https://www.prazskypatriot.cz/starostou-prahy-5-byl-zvolen-pirat-mazur-podporila-ho-i-opozice/ https://cs.wikipedia.org/wiki/Daniel_Mazur https://ekonomickydenik.cz/nova-koalice-praze-5-podepsala-smlouvu-rady-jde-ano-pirati-snop5-ods/,medium,False,Piráti,Piráti
B,Praha 5,2018,2019-09-17,2022-11-08,day,ODS,ODS,ODS;ANO;TOP 09;STAN;SNOP 5,https://www.euro.cz/clanky/v-cele-prahy-5-skoncila-dosavadni-rada-zastupitele-odvolali-i-starostu-mazura-1466548/ https://cs.wikipedia.org/wiki/Ren%C3%A1ta_Zaj%C3%AD%C4%8Dkov%C3%A1,medium,False,ODS,ODS
B,Praha 5,2022,2022-11-08,2023-09-12,day,bez PP,PRAHA 5 SOBĚ,PRAHA 5 SOBĚ;Piráti;SEN 21,https://cs.wikipedia.org/wiki/Jaroslav_Pa%C5%A1mik https://www.prazskypatriot.cz/v-cele-prahy-5-skonci-pasmik-starostkou-bude-pravnicka-simkova/,medium,False,BEZPP,
B,Praha 5,2022,2023-09-12,2024-12-17,day,bez PP,PRAHA 5 SOBĚ,PRAHA 5 SOBĚ;Piráti;SEN 21,https://www.prazskypatriot.cz/v-cele-prahy-5-skonci-pasmik-starostkou-bude-pravnicka-simkova/ https://www.ods.cz/os.praha5/clanek/26647-ods-praha-5-slaba-koalice-prahy-5-sobe-sen-21-a-piratu-se-na-praze-5-rozpadla-ods-se-vraci-do-vedeni-mestske-casti https://prazsky.denik.cz/zpravy-region/praha-5-rada-starosta-koalice-rozsireni-odvolani/,medium,False,BEZPP,
B,Praha 5,2022,2024-12-17,2025-04-15,day,,,ODS;ANO;TOP 09;STAN,https://www.ods.cz/os.praha5/clanek/26647-ods-praha-5-slaba-koalice-prahy-5-sobe-sen-21-a-piratu-se-na-praze-5-rozpadla-ods-se-vraci-do-vedeni-mestske-casti https://prazsky.denik.cz/zpravy-region/praha-5-rada-starosta-koalice-rozsireni-odvolani/ https://cs.wikipedia.org/wiki/Praha_5,medium,True,,
B,Praha 5,2022,2025-04-15,2099-12-31,day,ODS,ODS,ODS;ANO;TOP 09;STAN;independent (Rattay),https://www.praha5.cz/praha-5-ma-noveho-starostu/ https://www.nasepraha.cz/praha-5-ma-noveho-starostu-v-cele-radnice-stane-dlouholety-politik-ods-lukas-herold/ https://prazsky.denik.cz/zpravy-region/praha-5-novy-starosta-lukas-herold-zastupitelstvo/,high,False,ODS,ODS
B,Praha 6,2014,2014-11-21,2015-11-26,month,TOP 09,TOP 09,TOP 09;ANO;SZ;STAN;KDU-ČSL,https://www.praha6.cz/zpravodajstvi/starostou-prahy-6-se-stal-ondrej-kolar-top-09-2014-11-21_3950.html https://cs.wikipedia.org/wiki/Praha_6,high,False,TOP 09,TOP 09
B,Praha 6,2014,2015-11-26,2018-11-19,month,TOP 09,TOP 09,TOP 09;ANO;STAN;KDU-ČSL,https://zpravy.aktualne.cz/domaci/koalice-v-praze-6-odvolala-radni-ze-strany-zelenych-obcane-s/r~66e224f0951611e5b745002590604f2e/ https://praha6.zeleni.cz/strana-zelenych-odvolana-z-koalice/,medium,False,TOP 09,TOP 09
B,Praha 6,2018,2018-11-19,2022-10-24,day,TOP 09,KLID (TOP 09 + KDU-ČSL),KLID (TOP 09+KDU-ČSL);ODS;STAN,https://prazsky.denik.cz/zpravy_region/starostou-prahy-6-byl-znovu-zvolen-ondrej-kolar-z-top-09-20181119.html https://cs.wikipedia.org/wiki/Praha_6,high,False,TOP 09,TOP 09
B,Praha 6,2022,2022-10-24,2099-12-31,day,ODS,ODS + KDU-ČSL,ODS+KDU-ČSL;STAN (with Zelení);PRAHA 6 SOBĚ,https://www.praha6.cz/zpravodajstvi/starostou-sestky-je-jakub-starek-z-ods_62852.html https://www.praha6.cz/starosta https://ct24.ceskatelevize.cz/clanek/regiony/praha-6-ma-dohodnutou-koalici-bez-dosud-vladnouci-top-09-v-reporyjich-bude-zase-starostou-novotny-15818,high,False,ODS,ODS
B,Praha 7,2014,2014-11-20,2018-11-12,day,KDU-ČSL (membership suspended May 2018),PRAHA 7 SOBĚ (KDU-ČSL + nezávislí),PRAHA 7 SOBĚ;Koalice PRO 7 (SZ-led),https://cs.wikipedia.org/wiki/Jan_%C4%8Ci%C5%BEinsk%C3%BD https://www.e15.cz/domaci/praha-7-je-prvni-radnici-v-praze-ktera-ma-koalici-1128037 https://www.praha7.cz/radnice/voleni-zastupci-mistni-samospravy/zastupitelstvo/,medium,False,KDU-ČSL,KDU-ČSL
B,Praha 7,2018,2018-11-12,2022-11-07,day,bez PP,PRAHA 7 SOBĚ,PRAHA 7 SOBĚ;Piráti a Zelení (SZ),https://www.praha7.cz/zastupitele-prahy-7-zvolili-vedeni-radnice-jan-cizinsky-bude-ve-funkci-starosty-pokracovat/ https://www.irozhlas.cz/zpravy-domov/kdu-csl-jan-cizinsky-trojkoalice-praha-7_1805141846_rez,high,False,BEZPP,
B,Praha 7,2022,2022-11-07,2099-12-31,day,bez PP (PRAHA SOBĚ member from 2024),PRAHA 7 SOBĚ,PRAHA 7 SOBĚ,https://www.praha7.cz/zastupitele-prahy-7-zvolili-vedeni-radnice-starostou-se-potreti-stal-jan-cizinsky/ https://www.praha7.cz/radnice/voleni-zastupci-mistni-samospravy/rada-mc-praha-7/clenove-rady/ https://cs.wikipedia.org/wiki/Praha_sob%C4%9B,high,False,PRAHA SOBĚ,
B,Praha 8,2014,2014-11-26,2018-11-14,day,ČSSD,ČSSD,ANO;ČSSD;SZ,https://www.nasepraha.cz/starostou-prahy-8-je-roman-petrus/ https://cs.wikipedia.org/wiki/Roman_Petrus https://www.metro.cz/praha/starostou-prahy-8-se-stal-roman-petrus-opozice-na-protest-odesla-ze-salu.A141126_163900_co-se-deje_rab,high,False,ČSSD,ČSSD
B,Praha 8,2018,2018-11-14,2022-11-03,day,ODS,ODS,ODS;Spojené síly pro Prahu 8 (TOP 09+STAN);Patrioti pro Prahu 8,https://www.dchabry.cz/aktualita/3615-starostou-prahy-8-byl-zvolen-ondrej-gros https://nasregion.cz/starostou-prahy-8-se-stal-pravnik-gros-71391/ https://cs.wikipedia.org/wiki/Ond%C5%99ej_Gros https://www.zakonyprolidi.cz/judikat/msph/11-a-224-2018-48 https://www.zakonyprolidi.cz/judikat/msph/14-a-216-2018-33,high,False,ODS,ODS
B,Praha 8,2022,2022-11-03,2099-12-31,day,ODS,ODS,ODS;ANO;Společně pro Prahu 8 (TOP 09+STAN);Patrioti pro Prahu 8,https://www.prazskypatriot.cz/starostou-prahy-8-se-podruhe-za-sebou-stal-ondrej-gros-z-ods/ https://www.mesicnikosmicka.cz/12-2022/starostou-prahy-8-je-opet-ondrej-gros https://www.praha8.cz/Rada-mestske-casti-Praha-8.html,high,False,ODS,ODS
B,Praha-Suchdol,2014,2014-11-06,2018-11-15,day,not verified for 2014 (STAN member by 2018),Sdružení občanů Suchdola (SOS),SOS;ANO,https://praha-suchdol.cz/files/suchdolske_listy_0514.pdf https://praha-suchdol.cz/suchdol-stranicky-ci-obcansky/,medium,False,STAN,
B,Praha-Suchdol,2018,2018-11-15,2022-10-20,day,STAN,Sdružení občanů Suchdola (SOS),SOS,https://praha-suchdol.cz/wp-content/uploads/2019/03/suchdolskelisty_04-2018_web.pdf https://archiv.prahatv.eu/zpravy/praha/praha/8645/vedeni-suchdola-se-menit-nebude,high,False,STAN,
B,Praha-Suchdol,2022,2022-10-20,2099-12-31,day,STAN,Sdružení občanů Suchdola (SOS),SOS,https://praha-suchdol.cz/wp-content/uploads/2022/12/SL_042022.pdf https://praha-suchdol.cz/urad-a-samosprava/samosprava/rada/,high,False,STAN,
B,Praha-Čakovice,2014,2014-11-01,2018-11-01,month,not verified (elected for Hnutí Pro Prahu),Pro Prahu,Pro Prahu;ODS;TOP 09;KDU-ČSL;ČSSD,https://cakovice.cz/file/s761/Cakovicke-noviny-12-2014-3.pdf https://www.ods.cz/profil/5676-jiri-vintiska,medium,False,,
B,Praha-Čakovice,2018,2018-11-01,2022-10-17,day,ODS,ODS a TOP 09 (joint list),Pro Prahu;ČMT;ODS+TOP 09,https://cakovice.cz/file/dA71/Cakovicke-noviny-11-2018.pdf https://archiv.prahatv.eu/zpravy/praha/praha-cakovice/8675/praha--cakovice-ma-o-novem-vedeni-jasno https://cakovice.cz/file/2ja1/U-nas-Cakovice-rijen-2022.pdf,high,False,ODS,TOP 09
B,Praha-Čakovice,2022,2022-10-17,2099-12-31,day,ODS,Společně pro Čakovice (ODS a TOP 09),"Společně pro Čakovice (ODS+TOP 09);Pro Prahu Čakovice, Miškovice, Třeboradice",https://cakovice.cz/file/gsa1/U-nas-Cakovice-prosinec-2022.pdf https://cakovice.cz/Rada-MC,high,False,ODS,TOP 09
B,Praha-Petrovice,2014,2014-11-05,2018-10-31,day,ODS,ODS,ODS;Sdružení občanů Petrovic;TOP 09,https://www.prahapetrovice.cz/sites/default/files/zpravodaj/2017/pz_c5_2014.pdf https://www.prahapetrovice.cz/zapisy-usneseni-ze-zasedani-zmc,medium,False,ODS,ODS
B,Praha-Petrovice,2018,2018-10-31,2022-10-17,day,"ODS (at election; STAN member by 2022, switch date not found)",ODS,ODS;TOP 09;STAN,https://www.prahapetrovice.cz/sites/default/files/zpravodaj/2018/pz_04_2018.pdf https://www.prahapetrovice.cz/sites/default/files/zapis/2018/12/12/zapis_ustavujici_zmc_31-10-2018.pdf,high,False,ODS,ODS
B,Praha-Petrovice,2022,2022-10-17,2099-12-31,day,STAN,STAN,STAN;Sdružení občanů Petrovic s podporou ČSSD;Společně pro Petrovice;ODS,https://www.prahapetrovice.cz/sites/default/files/zapis/2022/10/24/zapis_ustavujici_zmc_17.10.2022.pdf https://www.prahapetrovice.cz/rada-mc-0 https://www.prahapetrovice.cz/zastupitelstvo-mc,high,False,STAN,STAN
B,Praha-Zbraslav,2014,2014-11-24,2018-10-31,day,not verified (100pro Zbraslav is a movement),100pro Zbraslav,100pro Zbraslav,https://www.mc-zbraslav.cz/assets/File.ashx?id_org=80134&id_dokumenty=11829 https://www.mc-zbraslav.cz/assets/File.ashx?id_org=80134&id_dokumenty=11827,high,False,,
B,Praha-Zbraslav,2018,2018-10-31,2022-10-17,day,not verified (100pro Zbraslav),100pro Zbraslav,100pro Zbraslav,https://www.mc-zbraslav.cz/assets/File.ashx?id_org=80134&id_dokumenty=11899 https://www.mc-zbraslav.cz/assets/File.ashx?id_org=80134&id_dokumenty=11897,high,False,,
B,Praha-Zbraslav,2022,2022-10-17,2024-11-01,month,not verified,Nezávislá Zbraslav,Nezávislá Zbraslav;Společně pro Zbraslav (ODS+TOP 09),https://www.mc-zbraslav.cz/clenove%2Drady/os-1012/p1=10172 https://www.mc-zbraslav.cz/assets/File.ashx?id_org=80134&id_dokumenty=14443 https://www.mc-zbraslav.cz/assets/File.ashx?id_org=80134&id_dokumenty=16423,medium,False,,
B,Praha-Zbraslav,2022,2024-11-01,2099-12-31,month,not verified,Nezávislá Zbraslav,Nezávislá Zbraslav,https://www.mc-zbraslav.cz/clenove%2Drady/os-1012/p1=10172 https://www.mc-zbraslav.cz/assets/File.ashx?id_org=80134&id_dokumenty=16582,low,False,,
B,Praha-Satalice,2014,2014-11-01,2018-11-01,month,not verified (STAN by 2018),not verified,no rada,https://www.satalice.cz/sites/default/files/zpravodaj/2018/2014_03.pdf https://www.satalice.cz/sites/default/files/zpravodaj/2018/2015-01.pdf,low,False,STAN,
B,Praha-Satalice,2018,2018-11-01,2022-10-18,day,STAN,STAROSTOVÉ A NEZÁVISLÍ,no rada,https://www.satalice.cz/sites/default/files/zpravodaj/2018/184966_zpravodaj_prosinec_2018_final_web.pdf https://www.satalice.cz/zasedani-zastupitelstva,high,False,STAN,STAN
B,Praha-Satalice,2022,2022-10-18,2099-12-31,day,STAN,STAROSTOVÉ A NEZÁVISLÍ,no rada,https://www.satalice.cz/sites/default/files/prilohy/2022/10/zapis_01_podepsany_anonym.pdf https://www.satalice.cz/zastupitele-mc,high,False,STAN,STAN
B,Praha-Velká Chuchle,2014,2014-11-10,2018-11-01,month,ODS,ODS,no rada,https://www.chuchle.cz/files/262/Zpravodaj%20%C4%8D.%209-12%202014.pdf https://www.ods.cz/profil/1409-stanislav-fresl,medium,False,ODS,ODS
B,Praha-Velká Chuchle,2018,2018-11-01,2021-04-07,month,bez PP,TOP 09,no rada,https://www.top09.cz/regiony/praha/regionalni-organizace/praha-5/obecni-volby-2018/velka-chuchle/ https://www.prahain.cz/politika/velka-chuchle-ma-po-roce-opet-starostu-radnice-ukoncila-vleklou-krizi-3050.html https://www.prazskypatriot.cz/starostou-velke-chuchle-se-stal-piskacek-nahradil-felix/ https://www.chuchle.cz/files/267/Chuchelsk%C3%BD%20zpravodaj%20%C4%8D.%2001_2019.pdf,medium,False,BEZPP,TOP 09
B,Praha-Velká Chuchle,2018,2021-04-07,2022-01-25,day,,,no rada,https://www.prahain.cz/politika/velka-chuchle-ma-po-roce-opet-starostu-radnice-ukoncila-vleklou-krizi-3050.html https://www.prazskypatriot.cz/starostou-velke-chuchle-se-stal-piskacek-nahradil-felix/ https://www.ods.cz/ms.velka-chuchle/clanek/22204-ods-praha-5-ve-velke-chuchli-byl-zvolen-starosta-za-ods-radnice-ukoncila-vleklou-krizi,medium,True,,
B,Praha-Velká Chuchle,2018,2022-01-25,2022-10-18,day,ODS,ODS,no rada,https://www.prazskypatriot.cz/starostou-velke-chuchle-se-stal-piskacek-nahradil-felix/ https://www.ods.cz/ms.velka-chuchle/clanek/22204-ods-praha-5-ve-velke-chuchli-byl-zvolen-starosta-za-ods-radnice-ukoncila-vleklou-krizi https://www.prahain.cz/politika/velka-chuchle-ma-po-roce-opet-starostu-radnice-ukoncila-vleklou-krizi-3050.html,medium,False,ODS,ODS
B,Praha-Velká Chuchle,2022,2022-10-18,2023-06-01,month,not verified,Lepší Chuchle,no rada,https://chuchle.cz/index.php?akce=show&id=31&ids=101&kategorie=1&level=2&modul=2&page=vypis_modul&rok=2022&uroven1=4&uroven2=6 https://www.prazskypatriot.cz/starostou-velke-chuchle-se-stal-kren-obsadil-nekolik-mesicu-volny-post/,medium,False,,
B,Praha-Velká Chuchle,2022,2023-06-01,2023-10-19,month,,,no rada,https://www.prazskypatriot.cz/starostou-velke-chuchle-se-stal-kren-obsadil-nekolik-mesicu-volny-post/ https://www.ods.cz/clanek/24897-ods-praha-5-velka-chuchle-ma-noveho-starostu-radnici-bude-ridit-jan-kren-zvoleny-za-ods,medium,True,,
B,Praha-Velká Chuchle,2022,2023-10-19,2099-12-31,day,bez PP,ODS,no rada,https://www.ods.cz/clanek/24897-ods-praha-5-velka-chuchle-ma-noveho-starostu-radnici-bude-ridit-jan-kren-zvoleny-za-ods https://www.prazskypatriot.cz/starostou-velke-chuchle-se-stal-kren-obsadil-nekolik-mesicu-volny-post/ https://www.chuchle.cz/index.php?page=sekce&kategorie=1&level=2&uroven1=4&uroven2=1&id=26,high,False,BEZPP,ODS
B,Praha-Lysolaje,2014,2014-11-05,2018-10-31,day,bez PP (joined STAN 2016),STAN,no rada,https://www.e-deska.cz/lysolaje/index.php?slozka=2578 https://cs.wikipedia.org/wiki/Petr_Hlubu%C4%8Dek,medium,False,STAN,STAN
B,Praha-Lysolaje,2018,2018-10-31,2022-06-20,day,STAN,STAN,no rada,https://www.e-deska.cz/lysolaje/index.php?slozka=2578 https://cs.wikipedia.org/wiki/Petr_Hlubu%C4%8Dek https://www.ceskenoviny.cz/zpravy/zastupitele-odvolali-hlubucka-z-funkce-starosty-prazskych-lysolaji/2221699 https://www.praha-lysolaje.cz/uredni-deska/1309-vypis-prijatych-usneseni-z-25-zasedani-zmc-20-6-2022,high,False,STAN,STAN
B,Praha-Lysolaje,2018,2022-06-20,2022-11-09,day,STAN (not verified; Blesk calls her nezávislá),STAN,no rada,https://www.ceskenoviny.cz/zpravy/zastupitele-odvolali-hlubucka-z-funkce-starosty-prazskych-lysolaji/2221699 https://www.praha-lysolaje.cz/uredni-deska/1309-vypis-prijatych-usneseni-z-25-zasedani-zmc-20-6-2022,medium,False,STAN,STAN
B,Praha-Lysolaje,2022,2022-11-09,2099-12-31,day,not verified,Nezávislí - Lysolaje,no rada,https://www.praha-lysolaje.cz/uredni-deska/1399-vypis-prijatych-usneseni-z-1-ustavujiciho-zasedani-zmc-9-11-2022 https://www.praha-lysolaje.cz/zastupitelstvo-mc https://volby.blesk.cz/clanek/volby-komunalni-volby/724545/lysolaje-vstupuji-do-ery-po-hlubuckovi-nahradi-ho-na-radnici-definitivne-maleckova-obvineny-politik-by-byl-rad.html,medium,False,,
B,Praha-Nebušice,2014,2014-11-01,2018-10-31,month,not verified,not verified,no rada,https://www.prahanebusice.cz/modules/file_storage/download.php?file=83a73a28%7C52 https://www.prahanebusice.cz/modules/file_storage/download.php?file=82cb26a3%7C284,low,False,,
B,Praha-Nebušice,2018,2018-10-31,2022-10-17,day,not verified (cs.wikipedia: STAN),not verified,no rada,https://www.prahanebusice.cz/modules/file_storage/download.php?file=83a73a28%7C52 https://cs.wikipedia.org/wiki/Praha-Neby%C5%A1ice,medium,False,STAN,
B,Praha-Nebušice,2022,2022-10-17,2099-12-31,day,not verified (cs.wikipedia: STAN),STAN,no rada,https://www.prahanebusice.cz/modules/file_storage/download.php?file=1e8d432c%7C278 https://www.prahanebusice.cz/modules/file_storage/download.php?file=82cb26a3%7C284 https://www.prahanebusice.cz/urad-a-samosprava/organizacni-struktura/,high,False,STAN,STAN
B,Praha-Ďáblice,2014,2014-11-05,2018-11-05,day,not verified,STAN,STAN;VOLBA 2010,https://dablice.cz/sites/default/files/zpravodaj/1416206964_zprav11_14.pdf https://dablice.cz/sites/default/files/zpravodaj/1418812736_zprav12_14.pdf https://dablice.cz/sites/default/files/zpravodaj/zprav11_18.pdf,medium,False,,STAN
B,Praha-Ďáblice,2018,2018-11-05,2022-10-24,day,not verified,STAN,STAN,https://dablice.cz/sites/default/files/zpravodaj/zprav11_18.pdf,high,False,,STAN
B,Praha-Ďáblice,2022,2022-10-24,2026-06-16,day,not verified,VOLBA 2010,VOLBA 2010;Ďáblice Spolu,https://www.dablice.cz/sites/default/files/zpravodaj/zp11_22.pdf https://www.dablice.cz/usneseni-zmc,medium,False,,
B,Praha-Ďáblice,2022,2026-06-16,2099-12-31,day,not verified,VOLBA 2010,VOLBA 2010;Ďáblice Spolu;ŽIVÉ ĎÁBLICE S PODPOROU STAROSTŮ,https://www.dablice.cz/usneseni-zmc https://www.dablice.cz/skupina-osob/258-radni-mc,low,False,,
B,Praha-Dolní Chabry,2014,2014-11-05,2018-10-31,day,not verified,Volba pro Chabry,Volba pro Chabry,https://www.dchabry.cz/system/files_force/zpravodaj/2018/76_0.pdf?download=1 https://www.dchabry.cz/system/files_force/zpravodaj/2018/77_0.pdf?download=1 https://18400.cz/kabaret-jmenem-volba-pro-chabry-posunul-tragikomedii-na-nasi-radnici-opet-na-vyssi-uroven/,high,False,,
B,Praha-Dolní Chabry,2018,2018-10-31,2020-05-15,day,not verified,ODS,Volba pro Chabry;ODS,https://18400.cz/volby-jsme-vyhrali-obcane-nam-veri-chceme-prilozit-ruku-k-dilu-presto-zastupci-18400-cz-budou-mit-minimalni-vliv-na-vedeni-dolnich-chaber/ https://18400.cz/nova-koalice-pro-chabry/,medium,False,,ODS
B,Praha-Dolní Chabry,2018,2020-05-15,2022-10-17,day,bez PP,18400.cz – ZA LEPŠÍ CHABRY,18400.cz – ZA LEPŠÍ CHABRY;Volba pro Chabry;ODS,https://www.dchabry.cz/starostka https://18400.cz/nova-koalice-pro-chabry/ https://www.dchabry.cz/audio-zaznamy,medium,False,BEZPP,
B,Praha-Dolní Chabry,2022,2022-10-17,2099-12-31,day,bez PP,18400.CZ S PODPOROU STAROSTŮ,18400.CZ S PODPOROU STAROSTŮ;Budoucnost pro Chabry,https://www.dchabry.cz/rada-mc https://www.dchabry.cz/zastupitelstvo https://www.dchabry.cz/audio-zaznamy https://18400.cz/18400-zvitezila-v-komunalnich-volbach/,medium,False,BEZPP,
B,Praha-Dolní Měcholupy,2014,2014-11-01,2016-06-27,month,ODS,ODS,no rada,https://www.dolnimecholupy.cz/wp-content/uploads/2020/03/kronika-2014.pdf https://www.dolnimecholupy.cz/wp-content/uploads/2020/03/kronika-2016.pdf https://cs.wikipedia.org/wiki/Praha-Doln%C3%AD_M%C4%9Bcholupy,medium,False,ODS,ODS
B,Praha-Dolní Měcholupy,2014,2016-06-27,2017-06-01,month,bez PP,Naše Měcholupy,no rada,https://www.dolnimecholupy.cz/wp-content/uploads/2020/03/kronika-2016.pdf https://www.dolnimecholupy.cz/wp-content/uploads/2020/03/kronika-2017.pdf,medium,False,BEZPP,
B,Praha-Dolní Měcholupy,2014,2017-06-01,2018-10-31,month,bez PP (ODS member by 2018; joining date not verified),ODS,no rada,https://www.dolnimecholupy.cz/wp-content/uploads/2020/03/kronika-2017.pdf https://www.dolnimecholupy.cz/wp-content/uploads/2020/03/kronika-2018.pdf,medium,False,ODS,ODS
B,Praha-Dolní Měcholupy,2018,2018-10-31,2022-10-17,day,ODS,"Sdružení ODS, TOP 09, NK",no rada,https://www.dolnimecholupy.cz/wp-content/uploads/2020/03/kronika-2018.pdf,high,False,ODS,TOP 09
B,Praha-Dolní Měcholupy,2022,2022-10-17,2099-12-31,day,ODS,ODS,ODS;TOP 09,https://www.dolnimecholupy.cz/wp-content/uploads/2023/05/Kronika-2022_fin.pdf https://www.dolnimecholupy.cz/2022/10/25/slozeni-rady-mc/,high,False,ODS,ODS
B,Praha 9,2014,2014-11-06,2018-11-13,day,ODS,ODS,ODS;TOP 09;Hnutí pro Prahu,https://www.praha9.cz/sites/default/files/devitka_12-2014_nahled.pdf,high,False,ODS,ODS
B,Praha 9,2018,2018-11-13,2021-03-31,day,ODS,ODS,ODS;TOP 09;STAN,https://nasregion.cz/starostou-prahy-9-bude-nadale-jan-jarolim-z-ods-71079/ https://prazsky.denik.cz/zpravy_region/starostou-prahy-9-se-stal-znovu-jarolim-prahu-5-povede-pirat-mazur-20181113.html https://www.praha9.cz/tomas-portlik-se-stal-novym-starostou-mc-praha9-vystridal-tak-sveho-stranickeho-kolegu-jana,high,False,ODS,ODS
B,Praha 9,2018,2021-04-01,2022-11-01,day,ODS,ODS,ODS;TOP 09;STAN,https://www.praha9.cz/tomas-portlik-se-stal-novym-starostou-mc-praha9-vystridal-tak-sveho-stranickeho-kolegu-jana,high,False,ODS,ODS
B,Praha 9,2022,2022-11-01,2099-12-31,day,ODS,SPOLEČNĚ pro DEVÍTKU (ODS a TOP 09),ODS;TOP 09;PRAHA 9 SOBĚ;STAN,https://www.praha9.cz/devitka-ma-nove-vedeni-povede-ji-koalice-spolecne-pro-devitku-ods-a-top-09-praha-9-sobe-a-nase https://www.prazskypatriot.cz/prahu-9-povede-staronova-koalice-rozsirena-o-novacka-v-zastupitelstvu/,high,False,ODS,TOP 09
B,Praha 10,2014,2014-11-27,2016-01-14,day,ANO,ANO 2011,ANO;ČSSD;SZ;Nezávislí pro Prahu 10,https://www.nasepraha.cz/starostkou-prahy-10-je-radmila-kleslova-za-ano-v-koalici-s-cssd-sz-a-nezavislymi/ https://ct24.ceskatelevize.cz/clanek/regiony/kleslova-opousti-dalsi-funkci-konci-i-jako-starostka-prahy-10-121852 https://zpravy.aktualne.cz/regiony/praha/kleslova-uz-nebude-starostkou-prahy-10-ano-odeslo-z-koalice/r~d9967df4b91311e58d7b0025900fea04/,medium,False,ANO,ANO
B,Praha 10,2014,2016-01-14,2016-06-01,month,ČSSD,ČSSD,"ČSSD;SZ;Nezávislí pro Prahu 10;ANO (one councillor, Lešenárová, remained)",https://zpravy.aktualne.cz/regiony/praha/kleslova-uz-nebude-starostkou-prahy-10-ano-odeslo-z-koalice/r~d9967df4b91311e58d7b0025900fea04/ https://ct24.ceskatelevize.cz/clanek/regiony/praha-10-ma-novou-koalici-kleslovou-strida-starosta-novak-114359,low,True,ČSSD,ČSSD
B,Praha 10,2014,2016-06-01,2018-11-21,day,"ČSSD until Aug 2018, then bez PP",ČSSD,TOP 09;ČSSD;ODS;SZ;Nezávislí pro Prahu 10,https://ct24.ceskatelevize.cz/clanek/regiony/praha-10-ma-novou-koalici-kleslovou-strida-starosta-novak-114359 https://praha10.cz/nova-koalice-v-praze-10-v-cele-se-starostou-novakem/ https://zpravy.aktualne.cz/domaci/starosta-prahy-10-novak-vystoupil-z-cssd-objevi-se-na-kandid/r~4bba60aea20911e8b5b20cc47ab5f122/,high,False,ČSSD,ČSSD
B,Praha 10,2018,2018-11-21,2022-06-27,day,bez PP,"VLASTA (KDU-ČSL, STAN, Deset pro domov, independents)",VLASTA;Piráti;ODS,https://www.prazskypatriot.cz/radnici-prahy-10-povede-zena-novou-starostkou-se-stala-renata-chmelova/ https://praha10.cz/mc-praha-10-ma-nove-vedeni-starostkou-se-stala-renata-chmelova-v-koalici-jsou-vlasta-pirati-a-ods/ https://cs.wikipedia.org/wiki/Renata_Chmelov%C3%A1 https://www.nasepraha.cz/starostka-prahy-10-renata-chmelova-odvolana/,high,False,BEZPP,KDU-ČSL
B,Praha 10,2018,2022-06-27,2022-11-10,day,Piráti,Piráti,Piráti;ODS;VLASTA (remaining members),https://cs.wikipedia.org/wiki/Praha_10 https://www.nasepraha.cz/starostka-prahy-10-renata-chmelova-odvolana/,medium,True,Piráti,Piráti
B,Praha 10,2022,2022-11-10,2099-12-31,day,ODS,Společně pro Prahu 10 (ODS a TOP 09),ODS;TOP 09;VLASTA;STAN,https://www.nasepraha.cz/martin-valovic-ods-je-starostou-prahy-10-volba-byla-vyhrocena/ https://ct24.ceskatelevize.cz/clanek/regiony/starostou-prahy-10-zvolili-zastupitele-martina-valovice-z-ods-14217 https://praha10.cz/novym-starostou-mc-praha-10-je-martin-valovic-rozhodlo-ustavujici-zastupitelstvo/,high,False,ODS,TOP 09
B,Praha 11,2014,2014-11-10,2016-11-16,day,not established (HPP 11 movement),Hnutí pro Prahu 11 (HPP 11),HPP 11;ANO;TOP 09,https://www.praha11.cz/cs/aktuality/aktuality-z-prahy-11/starosta-jizniho-mesta-odvolan.html https://prazsky.denik.cz/zpravy_region/zastupitele-prahy-11-odvolali-starostu-jiriho-stylera-20161116.html https://ct24.ceskatelevize.cz/clanek/regiony/za-ods-za-snk-za-ano-jirava-se-vraci-do-kresla-starosty-prahy-11-103885,medium,False,,
B,Praha 11,2014,2016-11-16,2017-01-19,day,bez PP,ANO 2011,ANO;TOP 09,https://ct24.ceskatelevize.cz/clanek/regiony/za-ods-za-snk-za-ano-jirava-se-vraci-do-kresla-starosty-prahy-11-103885,low,True,BEZPP,ANO
B,Praha 11,2014,2017-01-19,2018-11-01,day,bez PP,ANO 2011,ANO;TOP 09;independents,https://ct24.ceskatelevize.cz/clanek/regiony/za-ods-za-snk-za-ano-jirava-se-vraci-do-kresla-starosty-prahy-11-103885 https://prazsky.denik.cz/zpravy-region/novym-starostou-prahy-11-se-stal-dosavadni-mistostarosta-jirava/,medium,False,BEZPP,ANO
B,Praha 11,2018,2018-11-01,2019-02-19,month,bez PP,ANO 2011 (2014 list); ran on ODS list in 2018,ANO;TOP 09;independents (outgoing rada),https://zpravy.aktualne.cz/domaci/praha-11-ma-konecne-koalici-vladnout-budou-pirati-ano-ods-a/r~029bba52312a11e99d3cac1f6b220ee8/ https://cs.wikipedia.org/wiki/Praha_11,low,False,BEZPP,ODS
B,Praha 11,2018,2019-02-19,2022-12-21,day,Piráti,Piráti,Piráti;ANO;ODS;TOP 09-STAN,https://www.praha11.cz/cs/media/aktuality-z-prahy-11/praha-11-ma-novou-radu-starostou-se-stal-jiri-dohnal.html https://zpravy.aktualne.cz/domaci/praha-11-ma-konecne-koalici-vladnout-budou-pirati-ano-ods-a/r~029bba52312a11e99d3cac1f6b220ee8/ https://cs.wikipedia.org/wiki/Ji%C5%99%C3%AD_Dohnal_(politik),high,False,Piráti,Piráti
B,Praha 11,2022,2022-11-01,2022-12-21,month,Piráti,Piráti,Piráti;ANO;ODS;TOP 09-STAN (outgoing rada),https://cs.wikipedia.org/wiki/Ji%C5%99%C3%AD_Dohnal_(politik) https://www.praha11.cz/cs/media/aktuality-z-prahy-11/praha-11-ma-nove-vedeni-starostkou-se-stala-phdr-sarka-zdenkova-z-vitezneho-hnuti-pro-prahu-11.html,low,False,Piráti,Piráti
B,Praha 11,2022,2022-12-21,2023-12-07,day,not established (chair of HPP 11 movement),Hnutí pro Prahu 11 (HPP 11),HPP 11;Praha 11 Sobě;Piráti,https://www.praha11.cz/cs/media/aktuality-z-prahy-11/praha-11-ma-nove-vedeni-starostkou-se-stala-phdr-sarka-zdenkova-z-vitezneho-hnuti-pro-prahu-11.html https://cs.wikipedia.org/wiki/%C5%A0%C3%A1rka_Zde%C5%88kov%C3%A1 https://www.prazskypatriot.cz/starostkou-prahy-11-se-stala-sarka-zdenkova-nahradila-jiriho-dohnala/,high,False,,
B,Praha 11,2022,2023-12-07,2024-06-13,day,not established,PRAHA 11 SOBĚ,Praha 11 Sobě;Piráti (remaining members),https://prazsky.denik.cz/zpravy_region/praha-koalice-rozpad-praha11-sarka-zdenkova-odvolani-20231208.html https://cs.wikipedia.org/wiki/Praha_11,medium,True,,
B,Praha 11,2022,2024-06-13,2099-12-31,day,ODS,Společně pro Prahu 11 - ODS a NK,"ODS;Piráti;Praha 11 Sobě;HPP 11 (Milaberský, non-party on the HPP 11 list, on the current rada)",https://www.praha11.cz/cs/media/aktuality-z-prahy-11/novym-starostou-byl-zvolen-ing-martin-sedeke.html https://www.prazskypatriot.cz/starostou-prahy-11-byl-zvolen-martin-sedeke-z-ods/ https://www.praha11.cz/cs/radnice/rada-mc/clenove-rmc.html https://www.blesk.cz/clanek/regiony-praha-praha-zpravy/788038/vice-nez-pulrocni-bezvladi-je-u-konce-starostou-prahy-11-byl-s-podporou-opozice-zvolen-martin-sedeke-ods.html,medium,False,ODS,ODS
B,Praha 12,2014,2014-11-27,2016-11-22,day,not established,Změna pro Prahu 12,ANO;Změna pro Prahu 12;ČSSD,https://www.praha12.cz/mestska-cast-praha-12-ma-nove-vedeni/d-38635 https://www.praha12.cz/probehla-planovana-vymena-starostu-prahy-12/d-51418,high,False,,
B,Praha 12,2014,2016-11-22,2018-11-21,day,ANO (assumed member),ANO 2011,ANO;Změna pro Prahu 12 (incl. Piráti/KONS nominees);ČSSD,https://www.praha12.cz/probehla-planovana-vymena-starostu-prahy-12/d-51418 https://prazsky.denik.cz/zpravy-region/rada-prahy-12-odebrala-kompetence-radnim-razkove-a-boublikovi/,medium,False,ANO,ANO
B,Praha 12,2018,2018-11-21,2022-10-19,day,Piráti (assumed member),Piráti (with Zelení support),Piráti;ODS;TOP 09,https://www.prazskypatriot.cz/starostou-praha-12-byl-zvolen-pirat-jan-adamec/ https://praha12.zeleni.cz/z-ustavujiciho-zastupitelstva/,high,False,Piráti,Piráti
B,Praha 12,2022,2022-10-19,2099-12-31,day,ODS,ODS a TOP 09 společně pro Prahu 12,ODS;TOP 09;ANO,https://www.praha12.cz/mestska-cast-praha-12-ma-nove-vedeni/d-93135 https://cs.wikipedia.org/wiki/Vojt%C4%9Bch_Kos,high,False,ODS,TOP 09
B,Praha 13,2014,2014-11-12,2018-10-29,day,ODS,ODS,ODS;ANO;ČSSD,https://www.blesk.cz/clanek/zpravy-live-zpravy/285743/starostou-prahy-13-byl-opet-zvolen-david-vodrazka-ods.html https://prazsky.denik.cz/zpravy-region/trinactka-ma-staronoveho-starostu-zvolen-byl-opet-david-vodrazka/ https://prazsky.denik.cz/zpravy-region/volba-zastupitele-za-kscm-je-podle-soudu-neplatna/ https://domaci.hn.cz/c1-63068370-soud-zneplatnil-mandat-zastupitele-za-prahu-13-komise-mu-pridala-hlasy,medium,False,ODS,ODS
B,Praha 13,2018,2018-10-29,2022-10-19,day,ODS,ODS,ODS;ANO;KDU-ČSL/STAN,https://stop.p13.cz/cs/prosinec-2018/nove-zastupitelstvo-zvolilo-vedeni-prahy-13/13653/ https://www.praha13.cz/wp-content/uploads/file/sAm1/Zapis-1-jednani-ZMC-29-10-2018.pdf,high,False,ODS,ODS
B,Praha 13,2022,2022-10-19,2099-12-31,day,ODS,ODS,"ODS;ANO;Společně pro Prahu 13 (TOP 09, KDU-ČSL)",https://www.prazskypatriot.cz/zastupitelstvo-prahy-13-zvolilo-vedeni-mestske-casti-starostou-je-opet-vodrazka-z-ods/ https://www.praha13.cz/wp-content/uploads/file/UVu1/Zapis-ustavujiciho-zasedani-19-10-2022.pdf,high,False,ODS,ODS
B,Praha 14,2014,2014-11-27,2018-10-31,day,TOP 09,TOP 09,TOP 09;ČSSD;ODS;SZ,https://prazsky.denik.cz/zpravy-region/staronovym-starostou-prahy-14-se-stal-radek-vondra-z-top-09/ https://cs.wikipedia.org/wiki/Radek_Vondra,high,False,TOP 09,TOP 09
B,Praha 14,2018,2018-10-31,2021-06-24,day,TOP 09,"Spojené síly pro Prahu 14 (TOP 09, STAN, KDU-ČSL)",TOP 09;STAN;ODS;Piráti,https://www.praha14.cz/zivot-na-praze-14/nove-vedeni-mc/ https://www.seznamzpravy.cz/clanek/starostou-prahy-14-se-stal-jiri-zajac-ods-nahradil-radka-vondru-top-09-168070 https://www.praha14.cz/zivot-na-praze-14/tz-7-2021-mestska-cast-praha-14-ma-nove-vedeni-starostou-zastupitele-zvolili-jiriho-zajace/,medium,False,TOP 09,TOP 09
B,Praha 14,2018,2021-06-24,2022-10-24,day,ODS,ODS,ODS;TOP 09;Piráti,https://www.praha14.cz/zivot-na-praze-14/tz-7-2021-mestska-cast-praha-14-ma-nove-vedeni-starostou-zastupitele-zvolili-jiriho-zajace/ https://ct24.ceskatelevize.cz/clanek/regiony/praha-14-ma-noveho-starostu-radka-vondru-nahradil-jiri-zajac-32750,high,False,ODS,ODS
B,Praha 14,2022,2022-10-24,2099-12-31,day,ODS,ODS,ODS;ANO;NAŠE Čtrnáctka;STAN,http://www.ods.cz/clanek/23719-kreslo-starosty-prahy-14-obhajil-jiri-zajac https://www.praha14.cz/samosprava/clen-samospravy-funkce/clen-rady/,high,False,ODS,ODS
B,Praha 15,2014,2014-11-10,2018-10-31,day,bez PP,ANO 2011,ANO;Patnáctka náš domov;ČSSD,https://prazsky.denik.cz/zpravy-region/starostou-prahy-15-byl-zvolen-milan-wenzl-ano/ https://cs.wikipedia.org/wiki/Milan_Wenzl,high,False,BEZPP,ANO
B,Praha 15,2018,2018-10-31,2022-11-09,day,bez PP,ANO 2011,ANO;ODS;TOP 09 (list TOP 09 a Naše 15 s podporou STAN),https://www.ods.cz/clanek/16704-ustavujici-zasedani-zastupitelstva-mc-praha-15 https://www.praha15.cz/assets/File.ashx?id_org=80115&id_dokumenty=2306 https://cs.wikipedia.org/wiki/Milan_Wenzl,high,False,BEZPP,ANO
B,Praha 15,2022,2022-11-09,2099-12-31,day,ODS (assumed member),"Společně pro Prahu 15 (ODS, TOP 09)","ODS;TOP 09;ANO;independents (Šikýřová, Tomeš)",https://www.prazskypatriot.cz/praha-15-ma-noveho-starostu-i-kdyz-zadne-strany-dosud-neoznamily-vznik-koalice/,medium,False,ODS,TOP 09
B,Praha 16,2014,2014-11-01,2018-11-01,month,ODS,ODS,ODS,https://www.ods.cz/clanek/10306-ods-v-radotine-ziskala-70-procent-lide-ocenili-nasi-praci-rika-starosta https://archiv.prahatv.eu/zpravy/praha/praha-16/8524/v-radotine-jsou-s-vedenim-radnice-spokojeni,medium,False,ODS,ODS
B,Praha 16,2018,2018-11-01,2022-11-04,month,ODS,ODS,ODS,https://nasregion.cz/v-radotine-bude-ctvrte-obdobi-starostou-karel-hanzlik-z-ods-66578/ https://archiv.prahatv.eu/zpravy/praha/praha-16/8524/v-radotine-jsou-s-vedenim-radnice-spokojeni,medium,False,ODS,ODS
B,Praha 16,2022,2022-11-04,2099-12-31,day,ODS,ODS,ODS,https://www.ods.cz/clanek/23742-ods-radotin-probehlo-ustavujici-zastupitelstvo-mc-praha-16,medium,False,ODS,ODS
B,Praha 17,2014,2014-11-05,2018-11-01,day,ODS,ODS,ODS;Nezávislí;TOP 09;KDU-ČSL,https://archiv.prahatv.eu/zpravy/praha/praha/519/starostkou-rep-je-opet-jitka-synkova https://cs.wikipedia.org/wiki/Jitka_Synkov%C3%A1,high,False,ODS,ODS
B,Praha 17,2018,2018-11-01,2021-05-28,day,ODS,ODS,ODS;TOP 09 (list KDU-ČSL a TOP 09),https://www.repy.cz/clanky/tiskove-zpravy https://nasregion.cz/prazske-repy-povede-ctvrte-obdobi-jitka-synkova-z-ods-69498/ https://www.repy.cz/system/files/files/Zapis_ZMC_24_2021.pdf,high,False,ODS,ODS
B,Praha 17,2018,2021-05-28,2022-11-01,day,ODS,ODS,ODS;TOP 09 (list KDU-ČSL a TOP 09),https://www.repy.cz/system/files/files/Zapis_ZMC_24_2021.pdf https://archiv.prahatv.eu/zpravy/praha/praha-17/14967/starostka-prahy-17-byla-odvolana,medium,False,ODS,ODS
B,Praha 17,2022,2022-11-01,2099-12-31,day,ODS,ODS,ODS;ANO,https://www.repy.cz/system/files/files/Z%C3%A1pis%20z%20ustavuj%C3%ADc%C3%ADho%20zased%C3%A1n%C3%AD%20ZM%C4%8C%20Praha%2017.pdf,high,False,ODS,ODS
B,Praha 18,2014,2014-11-20,2018-11-05,day,ODS,ODS,ODS;ČSSD;TOP 09,https://letnany.cz/file/4002749 https://cs.wikipedia.org/wiki/Praha_18,high,False,ODS,ODS
B,Praha 18,2018,2018-11-05,2022-11-10,day,ANO (assumed member),ANO 2011,ANO;ODS;TOP 09;ODA,https://archiv.prahatv.eu/zpravy/praha/praha-18/8748/novym-starostou-prahy-18-je-zdenek-kucera https://cs.wikipedia.org/wiki/Praha_18,medium,False,ANO,ANO
B,Praha 18,2022,2022-11-10,2099-12-31,day,ANO (assumed member),ANO 2011,ANO;ODS;TOP 09,https://archiv.prahatv.eu/zpravy/praha/praha-18/17519/v-praze-18-si-zvolili-nove-vedeni-mestske-casti https://www.prahain.cz/politika/do-kresla-prahy-18-usedne-znovu-zdenek-kucera-mistostarostou-bude-ondrej-lnenicka-8962.html,high,False,ANO,ANO
B,Praha 19,2014,2014-11-05,2018-11-14,day,bez PP (assumed),SNK Kbely náš domov,Kbely náš domov,https://www.kbelynasdomov.cz/1-ustavujici-zasedani-zastupitelstva-mc-praha-19/ https://archiv.prahatv.eu/zpravy/praha/praha-19/8518/kbely-maji-nejdele-slouziciho-starostu-v-praze,medium,False,BEZPP,
B,Praha 19,2018,2018-11-14,2022-11-01,day,bez PP (assumed),SNK Kbely náš domov,Kbely náš domov,https://nasregion.cz/nejdele-pusobici-prazsky-starosta-zdarsky-byl-opet-zvolen-71470/ https://www.kbelynasdomov.cz/informace-z-radnice-14-11-2018/,high,False,BEZPP,
B,Praha 19,2022,2022-11-01,2025-12-15,month,bez PP (assumed),SNK Kbely náš domov,Kbely náš domov,https://www.praha19.cz/samosprava/poradni-organy/ https://www.praha19.cz/kbely-maji-noveho-starostu/ https://www.praha19.cz/volene-organy/rada/,medium,False,BEZPP,
B,Praha 19,2022,2025-12-15,2099-12-31,month,bez PP,SNK Kbely náš domov,Kbely náš domov,https://www.praha19.cz/kbely-maji-noveho-starostu/ https://www.praha19.cz/volene-organy/rada/ https://cs.wikipedia.org/wiki/Praha_19,high,False,BEZPP,
B,Praha 20,2014,2014-11-11,2018-11-06,day,not established,Šance pro Počernice,Šance pro Počernice;other partner(s) not established,https://www.pocernice.cz/app/uploads/2015/10/143159-hpz-2014-12-web.pdf https://nasregion.cz/novou-starostkou-hornich-pocernic-je-alena-strobova-70089/ https://cs.wikipedia.org/wiki/Praha_20,low,False,,
B,Praha 20,2018,2018-11-06,2020-02-26,day,not established,Hornopočernické občanské hnutí (HOP) with Piráti support,HOP;ANO;Společně pro Počernice (KDU-ČSL support),https://nasregion.cz/novou-starostkou-hornich-pocernic-je-alena-strobova-70089/ https://archiv.prahatv.eu/zpravy/praha/praha/8773/novou-starostkou-prahy-20-je-alena-strobova https://prazska.drbna.cz/politika/1330-rozpadajici-se-koalice-stala-kreslo-starostku-hornich-pocernic.html,medium,False,,Piráti
B,Praha 20,2018,2020-02-26,2022-10-19,day,ODS,ODS (with NK Horních Počernic support),ODS;Šance pro Počernice;Počernice JINAK,https://prazska.drbna.cz/politika/1330-rozpadajici-se-koalice-stala-kreslo-starostku-hornich-pocernic.html https://cs.wikipedia.org/wiki/Praha_20,medium,False,ODS,ODS
B,Praha 20,2022,2022-10-19,2099-12-31,day,ODS,ODS a TOP 09 s podporou NK Horních Počernic,ODS;TOP 09;Šance pro Počernice;Počernice JINAK,https://www.pocernice.cz/samosprava/rada/radni/,medium,False,ODS,TOP 09
B,Praha 21,2014,2014-11-01,2015-11-15,month,ANO (assumed member),ANO 2011,ANO;ČSSD,https://otevrenenoviny.cz/rada-mc-p21-se-rozpadla-ano-se-semknulo-kolem-ruzicky/ https://prazsky.denik.cz/zpravy-region/starostkou-prahy-21-byla-zvolena-karla-jakob-cechova/,low,False,ANO,ANO
B,Praha 21,2014,2015-11-15,2016-02-01,month,,,not established,https://prazsky.denik.cz/zpravy-region/starostkou-prahy-21-byla-zvolena-karla-jakob-cechova/,low,True,,
B,Praha 21,2014,2016-02-01,2018-11-06,day,TOP 09 (as reported),TOP 09 (list not verified),ČSSD;TOP 09;Otevřený Újezd;Pro Prahu;Svobodní,https://prazsky.denik.cz/zpravy-region/starostkou-prahy-21-byla-zvolena-karla-jakob-cechova/ https://nasregion.cz/milan-samec-z-ods-byl-zvolen-starostou-prahy-21-70086/,medium,False,TOP 09,TOP 09
B,Praha 21,2018,2018-11-06,2022-10-19,day,ODS,ODS,ODS;ANO,https://nasregion.cz/milan-samec-z-ods-byl-zvolen-starostou-prahy-21-70086/,high,False,ODS,ODS
B,Praha 21,2022,2022-10-19,2023-11-07,day,ODS,ODS a TOP 09 - Společně PRO Újezd,ODS;TOP 09,https://volby.blesk.cz/clanek/volby-komunalni-volby/726082/milan-samec-ods-zustava-starostou-ujezdu-nad-lesy-na-dalsi-obdobi-proti-volbe-se-ohradily-jen-3-hlasy.html https://www.praha21.cz/aktuality/8422-ujezd-nad-lesy-ma-noveho-starostu-stal-se-jim-michal-hazdra,high,False,ODS,TOP 09
B,Praha 21,2022,2023-11-07,2099-12-31,day,ODS (per Wikipedia),ODS a TOP 09 - Společně PRO Újezd,ODS;TOP 09,https://www.praha21.cz/aktuality/8422-ujezd-nad-lesy-ma-noveho-starostu-stal-se-jim-michal-hazdra https://www.praha21.cz/kontakty/hazdra-michal https://cs.wikipedia.org/wiki/Praha_21,medium,False,ODS,TOP 09
B,Praha 22,2014,2014-11-10,2018-11-15,day,bez PP,Hnutí Pro Prahu,Pro Prahu;TOP 09;ČSSD;SOUSEDÉ–nezávislí kandidáti s podporou KDU-ČSL,https://www.praha22.cz/e_download.php?file=data/editor/173cs_110.pdf&original=uz12-2014.pdf https://nasregion.cz/starostou-prazske-uhrinevsi-byl-zvolen-vojtech-zelenka-ze-stan-71473/,medium,False,BEZPP,
B,Praha 22,2018,2018-11-15,2021-03-24,month,STAN (as reported),Starostové a nezávislí + Svobodní,"STAN;Svobodní;Praha 22. Naše město. (TOP 09, Piráti, KDU-ČSL, independents)",https://nasregion.cz/starostou-prazske-uhrinevsi-byl-zvolen-vojtech-zelenka-ze-stan-71473/ https://www.praha22.cz/mestska-cast/tiskove-zpravy/praha-22-je-stale-bez-starosty-rezignovala-i-vetsina-radnich-5303cs.html,medium,False,STAN,STAN
B,Praha 22,2018,2021-03-24,2021-06-24,day,bez PP,Praha 22. Naše město.,STAN;Svobodní;Praha 22. Naše město.;KDU-ČSL,https://www.praha22.cz/mestska-cast/tiskove-zpravy/praha-22-je-stale-bez-starosty-rezignovala-i-vetsina-radnich-5303cs.html https://www.blesk.cz/clanek/regiony-praha-praha-zpravy/679905/prevrat-v-uhrinevsi-treti-mesic-bez-starosty-vetsina-clenu-rady-rezignovala.html,medium,True,BEZPP,
B,Praha 22,2018,2021-06-24,2022-10-19,day,ANO (per Wikipedia),ANO 2011,ANO;KDU-ČSL (Naše město list);Svobodní (STAN+Svobodní list),https://www.praha22.cz/mestska-cast/tiskove-zpravy/praha-22-ma-noveho-starostu-5358cs.html https://cs.wikipedia.org/wiki/Praha_22,medium,False,ANO,ANO
B,Praha 22,2022,2022-10-19,2099-12-31,day,ANO (per Wikipedia),ANO 2011,ANO;ODS;DvacetDvojka + Svobodní (incl. KDU-ČSL);Svobodní,https://www.praha22.cz/mestska-cast/tiskove-zpravy/radnici-prahy-22-povede-znovu-tomas-kanera-ano-v-tymu-budou-byvaly-starosta-turnovsky-22-a-mistostarosta-langmajer-ods-6056cs.html https://www.praha22.cz/mestska-cast/tiskove-zpravy/prahu-22-povede-uskupeni-5-stran-a-hnuti-6038cs.html https://archiv.prahatv.eu/zpravy/praha/praha-22/17424/uhrineves-uz-zna-sveho-starostu,high,False,ANO,ANO
B,Praha-Štěrboholy,2014,2014-11-01,2018-11-01,month,bez PP,ODS,no rada,https://www.parlamentnilisty.cz/arena/rozhovory/Starosta-Sterbohol-Jihovychod-Prahy-vysvobodi-od-tranzitni-dopravy-jedine-obchvat-440052,low,False,BEZPP,ODS
B,Praha-Štěrboholy,2018,2018-11-01,2022-10-19,month,bez PP,ODS,no rada,https://www.kurzy.cz/volby/frantisek-sevit/kv2018/882793 https://cs.wikipedia.org/wiki/%C5%A0t%C4%9Brboholy,low,False,BEZPP,ODS
B,Praha-Štěrboholy,2022,2022-10-19,2099-12-31,day,bez PP,ODS,no rada,https://sterboholy.cz/p/slozeni-zastupitelstva-mc https://www.ods.cz/region.prazsky/volby2022/komunalni/2686-praha-sterboholy https://cs.wikipedia.org/wiki/%C5%A0t%C4%9Brboholy,medium,False,BEZPP,ODS
B,Praha-Běchovice,2014,2014-11-05,2018-10-31,day,ODS,ODS,ODS;TOP 09 (Jiřík);party of Dömeová not established,https://www.praha-bechovice.cz/cs/samosprava/zastupitelstvo-mc/usneseni-ze-zasedani-zmc/0114-ze-dne-5112014-ustavujici-zmc-1802.html,medium,False,ODS,ODS
B,Praha-Běchovice,2018,2018-10-31,2022-10-19,day,ODS,ODS,ODS;TOP 09 (Jiřík),https://www.praha-bechovice.cz/cs/samosprava/zastupitelstvo-mc/usneseni-ze-zasedani-zmc/0118-ze-dne-31102018-ustavujici-zmc-2352.html,medium,False,ODS,ODS
B,Praha-Běchovice,2022,2022-10-19,2099-12-31,day,ODS,ODS,ODS;TOP 09 (Jiřík; list not verified),https://www.praha-bechovice.cz/cs/samosprava/zastupitelstvo-mc/usneseni-ze-zasedani-zmc/122-ze-dne-19102022-3114.html https://www.praha-bechovice.cz/cs/samosprava/rada-mc/clenove-rady/ https://www.praha-bechovice.cz/cs/samosprava/zastupitelstvo-mc/,high,False,ODS,ODS
B,Praha-Benice,2014,2014-11-01,2018-11-01,month,not established (bez PP likely),SNK Benice – místo pro spokojený život,no rada,https://www.praha-benice.cz/samosprava/informace-starostky/prehled-cinnosti-za-rok-2015-88cs.html,low,False,BEZPP,
B,Praha-Benice,2018,2018-11-01,2022-10-01,month,not established (bez PP likely),SNK Benice – místo pro spokojený život,no rada,https://praha.eu/w/primator-prahy-navstivil-ctyri-mestske-casti-resila-se-hlavne-doprava,low,False,BEZPP,
B,Praha-Benice,2022,2022-10-01,2099-12-31,month,not established (bez PP likely),SNK Benice – místo pro spokojený život,no rada,https://www.praha-benice.cz/urad-mc/povinne-informace/osoba-ing-hana-karasova-1.html https://cs.wikipedia.org/wiki/Benice_(Praha),low,False,BEZPP,
B,Praha-Březiněves,2014,2014-11-01,2018-11-05,month,bez PP,not established (independent list),no rada,https://www.nasepraha.cz/starosta-brezinevsi-jiri-haramul-miri-do-senatu/,low,False,BEZPP,BEZPP
B,Praha-Březiněves,2018,2018-11-05,2022-10-01,day,bez PP,not established (independent list),no rada,https://brezineves.cz/upload/Z%C3%A1pis_ze_zased%C3%A1n%C3%AD_%C4%8D._1.pdf https://www.nasepraha.cz/starosta-brezinevsi-jiri-haramul-miri-do-senatu/,medium,False,BEZPP,BEZPP
B,Praha-Březiněves,2022,2022-10-01,2099-12-31,month,bez PP,not established (independent list),no rada,https://cs.wikipedia.org/wiki/B%C5%99ezin%C4%9Bves,low,False,BEZPP,BEZPP
B,Praha-Dolní Počernice,2014,2014-11-03,2018-11-05,day,ODS,ODS,ODS;others not established,https://praha-dolnipocernice.cz/zprava-uradu/2118-1-ustavujici-zasedani-zastupitelstva https://praha-dolnipocernice.cz/slovo-starosty?page=4,low,False,ODS,ODS
B,Praha-Dolní Počernice,2018,2018-11-05,2022-10-01,day,ODS,ODS,ODS;others not established,https://praha-dolnipocernice.cz/slovo-starosty/2999-ustavujici-zasedani-zastupitelstva-mestske-casti-praha-dolni-pocernice,medium,False,ODS,ODS
B,Praha-Dolní Počernice,2022,2022-10-01,2099-12-31,month,ODS,ODS,ODS;Občané Dolních Počernic;Počernická patnáctka,https://praha-dolnipocernice.cz/rada-mc https://praha-dolnipocernice.cz/zastupitele-mc https://cs.wikipedia.org/wiki/Doln%C3%AD_Po%C4%8Dernice,medium,False,ODS,ODS
B,Praha-Dubeč,2014,2014-11-05,2018-10-31,day,ODS,ODS,ODS;ČSSD;ANO 2011,https://www.praha-dubec.cz/assets/File.ashx?id_org=80158&id_dokumenty=46298 https://www.praha-dubec.cz/assets/File.ashx?id_org=80158&id_dokumenty=46255,high,False,ODS,ODS
B,Praha-Dubeč,2018,2018-10-31,2022-10-17,day,ODS,ODS,ODS;ANO 2011;ČSSD,https://www.praha-dubec.cz/assets/File.ashx?id_org=80158&id_dokumenty=49259 https://www.seznamzpravy.cz/p/vysledky-voleb/2018/komunalni-volby/obvod/538205-praha-dubec,high,False,ODS,ODS
B,Praha-Dubeč,2022,2022-10-17,2099-12-31,day,ODS,ODS,ODS;ANO 2011;ČSSD,https://www.praha-dubec.cz/assets/File.ashx?id_org=80158&id_dokumenty=55217 https://www.seznamzpravy.cz/p/vysledky-voleb/2022/komunalni-volby/obvod/538205-praha-dubec https://www.praha-dubec.cz/zastupitelstvo-mc-praha-dubec/os-1003,high,False,ODS,ODS
B,Praha-Klánovice,2014,2014-11-01,2016-12-15,month,unknown,SPOLU pro Klánovice,SPOLU pro Klánovice;Klánovická pravice (ODS+NK);Hlas Klánovic,https://otevrenenoviny.cz/starosta-klanovic-karel-hornicek-odstoupil/ https://otevrenenoviny.cz/informace-mc-praha-klanovice-rezignaci-starosty-aktualni-situaci-rade-mc/ https://otevrenenoviny.cz/protihlukove-steny-v-klanovicich/,low,False,,
B,Praha-Klánovice,2014,2016-12-15,2017-01-16,day,ODS,Klánovická pravice (ODS+NK),Klánovická pravice (ODS+NK);SPOLU pro Klánovice,https://otevrenenoviny.cz/informace-mc-praha-klanovice-rezignaci-starosty-aktualni-situaci-rade-mc/ https://www.ods.cz/clanek/13072-klanovicka-pravice-ke-zmenam-v-zmc-praha-klanovice,medium,True,ODS,ODS
B,Praha-Klánovice,2014,2017-01-16,2018-11-01,day,ODS,Klánovická pravice (ODS+NK),Klánovická pravice (ODS+NK);SPOLU pro Klánovice,https://www.ods.cz/clanek/13035-klanovice-maji-noveho-starostu-a-nove-slozenou-radu-mc https://otevrenenoviny.cz/rychla-aktualita-klanovic-novym-klanovickym-starostou-se-stal-mudr-polak/,high,False,ODS,ODS
B,Praha-Klánovice,2018,2018-11-01,2022-10-21,day,bez PP,Čas na změnu (SNK+LES+Piráti),Čas na změnu (SNK+LES+Piráti);STAN;Hlas Klánovic (KDU-ČSL+ČSSD+NK),https://otevrenenoviny.cz/novou-klanovickou-starostkou-je-mgr-zorka-starcevicova/ https://www.praha-klanovice.cz/mestska-cast/klanovicky-zpravodaj-1/vybrane-clanky-ze-zpravodaju/2022/zari/rekapitulace-volebniho-obdobi-2018-2022-v-klanovicich-959cs.html https://www.seznamzpravy.cz/p/vysledky-voleb/2018/komunalni-volby/obvod/538302-praha-klanovice,medium,False,BEZPP,Piráti
B,Praha-Klánovice,2022,2022-10-21,2024-12-16,day,bez PP,Klidné Klánovice 22 (NK),Klidné Klánovice 22;ODS,https://www.ods.cz/clanek/23688-koalicni-smlouva-v-klanovicich-podepsana https://www.seznamzpravy.cz/p/vysledky-voleb/2022/komunalni-volby/obvod/538302-praha-klanovice,high,False,BEZPP,
B,Praha-Klánovice,2022,2024-12-16,2025-11-21,day,ODS (per press; membership code not verified),ODS,ODS;STAN,https://otevrenenoviny.cz/klanovice-k-16-prosinci-2024-starostka-kolovratkova-klidne-klanovice-skoncila-novym-starostou-je-karel-loucky-z-ods/ https://www.seznam.cz/komentare/51085652-starosta-mc-klanovicka-radnice-ma-nove-politicke-vedeni,medium,False,ODS,ODS
B,Praha-Klánovice,2022,2025-11-21,2099-12-31,day,unknown,STAROSTOVÉ A NEZÁVISLÍ (STAN Klánovice),STAN,https://www.praha-klanovice.cz/mestska-cast/aktuality/informace-o-zmene-ve-vedeni-mc-praha-klanovice-1274cs.html https://www.praha-klanovice.cz/urad-a-samosprava/volene-organy-samospravy/zastupitelstvo-mc/ https://cs.wikipedia.org/wiki/Praha-Klánovice,low,True,,STAN
B,Praha-Koloděje,2014,2014-10-11,2015-07-01,day,unknown,Pro Prahu,no rada,https://otevrenenoviny.cz/sobotni-volby-v-kolodejich-2-2-1-1-1/ https://www.praha-kolodeje.cz/assets/File.ashx?id_org=80150&id_dokumenty=1030 https://cs.wikipedia.org/wiki/Praha-Koloděje,medium,False,,
B,Praha-Koloděje,2014,2015-07-01,2018-10-30,month,bez PP,Naděje pro Koloděje (NK),no rada,https://www.top09.cz/regiony/praha/tiskove-zpravy/kolodeje-maji-nove-vedeni-18631.html https://www.kolodeje.cz/assets/File.ashx?id_org=80150&id_dokumenty=1076,medium,False,BEZPP,
B,Praha-Koloděje,2018,2018-10-30,2022-10-20,day,bez PP,Naděje pro Koloděje (NK),no rada,https://www.kolodeje.cz/assets/File.ashx?id_org=80150&id_dokumenty=2871 https://www.kolodeje.cz/zapisy%2Dz%2Djednani%2Dzmc%2D2018/ds-1223/archiv=0&p1=5767,high,False,BEZPP,
B,Praha-Koloděje,2022,2022-10-20,2099-12-31,day,bez PP,Naděje pro Koloděje (NK),no rada,https://kolodeje.cz/urad-a-samosprava/ds-1298 https://www.seznamzpravy.cz/p/vysledky-voleb/2022/komunalni-volby/obvod/538353-praha-kolodeje https://www.kolodeje.cz/zastupitelstvo-mestske-casti/os-50,high,False,BEZPP,
B,Praha-Kolovraty,2014,2014-10-29,2018-10-31,day,unknown (STAN member by 2018),SNK Naše Kolovraty,no rada,https://www.nasekolovraty.cz/obsah/ustavujici-zasedani-noveho-zastupitelstva-po-volbach https://cs.wikipedia.org/wiki/Antonín_Klecanda,medium,False,STAN,
B,Praha-Kolovraty,2018,2018-10-31,2022-10-19,day,STAN,SNK Naše Kolovraty (NK),Naše Kolovraty (SNK),https://www.kolovraty.cz/aktuality-z-roku-2018 https://www.seznamzpravy.cz/p/vysledky-voleb/2018/komunalni-volby/obvod/538361-praha-kolovraty https://cs.wikipedia.org/wiki/Antonín_Klecanda,medium,False,STAN,
B,Praha-Kolovraty,2022,2022-10-19,2023-06-21,day,STAN,SNK Naše Kolovraty (NK),Naše Kolovraty (SNK),https://www.kolovraty.cz/mc-praha-kolovraty-povede-i-nadale-starosta-antonin-klecanda https://cs.wikipedia.org/wiki/Antonín_Klecanda,medium,False,STAN,
B,Praha-Kolovraty,2022,2023-06-21,2099-12-31,day,bez PP,SNK Naše Kolovraty (NK),Naše Kolovraty (SNK),https://www.kolovraty.cz/jonas-zejfart-zvolen-novym-starostou-kolovrat https://kolovraty.cz.webhouse.cz/clenove-zastupitelstva-mc/os-1005 https://cs.wikipedia.org/wiki/Praha-Kolovraty,high,False,BEZPP,
B,Praha-Královice,2014,2014-11-01,2018-11-01,month,bez PP,SNK (list name not verified),no rada,https://search.seznam.cz/?q=Pluha%C5%99+starosta+Kr%C3%A1lovice+zvolen+2014+OR+2018 https://www.praha22.cz/evt_file.php?file=19152 https://www.mckralovice.cz/364/,low,False,BEZPP,
B,Praha-Královice,2018,2018-11-01,2022-10-17,month,bez PP,Sdružení pro Královice (SNK),no rada,https://www.mckralovice.cz/store/131-zapis-z-1-ustavujiciho-zasedani-zastupitelstva-mc.pdf https://www.seznamzpravy.cz/p/vysledky-voleb/2018/komunalni-volby/obvod/538388-praha-kralovice,medium,False,BEZPP,
B,Praha-Královice,2022,2022-10-17,2099-12-31,day,bez PP,Sdružení Naše Královice 2022 (SNK),no rada,https://www.mckralovice.cz/store/131-zapis-z-1-ustavujiciho-zasedani-zastupitelstva-mc.pdf https://www.mckralovice.cz/zastupitelstvo-mestske-casti-praha-kralovice https://www.seznamzpravy.cz/p/vysledky-voleb/2022/komunalni-volby/obvod/538388-praha-kralovice,high,False,BEZPP,
B,Praha-Křeslice,2014,2014-11-04,2018-11-01,day,unknown,SPOLEČNĚ PRO KŘESLICE (assumed),no rada,https://www.kreslice.cz/file/2125785 https://www.kreslice.cz/zapis-ustavujici-zasedani-zmc-praha-kreslice-dne-4-11-2014,medium,False,,
B,Praha-Křeslice,2018,2018-11-01,2022-03-09,day,bez PP,SPOLEČNĚ PRO KŘESLICE (SNK),no rada,https://www.kreslice.cz/file/2125857 https://www.seznamzpravy.cz/p/vysledky-voleb/2018/komunalni-volby/obvod/538400-praha-kreslice https://www.kreslice.cz/file/2126261,high,False,BEZPP,
B,Praha-Křeslice,2018,2022-03-09,2022-10-20,day,bez PP,SPOLEČNĚ PRO KŘESLICE (SNK),no rada,https://www.kreslice.cz/file/2126261 https://www.kreslice.cz/file/2125922,medium,True,BEZPP,
B,Praha-Křeslice,2022,2022-10-20,2099-12-31,day,ODS,Společně pro Křeslice - ODS (ODS+NK),no rada,https://www.kreslice.cz/file/2125922 https://www.kreslice.cz/slozeni-zastupitelstva-mc https://www.seznamzpravy.cz/p/vysledky-voleb/2022/komunalni-volby/obvod/538400-praha-kreslice,high,False,ODS,ODS
B,Praha-Nedvězí,2014,2014-11-11,2016-12-01,day,HPP (per press; unverified),unknown (possibly Pro Prahu / HPP),no rada,https://www.mcnedvezi.cz/modules/file_storage/download.php?file=3e09ac42%7C58&inline=1 https://www.prazskypatriot.cz/v-prazskem-nedvezi-budou-kvuli-rezignacim-nove-volby-do-zastupitelstva/,medium,False,,
B,Praha-Nedvězí,2014,2016-12-01,2018-11-01,day,HPP (per press; unverified),unknown (possibly Pro Prahu / HPP),no rada,https://www.mcnedvezi.cz/modules/file_storage/download.php?file=21b03207%7C67&inline=1 https://cs.wikipedia.org/wiki/Pro_Prahu,medium,False,,
B,Praha-Nedvězí,2018,2018-11-01,2019-03-25,day,bez PP,SNK Nedvězí,no rada,https://www.mcnedvezi.cz/modules/file_storage/download.php?file=8bd389ae%7C132&inline=1 https://www.prazskypatriot.cz/v-prazskem-nedvezi-budou-kvuli-rezignacim-nove-volby-do-zastupitelstva/,high,False,BEZPP,
B,Praha-Nedvězí,2018,2019-03-25,2019-09-30,day,,,no rada,https://www.prazskypatriot.cz/v-prazskem-nedvezi-budou-kvuli-rezignacim-nove-volby-do-zastupitelstva/ https://www.blesk.cz/clanek/regiony-praha-praha-zpravy/619152/v-nedvezi-volili-staronove-zastupitele-vysledek-byl-zrejmy-uz-pred-volbami.html,low,True,,
B,Praha-Nedvězí,2018,2019-09-30,2022-10-18,day,bez PP,SNK Nedvězí,no rada,https://www.mcnedvezi.cz/modules/file_storage/download.php?file=e9be6b2a%7C187&inline=1 https://www.blesk.cz/clanek/regiony-praha-praha-zpravy/619152/v-nedvezi-volili-staronove-zastupitele-vysledek-byl-zrejmy-uz-pred-volbami.html,high,False,BEZPP,
B,Praha-Nedvězí,2022,2022-10-18,2099-12-31,day,bez PP,SNK Nedvězí,no rada,https://www.mcnedvezi.cz/modules/file_storage/download.php?file=35e2e101%7C355&inline=1 https://www.seznamzpravy.cz/p/vysledky-voleb/2022/komunalni-volby/obvod/538531-praha-nedvezi,high,False,BEZPP,
B,Praha-Vinoř,2014,2014-11-06,2018-10-31,day,ODS,ODS,no rada,https://www.praha-vinor.cz/wp-content/uploads/2019/07/Zapis_ZMC_Praha_Vinor_6_11_2014.pdf https://archiv.prahatv.eu/zpravy/praha/praha-vinor/8752/vinor-uz-ma-noveho-starostu,high,False,ODS,ODS
B,Praha-Vinoř,2018,2018-10-31,2022-10-18,day,bez PP,Sdružení pro Vinoř (STAN+NK),Sdružení pro Vinoř (STAN+NK);ODS,https://www.praha-vinor.cz/wp-content/uploads/2019/07/Zapis_ZMC_Praha_Vinor_31_10_2018.pdf https://www.seznamzpravy.cz/p/vysledky-voleb/2018/komunalni-volby/obvod/539007-praha-vinor https://archiv.prahatv.eu/zpravy/praha/praha-vinor/8752/vinor-uz-ma-noveho-starostu,high,False,BEZPP,STAN
B,Praha-Vinoř,2022,2022-10-18,2099-12-31,day,STAN,Sdružení pro Vinoř (STAN+NK),Sdružení pro Vinoř (STAN+NK);Libeňský mourek,https://www.praha-vinor.cz/wp-content/uploads/2022/10/Pozvanka20na20jednani.rtf https://www.praha-vinor.cz/mestska-cast/zastupitelstvo/ https://www.seznamzpravy.cz/p/vysledky-voleb/2022/komunalni-volby/obvod/539007-praha-vinor,medium,False,STAN,STAN
B,Praha-Lipence,2014,2014-11-05,2018-11-01,day,unknown,Pro Prahu (HPP),Pro Prahu (HPP);ODS,https://www.lipence.net/komentáře-návrhy-stanoviska/ustavující-jednání-zastupitelstva-rozkaz-zněl-jasně https://www.praha-lipence.cz/evt_file.php?file=1007,medium,False,,
B,Praha-Lipence,2018,2018-11-01,2019-07-01,month,bez PP,Sdružení pro Lipence (SNK),Sdružení pro Lipence (SNK);HaFo Lipaňáků (SNK),https://www.praha-lipence.cz/evt_file.php?file=1007 https://www.praha-lipence.cz/mestska-cast/zpravy-pro-obcany/lipence-maji-novou-mistostarostku-128cs.html https://www.seznamzpravy.cz/p/vysledky-voleb/2018/komunalni-volby/obvod/539449-praha-lipence,medium,False,BEZPP,
B,Praha-Lipence,2018,2019-07-01,2022-10-17,month,bez PP,Sdružení pro Lipence (SNK),Sdružení pro Lipence (SNK);HaFo Lipaňáků (SNK),https://www.lipence.net/kandidáti-2022/lenka-kadlecová-2022 https://smlouvy.gov.cz/smlouva/10162718,medium,False,BEZPP,
B,Praha-Lipence,2022,2022-10-17,2099-12-31,day,bez PP,Sdružení pro Lipence (SNK),Sdružení pro Lipence (SNK);HaFo Lipaňáků (SNK),https://zalep.cz/2022/10/28/ustavujici-zasedani-zmc-praha-lipence/ https://www.praha-lipence.cz/urad-a-samosprava/rada-mc/rada-mc-praha-lipence/,high,False,BEZPP,
B,Praha-Lochkov,2014,2014-11-01,2018-11-01,month,bez PP (assumed),Sdružení Lochkov (SNK; 2014 list name not verified),no rada,https://www.smscr.cz/modules/file_storage/download.php https://cs.wikipedia.org/wiki/Lochkov,low,False,BEZPP,
B,Praha-Lochkov,2018,2018-11-01,2022-10-01,month,bez PP,Sdružení Lochkov 2018 (SNK),no rada,https://www.seznamzpravy.cz/p/vysledky-voleb/2018/komunalni-volby/obvod/539465-praha-lochkov https://cs.wikipedia.org/wiki/Lochkov,medium,False,BEZPP,
B,Praha-Lochkov,2022,2022-10-01,2099-12-31,month,bez PP,Sdružení Lochkov 2022 (SNK),no rada,https://www.praha-lochkov.cz/urad-a-samosprava/zastupitelstvo/clenove-zastupitelstva/ https://www.seznamzpravy.cz/p/vysledky-voleb/2022/komunalni-volby/obvod/539465-praha-lochkov,medium,False,BEZPP,
B,Praha-Přední Kopanina,2014,2014-11-01,2018-11-01,month,,,no rada,https://cs.wikipedia.org/w/index.php?oldid=15580376 https://www.praha6.cz/samosprava/zastupitelstvo/zastupitel_50474_2211.html,low,False,,
B,Praha-Přední Kopanina,2018,2018-11-01,2022-10-01,month,bez PP,Za Kopaninu krásnější (SNK),no rada,https://usneseni.praha5.cz/usneseni/usneseni/priloha/360254 https://cs.wikipedia.org/w/index.php?oldid=18493192 https://www.seznamzpravy.cz/p/vysledky-voleb/2018/komunalni-volby/obvod/539589-praha-predni-kopanina,low,False,BEZPP,
B,Praha-Přední Kopanina,2022,2022-10-01,2099-12-31,month,STAN,ZA KOPANINU KRÁSNĚJŠÍ S PODPOROU STAN,no rada,https://www.praha6.cz/samosprava/zastupitelstvo/zastupitel_60427_63784.html https://www.seznamzpravy.cz/p/vysledky-voleb/2022/komunalni-volby/obvod/539589-praha-predni-kopanina/kandidati https://cs.wikipedia.org/wiki/Přední_Kopanina,medium,False,STAN,STAN
B,Praha-Řeporyje,2014,2014-11-01,2018-11-05,month,unknown,unknown,no rada,https://cs.wikipedia.org/wiki/Pavel_Novotný_(novinář) https://www.kurzy.cz/volby/marcela-holovska/kv2006/41294,low,False,,
B,Praha-Řeporyje,2018,2018-11-05,2022-10-01,month,ODS,ODS,no rada,https://cs.wikipedia.org/wiki/Pavel_Novotný_(novinář) https://archiv.prahatv.eu/zpravy/praha/praha/8703/v-reporyjich-maji-o-novem-vedeni-temer-jasno https://www.seznamzpravy.cz/p/vysledky-voleb/2018/komunalni-volby/obvod/539635-praha-reporyje,medium,False,ODS,ODS
B,Praha-Řeporyje,2022,2022-10-01,2025-06-16,month,ODS,ODS,no rada,https://cs.wikipedia.org/wiki/Pavel_Novotný_(novinář) https://www.novinky.cz/clanek/domaci-pavel-novotny-jako-starosta-reporyji-konci-a-ceka-ho-vezeni-rad-by-do-valdic-40526135 https://www.reporyje.info/zastupitelstvo/,medium,False,ODS,ODS
B,Praha-Řeporyje,2022,2025-06-16,2099-12-31,day,TOP 09 (nominated by TOP 09; membership not verified),TOP 09,no rada,https://www.novinky.cz/clanek/domaci-pavel-novotny-jako-starosta-reporyji-konci-a-ceka-ho-vezeni-rad-by-do-valdic-40526135 https://www.reporyje.info/zastupitelstvo/,high,False,TOP 09,TOP 09
B,Praha-Slivenec,2014,2014-11-03,2018-10-29,day,STAN,STAN,no rada,https://cs.wikipedia.org/wiki/Jana_Plamínková https://www.seznamzpravy.cz/p/vysledky-voleb/2018/komunalni-volby/obvod/539678-praha-slivenec,medium,False,STAN,STAN
B,Praha-Slivenec,2018,2018-10-29,2022-10-19,day,STAN,STAN,no rada,https://www.praha-slivenec.cz/assets/File.ashx?id_org=80131&id_dokumenty=7161,high,False,STAN,STAN
B,Praha-Slivenec,2022,2022-10-19,2099-12-31,day,STAN,STAN,no rada,https://www.praha-slivenec.cz/assets/File.ashx?id_org=80131&id_dokumenty=7209 https://www.seznamzpravy.cz/p/vysledky-voleb/2022/komunalni-volby/obvod/539678-praha-slivenec,high,False,STAN,STAN
B,Praha-Zličín,2014,2014-11-26,2018-10-31,day,bez PP (assumed),Pro Zličín a Sobín (SNK; 2014 list assumed),Pro Zličín a Sobín (assumed; other partners unverified),https://www.mczlicin.cz/assets/File.ashx?id_org=80135&id_dokumenty=1828 https://www.mczlicin.cz/zasedani-zastupitelstva-2014-2018/ds-1037,medium,False,BEZPP,
B,Praha-Zličín,2018,2018-10-31,2022-10-19,day,bez PP,Pro Zličín a Sobín (SNK),Pro Zličín a Sobín (SNK),https://www.mczlicin.cz/assets/File.ashx?id_org=80135&id_dokumenty=3147 https://www.seznamzpravy.cz/p/vysledky-voleb/2018/komunalni-volby/obvod/539899-praha-zlicin,medium,False,BEZPP,
B,Praha-Zličín,2022,2022-10-19,2099-12-31,day,bez PP (assumed),Pro Zličín a Sobín (SNK),Pro Zličín a Sobín (SNK),https://www.mczlicin.cz/assets/File.ashx?id_org=80135&id_dokumenty=6787 https://www.mczlicin.cz/judr-marta-koropecka/o-1015,medium,False,BEZPP,
B,Praha-Troja,2014,2014-11-01,2018-11-01,month,unknown,unknown (likely Trojský kůň SNK),no rada,https://www.mctroja.cz/slozeni-zastupitelstva-2014-2018/,medium,False,,
B,Praha-Troja,2018,2018-11-01,2022-10-18,month,bez PP,TROJSKÝ KŮŇ 2018 (SNK+STAN),no rada,https://www.mctroja.cz/slozeni-zastupitelstva/ https://www.seznamzpravy.cz/p/vysledky-voleb/2018/komunalni-volby/obvod/547328-praha-troja,medium,False,BEZPP,STAN
B,Praha-Troja,2022,2022-10-18,2099-12-31,day,bez PP,TROJSKÝ KŮŇ 2022 (SNK),no rada,https://www.mctroja.cz/usneseni-zastupitelstva/ https://www.mctroja.cz/slozeni-zastupitelstva-2022-2026/ https://www.seznamzpravy.cz/p/vysledky-voleb/2022/komunalni-volby/obvod/547328-praha-troja,high,False,BEZPP,
B,Praha-Kunratice,2014,2014-11-26,2018-11-05,day,unknown (HPK by 2018),unknown (2014 list not verified),no rada,https://www.praha-kunratice.cz/sites/default/files/soubory/00_zapis_ustav.docx,medium,False,,
B,Praha-Kunratice,2018,2018-11-05,2022-10-17,day,HPK (Hnutí Praha-Kunratice),STAN + Hnutí Praha-Kunratice,no rada,https://www.praha-kunratice.cz/sites/default/files/soubory/zapis_ustav.pdf https://www.seznamzpravy.cz/p/vysledky-voleb/2018/komunalni-volby/obvod/547042-praha-kunratice,high,False,,STAN
B,Praha-Kunratice,2022,2022-10-17,2099-12-31,day,HPK (Hnutí Praha-Kunratice),Hnutí Praha-Kunratice (HPK),no rada,https://www.praha-kunratice.cz/sites/default/files/soubory/zapis.pdf https://www.seznamzpravy.cz/p/vysledky-voleb/2022/komunalni-volby/obvod/547042-praha-kunratice,high,False,,
B,Praha-Libuš,2014,2014-11-05,2018-11-05,day,TOP 09,TOP 09 a nezávislí kandidáti,TOP 09 a NK (other partners unverified),https://cs.wikipedia.org/wiki/Jiří_Koubek_(politik) https://zpravy.aktualne.cz/regiony/praha/novym-sefem-prazske-top09-je-starosta-libuse-koubek/r~9840d3ac77b711e4840b002590604f2e/,low,False,TOP 09,TOP 09
B,Praha-Libuš,2018,2018-11-05,2022-10-19,day,TOP 09,Spojené síly pro Libuš a Písnici (TOP 09+STAN+NK),Spojené síly pro Libuš a Písnici (TOP 09+STAN+NK),https://www.top09.cz/regiony/praha/tiskove-zpravy/libus-povede-staronovy-starosta-jiri-koubek-z-top-09-25100.html https://www.seznamzpravy.cz/p/vysledky-voleb/2018/komunalni-volby/obvod/547051-praha-libus,high,False,TOP 09,TOP 09
B,Praha-Libuš,2022,2022-10-19,2023-11-07,day,bez PP,SPOLEČNĚ PRO LIBUŠ A PÍSNICI (ODS+KDU-ČSL+NK; nominated by KDU-ČSL),SPOLEČNĚ PRO LIBUŠ A PÍSNICI (ODS+KDU-ČSL+NK);Patrioti Libuše a Písnice (ANO+ČSSD+NK),https://praha.kdu.cz/aktualne/lucie-jungwiertova-byla-zvolena-novou-starostkou-m https://cs.wikipedia.org/w/index.php?oldid=22520564 https://www.praha-libus.cz/aktualita/14010-slovo-starosty-pavla-machacka-prosinec-2023,high,False,BEZPP,ODS
B,Praha-Libuš,2022,2023-11-07,2023-11-16,day,,,rada partly removed (Patrioti members Turnová and Melichar remained),https://www.praha-libus.cz/aktualita/14010-slovo-starosty-pavla-machacka-prosinec-2023,medium,True,,
B,Praha-Libuš,2022,2023-11-16,2099-12-31,day,bez PP,Spojené síly pro Libuš a Písnici (TOP 09+STAN+NK),Spojené síly pro Libuš a Písnici (TOP 09+STAN+NK);Patrioti Libuše a Písnice (ANO+ČSSD+NK),https://www.praha-libus.cz/sites/default/files/zapis/2024/01/zmc_libus_7_11_stenozapis_2_cast_pokracovani_2023_11_16.pdf https://www.praha-libus.cz/aktualita/14010-slovo-starosty-pavla-machacka-prosinec-2023 https://cs.wikipedia.org/wiki/Praha-Libuš,high,False,BEZPP,TOP 09
B,Praha-Šeberov,2014,2014-11-10,2017-01-30,day,unknown,unknown,TOP 09 (Marta Hrubá);others unverified (Mencl possibly ANO 2011),https://www.seberov.cz/e_download.php?file=data/uredni_deska/obsah1153_2.pdf&original=usneseni_93_Ustavuj%C3%ADc%C3%AD+11-2014.pdf,low,False,,
B,Praha-Šeberov,2014,2017-01-30,2018-11-08,day,bez PP,Pro lepší obec,Pro lepší obec;others unverified,https://www.seberov.cz/e_download.php?file=data/uredni_deska/obsah1177_2.pdf&original=usneseni_140_Usnesen%C3%AD+z+18+ZM%C4%8C.pdf https://www.seberov.cz/samosprava/starosta/,medium,False,BEZPP,
B,Praha-Šeberov,2018,2018-11-08,2022-10-17,day,bez PP,PRO LEPŠÍ OBEC (NK),Pro lepší obec;others unverified,https://www.seberov.cz/samosprava/zastupitelstvo-mc/usneseni-a-zapisy-zmc/usneseni-a-zapisy-zmc-uz-1187.html https://archiv.prahatv.eu/zpravy/praha/praha/8763/seberov-zrejme-dal-povede-petra-venturova https://www.seberov.cz/samosprava/starosta/,medium,False,BEZPP,
B,Praha-Šeberov,2022,2022-10-17,2099-12-31,day,bez PP,PRO LEPŠÍ OBEC A STAN (STAN+NK; nominated by STAN),PRO LEPŠÍ OBEC A STAN (STAN+NK),https://www.seberov.cz/informace/aktuality/nove-zastupitelstvo-zvolilo-vedeni-mestske-casti-28cs.html https://www.seberov.cz/samosprava/starosta/ https://www.seznamzpravy.cz/p/vysledky-voleb/2022/komunalni-volby/obvod/539724-praha-seberov,medium,False,BEZPP,STAN
B,Praha-Újezd,2014,2014-11-01,2018-11-01,month,unknown (HPP likely),Pro Prahu (HPP) (likely),no rada,https://www.blesk.cz/clanek/regiony-praha-praha-zpravy/666409/kancelar-starosty-ujezdu-ukryva-kus-rodinne-minulosti-i-budoucnosti-vystavenou-ma-i-nejsladsi-odmenu.html https://www.kurzy.cz/volby/vaclav-drahorad/kv2014/37032,low,False,,
B,Praha-Újezd,2018,2018-11-01,2022-10-19,month,HPP,PRO PRAHU (HPP),no rada,https://www.seznamzpravy.cz/p/vysledky-voleb/2018/komunalni-volby/obvod/539791-praha-ujezd https://cs.wikipedia.org/wiki/Pro_Prahu,medium,False,,
B,Praha-Újezd,2022,2022-10-19,2099-12-31,day,ODS,ODS,no rada,https://praha-ujezd.cz/zvoleny-starosta-a-mistostarostky/ https://www.seznamzpravy.cz/p/vysledky-voleb/2022/komunalni-volby/obvod/539791-praha-ujezd,high,False,ODS,ODS
